Facility Name,Website,City,State,Facility Type,Sports Offered,Indoor Court Status,Number of Courts,Court Count Notes,Decision Maker First Name,Decision Maker Last Name,Decision Maker Title,Public Direct Email,Shared Facility Email,Guessed Email 1,Guessed Email 2,Guessed Email 3,Guessed Email 4,Guessed Email 5,Guessed Email 6,Email Domain,Qualification Status,Research Notes,Source URLs,Retrieval Method,Requested URL,Final URL,Failure Reason
ABC15 Arizona in Phoenix (KNXV),https://www.abc15.com/,Phoenix,AZ,Unknown,pickleball; basketball; volleyball,Indoor,6,"ity, its new indoor facility is set to “accommodate” four full-size basketball courts, or six volleyball courts, or 12 pickleball courts. The space can be divided into four... Jul 21, 2026 · The city o",,,,,,,,,,,,abc15.com,Confirmed Indoor,Indoor court language found on site. AZ location evidence: address. No decision maker found on public pages. Paid access signals present (membership/rental/program).,https://www.abc15.com/ | https://www.abc15.com/weather/contact | https://www.abc15.com/about-us/contests | https://www.abc15.com/news/investigators/contact | https://www.abc15.com/contact-let-abc15-know | https://www.abc15.com/sonoranliving/contact | https://www.abc15.com/about/contact-us,Playwright,https://abc15.com,https://www.abc15.com/,
Aces volleyball club,https://azacesvolleyball.com/,Peoria,AZ,Health Club,volleyball,Indoor,,,Miranda,Herrera,Club Director,miranda@azacesvolleyball.com,info@azacesvolleyball.com,,,,,,,azacesvolleyball.com,Confirmed Indoor,Indoor court language found on site. AZ location evidence: address. No court count stated by a reliable source; left blank. Paid access signals present (membership/rental/program).,https://azacesvolleyball.com/ | https://azacesvolleyball.com/reg | https://azacesvolleyball.com/staff | https://azacesvolleyball.com/contact-us,Playwright,https://azacesvolleyball.com,https://azacesvolleyball.com/,
Ak-Chin Recreation Center,https://ak-chin-recreation.edan.io/,Maricopa,AZ,Health Club,basketball,Indoor,,,,,,,,,,,,,,ak-chin-recreation.edan.io,Confirmed Indoor,Indoor court language found on site. AZ location evidence: address. No decision maker found on public pages. No court count stated by a reliable source; left blank.,https://ak-chin-recreation.edan.io/,Playwright,https://ak-chin-recreation.edan.io,https://ak-chin-recreation.edan.io/,
ALLSPORTSTUCSON.com | Southern Arizona Sports Coverage,https://allsportstucson.com/,Tucson,AZ,College / University,tennis; basketball; volleyball,Indoor,,,,,,,,,,,,,,allsportstucson.com,Confirmed Indoor,Indoor court language found on site. AZ location evidence: address. No decision maker found on public pages. No court count stated by a reliable source; left blank. Paid access signals present (membership/rental/program).,https://allsportstucson.com/ | https://allsportstucson.com/about | https://allsportstucson.com/about/advertise-with-us | https://allsportstucson.com/about/our-sponsors | https://allsportstucson.com/about/sports-writers | https://allsportstucson.com/about/sports-writers/andy-morales | https://allsportstucson.com/about/sports-writers/javier-morales,Playwright,https://allsportstucson.com,https://allsportstucson.com/,
American Platform Tennis Association,https://old.platformtennis.org/site3.aspx,,AZ,Racquet / Tennis Club,pickleball; tennis,Indoor,,,,,,,,,,,,,,platformtennis.org,Confirmed Indoor,Indoor court language found on site. AZ location evidence: zip. No decision maker found on public pages. No court count stated by a reliable source; left blank. Paid access signals present (membership/rental/program).,https://old.platformtennis.org/site3.aspx | https://old.platformtennis.org/Page2627.aspx | https://old.platformtennis.org/Page101.aspx | https://old.platformtennis.org/Page160.aspx | https://old.platformtennis.org/Page341.aspx | https://old.platformtennis.org/Page98.aspx | https://old.platformtennis.org/Page1064.aspx,Playwright,https://old.platformtennis.org,https://old.platformtennis.org/site3.aspx,
Anderson Auto Group Fieldhouse,https://www.andersonautogroupfieldhouse.com/,,AZ,Fieldhouse,basketball; volleyball,Indoor,8,"n the turf is covered with our state of the art turf cover flooring, we can install up to 8 basketball courts or 16 volleyball courts. In addition to large sporting events the facility can be transfo",,,,,,,,,,,,andersonautogroupfieldhouse.com,Confirmed Indoor,Indoor court language found on site. AZ location evidence: phone. No decision maker found on public pages. Paid access signals present (membership/rental/program).,https://www.andersonautogroupfieldhouse.com/ | https://www.andersonautogroupfieldhouse.com/o/aagf/page/about-venue | https://www.andersonautogroupfieldhouse.com/o/aagf/page/field-rental | https://www.andersonautogroupfieldhouse.com/o/aagf/page/meeting-room-rental | https://www.andersonautogroupfieldhouse.com/staff,Playwright,https://andersonautogroupfieldhouse.com,https://www.andersonautogroupfieldhouse.com/,
Apache Junction Youth Sports,https://ajyouthsports.com/,Apache Junction,AZ,School,basketball; volleyball,Indoor,,,,,,apachejunction@azyouthsports.com,info@ajyouthsports.com,,,,,,,azyouthsports.com,Confirmed Indoor,Indoor court language found on site. AZ location evidence: address. No decision maker found on public pages. No court count stated by a reliable source; left blank. Paid access signals present (membership/rental/program).,https://ajyouthsports.com/ | https://ajyouthsports.com/contact-us/ | https://ajyouthsports.com/spring-season/,Playwright,https://ajyouthsports.com,https://ajyouthsports.com/,
Arizona Country Club,https://www.azcountryclub.com/,Phoenix,AZ,Country Club,pickleball; tennis; basketball,Indoor,7,"Games Foosball, Ping Pong, Air Hockey, Golden Tee and More for the kids 5 and up! Tennis Seven Courts (All lighted) Four Pickleball (All Lighted) Full Service Pro Shop Private Lessons Dining",,,,,info@arizonacc.com,,,,,,,arizonacc.com,Confirmed Indoor,Indoor court language found on site. AZ location evidence: address. No decision maker found on public pages. Paid access signals present (membership/rental/program).,https://www.azcountryclub.com/ | https://www.azcountryclub.com/About_Us | https://www.azcountryclub.com/About_Us/Club_Tour,Playwright,https://azcountryclub.com,https://www.azcountryclub.com/,
Arizona Golf,https://arizonagolfer.com/,Tucson,AZ,Private Club,tennis,Indoor,,,,,,,,,,,,,,arizonagolfer.com,Confirmed Indoor,Indoor court language found on site. AZ location evidence: address. No decision maker found on public pages. No court count stated by a reliable source; left blank. Paid access signals present (membership/rental/program).,https://arizonagolfer.com/ | https://www.arizonagolfer.com/golfcourses/ | https://www.arizonagolfer.com/golfcourses/golfresorts.cfm | https://www.arizonagolfer.com/facilities/ | https://www.arizonagolfer.com/golfmemberships/ | https://www.arizonagolfer.com/contact/ | https://www.arizonagolfer.com/about/,Playwright,https://arizonagolfer.com,https://arizonagolfer.com/,
Arizona Soccer Skills Academy,https://azsoccerskills.com/,Gilbert,AZ,School,futsal,Indoor,,,,,,help@azsoccerskills.com,,,,,,,,azsoccerskills.com,Confirmed Indoor,Indoor court language found on site. AZ location evidence: address. No decision maker found on public pages. No court count stated by a reliable source; left blank. Paid access signals present (membership/rental/program).,https://azsoccerskills.com/ | https://azsoccerskills.com/about-us/ | https://azsoccerskills.com/join-our-team/ | https://azsoccerskills.com/category/youth-soccer-player-development/,Playwright,https://azsoccerskills.com,https://azsoccerskills.com/,
Arizona Squash,https://arizonasquash.org/,,AZ,Racquet / Tennis Club,squash,Indoor,,,,,,,,,,,,,,arizonasquash.org,Confirmed Indoor,Indoor court language found on site. AZ location evidence: mention. No decision maker found on public pages. No court count stated by a reliable source; left blank. Paid access signals present (membership/rental/program).,https://arizonasquash.org/ | https://arizonasquash.org/about/ | https://arizonasquash.org/contact/,Playwright,https://arizonasquash.org,https://arizonasquash.org/,
ATOMIC Volleyball Club,https://www.atomicvolleyball.com/,Glendale,AZ,School,pickleball; basketball; volleyball,Indoor,6,urnament courts 2 full High School basketball courts 12 basketball baskets and backboards 6 pickleball courts Snack bar with view of courts Mezzanine for viewing courts 74 parking spots (3 ADA) Ample,,,,,info@atomicvolleyball.com,,,,,,,atomicvolleyball.com,Confirmed Indoor,Indoor court language found on site. AZ location evidence: address. No decision maker found on public pages. Paid access signals present (membership/rental/program).,https://www.atomicvolleyball.com/ | https://www.atomicvolleyball.com/aboutus | https://www.atomicvolleyball.com/programs | https://www.atomicvolleyball.com/our-teams | https://www.atomicvolleyball.com/facilities,Playwright,https://atomicvolleyball.com,https://www.atomicvolleyball.com/,
Avondale Elementary District,https://www.chooseaesd.org/,West Western AvenueAvondale,AZ,School,basketball,Indoor,,,Mrs.,Castro,President,,,mrs@chooseaesd.org,mrs.castro@chooseaesd.org,mrscastro@chooseaesd.org,mcastro@chooseaesd.org,m.castro@chooseaesd.org,mrsc@chooseaesd.org,chooseaesd.org,Confirmed Indoor,Indoor court language found on site. AZ location evidence: address. No court count stated by a reliable source; left blank. Paid access signals present (membership/rental/program). Guessed emails are UNVERIFIED pattern permutations - not published addresses.,https://www.chooseaesd.org/ | https://www.chooseaesd.org/about | https://www.chooseaesd.org/leadership | https://www.chooseaesd.org/meetboard | https://www.chooseaesd.org/gifted | https://www.chooseaesd.org/athletics,Playwright,https://chooseaesd.org,https://www.chooseaesd.org/,
Axis Sports Academy,https://axissa.com/,Scottsdale,AZ,College / University,tennis; basketball; volleyball,Indoor,,,Dr.,Powers,CEO,,info@axissportsacademy.com,dr@axissportsacademy.com,dr.powers@axissportsacademy.com,drpowers@axissportsacademy.com,dpowers@axissportsacademy.com,d.powers@axissportsacademy.com,drp@axissportsacademy.com,axissportsacademy.com,Confirmed Indoor,Indoor court language found on site. AZ location evidence: address. No court count stated by a reliable source; left blank. Paid access signals present (membership/rental/program). Guessed emails are UNVERIFIED pattern permutations - not published addresses.,https://axissa.com/ | https://axissa.com/athletics/ | https://axissa.com/facilities/ | https://axissa.com/athletics/baseball/ | https://axissa.com/athletics/basketball/ | https://axissa.com/athletics/football/ | https://axissa.com/athletics/soccer/,Playwright,https://axissa.com,https://axissa.com/,
AZ Eclipse Volleyball,https://azeclipsevolleyball.com/,,AZ,College / University,volleyball,Indoor,,,,,,azeclipsevolleyball@gmail.com,,,,,,,,azeclipsevolleyball.com,Confirmed Indoor,Indoor court language found on site. AZ location evidence: phone. No decision maker found on public pages. No court count stated by a reliable source; left blank. Paid access signals present (membership/rental/program).,https://azeclipsevolleyball.com/,Playwright,https://azeclipsevolleyball.com,https://azeclipsevolleyball.com/,
AZ Soccer Lab,https://azsoccerlab.com/,Scottsdale,AZ,Private Club,futsal,Indoor,,,,,,azsoccerlab@gmail.com,info@gmail.com,,,,,,,azsoccerlab.com,Confirmed Indoor,Indoor court language found on site. AZ location evidence: address. No decision maker found on public pages. No court count stated by a reliable source; left blank. Paid access signals present (membership/rental/program).,https://azsoccerlab.com/ | https://azsoccerlab.com/about-us/ | https://azsoccerlab.com/love-the-game-program/ | https://azsoccerlab.com/indoor-field-rental/ | https://azsoccerlab.com/contact-us/ | https://azsoccerlab.com/wp-content/uploads/2020/02/About-Page-2.jpg,Playwright,https://azsoccerlab.com,https://azsoccerlab.com/,
AZPreps365,https://azpreps365.com/,,AZ,School,tennis; basketball; volleyball; badminton,Indoor,,,,,,,,,,,,,,azpreps365.com,Confirmed Indoor,Indoor court language found on site. AZ location evidence: mention. No decision maker found on public pages. No court count stated by a reliable source; left blank.,https://azpreps365.com/ | https://azpreps365.com/programs/football | https://azpreps365.com/programs/football-flag | https://azpreps365.com/programs/volleyball-girls | https://azpreps365.com/programs/badminton | https://azpreps365.com/programs/soccer-fall-boys | https://azpreps365.com/programs/soccer-fall-girls,Playwright,https://azpreps365.com,https://azpreps365.com/,
BARCA RESIDENCY ACADEMY USA,https://barcaresidencyacademyusa.com/,Casa Grande,AZ,College / University,tennis,Indoor,,,,,,,info@barcaresidencyacademyusa.com,,,,,,,barcaresidencyacademyusa.com,Confirmed Indoor,Indoor court language found on site. AZ location evidence: address. No decision maker found on public pages. No court count stated by a reliable source; left blank. Paid access signals present (membership/rental/program).,https://barcaresidencyacademyusa.com/ | https://barcaresidencyacademyusa.com/facilities/ | https://barcaresidencyacademyusa.com/contact-us/,Playwright,https://barcaresidencyacademyusa.com,https://barcaresidencyacademyusa.com/,
Blitz Sports Center,https://blitz-sports.com/,Mesa,AZ,Indoor Sports Complex,pickleball; basketball; volleyball,Indoor,5,"all · Basketball · Pickleball ONE FACILITY. EVERY COURT. ROOM TO PLAY, TRAIN, AND COMPETE Five volleyball courts total, four elite courts on professional Gerflor flooring plus a dedicated cement skills",,,,,admin@blitz-sports.com,,,,,,,blitz-sports.com,Confirmed Indoor,Indoor court language found on site. AZ location evidence: address. No decision maker found on public pages. Paid access signals present (membership/rental/program).,https://blitz-sports.com/ | https://blitz-sports.com/youth-volleyball/ | https://blitz-sports.com/court-rentals/ | https://blitz-sports.com/about/ | https://blitz-sports.com/contact/ | https://blitz-sports.com/pickleball/,Playwright,https://blitz-sports.com,https://blitz-sports.com/,
Boarding High Schools Arizona,https://www.vvsaz.org/,Sedona,AZ,College / University,volleyball,Indoor,,,,,,admissions@vvsaz.org,info@vvsaz.org,,,,,,,vvsaz.org,Confirmed Indoor,Indoor court language found on site. AZ location evidence: address. No decision maker found on public pages. No court count stated by a reliable source; left blank. Paid access signals present (membership/rental/program).,https://www.vvsaz.org/ | https://www.vvsaz.org/explore/faculty-and-staff | https://www.vvsaz.org/explore/contact-us,Playwright,https://vvsaz.org,https://www.vvsaz.org/,
Brusa Futsal Club,https://www.brusafc.com/,,AZ,School,futsal,Indoor,,,,,,,,,,,,,,brusafc.com,Confirmed Indoor,Indoor court language found on site. AZ location evidence: mention. No decision maker found on public pages. No court count stated by a reliable source; left blank. Paid access signals present (membership/rental/program).,https://www.brusafc.com/ | https://www.brusafc.com/copy-of-programs | https://www.brusafc.com/brxfusion,Playwright,https://brusafc.com,https://www.brusafc.com/,
Center Court Pickleball Club,https://centercourtpickleball.com/,Scottsdale,AZ,Pickleball Club,pickleball,Indoor,,,,,,,contact@centercourtpickleball.com,,,,,,,centercourtpickleball.com,Confirmed Indoor,Indoor court language found on site. AZ location evidence: address. No decision maker found on public pages. No court count stated by a reliable source; left blank. Paid access signals present (membership/rental/program).,https://centercourtpickleball.com/ | https://centercourtpickleball.com/membership/ | https://centercourtpickleball.com/contact/ | https://centercourtpickleball.com/referral-program/ | https://centercourtpickleball.com/ambassadors/ | https://centercourtpickleball.com/manage-membership/,Playwright,https://centercourtpickleball.com,https://centercourtpickleball.com/,
Chandler Gilbert Community College,https://www.cgc.edu/,Chandler,AZ,College / University,basketball; volleyball,Indoor,,,,,,,,,,,,,,cgc.edu,Confirmed Indoor,Indoor court language found on site. AZ location evidence: address. No decision maker found on public pages. No court count stated by a reliable source; left blank. Paid access signals present (membership/rental/program).,https://www.cgc.edu/ | https://cgccathletics.prestosports.com/landing/index | https://www.cgc.edu/about-us/contact-us | https://www.cgc.edu/academics/academic-leadership-directory | https://www.cgc.edu/academics/academic-directory/faculty-directory | https://www.cgc.edu/academics/workforce-programs | https://www.cgc.edu/degrees-certificates,Playwright,https://cgc.edu,https://www.cgc.edu/,
Chandler Tennis Academy,https://chandlertennisacademy.com/,Chandler,AZ,Racquet / Tennis Club,tennis,Indoor,,,,,,,,,,,,,,chandlertennisacademy.com,Confirmed Indoor,Indoor court language found on site. AZ location evidence: address. No decision maker found on public pages. No court count stated by a reliable source; left blank.,https://chandlertennisacademy.com/,Playwright,https://chandlertennisacademy.com,https://chandlertennisacademy.com/,
Club Strike,https://strikevb.com/,Mesa,AZ,Health Club,volleyball,Indoor,,,,,,,,,,,,,,strikevb.com,Confirmed Indoor,Indoor court language found on site. AZ location evidence: address. No decision maker found on public pages. No court count stated by a reliable source; left blank. Paid access signals present (membership/rental/program).,https://strikevb.com/ | https://strikevb.com/about-us/,Playwright,https://strikevb.com,https://strikevb.com/,
Conquer Padel Club,https://conquerpadel.com/,Tempe,AZ,Private Club,pickleball; tennis; padel,Indoor,1,"hoenix, AZ, Enrique and his wife wanted to play Padel. To their surprise, they found only one court, and it was on private property. That's when his wife asked, 'What if we build a Padel cl",Enrique,Gracia,Founder,,info@conquerpadel.com,enrique@conquerpadel.com,enrique.gracia@conquerpadel.com,enriquegracia@conquerpadel.com,egracia@conquerpadel.com,e.gracia@conquerpadel.com,enriqueg@conquerpadel.com,conquerpadel.com,Confirmed Indoor,Indoor court language found on site. AZ location evidence: address. Paid access signals present (membership/rental/program). Guessed emails are UNVERIFIED pattern permutations - not published addresses.,https://conquerpadel.com/ | https://conquerpadel.com/about | https://conquerpadel.com/contact,Playwright,https://conquerpadel.com,https://conquerpadel.com/,
Construction Reporter,https://constructionreporter.com/,Yuma,AZ,Unknown,pickleball; padel,Indoor,,,,,,askme@constructionreporter.com,,,,,,,,constructionreporter.com,Confirmed Indoor,Indoor court language found on site. AZ location evidence: address. No decision maker found on public pages. No court count stated by a reliable source; left blank. Paid access signals present (membership/rental/program).,https://constructionreporter.com/ | https://constructionreporter.com/about/ | https://constructionreporter.com/contact-us/ | https://constructionreporter.com/new-kimberly-clark-facility-in-yuma-to-embrace-new-environmentally-friendly-technology/,Playwright,https://constructionreporter.com,https://constructionreporter.com/,
Coyote Sports Turf,https://www.coyotesportsturf.com/,Phoenix,AZ,School,pickleball; tennis,Indoor,,,,,,,info@coyotesportsturf.com,,,,,,,coyotesportsturf.com,Confirmed Indoor,Indoor court language found on site. AZ location evidence: address. No decision maker found on public pages. No court count stated by a reliable source; left blank. Paid access signals present (membership/rental/program).,https://www.coyotesportsturf.com/ | https://www.coyotesportsturf.com/tennis-courts | https://www.coyotesportsturf.com/pickleball-courts | https://www.coyotesportsturf.com/contact,Playwright,https://coyotesportsturf.com,https://www.coyotesportsturf.com/,
cvrcaz,https://cvrcaz.com/,Miami,AZ,Country Club,pickleball; tennis; basketball; volleyball; racquetball,Indoor,3,"hedule. SPORT COURTS We have courts for all your favorite sports, eight basketball hoops, three courts that can be used for volleyball, tennis, and pickleball. We also have all the equipment t",,,,,,,,,,,,cvrcaz.com,Confirmed Indoor,Indoor court language found on site. AZ location evidence: address. No decision maker found on public pages. Paid access signals present (membership/rental/program).,https://cvrcaz.com/ | https://cvrcaz.com/about | https://cvrcaz.com/join | https://cvrcaz.com/center,Playwright,https://cvrcaz.com,https://cvrcaz.com/,
Dibble,https://www.dibblecorp.com/,Tucson,AZ,Unknown,pickleball; basketball,Indoor,,,,,,,,,,,,,,dibblecorp.com,Confirmed Indoor,Indoor court language found on site. AZ location evidence: address. No decision maker found on public pages. No court count stated by a reliable source; left blank. Paid access signals present (membership/rental/program).,https://www.dibblecorp.com/ | https://www.dibblecorp.com/about/ | https://www.dibblecorp.com/about/culture/ | https://www.dibblecorp.com/about/community/ | https://www.dibblecorp.com/about/social-responsibility/ | https://www.dibblecorp.com/services/program-management/ | https://www.dibblecorp.com/project-type/parks-sports-and-recreations-facilities/,Playwright,https://dibblecorp.com,https://www.dibblecorp.com/,
Douglas USD #27,https://www.dusd.us/,Douglas,AZ,School,basketball,Indoor,,,,,,,,,,,,,,dusd.us,Confirmed Indoor,Indoor court language found on site. AZ location evidence: address. No decision maker found on public pages. No court count stated by a reliable source; left blank. Paid access signals present (membership/rental/program).,https://www.dusd.us/ | https://www.dusd.us/page/about-us | https://www.dusd.us/page/contacts | https://www.dusd.us/page/curriculum-federal-programs | https://www.dusd.us/o/douglas-usd-27/staff | https://www.dusd.us/page/contact | https://www.dusd.us/page/links-for-staff-students-parents,Playwright,https://dusd.us,https://www.dusd.us/,
"Explore Gated, Golf & 55+ Active Adult in Master-Planned Communities",https://www.privatecommunities.com/,Scottsdale,AZ,Country Club,pickleball; tennis,Indoor,,,,,,,info@privatecommunities.com,,,,,,,privatecommunities.com,Confirmed Indoor,Indoor court language found on site. AZ location evidence: address. No decision maker found on public pages. No court count stated by a reliable source; left blank. Paid access signals present (membership/rental/program).,https://www.privatecommunities.com/ | https://www.privatecommunities.com/contact-us/index.htm | https://www.privatecommunities.com/about-us/index.htm,Playwright,https://privatecommunities.com,https://www.privatecommunities.com/,
Fire,https://firenicearena.com/,Phoenix,AZ,School,pickleball; basketball; volleyball; badminton; futsal,Indoor,5,"inks plus 1 synthetic ice rink for year-round training Learn More → 🏀 MULTI-SPORT COURTS 5 courts with Tier 1 NBA Floor technology for basketball, volleyball, and more Learn More → 💪 APE",Jessica,Romeo,Manager,jromeo@firenicearena.com,info@firenicearena.com,,,,,,,firenicearena.com,Confirmed Indoor,Indoor court language found on site. AZ location evidence: address. Paid access signals present (membership/rental/program).,https://firenicearena.com/ | https://firenicearena.com/academy/about.html | https://firenicearena.com/academy/coaches.html | https://firenicearena.com/facilities/ice-rinks.html | https://firenicearena.com/facilities/courts.html | https://firenicearena.com/facilities/apex-fitness.html,Playwright,https://firenicearena.com,https://firenicearena.com/,
"Flagstaff Athletic Club in Flagstaff, AZ",https://www.flagstaffathleticclub.com/,Flagstaff,AZ,Country Club,pickleball; basketball; volleyball; badminton; racquetball,Indoor,2,t Gymnasium is a multi-purpose area available for all FAC members. The gymnasium contains two basketball courts that can be converted to volleyball ... The SportStop at FAC is Northern Arizona's premie,,,,fac@flagstaffathleticclub.com,,,,,,,,flagstaffathleticclub.com,Confirmed Indoor,Indoor court language found on site. AZ location evidence: address. No decision maker found on public pages. Paid access signals present (membership/rental/program).,https://www.flagstaffathleticclub.com/ | https://www.flagstaffathleticclub.com/about | https://www.flagstaffathleticclub.com/membership | https://www.flagstaffathleticclub.com/about/directions | https://www.flagstaffathleticclub.com/fitness-wellness,Playwright,https://flagstaffathleticclub.com,https://www.flagstaffathleticclub.com/,
"Fusion Sports | Youth Soccer & Futsal Tournaments, Showcases, and Events",https://www.fusionsportsevents.com/,Scottdale,AZ,Fieldhouse,futsal,Indoor,,,,,,,info@fusionsportsventures.com,,,,,,,fusionsportsventures.com,Confirmed Indoor,Indoor court language found on site. AZ location evidence: address. No decision maker found on public pages. No court count stated by a reliable source; left blank. Paid access signals present (membership/rental/program).,https://www.fusionsportsevents.com/ | https://www.fusionsportsevents.com/about | https://www.fusionsportsevents.com/contact-us-1 | https://static1.squarespace.com/static/681cc717f007d974fc0054e6/t/6a23288ac0e56108856f55ba/1780689034363/Fusion+CUP+FLYER+%281%29+%283%29.png,Playwright,https://fusionsportsevents.com,https://www.fusionsportsevents.com/,
GCU Women's Basketball Camps,https://www.gcuwomensbasketballcamps.com/,Phoenix,AZ,College / University,basketball; volleyball,Indoor,3,"rills. Along with strength and conditioning areas open to all student-athletes, there are three basketball courts, including one dedicated as a practice facility for the men's and women's varsity basketb",,,,,,,,,,,,gcuwomensbasketballcamps.com,Confirmed Indoor,Indoor court language found on site. AZ location evidence: address. No decision maker found on public pages. Paid access signals present (membership/rental/program).,https://www.gcuwomensbasketballcamps.com/ | https://www.gcuwomensbasketballcamps.com/facilities-and-directions.cfm | https://www.gcuwomensbasketballcamps.com/contact-us.cfm,Playwright,https://gcuwomensbasketballcamps.com,https://www.gcuwomensbasketballcamps.com/,
GilaValleyCentral,https://gilavalleycentral.net/,Safford,AZ,Unknown,basketball,Indoor,,,Reed,Richins,Owner,,,reed@gilavalleycentral.net,reed.richins@gilavalleycentral.net,reedrichins@gilavalleycentral.net,rrichins@gilavalleycentral.net,r.richins@gilavalleycentral.net,reedr@gilavalleycentral.net,gilavalleycentral.net,Confirmed Indoor,Indoor court language found on site. AZ location evidence: address. No court count stated by a reliable source; left blank. Paid access signals present (membership/rental/program). Guessed emails are UNVERIFIED pattern permutations - not published addresses.,https://gilavalleycentral.net/ | https://gilavalleycentral.net/kato-programming/ | https://gilavalleycentral.net/contact-us/,Playwright,https://gilavalleycentral.net,https://gilavalleycentral.net/,
grandcanyontourguide,https://www.grandcanyontourguide.com/,Williams,AZ,Unknown,basketball,Indoor,,,,,,,,,,,,,,grandcanyontourguide.com,Confirmed Indoor,Indoor court language found on site. AZ location evidence: address. No decision maker found on public pages. No court count stated by a reliable source; left blank.,https://www.grandcanyontourguide.com/ | https://www.grandcanyontourguide.com/contact/,Playwright,https://grandcanyontourguide.com,https://www.grandcanyontourguide.com/,
Greenway Middle School,https://greenway.pvschools.net/,Tolleson,AZ,School,basketball; volleyball,Indoor,,,,,,,,,,,,,,greenway.pvschools.net,Confirmed Indoor,Indoor court language found on site. AZ location evidence: address. No decision maker found on public pages. No court count stated by a reliable source; left blank. Paid access signals present (membership/rental/program).,https://greenway.pvschools.net/ | https://greenway.pvschools.net/our-school/about-our-school | https://greenway.pvschools.net/our-school/leadership | https://greenway.pvschools.net/our-school/staff-directory | https://greenway.pvschools.net/activities/athletics | https://greenway.pvschools.net/community/facility-rental | https://greenway.pvschools.net/staff,Playwright,https://greenway.pvschools.net,https://greenway.pvschools.net/,
GVRVolleyballClub,https://www.gvrvolleyball.org/,Green Valley,AZ,Private Club,volleyball; racquetball,Indoor,1,"from 9:00 a.m. until 11:00 a.m. ​Sand Volleyball Thursday and Saturday, 7-9 AM until Nov 1 Court Volleyball is played at Las Campanas in the Racquetball Building every Monday, Wednesday",Dennis,Vadnais,President,,,dennis@gvrvolleyball.org,dennis.vadnais@gvrvolleyball.org,dennisvadnais@gvrvolleyball.org,dvadnais@gvrvolleyball.org,d.vadnais@gvrvolleyball.org,dennisv@gvrvolleyball.org,gvrvolleyball.org,Confirmed Indoor,Indoor court language found on site. AZ location evidence: address. Paid access signals present (membership/rental/program). Guessed emails are UNVERIFIED pattern permutations - not published addresses.,https://www.gvrvolleyball.org/ | https://www.gvrvolleyball.org/online-membership-form | https://www.gvrvolleyball.org/game-schedules | https://www.gvrvolleyball.org/join-our-club,Playwright,https://gvrvolleyball.org,https://www.gvrvolleyball.org/,
Havoc Volleyball Club,https://www.havocvbc.com/,Phoenix,AZ,School,volleyball,Indoor,,,,,,coachd@havocvbc.com,info@havocvbc.com,,,,,,,havocvbc.com,Confirmed Indoor,Indoor court language found on site. AZ location evidence: address. No decision maker found on public pages. No court count stated by a reliable source; left blank. Paid access signals present (membership/rental/program).,https://www.havocvbc.com/ | https://www.havocvbc.com/facility,Playwright,https://havocvbc.com,https://www.havocvbc.com/,
Holbrook Pickleball,https://holbrookpickleball.com/,Gilbert,AZ,Pickleball Club,pickleball; tennis,Indoor,16,"the end of 2020 at the age of 12. Not too long after, a local park in Gilbert, AZ put in 16 pickleball courts! Jace was already a multisport athlete and his father thought pickleball would be a great",,,,,,,,,,,,holbrookpickleball.com,Confirmed Indoor,Indoor court language found on site. AZ location evidence: address. No decision maker found on public pages. Paid access signals present (membership/rental/program).,https://holbrookpickleball.com/ | https://holbrookpickleball.com/collections/all-court-paddles-copy | https://holbrookpickleball.com/products/court-bag | https://holbrookpickleball.com/pages/about-us | https://holbrookpickleball.com/products/demo-kit-program | https://holbrookpickleball.com/collections/power-paddles-copy | https://holbrookpickleball.com/pages/meet-the-pros,Playwright,https://holbrookpickleball.com,https://holbrookpickleball.com/,
Home Ladder,https://homeladder.com/,Gilbert,AZ,Unknown,pickleball; tennis; padel,Indoor,,,Weekly,Updates,Owner,,,weekly@homeladder.com,weekly.updates@homeladder.com,weeklyupdates@homeladder.com,wupdates@homeladder.com,w.updates@homeladder.com,weeklyu@homeladder.com,homeladder.com,Confirmed Indoor,Indoor court language found on site. AZ location evidence: address. No court count stated by a reliable source; left blank. Paid access signals present (membership/rental/program). Guessed emails are UNVERIFIED pattern permutations - not published addresses.,https://homeladder.com/ | https://homeladder.com/property-management/ | https://homeladder.com/about-us/ | https://homeladder.com/property-management-in-arizona-how-much-does-it-cost/ | https://homeladder.com/tenant-placement-services-phoenix-arizona-tenant-management-services-near-me/ | https://homeladder.com/best-property-management-company-gilbert-arizona-rental-property-management-near-me/ | https://homeladder.com/contact/,Playwright,https://homeladder.com,https://homeladder.com/,
i9 Sports,https://www.i9sports.com/,Phoenix,AZ,Unknown,tennis; basketball; volleyball,Indoor,,,,,,,,,,,,,,i9sports.com,Confirmed Indoor,Indoor court language found on site. AZ location evidence: address. No decision maker found on public pages. No court count stated by a reliable source; left blank. Paid access signals present (membership/rental/program).,https://www.i9sports.com/ | https://www.i9sports.com/find-a-program | https://www.i9sports.com/browse-all-programs | https://www.i9sports.com/about | https://www.i9sports.com/parental-pledge | https://www.i9sports.com/about/gains-for-girls | https://www.i9sports.com/contact/media-inquiries,Playwright,https://i9sports.com,https://www.i9sports.com/,
Indoor Play List,https://www.indoorplaylist.com/,Mesa,AZ,Unknown,basketball,Indoor,,,,,,,,,,,,,,indoorplaylist.com,Confirmed Indoor,Indoor court language found on site. AZ location evidence: address. No decision maker found on public pages. No court count stated by a reliable source; left blank.,https://www.indoorplaylist.com/ | https://www.indoorplaylist.com/about | https://www.indoorplaylist.com/contact | https://www.indoorplaylist.com/playgrounds,Playwright,https://indoorplaylist.com,https://www.indoorplaylist.com/,
IRVB,https://www.nighthawkvolleyball.com/,Oro Valley,AZ,School,basketball; volleyball,Indoor,,,David,Garwacki,Athletic Director,,,david@nighthawkvolleyball.com,david.garwacki@nighthawkvolleyball.com,davidgarwacki@nighthawkvolleyball.com,dgarwacki@nighthawkvolleyball.com,d.garwacki@nighthawkvolleyball.com,davidg@nighthawkvolleyball.com,nighthawkvolleyball.com,Confirmed Indoor,Indoor court language found on site. AZ location evidence: address. No court count stated by a reliable source; left blank. Paid access signals present (membership/rental/program). Guessed emails are UNVERIFIED pattern permutations - not published addresses.,https://www.nighthawkvolleyball.com/ | https://www.nighthawkvolleyball.com/coach | https://www.nighthawkvolleyball.com/facility-gym | https://www.nighthawkvolleyball.com/contact,Playwright,https://nighthawkvolleyball.com,https://www.nighthawkvolleyball.com/,
JCC Association of North America,https://jcca.org/,Scottsdale,AZ,YMCA / JCC,basketball; volleyball,Indoor,,,,,,jccassociation@jcca.org,,,,,,,,jcca.org,Confirmed Indoor,Indoor court language found on site. AZ location evidence: address. No decision maker found on public pages. No court count stated by a reliable source; left blank. Paid access signals present (membership/rental/program).,https://jcca.org/ | https://jcca.org/about-us/all-jcc-camps/ | https://jcca.org/about-us/mission-statement/ | https://jcca.org/about-us/history/ | https://jcca.org/about-us/statement-of-principles/ | https://jcca.org/about-us/jcc-association-inclusion-statement/ | https://jcca.org/about-us/policies/,Playwright,https://jcca.org,https://jcca.org/,
JCC Tucson,https://tucsonjcc.org/,,AZ,YMCA / JCC,pickleball; tennis; basketball; volleyball; squash; racquetball,Indoor,,,,,,,info@tucsonjcc.org,,,,,,,tucsonjcc.org,Confirmed Indoor,Indoor court language found on site. AZ location evidence: zip. No decision maker found on public pages. No court count stated by a reliable source; left blank. Paid access signals present (membership/rental/program).,https://tucsonjcc.org/ | https://tucsonjcc.org/jcc-facility-hours/ | https://tucsonjcc.org/programs-events/ | https://tucsonjcc.org/programs-events/personal-training-fitness-coaching/ | https://tucsonjcc.org/programs-events/healthy-aging/ | https://tucsonjcc.org/programs-events/fitness-workouts/ | https://tucsonjcc.org/programs-events/youth-sports/,Playwright,https://tucsonjcc.org,https://tucsonjcc.org/,
JLG Architects,https://jlgarchitects.com/,Tucson,AZ,Unknown,basketball,Indoor,,,Michelle,Allen,President,,,michelle@jlgarchitects.com,michelle.allen@jlgarchitects.com,michelleallen@jlgarchitects.com,mallen@jlgarchitects.com,m.allen@jlgarchitects.com,michellea@jlgarchitects.com,jlgarchitects.com,Confirmed Indoor,Indoor court language found on site. AZ location evidence: address. No court count stated by a reliable source; left blank. Paid access signals present (membership/rental/program). Guessed emails are UNVERIFIED pattern permutations - not published addresses.,https://jlgarchitects.com/ | https://jlgarchitects.com/about/ | https://jlgarchitects.com/contact/,Playwright,https://jlgarchitects.com,https://jlgarchitects.com/,
KRMC,https://www.azkrmc.com/,Kingman,AZ,Unknown,basketball; racquetball,Indoor,,,Vice,Chairman,Owner,,,vice@azkrmc.com,vice.chairman@azkrmc.com,vicechairman@azkrmc.com,vchairman@azkrmc.com,v.chairman@azkrmc.com,vicec@azkrmc.com,azkrmc.com,Confirmed Indoor,Indoor court language found on site. AZ location evidence: address. No court count stated by a reliable source; left blank. Paid access signals present (membership/rental/program). Guessed emails are UNVERIFIED pattern permutations - not published addresses.,https://www.azkrmc.com/ | https://www.azkrmc.com/contact-us | https://www.azkrmc.com/about-krmc | https://www.azkrmc.com/patients-visitors/patient-resources-and-amenities/medical-records-krmc | https://www.azkrmc.com/services | https://www.azkrmc.com/patients-visitors/krmc-pricing-financial-services/financial-assistance-program | https://www.azkrmc.com/about-krmc/khi-board-directors,Playwright,https://azkrmc.com,https://www.azkrmc.com/,
Livewire Volleyball,https://www.livewirevolleyball.com/,Phoenix,AZ,School,volleyball,Indoor,3,"ed in the North Phoenix area, just off of the Loop 101 at the Cave Creek Rd exit. We have 3 indoor courts along with offices and lounge areas in approximately 11,000 SF. All LW practices, clinics",,,,,,,,,,,,livewirevolleyball.com,Confirmed Indoor,Indoor court language found on site. AZ location evidence: address. No decision maker found on public pages. Paid access signals present (membership/rental/program).,https://www.livewirevolleyball.com/ | https://www.livewirevolleyball.com/lwfacility | https://www.livewirevolleyball.com/aboutus | https://www.livewirevolleyball.com/contactlw | https://www.livewirevolleyball.com/training,Playwright,https://livewirevolleyball.com,https://www.livewirevolleyball.com/,
Maracana Indoor Sports Arena,https://www.tucsonsoccer.com/,Tucson,AZ,College / University,volleyball; padel,Indoor,2,"uare ft. facility featuring one large turf field (150x60 ft) for various field sports and two Padel courts (66x33 ft), bringing both field and racket sports indoors. These multi-sport Padel courts",,,,,,,,,,,,tucsonsoccer.com,Confirmed Indoor,Indoor court language found on site. AZ location evidence: address. No decision maker found on public pages. Paid access signals present (membership/rental/program).,https://www.tucsonsoccer.com/ | https://www.tucsonsoccer.com/resources | https://www.tucsonsoccer.com/meet-lilkickers-team | https://www.tucsonsoccer.com/contact-us | https://www.tucsonsoccer.com/leagues | https://www.tucsonsoccer.com/youth-classes | https://www.tucsonsoccer.com/build-a-party,Playwright,https://tucsonsoccer.com,https://www.tucsonsoccer.com/,
Marana High School,https://maranahigh.maranausd.org/,Marana,AZ,School,basketball,Indoor,,,,,,,,,,,,,,maranahigh.maranausd.org,Confirmed Indoor,Indoor court language found on site. AZ location evidence: address. No decision maker found on public pages. No court count stated by a reliable source; left blank. Paid access signals present (membership/rental/program).,https://maranahigh.maranausd.org/ | https://maranahigh.maranausd.org/about | https://maranahigh.maranausd.org/about/welcome | https://maranahigh.maranausd.org/about/school-profile | https://maranahigh.maranausd.org/about/boundaries | https://maranahigh.maranausd.org/about/state-letter-grade | https://maranahigh.maranausd.org/about/a-plus-school-of-excellence-clone,Playwright,https://maranahigh.maranausd.org,https://maranahigh.maranausd.org/,
MaxPreps.com,https://www.maxpreps.com/,,AZ,School,tennis; basketball; volleyball; badminton,Indoor,,,,,,kevinaskeland65@gmail.com,support@maxpreps.com,,,,,,,maxpreps.com,Confirmed Indoor,Indoor court language found on site. AZ location evidence: mention. No decision maker found on public pages. No court count stated by a reliable source; left blank. Paid access signals present (membership/rental/program).,https://www.maxpreps.com/ | https://www.maxpreps.com/news/0TRn38OSxkafcGlQ-q0LcQ/valdosta%2c-massillon-washington-remain-atop-list-of-500-winningest-programs-in-high-school-football-history.htm,Playwright,https://maxpreps.com,https://www.maxpreps.com/,
Midwestern University,https://www.midwestern.edu/,Glendale,AZ,College / University,basketball; volleyball; racquetball,Indoor,2,"used for indoor soccer). A divider curtain can be lowered for: 2 short basketball courts, 2 volleyball courts, ... This facility includes a main gym, strength training/cardio area, aerobics room, mus",,,,,,,,,,,,midwestern.edu,Confirmed Indoor,Indoor court language found on site. AZ location evidence: address. No decision maker found on public pages. Paid access signals present (membership/rental/program).,https://www.midwestern.edu/ | https://www.midwestern.edu/academics/degrees-programs | https://www.midwestern.edu/research/office-research-sponsored-programs | https://www.midwestern.edu/about | https://www.midwestern.edu/about/contact-us | https://www.midwestern.edu/about/governance | https://www.midwestern.edu/about/inauguration-joshua-baker,Playwright,https://midwestern.edu,https://www.midwestern.edu/,
Mohave Soccer Camps,https://www.mohavesoccercamps.com/,Bullhead City,AZ,College / University,pickleball; basketball; volleyball,Indoor,,,,,,,,,,,,,,mohavesoccercamps.com,Confirmed Indoor,Indoor court language found on site. AZ location evidence: address. No decision maker found on public pages. No court count stated by a reliable source; left blank. Paid access signals present (membership/rental/program).,https://www.mohavesoccercamps.com/ | https://www.mohavesoccercamps.com/coaching_staff.cfm | https://www.mohavesoccercamps.com/facilities.cfm | https://www.mohavesoccercamps.com/contact-us.cfm,Playwright,https://mohavesoccercamps.com,https://www.mohavesoccercamps.com/,
Mosaic Quarter,https://mosaicquarter.com/,Tucson,AZ,Fieldhouse,pickleball; basketball; volleyball; futsal,Indoor,,,,,,,info@mosaicquarter.com,,,,,,,mosaicquarter.com,Confirmed Indoor,Indoor court language found on site. AZ location evidence: address. No decision maker found on public pages. No court count stated by a reliable source; left blank. Paid access signals present (membership/rental/program).,https://mosaicquarter.com/ | https://mosaicquarter.com/about/ | https://mosaicquarter.com/contact/,Playwright,https://mosaicquarter.com,https://mosaicquarter.com/,
MVP Sports,https://www.gomvpsports.com/,,AZ,Fieldhouse,pickleball; tennis; basketball,Indoor,,,,,,,,,,,,,,gomvpsports.com,Confirmed Indoor,Indoor court language found on site. AZ location evidence: mention. No decision maker found on public pages. No court count stated by a reliable source; left blank. Paid access signals present (membership/rental/program).,https://www.gomvpsports.com/ | https://www.gomvpsports.com/staff/ | https://www.gomvpsports.com/about-us/ | https://www.gomvpsports.com/contact-us/,Playwright,https://gomvpsports.com,https://www.gomvpsports.com/,
NewsBreak,https://www.newsbreak.com/,,AZ,Unknown,tennis; basketball; volleyball,Indoor,,,Victory',Claims,President,,,victory@newsbreak.com,victory.claims@newsbreak.com,victoryclaims@newsbreak.com,vclaims@newsbreak.com,v.claims@newsbreak.com,victoryc@newsbreak.com,newsbreak.com,Confirmed Indoor,Indoor court language found on site. AZ location evidence: mention. No court count stated by a reliable source; left blank. Paid access signals present (membership/rental/program). Guessed emails are UNVERIFIED pattern permutations - not published addresses.,https://www.newsbreak.com/ | https://www.newsbreak.com/about | https://www.newsbreak.com/contact | https://www.newsbreak.com/upi-news-510013/4820740612216-maryland-man-follows-a-gut-feeling-to-100-000-lottery-prize | https://www.newsbreak.com/fox-news-510075/4819738607642-trump-doubles-down-on-reflecting-pool-vandalism-allegations-cites-new-witness-account | https://www.newsbreak.com/the-associated-press-510077/4819651962109-trump-announces-staff-secretary-will-scharf-will-be-his-new-white-house-counsel | https://www.newsbreak.com/markets-insider-562170/4821237466860-spacex-reclaims-its-ipo-price-as-jitters-about-insider-selling-dissipate,Playwright,https://newsbreak.com,https://www.newsbreak.com/,
Padel Pals,https://padel-pals.com/,Mesa,AZ,School,pickleball; badminton; padel,Indoor,7,"ership Plan an Event MESA, AZ | PHOENIX EAST VALLEY Indoor Padel & Private Events in Mesa Seven indoor padel courts, pickleball and badminton, a player lounge, coworking, kids programming, and private-even",,,,,support@padel-pals.com,,,,,,,padel-pals.com,Confirmed Indoor,Indoor court language found on site. AZ location evidence: address. No decision maker found on public pages. Paid access signals present (membership/rental/program).,https://padel-pals.com/ | https://padel-pals.com/membership | https://padel-pals.com/corporate-events | https://padel-pals.com/padel | https://padel-pals.com/contact,Playwright,https://padel-pals.com,https://padel-pals.com/,
Padeland,https://book.padelandaz.com/,Chandler,AZ,Private Club,pickleball; padel,Indoor,,,,,,,,,,,,,,padelandaz.com,Confirmed Indoor,Indoor court language found on site. AZ location evidence: address. No decision maker found on public pages. No court count stated by a reliable source; left blank. Paid access signals present (membership/rental/program).,https://book.padelandaz.com/,Playwright,https://book.padelandaz.com,https://book.padelandaz.com/,
PadelAZ,https://www.padelaz.com/,Tucson,AZ,Indoor Sports Complex,tennis; squash; padel,Indoor,2,"Maracana Indoor Sports Arena is a 30,000 sq ft indoor facility with one large turf field, two Padel courts, and The Bench Café + Bar (Opening Dec. 2025). We are a small community-focused club. No",,,,padelarizona@gmail.com,,,,,,,,padelaz.com,Confirmed Indoor,Indoor court language found on site. AZ location evidence: address. No decision maker found on public pages. Paid access signals present (membership/rental/program).,https://www.padelaz.com/,Playwright,https://padelaz.com,https://www.padelaz.com/,
Paladin Soccer Club,https://paladinsoccerclub.org/,Mesa,AZ,School,futsal,Indoor,,,Jason,Best,Club Director,jason.best@paladinsports.org,,,,,,,,paladinsports.org,Confirmed Indoor,Indoor court language found on site. AZ location evidence: address. No court count stated by a reliable source; left blank. Paid access signals present (membership/rental/program).,https://paladinsoccerclub.org/ | https://paladinsoccerclub.org/about/ | https://paladinsoccerclub.org/about/coaches/ | https://paladinsoccerclub.org/about/development-pathway/ | https://paladinsoccerclub.org/about/fees/ | https://paladinsoccerclub.org/about/parent-handbook/ | https://paladinsoccerclub.org/programs/,Playwright,https://paladinsoccerclub.org,https://paladinsoccerclub.org/,
Peak Volleyball Academy,https://azpeakvolleyball.sportngin.com/,Prescott Valley,AZ,School,volleyball,Indoor,,,Natali,Sobczak,Owner,,,natali@azpeakvolleyball.sportngin.com,natali.sobczak@azpeakvolleyball.sportngin.com,natalisobczak@azpeakvolleyball.sportngin.com,nsobczak@azpeakvolleyball.sportngin.com,n.sobczak@azpeakvolleyball.sportngin.com,natalis@azpeakvolleyball.sportngin.com,azpeakvolleyball.sportngin.com,Confirmed Indoor,Indoor court language found on site. AZ location evidence: address. No court count stated by a reliable source; left blank. Paid access signals present (membership/rental/program). Guessed emails are UNVERIFIED pattern permutations - not published addresses.,https://azpeakvolleyball.sportngin.com/ | https://azpeakvolleyball.sportngin.com/about,Playwright,https://azpeakvolleyball.sportngin.com,https://azpeakvolleyball.sportngin.com/,
Phoenix Country Club Home Page,https://www.phoenixcountryclub.com/,Phoenix,AZ,Country Club,pickleball; tennis,Indoor,,,,,,,membership@phoenixcountryclub.com,,,,,,,phoenixcountryclub.com,Confirmed Indoor,Indoor court language found on site. AZ location evidence: address. No decision maker found on public pages. No court count stated by a reliable source; left blank. Paid access signals present (membership/rental/program).,https://www.phoenixcountryclub.com/ | https://www.phoenixcountryclub.com/about | https://www.phoenixcountryclub.com/membership | https://www.phoenixcountryclub.com/about/employment-opportunities,Playwright,https://phoenixcountryclub.com,https://www.phoenixcountryclub.com/,
Phoenix Tennis Center,https://phxtenniscenter.com/,Phoenix,AZ,Racquet / Tennis Club,tennis,Indoor,1,"lity hard courts, each equipped with 12 lights and designed for optimal performance Court 1 Court 2 Court 3 Court 4 View All Courts EVENTS Upcoming Tennis Events Join our exciting events,",,,,,,,,,,,,phxtenniscenter.com,Confirmed Indoor,Indoor court language found on site. AZ location evidence: address. No decision maker found on public pages. Paid access signals present (membership/rental/program).,https://phxtenniscenter.com/ | https://phxtenniscenter.com/courts | https://phxtenniscenter.com/facilities | https://phxtenniscenter.com/programs | https://phxtenniscenter.com/programs/groups | https://phxtenniscenter.com/programs/leagues,Playwright,https://phxtenniscenter.com,https://phxtenniscenter.com/,
Phoenix With Kids,https://arizonawithkids.net/,Flagstaff,AZ,Unknown,basketball,Indoor,,,,,,,,,,,,,,arizonawithkids.net,Confirmed Indoor,Indoor court language found on site. AZ location evidence: address. No decision maker found on public pages. No court count stated by a reliable source; left blank. Paid access signals present (membership/rental/program).,https://arizonawithkids.net/ | https://arizonawithkids.net/places/party-rentals/ | https://arizonawithkids.net/city/flagstaff/,Playwright,https://arizonawithkids.net,https://arizonawithkids.net/,
Play Indoor Volleyball,https://www.indoorvolleyball.com/,Avondale,AZ,Private Club,volleyball,Indoor,,,,,,,,,,,,,,indoorvolleyball.com,Confirmed Indoor,Indoor court language found on site. AZ location evidence: address. No decision maker found on public pages. No court count stated by a reliable source; left blank. Paid access signals present (membership/rental/program).,https://www.indoorvolleyball.com/,Playwright,https://indoorvolleyball.com,https://www.indoorvolleyball.com/,
Prime Volleyball Club,https://www.primevolleyballclub.com/,,AZ,College / University,volleyball,Indoor,,,Michelle,Feliciano,Director of Operations,,info@primevolleyballclub.com,michelle@primevolleyballclub.com,michelle.feliciano@primevolleyballclub.com,michellefeliciano@primevolleyballclub.com,mfeliciano@primevolleyballclub.com,m.feliciano@primevolleyballclub.com,michellef@primevolleyballclub.com,primevolleyballclub.com,Confirmed Indoor,Indoor court language found on site. AZ location evidence: mention. No court count stated by a reliable source; left blank. Paid access signals present (membership/rental/program). Guessed emails are UNVERIFIED pattern permutations - not published addresses.,https://www.primevolleyballclub.com/ | https://www.primevolleyballclub.com/about | https://www.primevolleyballclub.com/contact-us | https://www.primevolleyballclub.com/programs | https://www.primevolleyballclub.com/girls-programsd263ad98 | https://www.primevolleyballclub.com/founders-and-directors,Playwright,https://primevolleyballclub.com,https://www.primevolleyballclub.com/,
Racket and Roll - We are your hub for everything Racket and Paddle Sports,https://racketandroll.com/,Chandler,AZ,Unknown,pickleball; tennis,Indoor,,,,,,usinfo@racketandroll.com,info@racketandroll.com,,,,,,,racketandroll.com,Confirmed Indoor,Indoor court language found on site. AZ location evidence: address. No decision maker found on public pages. No court count stated by a reliable source; left blank. Paid access signals present (membership/rental/program).,https://racketandroll.com/ | https://racketandroll.com/about/ | https://racketandroll.com/contact/,Playwright,https://racketandroll.com,https://racketandroll.com/,
Redfin,https://www.redfin.com/,,AZ,Unknown,basketball; racquetball,Indoor,,,,,,,,,,,,,,redfin.com,Confirmed Indoor,Indoor court language found on site. AZ location evidence: mention. No decision maker found on public pages. No court count stated by a reliable source; left blank. Paid access signals present (membership/rental/program).,https://www.redfin.com/ | https://www.redfin.com/rentals | https://www.redfin.com/rentals/list-my-home-for-rent | https://www.redfin.com/us-rental-market,Playwright,https://redfin.com,https://www.redfin.com/,
Remote Tennis,https://remotetennis.com/,Sedona,AZ,Racquet / Tennis Club,tennis; padel,Indoor,,,,,,,,,,,,,,remotetennis.com,Confirmed Indoor,Indoor court language found on site. AZ location evidence: address. No decision maker found on public pages. No court count stated by a reliable source; left blank. Paid access signals present (membership/rental/program).,https://remotetennis.com/ | https://remotetennis.com/about | https://remotetennis.com/contact,Playwright,https://remotetennis.com,https://remotetennis.com/,
Rose Law Group Reporter,https://roselawgroupreporter.com/,Yuma,AZ,Unknown,pickleball; basketball; volleyball,Indoor,6,"more modern tone. Inside, the field house will include four full-size basketball courts, six indoor volleyball courts and a dozen pickleball courts. Plans also call for rentable flex space and a tournament l",,,,,,,,,,,,roselawgroupreporter.com,Confirmed Indoor,Indoor court language found on site. AZ location evidence: address. No decision maker found on public pages. Paid access signals present (membership/rental/program).,https://roselawgroupreporter.com/ | https://roselawgroupreporter.com/2026/08/is-arizona-going-to-court-over-the-colorado-river/ | https://roselawgroupreporter.com/2026/08/court-rejects-fears-about-2022-voter-registration-law-allows-it-to-be-enforced/ | https://roselawgroupreporter.com/2026/08/total-failure-of-leadership-arizona-politicians-criticize-unfair-water-cuts-proposed-in-federal-plan/ | https://roselawgroupreporter.com/2026/08/consumer-products-giant-brings-facility-to-yuma/ | https://roselawgroupreporter.com/2026/06/appeals-court-greenlights-speedy-deportations-rose-law-group-immigration-law-department-chairman-darius-amiri-explains-what-it-means/ | https://roselawgroupreporter.com/2026/06/federal-court-strikes-down-h-1b-visa-fee-darius-amiri-partner-at-rose-law-group-and-chair-of-the-firms-immigration-law-department-explains-the-ruling/,Playwright,https://roselawgroupreporter.com,https://roselawgroupreporter.com/,
Round Valley School District,https://www.elks.net/,Springerville,AZ,School,basketball; volleyball,Indoor,,,,,,,,,,,,,,elks.net,Confirmed Indoor,Indoor court language found on site. AZ location evidence: address. No decision maker found on public pages. No court count stated by a reliable source; left blank. Paid access signals present (membership/rental/program).,https://www.elks.net/ | https://www.elks.net/article/2209483,Playwright,https://elks.net,https://www.elks.net/,
Royal Pickleball,https://ambassadors.royalpickleball.com/,Chandler,AZ,Pickleball Club,pickleball; tennis; badminton; padel,Indoor,,,,,,ambassadors@royalpickleball.com,,,,,,,,royalpickleball.com,Confirmed Indoor,Indoor court language found on site. AZ location evidence: address. No decision maker found on public pages. No court count stated by a reliable source; left blank. Paid access signals present (membership/rental/program).,https://ambassadors.royalpickleball.com/ | https://ambassadors.royalpickleball.com/about | https://ambassadors.royalpickleball.com/locations/list,Playwright,https://ambassadors.royalpickleball.com,https://ambassadors.royalpickleball.com/,
RSL-AZ Southern Arizona,https://rslazsoccer.com/,Tucson,AZ,School,basketball; volleyball; futsal,Indoor,,,,,,,,,,,,,,rslazsoccer.com,Confirmed Indoor,Indoor court language found on site. AZ location evidence: address. No decision maker found on public pages. No court count stated by a reliable source; left blank. Paid access signals present (membership/rental/program).,https://rslazsoccer.com/ | https://rslazsoccer.com/our-staff/ | https://rslazsoccer.com/contact-us/ | https://rslazsoccer.com/programs/ | https://rslazsoccer.com/programs/competitive-programs/ | https://rslazsoccer.com/in-house/,Playwright,https://rslazsoccer.com,https://rslazsoccer.com/,
Schneider Futsal,https://www.schneiderfutsalacademy.org/,,AZ,School,tennis; futsal,Indoor,,,,,,pedro@schneidergroupusa.com,,,,,,,,schneidergroupusa.com,Confirmed Indoor,Indoor court language found on site. AZ location evidence: phone. No decision maker found on public pages. No court count stated by a reliable source; left blank. Paid access signals present (membership/rental/program).,https://www.schneiderfutsalacademy.org/ | https://www.schneiderfutsalacademy.org/copy-of-about-us | https://www.schneiderfutsalacademy.org/copy-of-little-s-program | https://www.schneiderfutsalacademy.org/copy-of-futsal-first-program | https://www.schneiderfutsalacademy.org/copy-of-futsal-development-program | https://www.schneiderfutsalacademy.org/copy-of-futsal-development-program-1 | https://www.schneiderfutsalacademy.org/about-4,Playwright,https://schneiderfutsalacademy.org,https://www.schneiderfutsalacademy.org/,
Scottsdale.com,https://scottsdale.com/,Scottsdale,AZ,School,pickleball; padel,Indoor,,,,,,,,,,,,,,scottsdale.com,Confirmed Indoor,Indoor court language found on site. AZ location evidence: address. No decision maker found on public pages. No court count stated by a reliable source; left blank.,https://scottsdale.com/,Playwright,https://scottsdale.com,https://scottsdale.com/,
Sequoia Prep,https://sequoiaprep.org/,Mesa,AZ,College / University,basketball,Indoor,,,,,,,info@sequoiaprep.org,,,,,,,sequoiaprep.org,Confirmed Indoor,Indoor court language found on site. AZ location evidence: address. No decision maker found on public pages. No court count stated by a reliable source; left blank. Paid access signals present (membership/rental/program).,https://sequoiaprep.org/ | https://sequoiaprep.org/about | https://sequoiaprep.org/facilities,Playwright,https://sequoiaprep.org,https://sequoiaprep.org/,
"Solid Ground Arena, Peoria, AZ",https://peoria-sportsplex.ezleagues.ezfacility.com/,,AZ,Sportsplex,basketball; volleyball,Indoor,,,,,,,info@peoriasportsplex.com,,,,,,,peoriasportsplex.com,Confirmed Indoor,Indoor court language found on site. AZ location evidence: zip. No decision maker found on public pages. No court count stated by a reliable source; left blank. Paid access signals present (membership/rental/program).,https://peoria-sportsplex.ezleagues.ezfacility.com/ | https://peoria-sportsplex.ezleagues.ezfacility.com/about_us.aspx | https://peoria-sportsplex.ezleagues.ezfacility.com/contact_us.aspx,Playwright,https://peoria-sportsplex.ezleagues.ezfacility.com,https://peoria-sportsplex.ezleagues.ezfacility.com/,
Sporting Chance Center,https://sportingchancecenter.org/,Tucson,AZ,Unknown,pickleball; basketball; volleyball; badminton; futsal,Indoor,8,l court. User Requirements and Contract Terms. Users will be ... ... basketball courts or eight volleyball courts. It is the largest indoor ... The Sporting Chance Center is Tucson's premier court rental,TOM,CARLE,General Manager,,,tom@sportingchancecenter.org,tom.carle@sportingchancecenter.org,tomcarle@sportingchancecenter.org,tcarle@sportingchancecenter.org,t.carle@sportingchancecenter.org,tomc@sportingchancecenter.org,sportingchancecenter.org,Confirmed Indoor,Indoor court language found on site. AZ location evidence: address. Paid access signals present (membership/rental/program). Guessed emails are UNVERIFIED pattern permutations - not published addresses.,https://sportingchancecenter.org/ | https://sportingchancecenter.org/about/ | https://sportingchancecenter.org/contact-us/ | https://sportingchancecenter.org/programdetails/ | https://sportingchancecenter.org/loba-staff/ | https://sportingchancecenter.org/loba-contact-us/ | https://sportingchancecenter.org/about-lute/,Playwright,https://sportingchancecenter.org,https://sportingchancecenter.org/,
Sunward Steel Buildings,https://sunwardsteel.com/,Somerton,AZ,School,tennis; basketball,Indoor,,,,,,,info@sunwardsteel.com,,,,,,,sunwardsteel.com,Confirmed Indoor,Indoor court language found on site. AZ location evidence: address. No decision maker found on public pages. No court count stated by a reliable source; left blank. Paid access signals present (membership/rental/program).,https://sunwardsteel.com/ | https://sunwardsteel.com/colorado/golden/spyderco-manufacturing-facility/ | https://sunwardsteel.com/colorado/parker/indoor-tennis-facility/ | https://sunwardsteel.com/new-hampshire/seabrook/prefabricated-steel-cold-storage-facility/ | https://sunwardsteel.com/canada/alberta/whitecourt/shop-and-commercial-office/ | https://sunwardsteel.com/canada/alberta/whitecourt/steel-shop-building-kit/ | https://sunwardsteel.com/connecticut/orange/prefabricated-metal-shop-and-shipping-facility/,Playwright,https://sunwardsteel.com,https://sunwardsteel.com/,
Superpages THE Local Business Directory,https://www.superpages.com/,,AZ,Unknown,tennis; basketball; volleyball; racquetball,Indoor,25,"eoria, AZ - superpages.com Sports Clubs & Organizations in Goodyear, AZ - Superpages Best 25 Tennis Courts in Fountain Hills, AZ | superpages.com Best 25 Tennis Courts in Fountain Hills, AZ | supe",Designated,Agent,Manager,,,designated@superpages.com,designated.agent@superpages.com,designatedagent@superpages.com,dagent@superpages.com,d.agent@superpages.com,designateda@superpages.com,superpages.com,Confirmed Indoor,Indoor court language found on site. AZ location evidence: mention. Paid access signals present (membership/rental/program). Guessed emails are UNVERIFIED pattern permutations - not published addresses.,https://www.superpages.com/ | https://www.superpages.com/sitemap | https://www.superpages.com/categories/car-rental | https://www.superpages.com/categories/boat-rental-charter | https://www.superpages.com/about/contact-us | https://www.superpages.com/about/terms-of-use,Playwright,https://superpages.com,https://www.superpages.com/,
Swish Factory,https://swishfactory.net/,Peoria,AZ,Unknown,basketball; volleyball,Indoor,,,,,,hoops@swishfactory.net,,,,,,,,swishfactory.net,Confirmed Indoor,Indoor court language found on site. AZ location evidence: address. No decision maker found on public pages. No court count stated by a reliable source; left blank. Paid access signals present (membership/rental/program).,https://swishfactory.net/ | https://swishfactory.net/about | https://swishfactory.net/memberships-and-teams,Playwright,https://swishfactory.net,https://swishfactory.net/,
TAP - Tucson Area Pickleball,https://tucsonpickleball.org/,Tucson,AZ,Pickleball Club,pickleball,Indoor,,,,,,,,,,,,,,tucsonpickleball.org,Confirmed Indoor,Indoor court language found on site. AZ location evidence: address. No decision maker found on public pages. No court count stated by a reliable source; left blank. Paid access signals present (membership/rental/program).,https://tucsonpickleball.org/ | https://tucsonpickleball.org/membership/ | https://tucsonpickleball.org/membership-account/membership-levels/ | https://tucsonpickleball.org/contact-us/,Playwright,https://tucsonpickleball.org,https://tucsonpickleball.org/,
Tennis Club,https://tennis.scwclubs.com/,Sun City West,AZ,Racquet / Tennis Club,tennis; squash,Indoor,4,Platform Tennis Group has often been described as the friendliest group in Sun City West. Four courts are available at the SCW Tennis Complex. Platform tennis is played on a 22 ft by 44 ft co,Mr.,Lynd,President,,,mr@tennis.scwclubs.com,mr.lynd@tennis.scwclubs.com,mrlynd@tennis.scwclubs.com,mlynd@tennis.scwclubs.com,m.lynd@tennis.scwclubs.com,mrl@tennis.scwclubs.com,tennis.scwclubs.com,Confirmed Indoor,Indoor court language found on site. AZ location evidence: address. Paid access signals present (membership/rental/program). Guessed emails are UNVERIFIED pattern permutations - not published addresses.,https://tennis.scwclubs.com/ | https://tennis.scwclubs.com/benefits-of-club-membership/ | https://tennis.scwclubs.com/membership-information/ | https://tennis.scwclubs.com/2026/07/12/platform-courts-get-an-upgrade/,Playwright,https://tennis.scwclubs.com,https://tennis.scwclubs.com/,
The AZ Insider,https://theazinsider.com/,Scottsdale,AZ,School,padel,Indoor,7,"ast volleys, off-the-wall rebounds, and laughter that echoes like applause. Nov 3, 2025 · Seven indoor courts built by world leader Padel Galis, offering world-class play without Arizona’s heat. No m",,,,,,,,,,,,theazinsider.com,Confirmed Indoor,Indoor court language found on site. AZ location evidence: address. No decision maker found on public pages. Paid access signals present (membership/rental/program).,https://theazinsider.com/ | https://theazinsider.com/about-the-az-insider/ | https://theazinsider.com/contact/ | https://theazinsider.com/category/government-leadership/,Playwright,https://theazinsider.com,https://theazinsider.com/,
The Back Nine Golf,https://thebackninegolf.com/,Scottsdale,AZ,Unknown,tennis,Indoor,,,,,,,info@thebackninegolf.com,,,,,,,thebackninegolf.com,Confirmed Indoor,Indoor court language found on site. AZ location evidence: address. No decision maker found on public pages. No court count stated by a reliable source; left blank. Paid access signals present (membership/rental/program).,https://thebackninegolf.com/ | https://thebackninegolf.com/contact | https://thebackninegolf.com/local | https://thebackninegolf.com/about | https://thebackninegolf.com/agreement,Playwright,https://thebackninegolf.com,https://thebackninegolf.com/,
The Flying Pickle,https://www.theflyingpickle.com/,Goodyear,AZ,Pickleball Club,pickleball,Indoor,,,Paul,Starita,CEO,,,paul@theflyingpickle.com,paul.starita@theflyingpickle.com,paulstarita@theflyingpickle.com,pstarita@theflyingpickle.com,p.starita@theflyingpickle.com,pauls@theflyingpickle.com,theflyingpickle.com,Confirmed Indoor,Indoor court language found on site. AZ location evidence: address. No court count stated by a reliable source; left blank. Paid access signals present (membership/rental/program). Guessed emails are UNVERIFIED pattern permutations - not published addresses.,https://www.theflyingpickle.com/ | https://www.theflyingpickle.com/about/ | https://www.theflyingpickle.com/about/careers/ | https://www.theflyingpickle.com/about/sponsors/ | https://www.theflyingpickle.com/contact/ | https://www.theflyingpickle.com/clubs/,Playwright,https://theflyingpickle.com,https://www.theflyingpickle.com/,
The Orchard Indoor Pickleball Courts,https://www.orchardpickleball.com/,,AZ,Pickleball Club,pickleball,Indoor,2,"or as little as 1 hour, or up to 3 hours using our online scheduler. PLEASE NOTE: We have 2 courts. Max of 6 people per court. Minors under 18 are not permitted, even with adult supervisio",,,,,,,,,,,,orchardpickleball.com,Confirmed Indoor,Indoor court language found on site. AZ location evidence: zip. No decision maker found on public pages. Paid access signals present (membership/rental/program).,https://www.orchardpickleball.com/ | https://www.orchardpickleball.com/contact,Playwright,https://orchardpickleball.com,https://www.orchardpickleball.com/,
The Pad Tucson,https://www.thepadtucson.com/,Tucson,AZ,Health Club,pickleball; tennis; padel,Indoor,9,"nt Sports & Amenities Lessons Pricing Events About Contact Book now! Life at The Pad With 9 pickleball courts, 7 padel courts, 3 table tennis, cafe, bar and conference/event space, The Pad has everyt",,,,,,,,,,,,thepadtucson.com,Confirmed Indoor,Indoor court language found on site. AZ location evidence: address. No decision maker found on public pages. Paid access signals present (membership/rental/program).,https://www.thepadtucson.com/ | https://www.thepadtucson.com/programs | https://www.thepadtucson.com/junior-programs | https://www.thepadtucson.com/memberships | https://www.thepadtucson.com/contact | https://www.thepadtucson.com/location-hours,Playwright,https://thepadtucson.com,https://www.thepadtucson.com/,
The Pickle Dojo | Peoria AZ,https://pickledojoaz.com/,Peoria,AZ,Unknown,pickleball,Indoor,4,"Clean Courts — safe, fully maintained, and ready for action. Easy Booking — reserve up to 4 courts per week with priority access. Member Perks — guest passes, exclusive events, and tournam",,,,thepickledojo1@gmail.com,,,,,,,,pickledojoaz.com,Confirmed Indoor,Indoor court language found on site. AZ location evidence: address. No decision maker found on public pages. Paid access signals present (membership/rental/program).,https://pickledojoaz.com/ | https://pickledojoaz.com/about/ | https://pickledojoaz.com/courts/ | https://pickledojoaz.com/memberships/ | https://pickledojoaz.com/contact/,Playwright,https://pickledojoaz.com,https://pickledojoaz.com/,
The Picklr Tucson,https://picklrorovalley.com/,Oro Valley,AZ,School,pickleball,Indoor,11,ead article ↗ KGUN 9 SEP 2025 “The Picklr to open Sept. 20 at Oro Valley Marketplace with 11 indoor courts” Read article ↗ KOLD 13 SEP 2025 “The Picklr could bring Oro Valley Marketplace back to l,,,,orovalley.az@thepicklrfranchise.com,,,,,,,,thepicklrfranchise.com,Confirmed Indoor,Indoor court language found on site. AZ location evidence: address. No decision maker found on public pages. Paid access signals present (membership/rental/program).,https://picklrorovalley.com/ | https://picklrorovalley.com/membership | https://picklrorovalley.com/contact | https://picklrorovalley.com/events/mon-sunrise-open | https://picklrorovalley.com/events/mon-academy-jr | https://picklrorovalley.com/events/mon-pseries-30 | https://picklrorovalley.com/events/tue-women-open,Playwright,https://picklrorovalley.com,https://picklrorovalley.com/,
The Sand Club Academy | Arizona Junior Sand Volleyball,https://thesandclubacademy.com/,,AZ,School,volleyball,Indoor,4,"rated the Grand Opening of Mesquite Beach, located within Mesquite High School, featuring four courts with professional-grade sand and lighting. Mesquite Beach is the premier facility for jun",,,,,info@thesandclubacademy.com,,,,,,,thesandclubacademy.com,Confirmed Indoor,Indoor court language found on site. AZ location evidence: phone. No decision maker found on public pages. Paid access signals present (membership/rental/program).,https://thesandclubacademy.com/ | https://thesandclubacademy.com/about-us/ | https://thesandclubacademy.com/contact-us/ | https://thesandclubacademy.com/the-sand-club-academy/,Playwright,https://thesandclubacademy.com,https://thesandclubacademy.com/,
The Vendry: Event Pros Start Here,https://thevendry.com/,Phoenix,AZ,Private Club,basketball; volleyball,Indoor,,,,,,,hello@thevendry.com,,,,,,,thevendry.com,Confirmed Indoor,Indoor court language found on site. AZ location evidence: address. No decision maker found on public pages. No court count stated by a reliable source; left blank. Paid access signals present (membership/rental/program).,https://thevendry.com/ | https://thevendry.com/vendors/home/all/rentals | https://thevendry.com/vendors/home/all/av,Playwright,https://thevendry.com,https://thevendry.com/,
Tolleson Union High School |,https://tuhs.tuhsd.org/,Tolleson,AZ,School,tennis; basketball; volleyball,Indoor,,,,,,,,,,,,,,tuhs.tuhsd.org,Confirmed Indoor,Indoor court language found on site. AZ location evidence: address. No decision maker found on public pages. No court count stated by a reliable source; left blank. Paid access signals present (membership/rental/program).,https://tuhs.tuhsd.org/ | https://tuhs.tuhsd.org/about-us | https://tuhs.tuhsd.org/our-staff | https://tuhs.tuhsd.org/athletics-clubs | https://tuhs.tuhsd.org/athletics | https://tuhs.tuhsd.org/contact-us | https://tuhs.tuhsd.org/arizona-purple-star-school,Playwright,https://tuhs.tuhsd.org,https://tuhs.tuhsd.org/,
Tom A. Finch Community YMCA,https://myynow.org/,,AZ,YMCA / JCC,basketball; racquetball,Indoor,,,MELYNDA,BREWER,Operations Director,melynda.brewer@myynow.org,,,,,,,,myynow.org,Confirmed Indoor,Indoor court language found on site. AZ location evidence: mention. No court count stated by a reliable source; left blank. Paid access signals present (membership/rental/program).,https://myynow.org/ | https://myynow.org/aboutus/our-ymca | https://myynow.org/our-staff | https://myynow.org/main/facility-rental-information | https://myynow.org/main/membership | https://myynow.org/main/membership-specials,Playwright,https://myynow.org,https://myynow.org/,
United States Youth Volleyball,https://usyvl.org/,,AZ,School,volleyball,Indoor,,,,,,,info@usyvl.org,,,,,,,usyvl.org,Confirmed Indoor,Indoor court language found on site. AZ location evidence: mention. No decision maker found on public pages. No court count stated by a reliable source; left blank. Paid access signals present (membership/rental/program).,https://usyvl.org/ | https://usyvl.org/contact/ | https://usyvl.org/find-a-program/ | https://usyvl.org/about-the-league/ | https://usyvl.org/start-a-program/,Playwright,https://usyvl.org,https://usyvl.org/,
US HANDBALL,https://www.ushandball.org/,Tucson,AZ,Unknown,tennis; handball,Indoor,,,USHA,Commissioners,Executive Director,,,usha@ushandball.org,usha.commissioners@ushandball.org,ushacommissioners@ushandball.org,ucommissioners@ushandball.org,u.commissioners@ushandball.org,ushac@ushandball.org,ushandball.org,Confirmed Indoor,Indoor court language found on site. AZ location evidence: address. No court count stated by a reliable source; left blank. Paid access signals present (membership/rental/program). Guessed emails are UNVERIFIED pattern permutations - not published addresses.,https://www.ushandball.org/ | https://www.ushandball.org/about/board-of-directors/ | https://www.ushandball.org/about/bylaws/ | https://www.ushandball.org/about/history-of-handball/ | https://www.ushandball.org/about/mission-statement/ | https://www.ushandball.org/about/national-champions/,Playwright,https://ushandball.org,https://www.ushandball.org/,
US Sports Camps,https://www.ussportscamps.com/,,AZ,College / University,pickleball; tennis; basketball; volleyball; futsal,Indoor,,,,,,,,,,,,,,ussportscamps.com,Confirmed Indoor,Indoor court language found on site. AZ location evidence: mention. No decision maker found on public pages. No court count stated by a reliable source; left blank. Paid access signals present (membership/rental/program).,https://www.ussportscamps.com/ | https://www.ussportscamps.com/contact,Playwright,https://ussportscamps.com,https://www.ussportscamps.com/,
USA Rec Sports,https://app.usarecsports.com/,Mesa,AZ,Health Club,pickleball; basketball; volleyball,Indoor,5,"ourt, weekly open play, or a full membership, start here. Book a court Reserve one of our 5 courts by the hour for pickleball, volleyball, or basketball. See court times → Open gym Drop in",,,,,hello@usarecsports.com,,,,,,,usarecsports.com,Confirmed Indoor,Indoor court language found on site. AZ location evidence: address. No decision maker found on public pages. Paid access signals present (membership/rental/program).,https://app.usarecsports.com/ | https://app.usarecsports.com/programs | https://app.usarecsports.com/blitz,Playwright,https://app.usarecsports.com,https://app.usarecsports.com/,
Valley Christian Schools,https://valleychristianaz.org/,Chandler,AZ,School,basketball; volleyball,Indoor,,,Troy,Thelen,CEO,,,troy@valleychristianaz.org,troy.thelen@valleychristianaz.org,troythelen@valleychristianaz.org,tthelen@valleychristianaz.org,t.thelen@valleychristianaz.org,troyt@valleychristianaz.org,valleychristianaz.org,Confirmed Indoor,Indoor court language found on site. AZ location evidence: address. No court count stated by a reliable source; left blank. Paid access signals present (membership/rental/program). Guessed emails are UNVERIFIED pattern permutations - not published addresses.,https://valleychristianaz.org/ | https://valleychristianaz.org/philosophy/ | https://valleychristianaz.org/our-campuses/ | https://valleychristianaz.org/leadership/ | https://valleychristianaz.org/our-history/ | https://valleychristianaz.org/athletics/,Playwright,https://valleychristianaz.org,https://valleychristianaz.org/,
Valley of the Sun YMCA,https://phoenix.recliquecore.com/,Phoenix,AZ,YMCA / JCC,basketball; volleyball,Indoor,,,,,,,,,,,,,,phoenix.recliquecore.com,Confirmed Indoor,Indoor court language found on site. AZ location evidence: address. No decision maker found on public pages. No court count stated by a reliable source; left blank. Paid access signals present (membership/rental/program).,https://phoenix.recliquecore.com/ | https://phoenix.recliquecore.com/branch/association-program | https://phoenix.recliquecore.com/branch/flagstaff | https://phoenix.recliquecore.com/programs | https://phoenix.recliquecore.com/memberships,Playwright,https://phoenix.recliquecore.com,https://phoenix.recliquecore.com/,
Verde Ranch RV Resort,https://verderanchrvresort.com/,Camp Verde,AZ,Unknown,pickleball,Indoor,,,,,,,,,,,,,,verderanchrvresort.com,Confirmed Indoor,Indoor court language found on site. AZ location evidence: address. No decision maker found on public pages. No court count stated by a reliable source; left blank. Paid access signals present (membership/rental/program).,https://verderanchrvresort.com/ | https://verderanchrvresort.com/contact-us/,Playwright,https://verderanchrvresort.com,https://verderanchrvresort.com/,
Victorium,https://www.victorium.com/,Scottsdale,AZ,Health Club,pickleball; basketball; volleyball; futsal,Indoor,6,COURTS BASKETBALL 2 MAIN COURTS 4 SMALL COURTS GYMNASTICS USA FUTSAL 2 FIELDS PICKLEBALL 6 COURTS AN ENTIRE CULTURE OF SPORT It’s the less tangible things that build champions: inspiratio,,,,,,,,,,,,victorium.com,Confirmed Indoor,Indoor court language found on site. AZ location evidence: address. No decision maker found on public pages. Paid access signals present (membership/rental/program).,https://www.victorium.com/,Playwright,https://victorium.com,https://www.victorium.com/,
"Village at Vistancia, AZ",https://myvistancia.com/,Peoria,AZ,Unknown,basketball,Indoor,,,,,,,,,,,,,,myvistancia.com,Confirmed Indoor,Indoor court language found on site. AZ location evidence: address. No decision maker found on public pages. No court count stated by a reliable source; left blank. Paid access signals present (membership/rental/program).,https://myvistancia.com/ | https://www.myvistancia.com/Directory.aspx | https://myvistancia.com/179/Pay-Your-Assessments | https://myvistancia.com/QuickLinks.aspx,Playwright,https://myvistancia.com,https://myvistancia.com/,
VolleyLens,https://volleylens.com/,Phoenix,AZ,College / University,volleyball,Indoor,,,,,,,support@volleylens.com,,,,,,,volleylens.com,Confirmed Indoor,Indoor court language found on site. AZ location evidence: address. No decision maker found on public pages. No court count stated by a reliable source; left blank. Paid access signals present (membership/rental/program).,https://volleylens.com/ | https://volleylens.com/about | https://volleylens.com/insights/top-25-girls-club-volleyball-programs-texas-2025-2026 | https://volleylens.com/insights/top-25-boys-club-volleyball-programs-california-2025-2026 | https://volleylens.com/contact,Playwright,https://volleylens.com,https://volleylens.com/,
What's happening in Phoenix,https://phoenix.beyondthenest.com/,Phoenix,AZ,Unknown,tennis; basketball,Indoor,,,,,,carol@beyondthenest.com,,,,,,,,beyondthenest.com,Confirmed Indoor,Indoor court language found on site. AZ location evidence: address. No decision maker found on public pages. No court count stated by a reliable source; left blank. Paid access signals present (membership/rental/program).,https://phoenix.beyondthenest.com/ | https://phoenix.beyondthenest.com/content/how-list-your-organization-kidsoutandaboutcom-or-beyondthenestcom | https://phoenix.beyondthenest.com/localadvertising | https://phoenix.beyondthenest.com/content/kidsoutandaboutcoms-guide-north-american-family-vacations | https://phoenix.beyondthenest.com/content/contact-us | https://phoenix.beyondthenest.com/content/about-entertainmentcalendarcom-kidsoutandaboutcom-and-beyondthenestcom,Playwright,https://phoenix.beyondthenest.com,https://phoenix.beyondthenest.com/,
White Mountain Pickleball Academy,https://www.whitemountainpickleballacademy.com/,Show Low,AZ,Pickleball Club,pickleball,Indoor,,,,,,sportkit11@gmail.com,,,,,,,,whitemountainpickleballacademy.com,Confirmed Indoor,Indoor court language found on site. AZ location evidence: address. No decision maker found on public pages. No court count stated by a reliable source; left blank.,https://www.whitemountainpickleballacademy.com/,Playwright,https://whitemountainpickleballacademy.com,https://www.whitemountainpickleballacademy.com/,
World Badminton,https://worldbadminton.com/,,AZ,School,badminton,Indoor,32,"CA - training for all ages [18APR2019] Michael's Badminton Academy - Malaysia -Puchong ( 32 courts), Taman Megah ( 16 Courts) [21AUG2011] Fernando's Badminton Academy, Junior Coaching and",,,,stan@worldbadminton.com,,,,,,,,worldbadminton.com,Confirmed Indoor,Indoor court language found on site. AZ location evidence: mention. No decision maker found on public pages. Paid access signals present (membership/rental/program).,https://worldbadminton.com/,Playwright,https://worldbadminton.com,https://worldbadminton.com/,
www.jewishaz.com,https://www.jewishaz.com/,Scottsdale,AZ,School,pickleball; basketball,Indoor,,,,,,,,,,,,,,jewishaz.com,Confirmed Indoor,Indoor court language found on site. AZ location evidence: address. No decision maker found on public pages. No court count stated by a reliable source; left blank. Paid access signals present (membership/rental/program).,https://www.jewishaz.com/ | https://www.jewishaz.com/site/contact.html | https://www.jewishaz.com/community/out_and_about/ | https://www.jewishaz.com/eedition/directory/ | https://www.jewishaz.com/community/wli-honors-cohort-10-looks-ahead-to-second-decade-of-leadership/article_689b55e7-9fb0-472a-a13c-1ddeb877d904.html | https://www.jewishaz.com/opinion/the-supreme-court-upheld-birthright-citizenship-but-american-jews-like-me-shouldn-t-declare-victory/article_d8d94285-a19a-470b-9f3b-4af4aa780883.html | https://www.jewishaz.com/community/out-and-about/article_f1207c2c-48b9-4e74-ac57-0c0392dc670c.html,Playwright,https://jewishaz.com,https://www.jewishaz.com/,
YMCA of Southern Arizona -,https://tucsonymca.org/,,AZ,YMCA / JCC,basketball; racquetball,Indoor,,,,,,,,,,,,,,tucsonymca.org,Confirmed Indoor,Indoor court language found on site. AZ location evidence: mention. No decision maker found on public pages. No court count stated by a reliable source; left blank. Paid access signals present (membership/rental/program).,https://tucsonymca.org/ | https://tucsonymca.org/membership/ | https://tucsonymca.org/programs/ | https://tucsonymca.org/contact-us/ | https://tucsonymca.org/join/,Playwright,https://tucsonymca.org,https://tucsonymca.org/,
10sNut,https://10snut.com/,Phoenix,AZ,Private Club,pickleball; tennis,Indoor and outdoor,25,facility Membership club; programs and some restaurant access may be open to non-members 25 tennis courts 22 pickleball Club details Suggest edit Club site Gold Key Racquet Club Phoenix | member/,,,,,,,,,,,,10snut.com,Indoor and Outdoor,Both indoor and outdoor court language found on site. AZ location evidence: address. No decision maker found on public pages. Paid access signals present (membership/rental/program).,https://10snut.com/ | https://10snut.com/court-directory/ | https://10snut.com/unknown-courts/ | https://10snut.com/suggest-court-edit/ | https://10snut.com/free-tennis-courts/ | https://10snut.com/pay-tennis-courts/ | https://10snut.com/submit-a-court/,Playwright,https://10snut.com,https://10snut.com/,
ACA Web Applications,https://apps.azcommerce.com/,Phoenix,AZ,Unknown,tennis; basketball; racquetball,Indoor and outdoor,,,,,,,,,,,,,,azcommerce.com,Indoor and Outdoor,Both indoor and outdoor court language found on site. AZ location evidence: address. No decision maker found on public pages. No court count stated by a reliable source; left blank.,https://apps.azcommerce.com/,Playwright,https://apps.azcommerce.com,https://apps.azcommerce.com/,
ACEing Autism,https://aceingautism.org/,Phoenix,AZ,School,pickleball; tennis; volleyball,Indoor and outdoor,,,Richard,Spurling,Founder,richard@aceingautism.org,info@aceingautism.org,,,,,,,aceingautism.org,Indoor and Outdoor,Both indoor and outdoor court language found on site. AZ location evidence: address. No court count stated by a reliable source; left blank. Paid access signals present (membership/rental/program).,https://aceingautism.org/ | https://aceingautism.org/history/ | https://aceingautism.org/ourteam/ | https://aceingautism.org/ourprograms/ | https://aceingautism.org/start-a-community-program/ | https://aceingautism.org/start-a-school-program/ | https://aceingautism.org/contact/,Playwright,https://aceingautism.org,https://aceingautism.org/,
ADERO Scottsdale Resort,https://www.aderoscottsdale.com/,Scottsdale,AZ,Health Club,tennis,Indoor and outdoor,,,,,,,info@aderoscottsdale.com,,,,,,,aderoscottsdale.com,Indoor and Outdoor,Both indoor and outdoor court language found on site. AZ location evidence: address. No decision maker found on public pages. No court count stated by a reliable source; left blank.,https://www.aderoscottsdale.com/ | https://www.aderoscottsdale.com/contact-us,Playwright,https://aderoscottsdale.com,https://www.aderoscottsdale.com/,
AllTrips - Grand Canyon Lodging,https://www.allgrandcanyonlodging.com/,Sedona,AZ,Unknown,racquetball,Indoor and outdoor,,,,,,,,,,,,,,allgrandcanyonlodging.com,Indoor and Outdoor,Both indoor and outdoor court language found on site. AZ location evidence: address. No decision maker found on public pages. No court count stated by a reliable source; left blank. Paid access signals present (membership/rental/program).,https://www.allgrandcanyonlodging.com/ | https://www.allgrandcanyonlodging.com/lodging/home_rentals.php,Playwright,https://allgrandcanyonlodging.com,https://www.allgrandcanyonlodging.com/,
Americano Sports,https://www.americanosports.com/,,AZ,Private Club,pickleball; tennis; volleyball; badminton; padel,Indoor and outdoor,,,,,,editor@americanosports.com,,,,,,,,americanosports.com,Indoor and Outdoor,Both indoor and outdoor court language found on site. AZ location evidence: mention. No decision maker found on public pages. No court count stated by a reliable source; left blank. Paid access signals present (membership/rental/program).,https://www.americanosports.com/ | https://www.americanosports.com/guides/best-paintball-in-oregon/ | https://www.americanosports.com/guides/best-paintball-in-maryland/ | https://www.americanosports.com/guides/best-running-in-ohio/ | https://www.americanosports.com/guides/best-shooting-in-north-carolina/ | https://www.americanosports.com/guides/best-tennis-in-pennsylvania/ | https://www.americanosports.com/guides/best-tennis-in-north-carolina/,Playwright,https://americanosports.com,https://www.americanosports.com/,
Arizona Athletic Grounds,https://azgrounds.com/,Mesa,AZ,Fieldhouse,pickleball; basketball; volleyball; futsal,Indoor and outdoor,50,"he-Art Sports Performance Center 24 multipurpose fields for soccer, lacrosse and football 50 indoor volleyball courts 41 pickleball courts 16 basketball courts 12 beach volleyball courts 8 baseball/softball",,,,,info@azgrounds.com,,,,,,,azgrounds.com,Indoor and Outdoor,Both indoor and outdoor court language found on site. AZ location evidence: address. No decision maker found on public pages. Paid access signals present (membership/rental/program).,https://azgrounds.com/ | https://azgrounds.com/sb_output.aspx?form=10 | https://azgrounds.com/sports/2024/12/5/facility-maps.aspx | https://azgrounds.com/sports/2024/11/21/about-arizona-athletic-grounds.aspx | https://azgrounds.com/sports/2024/11/21/property-rules.aspx | https://azgrounds.com/staff-directory,Playwright,https://azgrounds.com,https://azgrounds.com/,
Arizona Community College,https://www.yc.edu/,Prescott,AZ,College / University,tennis,Indoor and outdoor,,,Dr.,Rhine,President,,,dr@yc.edu,dr.rhine@yc.edu,drrhine@yc.edu,drhine@yc.edu,d.rhine@yc.edu,drr@yc.edu,yc.edu,Indoor and Outdoor,Both indoor and outdoor court language found on site. AZ location evidence: address. No court count stated by a reliable source; left blank. Paid access signals present (membership/rental/program). Guessed emails are UNVERIFIED pattern permutations - not published addresses.,https://www.yc.edu/ | https://www.yc.edu/v6/schools/auxillary/student-leadership/index.html | https://www.yc.edu/v6/facilities/housing/index.html | https://www.yc.edu/v6/directory/index.html | https://www.yc.edu/v6/ | https://www.yc.edu/v6/marketing/pages/profile/aspen.html | https://www.yc.edu/v6/about/index.html,Playwright,https://yc.edu,https://www.yc.edu/,
Arizona Golf Retirement Community in Sun City West,https://suncitywest.com/,Sun City West,AZ,School,pickleball; tennis; racquetball,Indoor and outdoor,4,"nis, pickleball, and more. Jul 30, 2026 · New post-tension slabs will be installed on all four courts, along with a new playing surface and nets. The project should have minimal impact on the",,,,,info@suncitywest.com,,,,,,,suncitywest.com,Indoor and Outdoor,Both indoor and outdoor court language found on site. AZ location evidence: address. No decision maker found on public pages. Paid access signals present (membership/rental/program).,https://suncitywest.com/ | https://suncitywest.com/membershipforms/ | https://suncitywest.com/membershipfaq/ | https://suncitywest.com/contactinfo/ | https://suncitywest.com/association/ | https://suncitywest.com/citizensacademy/ | https://suncitywest.com/beardsley-rec-center-facilities-to-be-closed-morning-of-aug-11-for-leak-repair/featured-posts/,Playwright,https://suncitywest.com,https://suncitywest.com/,
Arizona Region of USA Volleyball,https://www.azregionvolleyball.org/,Mesa,AZ,School,volleyball,Indoor and outdoor,,,,,,lisa@azregionvolleyball.org,office@azregionvolleyball.org,,,,,,,azregionvolleyball.org,Indoor and Outdoor,Both indoor and outdoor court language found on site. AZ location evidence: address. No decision maker found on public pages. No court count stated by a reliable source; left blank. Paid access signals present (membership/rental/program).,https://www.azregionvolleyball.org/ | https://www.azregionvolleyball.org/about | https://www.azregionvolleyball.org/join | https://www.azregionvolleyball.org/azregionprograms | https://www.azregionvolleyball.org/contact,Playwright,https://azregionvolleyball.org,https://www.azregionvolleyball.org/,
Arizona Tennis Courts,https://arizonatenniscourts.com/,Phoenix,AZ,Racquet / Tennis Club,pickleball; tennis,Indoor and outdoor,2,"quired Ahwatukee Community Swim & Tennis Center 4700 E Warner Rd, Phoenix, AZ, 85044, USA 2 Pickleball Courts (602) 704-0956 www.ahwatukeecommunitycenter.com Membership Required Washington Activity C",,,,,,,,,,,,arizonatenniscourts.com,Indoor and Outdoor,Both indoor and outdoor court language found on site. AZ location evidence: address. No decision maker found on public pages. Paid access signals present (membership/rental/program).,https://arizonatenniscourts.com/ | https://arizonatenniscourts.com/arizona-tennis-courts | https://arizonatenniscourts.com/az-tennis-court-locations | https://arizonatenniscourts.com/az-pickleball-locations,Playwright,https://arizonatenniscourts.com,https://arizonatenniscourts.com/,
AZ Spa Girls Arizona Spa Guide,https://www.arizonaspaguide.com/,Old Town Scottsdale,AZ,Unknown,tennis,Indoor and outdoor,,,,,,,,,,,,,,arizonaspaguide.com,Indoor and Outdoor,Both indoor and outdoor court language found on site. AZ location evidence: address. No decision maker found on public pages. No court count stated by a reliable source; left blank. Paid access signals present (membership/rental/program).,https://www.arizonaspaguide.com/,Playwright,https://arizonaspaguide.com,https://www.arizonaspaguide.com/,
Beginners Edge Sports Training,https://thebestinaz.com/,Scottsdale,AZ,School,pickleball; tennis; basketball; volleyball,Indoor and outdoor,,,,,,,,,,,,,,thebestinaz.com,Indoor and Outdoor,Both indoor and outdoor court language found on site. AZ location evidence: address. No decision maker found on public pages. No court count stated by a reliable source; left blank. Paid access signals present (membership/rental/program).,https://thebestinaz.com/ | https://thebestinaz.com/bestyouthsports/ | https://thebestinaz.com/3-d-model-of-facility/ | https://thebestinaz.com/contact-us/ | https://thebestinaz.com/team/ | https://thebestinaz.com/b-e-s-t-programs/ | https://thebestinaz.com/homeschool-pe/,Playwright,https://thebestinaz.com,https://thebestinaz.com/,
Best Pickleball Facilities,https://bestpickleballfacilities.com/,Scottsdale,AZ,Pickleball Club,pickleball,Indoor and outdoor,18,"courts have made a huge difference in the body, less pain on my joints and in my feet!!! 18 courts!!!!! no waiting The staff is super f… Stephen G. Defined Pickleball Leave a Review Pickle",,,,,,,,,,,,bestpickleballfacilities.com,Indoor and Outdoor,Both indoor and outdoor court language found on site. AZ location evidence: address. No decision maker found on public pages. Paid access signals present (membership/rental/program).,https://bestpickleballfacilities.com/ | https://bestpickleballfacilities.com/pricing-plan/ | https://bestpickleballfacilities.com/facilities/ | https://bestpickleballfacilities.com/pickleball-facilities-by-state/ | https://bestpickleballfacilities.com/facilities/category/coming-soon/ | https://bestpickleballfacilities.com/traveling-to-pickleball-facilities/ | https://bestpickleballfacilities.com/about/,Playwright,https://bestpickleballfacilities.com,https://bestpickleballfacilities.com/,
Boys & Girls Club of Flagstaff,https://bgcflag.org/,,AZ,School,basketball,Indoor and outdoor,,,Daniell,Albert,Director of Operations,,,daniell@bgcflag.org,daniell.albert@bgcflag.org,daniellalbert@bgcflag.org,dalbert@bgcflag.org,d.albert@bgcflag.org,daniella@bgcflag.org,bgcflag.org,Indoor and Outdoor,Both indoor and outdoor court language found on site. AZ location evidence: mention. No court count stated by a reliable source; left blank. Paid access signals present (membership/rental/program). Guessed emails are UNVERIFIED pattern permutations - not published addresses.,https://bgcflag.org/ | https://bgcflag.org/flagstaff-charity/ | https://bgcflag.org/flagstaff-youth/ | https://bgcflag.org/staff/ | https://bgcflag.org/after-school-programs/ | https://bgcflag.org/after-school-program/,Playwright,https://bgcflag.org,https://bgcflag.org/,
Bullhead City Arizona,https://www.bullheadcity.com/,Bullhead City,AZ,College / University,pickleball; tennis; basketball,Indoor and outdoor,2,"Z 86442. Read More · Back-to-School Free Open Swim Day ... 12 outdoor pickleball courts + 2 tennis courts; 3 snack bars & 9 restroom areas for convenience; Shade ramadas, riverfront gathering are",,,,,,,,,,,,bullheadcity.com,Indoor and Outdoor,Both indoor and outdoor court language found on site. AZ location evidence: address. No decision maker found on public pages. Paid access signals present (membership/rental/program).,https://www.bullheadcity.com/ | https://www.bullheadcity.com/about-us | https://www.bullheadcity.com/contact-us,Playwright,https://bullheadcity.com,https://www.bullheadcity.com/,
CampWay,https://gocampway.com/,Prescott,AZ,College / University,tennis; basketball; volleyball,Indoor and outdoor,7,eld: 140' x 215' field with soccer nets—ideal for sports or outdoor team building. Tennis Courts: Seven well-maintained courts available for play or instruction. Where to Connect Friendly Pines,,,,,info@gocampway.com,,,,,,,gocampway.com,Indoor and Outdoor,Both indoor and outdoor court language found on site. AZ location evidence: address. No decision maker found on public pages. Paid access signals present (membership/rental/program).,https://gocampway.com/ | https://gocampway.com/about-us/ | https://gocampway.com/programs-and-services/ | https://gocampway.com/venue-rentals/ | https://gocampway.com/contact-us/,Playwright,https://gocampway.com,https://gocampway.com/,
Canada to USA,https://www.canadatousa.com/,Is Florida,AZ,Unknown,pickleball; tennis,Indoor and outdoor,16,"amenities such as the ranch house, sports club, creative arts center, 18 hole golf club, 16 pickleball courts, 4 tennis courts, softball field, and more.",,,,,info@canadatousa.com,,,,,,,canadatousa.com,Indoor and Outdoor,Both indoor and outdoor court language found on site. AZ location evidence: address. No decision maker found on public pages. Paid access signals present (membership/rental/program).,https://www.canadatousa.com/ | https://www.canadatousa.com/about/locations/ | https://www.canadatousa.com/about/latest-news/ | https://www.canadatousa.com/membership/ | https://www.canadatousa.com/membership/member-benefits/ | https://www.canadatousa.com/about/ | https://www.canadatousa.com/about/the-canada-to-usa-story/,Playwright,https://canadatousa.com,https://www.canadatousa.com/,
ClassCub,https://classcub.com/,Phoenix,AZ,School,tennis,Indoor and outdoor,,,,,,,hello@classcub.com,,,,,,,classcub.com,Indoor and Outdoor,Both indoor and outdoor court language found on site. AZ location evidence: address. No decision maker found on public pages. No court count stated by a reliable source; left blank. Paid access signals present (membership/rental/program).,https://classcub.com/ | https://classcub.com/about | https://classcub.com/contact,Playwright,https://classcub.com,https://classcub.com/,
Community Rec,https://communityrecmag.com/,Scottsdale,AZ,YMCA / JCC,pickleball; basketball; volleyball,Indoor and outdoor,4,"e Month The Cottonwood Recreation Center | February Facility of the Month Feb 1, 2021 ... Four pickleball courts. · A full-sized competitive basketball court. · Two smaller competitive basketball courts",RICO,FRANCIS,President,,info@communityrecmag.com,rico@communityrecmag.com,rico.francis@communityrecmag.com,ricofrancis@communityrecmag.com,rfrancis@communityrecmag.com,r.francis@communityrecmag.com,ricof@communityrecmag.com,communityrecmag.com,Indoor and Outdoor,Both indoor and outdoor court language found on site. AZ location evidence: address. Paid access signals present (membership/rental/program). Guessed emails are UNVERIFIED pattern permutations - not published addresses.,https://communityrecmag.com/ | https://communityrecmag.com/contact/ | https://communityrecmag.com/category/facility-development/ | https://communityrecmag.com/category/programming/ | https://communityrecmag.com/category/operations-facilities/ | https://communityrecmag.com/category/operations-facilities/marketing-sales/ | https://communityrecmag.com/meet-the-2026-community-rec-leadership-summit-sponsors/,Playwright,https://communityrecmag.com,https://communityrecmag.com/,
Daisy Dink,https://daisydink.com/,Tucson,AZ,Indoor Sports Complex,pickleball; tennis; basketball,Indoor and outdoor,12,"→ ★ 4.6 Outdoor 11th Avenue Park Salt Lake City, UT · 1 ct · Public Details → ★ 5 Outdoor 12 Pickleball Courts Columbus, OH · 1 ct · Public Details → ★ 4.6 Indoor 125 LIVE Rochester, MN · 1 ct · Semi-",,,,,support@daisydink.com,,,,,,,daisydink.com,Indoor and Outdoor,Both indoor and outdoor court language found on site. AZ location evidence: address. No decision maker found on public pages. Paid access signals present (membership/rental/program).,https://daisydink.com/ | https://daisydink.com/courts | https://daisydink.com/about-us | https://daisydink.com/contactus | https://daisydink.com/beta-testers | https://daisydink.com/contact,Playwright,https://daisydink.com,https://daisydink.com/,
DECA Inc.,https://www.deca.org/,,AZ,College / University,tennis,Indoor and outdoor,,,,,,,info@deca.org,,,,,,,deca.org,Indoor and Outdoor,Both indoor and outdoor court language found on site. AZ location evidence: mention. No decision maker found on public pages. No court count stated by a reliable source; left blank. Paid access signals present (membership/rental/program).,https://www.deca.org/ | https://www.deca.org/associations | https://www.deca.org/staff | https://www.deca.org/hs | https://www.deca.org/emergingleaders | https://www.deca.org/collegiate | https://www.deca.org/collegepassport,Playwright,https://deca.org,https://www.deca.org/,
"Dink & Dine Pickle Park | Pickleball Court in Mesa, AZ",https://www.dinkanddine.com/,Mesa,AZ,Pickleball Club,pickleball,Indoor and outdoor,1,icing is not per person. LARGER GROUPS A $20 surcharge applies when 6 or more players use one court. GUEST PASS Guest pass rentals are $40/court/hour outdoors and $50/court/hour indoors. BE,,,,,,,,,,,,dinkanddine.com,Indoor and Outdoor,Both indoor and outdoor court language found on site. AZ location evidence: address. No decision maker found on public pages. Paid access signals present (membership/rental/program).,https://www.dinkanddine.com/ | https://www.dinkanddine.com/book-a-pickleball-court/ | https://www.dinkanddine.com/programs-and-coaching/ | https://www.dinkanddine.com/membership/ | https://www.dinkanddine.com/about/ | https://www.dinkanddine.com/location/dink-and-dine-pickle-park/ | https://app.courtreserve.com/Online/Account/LogIn/12401?returnUrl=%2fOnline%2fMemberships%2fIndex%2f12401,Playwright,https://dinkanddine.com,https://www.dinkanddine.com/,
Discover Flagstaff,https://www.flagstaffarizona.org/,Flagstaff,AZ,Unknown,tennis; basketball; volleyball; racquetball,Indoor and outdoor,,,,,,,,,,,,,,flagstaffarizona.org,Indoor and Outdoor,Both indoor and outdoor court language found on site. AZ location evidence: address. No decision maker found on public pages. No court count stated by a reliable source; left blank. Paid access signals present (membership/rental/program).,https://www.flagstaffarizona.org/ | https://www.flagstaffarizona.org/plan-your-trip/pet-friendly-flagstaff/patios/ | https://www.flagstaffarizona.org/plan-your-trip/about-flagstaff/ | https://www.flagstaffarizona.org/plan-your-trip/pet-friendly-flagstaff/ | https://www.flagstaffarizona.org/plan-your-trip/visitor-center/ | https://www.flagstaffarizona.org/plan-your-trip/girls-getaway-flagstaff/,Playwright,https://flagstaffarizona.org,https://www.flagstaffarizona.org/,
East Valley Juniors Volleyball Club,https://www.evjvolleyball.com/,Phoenix,AZ,College / University,volleyball,Indoor and outdoor,,,Jen,Leo,Club Director,,info@evjvolleyball.com,jen@evjvolleyball.com,jen.leo@evjvolleyball.com,jenleo@evjvolleyball.com,jleo@evjvolleyball.com,j.leo@evjvolleyball.com,jenl@evjvolleyball.com,evjvolleyball.com,Indoor and Outdoor,Both indoor and outdoor court language found on site. AZ location evidence: address. No court count stated by a reliable source; left blank. Paid access signals present (membership/rental/program). Guessed emails are UNVERIFIED pattern permutations - not published addresses.,https://www.evjvolleyball.com/ | https://www.evjvolleyball.com/about-evj | https://www.evjvolleyball.com/contact-facilities | https://www.evjvolleyball.com/join-our-staff,Playwright,https://evjvolleyball.com,https://www.evjvolleyball.com/,
Eastern Arizona College,https://eac.edu/,Thatcher,AZ,College / University,tennis; basketball; volleyball; racquetball,Indoor and outdoor,,,,,,,,,,,,,,eac.edu,Indoor and Outdoor,Both indoor and outdoor court language found on site. AZ location evidence: address. No decision maker found on public pages. No court count stated by a reliable source; left blank. Paid access signals present (membership/rental/program).,https://eac.edu/ | https://eac.edu/about/ | https://eac.edu/academics/programs/ | https://eac.edu/academics/programs/administration-of-justice/ | https://eac.edu/academics/programs/advanced-manufacturing/ | https://eac.edu/academics/programs/health-sciences/ | https://eac.edu/academics/programs/art/,Playwright,https://eac.edu,https://eac.edu/,
Enchantment Resort,https://www.enchantmentresort.com/,Sedona,AZ,Unknown,pickleball; tennis,Indoor and outdoor,,,,,,,,,,,,,,enchantmentresort.com,Indoor and Outdoor,Both indoor and outdoor court language found on site. AZ location evidence: address. No decision maker found on public pages. No court count stated by a reliable source; left blank. Paid access signals present (membership/rental/program).,https://www.enchantmentresort.com/ | https://www.enchantmentresort.com/sedona-accommodation/canyon-vista-rental-home/ | https://www.enchantmentresort.com/contact/ | https://www.enchantmentresort.com/pet-friendly-program/ | https://www.enchantmentresort.com/trail-house/meet-the-guides-biking/,Playwright,https://enchantmentresort.com,https://www.enchantmentresort.com/,
Espire Sports,https://espiresports.com/,Prescott,AZ,Health Club,pickleball; basketball,Indoor and outdoor,14,"cilityrentals - Espire Sports Pickleball all day everyday Play Pickleball year round with 14 indoor courts and 5 outdoor courts. Whether you come for open play, a clinic, an event, or just to hang",,,,events@espiresports.com,admin@espiresports.com,,,,,,,espiresports.com,Indoor and Outdoor,Both indoor and outdoor court language found on site. AZ location evidence: address. No decision maker found on public pages. Paid access signals present (membership/rental/program).,https://espiresports.com/ | https://espiresports.com/membership/ | https://espiresports.com/facilityrentals/ | https://espiresports.com/contact/,Playwright,https://espiresports.com,https://espiresports.com/,
Expect Better,https://bloomtreerealty.com/,Prescott,AZ,Unknown,pickleball; basketball; volleyball; badminton,Indoor and outdoor,,,Nick,Malouff,Owner,,,nick@bloomtreerealty.com,nick.malouff@bloomtreerealty.com,nickmalouff@bloomtreerealty.com,nmalouff@bloomtreerealty.com,n.malouff@bloomtreerealty.com,nickm@bloomtreerealty.com,bloomtreerealty.com,Indoor and Outdoor,Both indoor and outdoor court language found on site. AZ location evidence: address. No court count stated by a reliable source; left blank. Paid access signals present (membership/rental/program). Guessed emails are UNVERIFIED pattern permutations - not published addresses.,https://bloomtreerealty.com/ | https://bloomtreerealty.com/about-us | https://bloomtreerealty.com/our-leadership | https://bloomtreerealty.com/directory | https://bloomtreerealty.com/contact-me | https://bloomtreerealty.com/careers,Playwright,https://bloomtreerealty.com,https://bloomtreerealty.com/,
Experience Casa Grande,https://experiencecasagrande.com/,Casa Grande,AZ,Unknown,pickleball; tennis; basketball; volleyball,Indoor and outdoor,4,"sa Grande Community Recreation Center - Experience Casa Grande Initially, there were only four tennis courts, but with growing interest in Pickleball, one of the courts was converted into a dedicate",,,,,info@casagrandechamber.org,,,,,,,casagrandechamber.org,Indoor and Outdoor,Both indoor and outdoor court language found on site. AZ location evidence: address. No decision maker found on public pages. Paid access signals present (membership/rental/program).,https://experiencecasagrande.com/ | https://experiencecasagrande.com/about-casa-grande/ | https://experiencecasagrande.com/contact/ | https://experiencecasagrande.com/about/ | https://experiencecasagrande.com/tourism-sponsorship-program/,Playwright,https://experiencecasagrande.com,https://experiencecasagrande.com/,
Find Batting Cages,https://www.findbattingcages.com/,,AZ,Unknown,pickleball; volleyball,Indoor and outdoor,,,,,,,,,,,,,,findbattingcages.com,Indoor and Outdoor,Both indoor and outdoor court language found on site. AZ location evidence: mention. No decision maker found on public pages. No court count stated by a reliable source; left blank. Paid access signals present (membership/rental/program).,https://www.findbattingcages.com/ | https://www.findbattingcages.com/about-us/ | https://www.findbattingcages.com/contact-us/ | https://www.findbattingcages.com/usa/,Playwright,https://findbattingcages.com,https://www.findbattingcages.com/,
Find My Pickleball,https://findmypickleball.com/,,AZ,Pickleball Club,pickleball; tennis; padel,Indoor and outdoor,10,"0-8177 Chicago, Illinois Indoor Courts Boston Pickle Club Norwell MA Boston Pickle Club – 10 Indoor Pickleball Courts in Norwell, MA 781-347-3231 Massachusetts, Norwell, South Shore Indoor Courts (2 Reviews)",,,,,info@findmypickleball.com,,,,,,,findmypickleball.com,Indoor and Outdoor,Both indoor and outdoor court language found on site. AZ location evidence: mention. No decision maker found on public pages. Paid access signals present (membership/rental/program).,https://findmypickleball.com/ | https://findmypickleball.com/courts/ | https://findmypickleball.com/pickleball-by-state/ | https://findmypickleball.com/listing-category/indoor-courts/ | https://findmypickleball.com/contact-us/ | https://findmypickleball.com/submit-new-pickleball-court/,Playwright,https://findmypickleball.com,https://findmypickleball.com/,
Find Padel Courts Near Me,https://www.padelmapusa.com/,Tucson,AZ,Private Club,pickleball; tennis; badminton; squash; padel,Indoor and outdoor,142,"Find Courts About Padel Blog Learn List Your Court Home / Courts All Padel Courts Browse 142 padel courts across the United States P1 Padel Las Vegas Las Vegas, Nevada 5.0 (165) PadelScout Score:",,,,,info@padelmapusa.com,,,,,,,padelmapusa.com,Indoor and Outdoor,Both indoor and outdoor court language found on site. AZ location evidence: address. No decision maker found on public pages. Paid access signals present (membership/rental/program).,https://www.padelmapusa.com/ | https://www.padelmapusa.com/courts | https://www.padelmapusa.com/about-padel-sport | https://www.padelmapusa.com/list-your-court | https://www.padelmapusa.com/courts/pulse-padel-hub-north-miami | https://www.padelmapusa.com/city/miami-fl | https://www.padelmapusa.com/courts/cube-padel-houston,Playwright,https://padelmapusa.com,https://www.padelmapusa.com/,
Find Pickleball Courts Near You,https://picklmap.com/,Phoenix,AZ,Pickleball Club,pickleball; tennis,Indoor and outdoor,10,"listed FAQ How many pickleball courts and venues are listed in Austin? We currently list 10 pickleball court locations in Austin, Texas, United States. Are there indoor pickleball courts in Austin?",,,,,,,,,,,,picklmap.com,Indoor and Outdoor,Both indoor and outdoor court language found on site. AZ location evidence: address. No decision maker found on public pages. Paid access signals present (membership/rental/program).,https://picklmap.com/ | https://picklmap.com/courts | https://picklmap.com/suggest | https://picklmap.com/claim | https://picklmap.com/courts/us/texas/austin | https://picklmap.com/courts/us/california/san-diego | https://picklmap.com/courts/us/arizona/phoenix,Playwright,https://picklmap.com,https://picklmap.com/,
Frasure Reps Sports Lighting,https://frasurereps.com/,Buckeye,AZ,Pickleball Club,pickleball; tennis; basketball; volleyball; squash; racquetball,Indoor and outdoor,,,,,,,,,,,,,,frasurereps.com,Indoor and Outdoor,Both indoor and outdoor court language found on site. AZ location evidence: address. No decision maker found on public pages. No court count stated by a reliable source; left blank. Paid access signals present (membership/rental/program).,https://frasurereps.com/ | https://frasurereps.com/about/ | https://frasurereps.com/contact/ | https://frasurereps.com/outdoor-court-lighting/ | https://frasurereps.com/pickleball-court-lighting/ | https://frasurereps.com/indoor-court-lighting/,Playwright,https://frasurereps.com,https://frasurereps.com/,
Ft. Huachuca,https://huachuca.armymwr.com/,Fort Huachuca,AZ,Fieldhouse,basketball; volleyball,Indoor and outdoor,,,,,,,,,,,,,,huachuca.armymwr.com,Indoor and Outdoor,Both indoor and outdoor court language found on site. AZ location evidence: address. No decision maker found on public pages. No court count stated by a reliable source; left blank. Paid access signals present (membership/rental/program).,https://huachuca.armymwr.com/ | https://huachuca.armymwr.com/directory | https://huachuca.armymwr.com/programs/child-development-center-cdc | https://huachuca.armymwr.com/programs/civilian-employment-assignment-tool-ceat | https://huachuca.armymwr.com/programs/automotive-skills | https://huachuca.armymwr.com/programs/home-based-business | https://huachuca.armymwr.com/programs/arts-and-crafts,Playwright,https://huachuca.armymwr.com,https://huachuca.armymwr.com/,
Futsal - Coerver Arizona,https://www.coerverarizona.com/,Glendale,AZ,Unknown,futsal,Indoor and outdoor,,,,,,,,,,,,,,coerverarizona.com,Indoor and Outdoor,Both indoor and outdoor court language found on site. AZ location evidence: address. No decision maker found on public pages. No court count stated by a reliable source; left blank. Paid access signals present (membership/rental/program).,https://www.coerverarizona.com/ | https://www.coerverarizona.com/Default.aspx,Playwright,https://coerverarizona.com,https://www.coerverarizona.com/,
Gray Line Bus Rentals,https://graylinearizona.com/,Scottsdale,AZ,School,basketball,Indoor and outdoor,,,,,,,info@graylinearizona.com,,,,,,,graylinearizona.com,Indoor and Outdoor,Both indoor and outdoor court language found on site. AZ location evidence: address. No decision maker found on public pages. No court count stated by a reliable source; left blank. Paid access signals present (membership/rental/program).,https://graylinearizona.com/ | https://graylinearizona.com/about-us | https://graylinearizona.com/charter-services | https://graylinearizona.com/athletic-bus-rentals-arizona | https://graylinearizona.com/charter-bus-rentals-for-school-trips-arizona | https://graylinearizona.com/college-university-bus-rentals-az,Playwright,https://graylinearizona.com,https://graylinearizona.com/,
Green Valley Homes,https://greenvalleyhomes.com/,Green Valley,AZ,Unknown,pickleball; tennis,Indoor and outdoor,,,,,,russ@greenvalleyhomes.com,,,,,,,,greenvalleyhomes.com,Indoor and Outdoor,Both indoor and outdoor court language found on site. AZ location evidence: address. No decision maker found on public pages. No court count stated by a reliable source; left blank. Paid access signals present (membership/rental/program).,https://greenvalleyhomes.com/ | https://greenvalleyhomes.com/about/ | https://greenvalleyhomes.com/contact/ | https://greenvalleyhomes.com/about/privacy/,Playwright,https://greenvalleyhomes.com,https://greenvalleyhomes.com/,
Green Valley Recreation,https://www.gvrec.org/,Green Valley,AZ,Unknown,pickleball; tennis; basketball; volleyball; badminton; racquetball,Indoor and outdoor,6,"y, dances, events Leisure education Almost 50 clubs Ten well-appointed hobby shops Thirty-six pickleball courts Seventeen tennis courts Day trips Horseshoes and shuffleboard Bocce, kubb, and cornhole T",,,,,,,,,,,,gvrec.org,Indoor and Outdoor,Both indoor and outdoor court language found on site. AZ location evidence: address. No decision maker found on public pages. Paid access signals present (membership/rental/program).,https://www.gvrec.org/ | https://www.gvrec.org/about/ | https://www.gvrec.org/2026/06/19/upcoming-facilities-closures/ | https://www.gvrec.org/members-tenants-guests/why-choose-gvr/ | https://www.gvrec.org/about/job-openings/,Playwright,https://gvrec.org,https://www.gvrec.org/,
Hague Luxury Network,https://hagueluxurynetwork.com/,Scottsdale,AZ,Unknown,pickleball; tennis; racquetball; padel,Indoor and outdoor,9,"stinations for racquet sports. Nestled at the base of Camelback Mountain, the club offers nine tennis courts—including a mix of hard and clay surfaces—alongside eight new pickleball courts and a ded",,,,,info@hagueluxurynetwork.com,,,,,,,hagueluxurynetwork.com,Indoor and Outdoor,Both indoor and outdoor court language found on site. AZ location evidence: address. No decision maker found on public pages. Paid access signals present (membership/rental/program).,https://hagueluxurynetwork.com/ | https://hagueluxurynetwork.com/flagstaff-homes-for-sale | https://hagueluxurynetwork.com/contact | https://hagueluxurynetwork.com/team | https://hagueluxurynetwork.com/blog/flagstaff-aframe-cabins-lifestyle-retreats-and-portfolio-pieces-for-arizona-luxury-buyers | https://hagueluxurynetwork.com/blog/invisible-seller-program-how-luxury-homes-sell-privately-in-paradise-valley | https://hagueluxurynetwork.com/blog/game-set-match-paradise-valleys-best-courts-for-tennis-and-pickleball,Playwright,https://hagueluxurynetwork.com,https://hagueluxurynetwork.com/,
HAQ Pickle Pickleball,https://haqpickle.com/,,AZ,Pickleball Club,pickleball,Indoor and outdoor,17,1 ★★★★★ Rated 4.4 out of 5 (10908) Website View Court Find courts in your state Alabama | 17 courts Alaska | 4 courts Arizona | 255 courts California | 1108 courts Colorado | 131 courts Con,,,,,,,,,,,,haqpickle.com,Indoor and Outdoor,Both indoor and outdoor court language found on site. AZ location evidence: mention. No decision maker found on public pages. Paid access signals present (membership/rental/program).,https://haqpickle.com/ | https://haqpickle.com/contact-us/ | https://haqpickle.com/courts/,Playwright,https://haqpickle.com,https://haqpickle.com/,
Havasu Lux Stays,https://www.havasuluxstays.com/,Lake Havasu City,AZ,Pickleball Club,pickleball; basketball; volleyball,Indoor and outdoor,,,,,,,,,,,,,,havasuluxstays.com,Indoor and Outdoor,Both indoor and outdoor court language found on site. AZ location evidence: address. No decision maker found on public pages. No court count stated by a reliable source; left blank. Paid access signals present (membership/rental/program).,https://www.havasuluxstays.com/ | https://www.havasuluxstays.com/lake-havasu-vacation-rentals | https://www.havasuluxstays.com/lake-havasu-property-management | https://www.havasuluxstays.com/about | https://www.havasuluxstays.com/contact,Playwright,https://havasuluxstays.com,https://www.havasuluxstays.com/,
Hipcamp,https://www.hipcamp.com/en-US,Flagstaff,AZ,Unknown,pickleball; basketball; volleyball,Indoor and outdoor,,,Rand,Wentworth,President,,hello@hipcamp.com,rand@hipcamp.com,rand.wentworth@hipcamp.com,randwentworth@hipcamp.com,rwentworth@hipcamp.com,r.wentworth@hipcamp.com,randw@hipcamp.com,hipcamp.com,Indoor and Outdoor,Both indoor and outdoor court language found on site. AZ location evidence: address. No court count stated by a reliable source; left blank. Paid access signals present (membership/rental/program). Guessed emails are UNVERIFIED pattern permutations - not published addresses.,https://www.hipcamp.com/en-US | https://www.hipcamp.com/en-US/cabin-rentals-near-me | https://www.hipcamp.com/en-US/p/united-states/california/national-forest/lake-tahoe-basin/all | https://www.hipcamp.com/en-US/p/united-states/utah/bureau-of-land-management/moab-field-office/all | https://www.hipcamp.com/en-US/d/united-states/arizona/flagstaff/camping/all | https://www.hipcamp.com/en-US/about,Playwright,https://hipcamp.com,https://www.hipcamp.com/en-US,
https://carlayoung.com,https://carlayoung.com/,Sun City,AZ,Unknown,tennis,Indoor and outdoor,,,,,,carla@carlayoung.com,,,,,,,,carlayoung.com,Indoor and Outdoor,Both indoor and outdoor court language found on site. AZ location evidence: address. No decision maker found on public pages. No court count stated by a reliable source; left blank.,https://carlayoung.com/ | https://carlayoung.com/featured-neighborhoods/ | https://carlayoung.com/contact,Playwright,https://carlayoung.com,https://carlayoung.com/,
https://www.azfamily.com,https://www.azfamily.com/,Phoenix,AZ,College / University,basketball,Indoor and outdoor,,,,,,,,,,,,,,azfamily.com,Indoor and Outdoor,Both indoor and outdoor court language found on site. AZ location evidence: address. No decision maker found on public pages. No court count stated by a reliable source; left blank. Paid access signals present (membership/rental/program).,https://www.azfamily.com/ | https://www.azfamily.com/programming/your-life-arizona/ | https://www.azfamily.com/programming/good-morning-arizona/field-trip-friday/ | https://www.azfamily.com/about-us/contact-us/ | https://www.azfamily.com/page/contact-on-your-side/ | https://www.azfamily.com/page/contact-arizonas-family-investigates/ | https://www.azfamily.com/programming/sports-network/,Playwright,https://azfamily.com,https://www.azfamily.com/,
Indoor Pickleball Courts Near Me,https://picklecourtnearme.com/,Phoenix,AZ,Pickleball Club,pickleball,Indoor and outdoor,3,ro Shop Equipment Rental Lessons Available Tournament Play Parking COURT COUNT Any Size 1-3 Courts 4-6 Courts 7+ Courts Clear All Indoor Pickleball Courts Near Me Find local indoor pickleb,,,,,,,,,,,,picklecourtnearme.com,Indoor and Outdoor,Both indoor and outdoor court language found on site. AZ location evidence: address. No decision maker found on public pages. Paid access signals present (membership/rental/program).,https://picklecourtnearme.com/ | https://picklecourtnearme.com/index.html | https://picklecourtnearme.com/about.html,Playwright,https://picklecourtnearme.com,https://picklecourtnearme.com/,
Indoor Pickleball Venues,https://indoorpickleballvenues.com/,Scottsdale,AZ,Pickleball Club,pickleball,Indoor and outdoor,9,"oss the country Pickleland - Indoor Pickleball Courts in Pflugerville Pflugerville, Texas 9 Indoor Courts Dedicated Facility A/C Leagues Lessons Pro Shop Drop-in: $5-$20/session (guests)Membershi",,,,,,,,,,,,indoorpickleballvenues.com,Indoor and Outdoor,Both indoor and outdoor court language found on site. AZ location evidence: address. No decision maker found on public pages. Paid access signals present (membership/rental/program).,https://indoorpickleballvenues.com/ | https://indoorpickleballvenues.com/us/texas/pflugerville/pickleland-indoor-pickleball-courts-in-pflugerville | https://indoorpickleballvenues.com/us/colorado/thornton/the-picklr-thornton | https://indoorpickleballvenues.com/us/arizona/scottsdale/the-orchard-indoor-pickleball-courts | https://indoorpickleballvenues.com/us/texas/katy/pickleball-village | https://indoorpickleballvenues.com/us/illinois/chicago/pickleball-clubhouse | https://indoorpickleballvenues.com/us/texas/denton/the-picklr-denton,Playwright,https://indoorpickleballvenues.com,https://indoorpickleballvenues.com/,
Inflatable Party Rentals,https://www.arizonabouncearound.com/,Phoenix,AZ,Private Club,basketball,Indoor and outdoor,,,,,,,,,,,,,,arizonabouncearound.com,Indoor and Outdoor,Both indoor and outdoor court language found on site. AZ location evidence: address. No decision maker found on public pages. No court count stated by a reliable source; left blank. Paid access signals present (membership/rental/program).,https://www.arizonabouncearound.com/ | https://www.arizonabouncearound.com/phoenix-contact-us.html | https://www.arizonabouncearound.com/laser-tag-inflatable-maze-rentals.html | https://www.arizonabouncearound.com/holiday-parties-and-holiday-equipment-rentals.html | https://www.arizonabouncearound.com/carnival-game-rental.html | https://www.arizonabouncearound.com/tent-rental.html | https://www.arizonabouncearound.com/event-staff-security-planning.html,Playwright,https://arizonabouncearound.com,https://www.arizonabouncearound.com/,
InfoArizona.com,https://infoarizona.com/,Phoenix,AZ,Unknown,basketball; badminton,Indoor and outdoor,,,,,,,,,,,,,,infoarizona.com,Indoor and Outdoor,Both indoor and outdoor court language found on site. AZ location evidence: address. No decision maker found on public pages. No court count stated by a reliable source; left blank. Paid access signals present (membership/rental/program).,https://infoarizona.com/ | https://infoarizona.com/business-mentorship-programs/ | https://infoarizona.com/major-high-school-sports-programs/ | https://infoarizona.com/flagstaffs-role-in-native-american-culture-and-history/ | https://infoarizona.com/legoland-discovery-center/ | https://infoarizona.com/contact/,Playwright,https://infoarizona.com,https://infoarizona.com/,
Inspire Courts,https://www.inspirecourts.com/,Gilbert,AZ,School,pickleball; basketball; volleyball; futsal,Indoor and outdoor,7,"T A TOURNAMENT LOGIN INSPIRE COURTS AZ ARIZONA'S PREMIER BASKETBALL & VOLLEYBALL FACILITY 7 courts. 52,000 sq ft. Basketball & volleyball. Built for competitors. NEXT TOURNAMENT Registrati",,,,inspirecourts@gmail.com,,,,,,,,inspirecourts.com,Indoor and Outdoor,Both indoor and outdoor court language found on site. AZ location evidence: address. No decision maker found on public pages. Paid access signals present (membership/rental/program).,https://www.inspirecourts.com/ | https://www.inspirecourts.com/facility | https://www.inspirecourts.com/about | https://www.inspirecourts.com/contact | https://www.inspirecourts.com/inquire/court-rental | https://www.inspirecourts.com/book,Playwright,https://inspirecourts.com,https://www.inspirecourts.com/,
Instant Pickleball,https://instantpickleball.com/,,AZ,Pickleball Club,pickleball; tennis; volleyball; squash,Indoor and outdoor,,,,,,,,,,,,,,instantpickleball.com,Indoor and Outdoor,Both indoor and outdoor court language found on site. AZ location evidence: mention. No decision maker found on public pages. No court count stated by a reliable source; left blank.,https://instantpickleball.com/ | https://instantpickleball.com/pickleball/what-are-the-best-court-shoes-for-pickleball | https://instantpickleball.com/about/ | https://instantpickleball.com/contact/,Playwright,https://instantpickleball.com,https://instantpickleball.com/,
Iron Courts,https://ironcourts.com/,Gilbert,AZ,College / University,pickleball; basketball; volleyball,Indoor and outdoor,6,"ow with real coaches, real games, and real Saturday memories. 3rd through 8th Grade. With six basketball courts, five volleyball courts, a comprehensive sports medicine and recovery center, and an elit",,,,basketball@ironcourts.com,hello@ironcourts.com,,,,,,,ironcourts.com,Indoor and Outdoor,Both indoor and outdoor court language found on site. AZ location evidence: address. No decision maker found on public pages. Paid access signals present (membership/rental/program).,https://ironcourts.com/ | https://ironcourts.com/pricing/ | https://ironcourts.com/contact/ | https://ironcourts.com/weight-loss-program-in-gilbert-arizona/ | https://ironcourts.com/facility/staff/ | https://ironcourts.com/wp-content/uploads/2026/06/Iron-Courts-Website-Loop.mp4 | https://ironcourts.com/basketball/,Playwright,https://ironcourts.com,https://ironcourts.com/,
James Family Prescott YMCA home page,https://prescottymca.org/,Prescott,AZ,YMCA / JCC,basketball; volleyball,Indoor and outdoor,,,,,,,info@prescottymca.org,,,,,,,prescottymca.org,Indoor and Outdoor,Both indoor and outdoor court language found on site. AZ location evidence: address. No decision maker found on public pages. No court count stated by a reliable source; left blank. Paid access signals present (membership/rental/program).,https://prescottymca.org/ | https://prescottymca.org/contact,Playwright,https://prescottymca.org,https://prescottymca.org/,
Jasper,https://jasperaz.com/,Prescott Valley,AZ,Private Club,pickleball; tennis,Indoor and outdoor,5,lay pool The Cove 3-lane lap pool (Jasper residents only) Hot tub (Jasper residents only) 5 pickleball courts Tennis court 2 bocce ball courts Pool table Shuffleboard Multi-purpose rooms for lounging,,,,,,,,,,,,jasperaz.com,Indoor and Outdoor,Both indoor and outdoor court language found on site. AZ location evidence: address. No decision maker found on public pages. Paid access signals present (membership/rental/program).,https://jasperaz.com/ | https://jasperaz.com/jclub/ | https://jasperaz.com/visit-us/,Playwright,https://jasperaz.com,https://jasperaz.com/,
"KTR Franchise Holdings, LLC.",https://www.ktr-centers.com/,Mesa,AZ,Unknown,basketball; volleyball,Indoor and outdoor,,,,,,,info@ktr-centers.com,,,,,,,ktr-centers.com,Indoor and Outdoor,Both indoor and outdoor court language found on site. AZ location evidence: address. No decision maker found on public pages. No court count stated by a reliable source; left blank. Paid access signals present (membership/rental/program).,https://www.ktr-centers.com/ | https://www.ktr-centers.com/birthday-parties | https://www.ktr-centers.com/events | https://www.ktr-centers.com/play-and-pricing | https://www.ktr-centers.com/about | https://www.ktr-centers.com/contact,Playwright,https://ktr-centers.com,https://www.ktr-centers.com/,
Lake Havasu City,https://www.golakehavasu.com/,Lake Havasu City,AZ,Unknown,pickleball; tennis; volleyball,Indoor and outdoor,,,,,,,info@golakehavasu.com,,,,,,,golakehavasu.com,Indoor and Outdoor,Both indoor and outdoor court language found on site. AZ location evidence: address. No decision maker found on public pages. No court count stated by a reliable source; left blank. Paid access signals present (membership/rental/program).,https://www.golakehavasu.com/ | https://www.golakehavasu.com/things-to-do/boating/boat-rental-with-captain/ | https://www.golakehavasu.com/about-the-bureau/ | https://www.golakehavasu.com/contact/ | https://www.golakehavasu.com/things-to-do/recreational-rentals/ | https://www.golakehavasu.com/lodging/vacation-rentals-condos/ | https://www.golakehavasu.com/plan/about-us/,Playwright,https://golakehavasu.com,https://www.golakehavasu.com/,
Latitude 8,https://l8vacationrentals.com/,Scottsdale,AZ,Unknown,pickleball; volleyball,Indoor and outdoor,3,"oat lagoon, 2 miniature golf courses, 18-hole professional putting course, batting cages, 3 volleyball courts, arcade, and restaurant. Contact Info 16001 N. Scottsdale Rd., Scottsdale, AZ 85254 480-9",Telluride,Management,Owner,,,telluride@l8vacationrentals.com,telluride.management@l8vacationrentals.com,telluridemanagement@l8vacationrentals.com,tmanagement@l8vacationrentals.com,t.management@l8vacationrentals.com,telluridem@l8vacationrentals.com,l8vacationrentals.com,Indoor and Outdoor,Both indoor and outdoor court language found on site. AZ location evidence: address. Paid access signals present (membership/rental/program). Guessed emails are UNVERIFIED pattern permutations - not published addresses.,https://l8vacationrentals.com/ | https://l8vacationrentals.com/vacation-rentals/ | https://l8vacationrentals.com/locations/flagstaff/ | https://l8vacationrentals.com/about-arizona/ | https://l8vacationrentals.com/about-arizona/things-to-do/ | https://l8vacationrentals.com/about-arizona/valley-map/,Playwright,https://l8vacationrentals.com,https://l8vacationrentals.com/,
Living Life Youth Wellness,https://livinglifeyouthwellness.com/,,AZ,College / University,basketball,Indoor and outdoor,,,,,,,,,,,,,,livinglifeyouthwellness.com,Indoor and Outdoor,Both indoor and outdoor court language found on site. AZ location evidence: mention. No decision maker found on public pages. No court count stated by a reliable source; left blank. Paid access signals present (membership/rental/program).,https://livinglifeyouthwellness.com/ | https://livinglifeyouthwellness.com/about/ | https://livinglifeyouthwellness.com/contact/ | https://livinglifeyouthwellness.com/programs/,Playwright,https://livinglifeyouthwellness.com,https://livinglifeyouthwellness.com/,
Loc8NearMe,https://www.loc8nearme.com/,,AZ,Unknown,tennis,Indoor and outdoor,,,,,,press@loc8nearme.com,support@loc8nearme.com,,,,,,,loc8nearme.com,Indoor and Outdoor,Both indoor and outdoor court language found on site. AZ location evidence: mention. No decision maker found on public pages. No court count stated by a reliable source; left blank. Paid access signals present (membership/rental/program).,https://www.loc8nearme.com/ | https://www.loc8nearme.com/contact.html | https://www.loc8nearme.com/vermont/randolph/pumptech-waste-water-management/9981608/ | https://www.loc8nearme.com/about.html,Playwright,https://loc8nearme.com,https://www.loc8nearme.com/,
Local Pickleball Courts,https://www.localpickleballcourts.com/,Casa Grande,AZ,Pickleball Club,pickleball,Indoor and outdoor,8,"n, Arizona. 4 courts with Hard surface. Featuring lighted, free public, hard courts. Find 8 pickleball courts in Casa Grande, Arizona. Discover local facilities with detailed court information, ameni",,,,,,,,,,,,localpickleballcourts.com,Indoor and Outdoor,Both indoor and outdoor court language found on site. AZ location evidence: address. No decision maker found on public pages. Paid access signals present (membership/rental/program).,https://www.localpickleballcourts.com/ | https://www.localpickleballcourts.com/states | https://www.localpickleballcourts.com/find-courts | https://www.localpickleballcourts.com/about | https://www.localpickleballcourts.com/florida/naples/east-naples-community-park | https://www.localpickleballcourts.com/arizona/casa-grande/palm-creek-golf-rv,Playwright,https://localpickleballcourts.com,https://www.localpickleballcourts.com/,
Luxury Resort in Phoenix,https://www.arizonabiltmore.com/,Phoenix,AZ,Unknown,pickleball; tennis,Indoor and outdoor,4,n at the state-of-the-art Har-Tru clay tennis courts. Members receive discounted rates to four pickleball courts and three tennis courts. RESORT POOLS Enjoy access to the Paradise Pool featuring a swim-,,,,azb.membership@arizonabiltmore.com,reservations@arizonabiltmore.com,,,,,,,arizonabiltmore.com,Indoor and Outdoor,Both indoor and outdoor court language found on site. AZ location evidence: address. No decision maker found on public pages. Paid access signals present (membership/rental/program).,https://www.arizonabiltmore.com/ | https://www.arizonabiltmore.com/bike-rental/ | https://www.arizonabiltmore.com/about-us/resort-membership/ | https://www.arizonabiltmore.com/about-us/ | https://www.arizonabiltmore.com/about-us/resort-history/ | https://www.arizonabiltmore.com/about-us/our-reinvention/,Playwright,https://arizonabiltmore.com,https://www.arizonabiltmore.com/,
Macaroni KID North Scottsdale-PV,https://nscottsdale.macaronikid.com/,Phoenix,AZ,School,basketball,Indoor and outdoor,,,,,,veronical@macaronikid.com,admin@macaronikid.com,,,,,,,macaronikid.com,Indoor and Outdoor,Both indoor and outdoor court language found on site. AZ location evidence: address. No decision maker found on public pages. No court count stated by a reliable source; left blank. Paid access signals present (membership/rental/program).,https://nscottsdale.macaronikid.com/ | https://nscottsdale.macaronikid.com/directory | https://nscottsdale.macaronikid.com/articles/6a5548e10896894bd3a9eb0d/5-dino-themed-ideas-before-paw-patrol-the-dino-movie-hits-theatres | https://nscottsdale.macaronikid.com/about-certifikid | https://nscottsdale.macaronikid.com/about-pm | https://nscottsdale.macaronikid.com/about-us | https://nscottsdale.macaronikid.com/contact-us,Playwright,https://nscottsdale.macaronikid.com,https://nscottsdale.macaronikid.com/,
MCCS Yuma,https://yuma.usmc-mccs.org/,Yuma,AZ,Unknown,tennis; basketball,Indoor and outdoor,,,,,,,,,,,,,,yuma.usmc-mccs.org,Indoor and Outdoor,Both indoor and outdoor court language found on site. AZ location evidence: address. No decision maker found on public pages. No court count stated by a reliable source; left blank. Paid access signals present (membership/rental/program).,https://yuma.usmc-mccs.org/ | https://yuma.usmc-mccs.org/about/working-at-mccs | https://yuma.usmc-mccs.org/about/local-area-information | https://yuma.usmc-mccs.org/about/marine-for-life-cycle | https://yuma.usmc-mccs.org/recreation-fitness/fitness/fitness-programs | https://yuma.usmc-mccs.org/marine-family-support/military-family-life/exceptional-family-member-program | https://yuma.usmc-mccs.org/marine-family-support/military-family-life/family-advocacy-program,Playwright,https://yuma.usmc-mccs.org,https://yuma.usmc-mccs.org/,
momentumvb,https://www.momentumvb.com/,Peoria,AZ,Private Club,volleyball,Indoor and outdoor,,,,,,mvcboys@momentumvb.com,info@momentumvb.com,,,,,,,momentumvb.com,Indoor and Outdoor,Both indoor and outdoor court language found on site. AZ location evidence: address. No decision maker found on public pages. No court count stated by a reliable source; left blank. Paid access signals present (membership/rental/program).,https://www.momentumvb.com/ | https://www.momentumvb.com/tryouts,Playwright,https://momentumvb.com,https://www.momentumvb.com/,
Monolithic Dome Institute,https://monolithicdome.com/,Tumacacori,AZ,Unknown,basketball; volleyball; racquetball,Indoor and outdoor,,,Built,Dome,Owner,,,built@monolithicdome.com,built.dome@monolithicdome.com,builtdome@monolithicdome.com,bdome@monolithicdome.com,b.dome@monolithicdome.com,builtd@monolithicdome.com,monolithicdome.com,Indoor and Outdoor,Both indoor and outdoor court language found on site. AZ location evidence: address. No court count stated by a reliable source; left blank. Paid access signals present (membership/rental/program). Guessed emails are UNVERIFIED pattern permutations - not published addresses.,https://monolithicdome.com/ | https://monolithicdome.com/global-temple-of-divine-administration | https://monolithicdome.com/forty-eight-rentals-to-one-dream-dome | https://monolithicdome.com/sports-facilities | https://monolithicdome.com/contact-us,Playwright,https://monolithicdome.com,https://monolithicdome.com/,
MyPadelWay,https://mypadelway.com/,Tempe,AZ,Private Club,pickleball; tennis; basketball; volleyball; badminton; squash; padel,Indoor and outdoor,1,"ubai 🎾 CSC Play Sharjah 🎾 FM Padel Academy (Al Quoz) Dubai 🎾 Fit & Padel Dubai 🎾 MBR D1 Padel court Dubai 🎾 Padel Courts Elan Dubai 🎾 Padel Tennis at The Ritz-Carlton, Dubai Dubai 🎾 Pade",,,,,,,,,,,,mypadelway.com,Indoor and Outdoor,Both indoor and outdoor court language found on site. AZ location evidence: address. No decision maker found on public pages. Paid access signals present (membership/rental/program).,https://mypadelway.com/ | https://mypadelway.com/us | https://mypadelway.com/de | https://mypadelway.com/uk | https://mypadelway.com/ae | https://mypadelway.com/nl | https://mypadelway.com/za,Playwright,https://mypadelway.com,https://mypadelway.com/,
Naperville Tennis Club,https://www.napervilletennis.com/,Scottsdale,AZ,Racquet / Tennis Club,pickleball; tennis,Indoor and outdoor,3,"their skill level, and make friendships along the way. Pickleball players enjoy access to three courts at NTC, each able to accommodate four pickleball nets. We offer competitive and social Pl",,,,,info@napervilletennis.com,,,,,,,napervilletennis.com,Indoor and Outdoor,Both indoor and outdoor court language found on site. AZ location evidence: address. No decision maker found on public pages. Paid access signals present (membership/rental/program).,https://www.napervilletennis.com/ | https://www.napervilletennis.com/tennis-pickleball-membership/ | https://www.napervilletennis.com/about-us/ | https://www.napervilletennis.com/contact-us/,Playwright,https://napervilletennis.com,https://www.napervilletennis.com/,
NAU In-Site Network,https://in.nau.edu/,Flagstaff,AZ,College / University,basketball; volleyball; squash; racquetball,Indoor and outdoor,2,"ations | Campus Recreation - NAU MAC gym. Dimensions: 105′ x 120′; 1 indoor soccer court; 2 basketball courts; 3 volleyball courts; Occupancy: 1,800. Two full sized basketball courts; An indoor socce",,,,,,,,,,,,in.nau.edu,Indoor and Outdoor,Both indoor and outdoor court language found on site. AZ location evidence: address. No decision maker found on public pages. Paid access signals present (membership/rental/program).,https://in.nau.edu/ | https://in.nau.edu/research-centers-institutes-labs-programs | https://in.nau.edu/professional-education-programs | https://in.nau.edu/flagstaff-statewide-community | https://in.nau.edu/news-directory | https://in.nau.edu/facility-services,Playwright,https://in.nau.edu,https://in.nau.edu/,
Next Level Soccer,https://www.nextlevelsoccer.com/,Gilbert,AZ,School,futsal,Indoor and outdoor,,,,,,,info@nextlevelsoccer.com,,,,,,,nextlevelsoccer.com,Indoor and Outdoor,Both indoor and outdoor court language found on site. AZ location evidence: address. No decision maker found on public pages. No court count stated by a reliable source; left blank. Paid access signals present (membership/rental/program).,https://www.nextlevelsoccer.com/ | https://www.nextlevelsoccer.com/gilbert-facility | https://www.nextlevelsoccer.com/training-memberships | https://www.nextlevelsoccer.com/epa-cusd | https://www.nextlevelsoccer.com/premier-prep | https://www.nextlevelsoccer.com/contact,Playwright,https://nextlevelsoccer.com,https://www.nextlevelsoccer.com/,
Official Experience Prescott,https://experienceprescott.com/,Prescott,AZ,Unknown,pickleball; tennis; basketball,Indoor and outdoor,,,,,,,hello@experienceprescott.com,,,,,,,experienceprescott.com,Indoor and Outdoor,Both indoor and outdoor court language found on site. AZ location evidence: address. No decision maker found on public pages. No court count stated by a reliable source; left blank. Paid access signals present (membership/rental/program).,https://experienceprescott.com/ | https://experienceprescott.com/plan-your-visit/about-prescott/ | https://experienceprescott.com/outdoors/outfitters-rentals/ | https://experienceprescott.com/contact/,Playwright,https://experienceprescott.com,https://experienceprescott.com/,
Padel Browser,https://www.padelbrowser.com/,Tucson,AZ,Private Club,pickleball; tennis; padel,Indoor and outdoor,9,"inment venues. Courts & Facilities The Pad features 7 professional padel courts alongside 9 pickleball courts, all housed in a climate-controlled indoor environment. With 30-foot ceilings providing e",,,,,info@40fortypadel.com,,,,,,,40fortypadel.com,Indoor and Outdoor,Both indoor and outdoor court language found on site. AZ location evidence: address. No decision maker found on public pages. Paid access signals present (membership/rental/program).,https://www.padelbrowser.com/ | https://www.padelbrowser.com/clubs/find-courts | https://www.padelbrowser.com/clubs/directory | https://www.padelbrowser.com/padel-courts/padel-haus-dumbo | https://www.padelbrowser.com/padel-courts/the-pad-tucson | https://www.padelbrowser.com/padel-courts/racket-social-club-englewood | https://www.padelbrowser.com/padel-courts/state/florida,Playwright,https://padelbrowser.com,https://www.padelbrowser.com/,
Padel Courts Finder,https://www.padelcourtsfinder.com/,,AZ,Pickleball Club,pickleball; tennis; padel,Indoor and outdoor,26,"s Angeles As an Amazon Associate, Padel Courts Finder earns from qualifying purchases. © 2026 Padel Courts Finder. All rights reserved. Privacy Policy Terms of Service Sitemap Padel Courts Finder",,,,manager@wynwoodpadelclub.com,hello@padelcourtsfinder.com,,,,,,,wynwoodpadelclub.com,Indoor and Outdoor,Both indoor and outdoor court language found on site. AZ location evidence: mention. No decision maker found on public pages. Paid access signals present (membership/rental/program).,https://www.padelcourtsfinder.com/ | https://www.padelcourtsfinder.com/about | https://www.padelcourtsfinder.com/list-your-court | https://www.padelcourtsfinder.com/florida | https://www.padelcourtsfinder.com/texas | https://www.padelcourtsfinder.com/california,Playwright,https://padelcourtsfinder.com,https://www.padelcourtsfinder.com/,
Padel Courts Locator,https://www.padelcourtslocator.com/,,AZ,Sportsplex,pickleball; tennis; badminton; squash; padel,Indoor and outdoor,,,,,,,hello@send.padelcourtslocator.com,,,,,,,send.padelcourtslocator.com,Indoor and Outdoor,Both indoor and outdoor court language found on site. AZ location evidence: mention. No decision maker found on public pages. No court count stated by a reliable source; left blank. Paid access signals present (membership/rental/program).,https://www.padelcourtslocator.com/ | https://www.padelcourtslocator.com/about | https://www.padelcourtslocator.com/contact | https://www.padelcourtslocator.com/articles/padel-shoes-guide-choosing-right-footwear-court-surface | https://www.padelcourtslocator.com/articles/padel-court-etiquette-unwritten-rules | https://www.padelcourtslocator.com/listings,Playwright,https://padelcourtslocator.com,https://www.padelcourtslocator.com/,
PadelCourtsNearMe,https://www.padelcourtsnearme.us/,Tucson,AZ,Country Club,pickleball; tennis; squash; padel,Indoor and outdoor,66,"om Texas to New York, discover where padel is growing fastest. Florida 66 courts Discover 66 padel courts across Florida, including hotspots like Miami, Orlando, Sunrise. Top cities: Miami, Orlan",,,,padelcourtsnearme.us@gmail.com,hello@padelcourtsnearme.us,,,,,,,padelcourtsnearme.us,Indoor and Outdoor,Both indoor and outdoor court language found on site. AZ location evidence: address. No decision maker found on public pages. Paid access signals present (membership/rental/program).,https://www.padelcourtsnearme.us/ | https://www.padelcourtsnearme.us/courts/10by20-ft-lauderdale-fort-lauderdale-florida | https://www.padelcourtsnearme.us/courts/6-love-sports-miami-beach-florida | https://www.padelcourtsnearme.us/courts/access-padel-hillsborough-new-jersey | https://www.padelcourtsnearme.us/courts/alma-padel-glenview-illinois | https://www.padelcourtsnearme.us/courts/and-padel-oakland-new-jersey,Playwright,https://padelcourtsnearme.us,https://www.padelcourtsnearme.us/,
Padeldex,https://www.padeldex.co/,,AZ,Private Club,pickleball; tennis; padel,Indoor and outdoor,5,"ELDEX PADELDEX.CO Scottsdale Padel Club: Scottsdale, AZ | Padeldex Scottsdale Padel Club: 5 padel courts in Scottsdale, AZ. Indoor + Outdoor, coaching available.",,,,,hello@padeldex.co,,,,,,,padeldex.co,Indoor and Outdoor,Both indoor and outdoor court language found on site. AZ location evidence: mention. No decision maker found on public pages. Paid access signals present (membership/rental/program).,https://www.padeldex.co/ | https://www.padeldex.co/courts | https://www.padeldex.co/list-your-court | https://www.padeldex.co/guide/padel-court-dimensions-explained | https://www.padeldex.co/courts/padel-haus-atlanta-atlanta-ga | https://www.padeldex.co/courts/in/miami-fl | https://www.padeldex.co/courts/in/new-york-ny,Playwright,https://padeldex.co,https://www.padeldex.co/,
"PadelGrids: the complete, current US padel court directory",https://padelgrids.com/,Tempe,AZ,College / University,pickleball; badminton; padel,Indoor and outdoor,2,"servations, and access to leagues and community programming. KEY TAKEAWAYS Mink Padel has 2 padel courts in New York, NY. Details were independently verified on 2026-06-02. Tips before you play",,,,,,,,,,,,padelgrids.com,Indoor and Outdoor,Both indoor and outdoor court language found on site. AZ location evidence: address. No decision maker found on public pages. Paid access signals present (membership/rental/program).,https://padelgrids.com/ | https://padelgrids.com/new-courts/ | https://padelgrids.com/club/mink-padel-new-york-ny/ | https://padelgrids.com/club/wynwood-padel-club-miami-fl/ | https://padelgrids.com/club/icon-padel-aventura-fl/ | https://padelgrids.com/club/west43-padel-houston-tx/ | https://padelgrids.com/about/,Playwright,https://padelgrids.com,https://padelgrids.com/,
Paradise Valley Community College,https://gopumas.com/landing/index,,AZ,College / University,tennis,Indoor and outdoor,,,,,,,,,,,,,,gopumas.com,Indoor and Outdoor,Both indoor and outdoor court language found on site. AZ location evidence: phone. No decision maker found on public pages. No court count stated by a reliable source; left blank.,https://gopumas.com/landing/index | https://gopumas.com/information/directory/index | https://gopumas.com/general/2025-26/releases/20260507l462z6,Playwright,https://gopumas.com,https://gopumas.com/landing/index,
Passover Programs & Kosher Travel,https://www.totallyjewishtravel.com/,Phoenix,AZ,Private Club,tennis,Indoor and outdoor,,,,,,,,,,,,,,totallyjewishtravel.com,Indoor and Outdoor,Both indoor and outdoor court language found on site. AZ location evidence: address. No decision maker found on public pages. No court count stated by a reliable source; left blank. Paid access signals present (membership/rental/program).,https://www.totallyjewishtravel.com/ | https://www.totallyjewishtravel.com/passover_resorts/ | https://www.totallyjewishtravel.com/passover_resorts/argentina/ | https://www.totallyjewishtravel.com/passover_resorts/azerbaijan/ | https://www.totallyjewishtravel.com/passover_resorts/bahamas/ | https://www.totallyjewishtravel.com/passover_resorts/brazil/ | https://www.totallyjewishtravel.com/passover_resorts/canada/,Playwright,https://totallyjewishtravel.com,https://www.totallyjewishtravel.com/,
Phoenix With Kids,https://www.phoenixwithkids.net/,Kayenta,AZ,Unknown,tennis; basketball,Indoor and outdoor,,,,,,,,,,,,,,phoenixwithkids.net,Indoor and Outdoor,Both indoor and outdoor court language found on site. AZ location evidence: address. No decision maker found on public pages. No court count stated by a reliable source; left blank. Paid access signals present (membership/rental/program).,https://www.phoenixwithkids.net/ | https://www.phoenixwithkids.net/category/flagstaff/ | https://www.phoenixwithkids.net/about-us/ | https://www.phoenixwithkids.net/contact-us/ | https://www.phoenixwithkids.net/about-us/testimonials/ | https://www.phoenixwithkids.net/a-family-weekend-in-flagstaff/ | https://www.phoenixwithkids.net/learn-to-sail-at-tempe-town-lake/,Playwright,https://phoenixwithkids.net,https://www.phoenixwithkids.net/,
PHX Fray,https://www.phxfray.com/,Phoenix,AZ,Unknown,basketball; volleyball,Indoor and outdoor,,,Robert,Kinsler,Founder,,info@phxfray.com,robert@phxfray.com,robert.kinsler@phxfray.com,robertkinsler@phxfray.com,rkinsler@phxfray.com,r.kinsler@phxfray.com,robertk@phxfray.com,phxfray.com,Indoor and Outdoor,Both indoor and outdoor court language found on site. AZ location evidence: address. No court count stated by a reliable source; left blank. Paid access signals present (membership/rental/program). Guessed emails are UNVERIFIED pattern permutations - not published addresses.,https://www.phxfray.com/ | https://www.phxfray.com/mission/ | https://www.phxfray.com/staff/ | https://www.phxfray.com/fraylife/your-all-access-pass-to-fun-in-phoenix-fraylife-membership/ | https://www.phxfray.com/corporate-programs/,Playwright,https://phxfray.com,https://www.phxfray.com/,
Pickleball Courts Finder,https://www.pickleball-courts.net/,,AZ,Pickleball Club,pickleball; tennis; basketball; badminton,Indoor and outdoor,26,acy Company About Pickleball Courts Finder Contact Privacy Policy Terms and Conditions © 2026 Pickleball Courts Finder. Community-maintained directory of pickleball courts worldwide. Made from with ❤️,,,,,,,,,,,,pickleball-courts.net,Indoor and Outdoor,Both indoor and outdoor court language found on site. AZ location evidence: mention. No decision maker found on public pages. Paid access signals present (membership/rental/program).,https://www.pickleball-courts.net/ | https://www.pickleball-courts.net/ph/courts | https://www.pickleball-courts.net/us/courts | https://www.pickleball-courts.net/ca/courts | https://www.pickleball-courts.net/au/courts | https://www.pickleball-courts.net/ph/courts/open-now,Playwright,https://pickleball-courts.net,https://www.pickleball-courts.net/,
Pickleball Courts Near Me,https://findpicklecourts.com/,,AZ,Pickleball Club,pickleball,Indoor and outdoor,,,,,,,,,,,,,,findpicklecourts.com,Indoor and Outdoor,Both indoor and outdoor court language found on site. AZ location evidence: mention. No decision maker found on public pages. No court count stated by a reliable source; left blank.,https://findpicklecourts.com/,Playwright,https://findpicklecourts.com,https://findpicklecourts.com/,
Pickleball Daily Phoenix,https://phoenix.pickleballdaily.com/,Glendale,AZ,Pickleball Club,pickleball; tennis,Indoor and outdoor,16,"ll Courts Center Court Pickleball Club (Glendale) 5960 W Bell Rd, Glendale, AZ 85308, USA 16 Indoor Courts Membership Required Hard Surface Permanent Lines Permanent Nets Glendale Heroes Regional",,,,,,,,,,,,phoenix.pickleballdaily.com,Indoor and Outdoor,Both indoor and outdoor court language found on site. AZ location evidence: address. No decision maker found on public pages. Paid access signals present (membership/rental/program).,https://phoenix.pickleballdaily.com/ | https://phoenix.pickleballdaily.com/courts/ | https://phoenix.pickleballdaily.com/courts/center-court-pickleball-club-glendale/ | https://phoenix.pickleballdaily.com/courts/glendale-heroes-regional-park/ | https://phoenix.pickleballdaily.com/courts/uh73-sports/ | https://phoenix.pickleballdaily.com/courts/bonsall-park-north/ | https://phoenix.pickleballdaily.com/courts/the-pickleball-space-2/,Playwright,https://phoenix.pickleballdaily.com,https://phoenix.pickleballdaily.com/,
Pickleball Standard,https://www.pickleballstandard.net/,Goodyear,AZ,Pickleball Club,pickleball,Indoor and outdoor,10,"ADDLES → PRE-ORDER CHARTER → VIEW MEMBERSHIP VIEW TOURNAMENT → COMING 2027 · GOODYEAR, AZ 10 INDOOR COURTS Regulation size · 100% air conditioned 72° YEAR-ROUND Play through summer when outdoors c",,,,,hello@pickleballstandard.net,,,,,,,pickleballstandard.net,Indoor and Outdoor,Both indoor and outdoor court language found on site. AZ location evidence: address. No decision maker found on public pages. Paid access signals present (membership/rental/program).,https://www.pickleballstandard.net/,Playwright,https://pickleballstandard.net,https://www.pickleballstandard.net/,
"Pickleball, Food, Drinks, & Fun in Scottsdale",https://www.pickleandsocialscottsdale.com/,Scottsdale,AZ,Pickleball Club,pickleball,Indoor and outdoor,,,,,,,,,,,,,,pickleandsocialscottsdale.com,Indoor and Outdoor,Both indoor and outdoor court language found on site. AZ location evidence: address. No decision maker found on public pages. No court count stated by a reliable source; left blank. Paid access signals present (membership/rental/program).,https://www.pickleandsocialscottsdale.com/ | https://www.pickleandsocialscottsdale.com/contact.htm | https://www.pickleandsocialscottsdale.com/pickleball.htm | https://www.pickleandsocialscottsdale.com/membership.htm,Playwright,https://pickleandsocialscottsdale.com,https://www.pickleandsocialscottsdale.com/,
picklecourts.club,https://picklecourts.club/,Mesa,AZ,Private Club,pickleball; tennis; basketball; racquetball; padel; futsal,Indoor and outdoor,8,NE HILL PARK UNKNOWN ROUND ROCK WILCO PICKLEBALL COURT UNKNOWN FREE DUBLIN DUBLIN COFFMAN 8 PICKLEBALL COURTS UNKNOWN FREE CALABASAS CALABASAS PICKLEBALL CLUB CUSHIONED ACRYLIC SUGAR HILL EE ROBINSON,,,,,,,,,,,,picklecourts.club,Indoor and Outdoor,Both indoor and outdoor court language found on site. AZ location evidence: address. No decision maker found on public pages. Paid access signals present (membership/rental/program).,https://picklecourts.club/ | https://picklecourts.club/courts | https://picklecourts.club/about | https://picklecourts.club/for-clubs | https://picklecourts.club/find-courts-near-me | https://picklecourts.club/courts/outdoor,Playwright,https://picklecourts.club,https://picklecourts.club/,
Pinewood Country Club,https://pinewoodcountryclubaz.com/,Munds Park,AZ,Country Club,pickleball; tennis,Indoor and outdoor,,,Gary,Pearce,General Manager,gpearce@pinewoodcountryclubaz.com,,,,,,,,pinewoodcountryclubaz.com,Indoor and Outdoor,Both indoor and outdoor court language found on site. AZ location evidence: address. No court count stated by a reliable source; left blank. Paid access signals present (membership/rental/program).,https://pinewoodcountryclubaz.com/ | https://pinewoodcountryclubaz.com/Memberships | https://pinewoodcountryclubaz.com/login.aspx?ReturnUrl=%2fCourts%2fCourtScheduler.aspx | https://pinewoodcountryclubaz.com/Contact_Us | https://pinewoodcountryclubaz.com/Contact_Us/Meet_the_Management_Team | https://pinewoodcountryclubaz.com/Staging/Memberships | https://pinewoodcountryclubaz.com/login.aspx?ReturnUrl=%2fMember-Central%2fMember_Information,Playwright,https://pinewoodcountryclubaz.com,https://pinewoodcountryclubaz.com/,
Play Padel US,https://playpadelus.com/,Tucson,AZ,College / University,pickleball; tennis; squash; padel,Indoor and outdoor,16,"s (2026) Padel Courts in Tucson, AZ - Find 31 Courts (2026) | Play ... May 6, 2026 · Find 16 padel courts in Scottsdale, Arizona. Browse court locations, facility types, and contact info for pade",,,,,hello@playpadelus.com,,,,,,,playpadelus.com,Indoor and Outdoor,Both indoor and outdoor court language found on site. AZ location evidence: address. No decision maker found on public pages. Paid access signals present (membership/rental/program).,https://playpadelus.com/ | https://playpadelus.com/padel-courts | https://playpadelus.com/about | https://playpadelus.com/padel-courts/miami | https://playpadelus.com/padel-courts/austin | https://playpadelus.com/padel-courts/houston | https://playpadelus.com/padel-courts/san-diego,Playwright,https://playpadelus.com,https://playpadelus.com/,
Prescott's Pickleball Guide,https://www.prescottpickleball.com/,,AZ,Pickleball Club,pickleball; tennis; badminton,Indoor and outdoor,,,,,,,,,,,,,,prescottpickleball.com,Indoor and Outdoor,Both indoor and outdoor court language found on site. AZ location evidence: mention. No decision maker found on public pages. No court count stated by a reliable source; left blank.,https://www.prescottpickleball.com/ | https://www.prescottpickleball.com/courts/,Playwright,https://prescottpickleball.com,https://www.prescottpickleball.com/,
Quail Creek Homes | Russ Fortuno,https://quailcreekhomes.com/,Green Valley,AZ,Athletic Center,pickleball; tennis,Indoor and outdoor,32,"8000 • Privacy Quail Creek Amenities Located near the new Canyon Club, the complex offers 32 courts and attracts everyone from first-time players to highly competitive tournament participan",,,,russ@quailcreekhomes.com,,,,,,,,quailcreekhomes.com,Indoor and Outdoor,Both indoor and outdoor court language found on site. AZ location evidence: address. No decision maker found on public pages. Paid access signals present (membership/rental/program).,https://quailcreekhomes.com/ | https://quailcreekhomes.com/community/ | https://quailcreekhomes.com/about/ | https://quailcreekhomes.com/homes-for-sale-details/2283-E-DESERT-SQUIRREL-COURT-GREEN-VALLEY-AZ-85614/22614032/71/ | https://quailcreekhomes.com/contact/ | https://quailcreekhomes.com/about/privacy/,Playwright,https://quailcreekhomes.com,https://quailcreekhomes.com/,
Rancho Sahuarita,https://ranchosahuarita.com/,Sahuarita,AZ,School,pickleball; tennis,Indoor and outdoor,,,,,,,info@ranchosahuarita.com,,,,,,,ranchosahuarita.com,Indoor and Outdoor,Both indoor and outdoor court language found on site. AZ location evidence: address. No decision maker found on public pages. No court count stated by a reliable source; left blank.,https://ranchosahuarita.com/ | https://ranchosahuarita.com/contact/,Playwright,https://ranchosahuarita.com,https://ranchosahuarita.com/,
Ready. Set. Pickle!,https://readysetpickle.com/,,AZ,School,pickleball,Indoor and outdoor,,,,,,,info@readysetpickle.com,,,,,,,readysetpickle.com,Indoor and Outdoor,Both indoor and outdoor court language found on site. AZ location evidence: phone. No decision maker found on public pages. No court count stated by a reliable source; left blank. Paid access signals present (membership/rental/program).,https://readysetpickle.com/ | https://readysetpickle.com/programs | https://readysetpickle.com/about | https://readysetpickle.com/team-coaches,Playwright,https://readysetpickle.com,https://readysetpickle.com/,
Robson Resort Communities - Luxury 55+ Active Adult Communities,https://robson.com/,Tucson,AZ,Unknown,pickleball; tennis,Indoor and outdoor,32,"ffers and upscale 55+ retirement lifestyle. Onsite amenities include the new Canyon Club, 32 Pickleball courts, Creative Arts & Technology center, fitness and sports facilities, dog park, resort-style",Edward,Robson,Founder,robson@robson.com,,,,,,,,robson.com,Indoor and Outdoor,Both indoor and outdoor court language found on site. AZ location evidence: address. Paid access signals present (membership/rental/program).,https://robson.com/ | https://robson.com/about/ | https://robson.com/contact/,Playwright,https://robson.com,https://robson.com/,
RSL West Valley,https://rslazwestvalley.org/,Surprise,AZ,School,basketball; futsal,Indoor and outdoor,,,,,,,,,,,,,,rslazwestvalley.org,Indoor and Outdoor,Both indoor and outdoor court language found on site. AZ location evidence: address. No decision maker found on public pages. No court count stated by a reliable source; left blank. Paid access signals present (membership/rental/program).,https://rslazwestvalley.org/ | https://rslazwestvalley.org/competitive-program | https://rslazwestvalley.org/about | https://rslazwestvalley.org/programs | https://rslazwestvalley.org/coaching-staff | https://rslazwestvalley.org/contact-us,Playwright,https://rslazwestvalley.org,https://rslazwestvalley.org/,
Scottsdale Unified School District 48,https://www.susd.org/,Scottsdale,AZ,School,tennis; basketball; volleyball; badminton,Indoor and outdoor,,,Stephen,Cervantez,Athletic Director,scervantez@susd.org,,,,,,,,susd.org,Indoor and Outdoor,Both indoor and outdoor court language found on site. AZ location evidence: address. No court count stated by a reliable source; left blank. Paid access signals present (membership/rental/program).,https://www.susd.org/ | https://www.susd.org/our-district/about-our-district | https://www.susd.org/departments/facilities/facility-rentals | https://www.susd.org/our-district/leadership | https://www.susd.org/athletics | https://www.susd.org/athletics/athletics-blog,Playwright,https://susd.org,https://www.susd.org/,
Sedona Monthly,https://sedonamonthly.com/,Sedona,AZ,Unknown,squash,Indoor and outdoor,,,Jen,Keenan,Co-Owner,,info@sedonamonthly.com,jen@sedonamonthly.com,jen.keenan@sedonamonthly.com,jenkeenan@sedonamonthly.com,jkeenan@sedonamonthly.com,j.keenan@sedonamonthly.com,jenk@sedonamonthly.com,sedonamonthly.com,Indoor and Outdoor,Both indoor and outdoor court language found on site. AZ location evidence: address. No court count stated by a reliable source; left blank. Paid access signals present (membership/rental/program). Guessed emails are UNVERIFIED pattern permutations - not published addresses.,https://sedonamonthly.com/ | https://sedonamonthly.com/2026/sedonabusinessdirectory/ | https://sedonamonthly.com/restaurants/flagstaff/ | https://sedonamonthly.com/sedona-monthly/ | https://sedonamonthly.com/contact/ | https://sedonamonthly.com/2026/the-barefoot-trail-in-flagstaff/ | https://sedonamonthly.com/2025/meet-these-four-movers-and-shakers/,Playwright,https://sedonamonthly.com,https://sedonamonthly.com/,
SeekZona,https://seekzona.com/,Phoenix,AZ,Unknown,pickleball; tennis; basketball,Indoor and outdoor,,,,,,,hello@seekzona.com,,,,,,,seekzona.com,Indoor and Outdoor,Both indoor and outdoor court language found on site. AZ location evidence: address. No decision maker found on public pages. No court count stated by a reliable source; left blank. Paid access signals present (membership/rental/program).,https://seekzona.com/ | https://seekzona.com/category/social-media-management | https://seekzona.com/category/sports-courts | https://seekzona.com/category/marinas-boat-rentals | https://seekzona.com/category/vacation-rentals | https://seekzona.com/courts | https://seekzona.com/contact,Playwright,https://seekzona.com,https://seekzona.com/,
Sidewinder Volleyball Academy,https://sidewinderva.com/,Tucson,AZ,School,volleyball,Indoor and outdoor,,,,,,director@sidewinderva.com,,,,,,,,sidewinderva.com,Indoor and Outdoor,Both indoor and outdoor court language found on site. AZ location evidence: address. No decision maker found on public pages. No court count stated by a reliable source; left blank. Paid access signals present (membership/rental/program).,https://sidewinderva.com/ | https://sidewinderva.com/about | https://sidewinderva.com/contact | https://sidewinderva.com/staff | https://sidewinderva.com/teams,Playwright,https://sidewinderva.com,https://sidewinderva.com/,
Signals AZ -,https://www.signalsaz.com/,Prescott Valley,AZ,Unknown,pickleball; volleyball,Indoor and outdoor,14,"eague Kicks Off - Signals AZ Jul 4, 2025 ... Espire Sports (3400 Gateway Blvd, Prescott): 14 indoor courts and 5 outdoor courts ideal for year-round play. ... Santa Fe Loop, Prescott Valley): ...",Sandra,Watson,President,,,sandra@signalsaz.com,sandra.watson@signalsaz.com,sandrawatson@signalsaz.com,swatson@signalsaz.com,s.watson@signalsaz.com,sandraw@signalsaz.com,signalsaz.com,Indoor and Outdoor,Both indoor and outdoor court language found on site. AZ location evidence: address. Paid access signals present (membership/rental/program). Guessed emails are UNVERIFIED pattern permutations - not published addresses.,https://www.signalsaz.com/ | https://www.signalsaz.com/contact-us/ | https://www.signalsaz.com/our-team/ | https://www.signalsaz.com/articles/yuma-welcomes-100-million-kimberly-clark-manufacturing-facility/ | https://www.signalsaz.com/articles/sedona-launches-new-after-school-recreation-programs-for-kids/ | https://www.signalsaz.com/articles/flagstaff-hosts-community-meeting-for-jw-powell-extension-project/ | https://www.signalsaz.com/articles/flagstaff-high-school-names-andres-delgadillo-interim-football-coach/,Playwright,https://signalsaz.com,https://www.signalsaz.com/,
SimplePadel,https://simplepadel.com/,California,AZ,Unknown,pickleball; tennis; squash; padel,Indoor and outdoor,,,,,,isabella@simplepadel.com,hello@simplepadel.com,,,,,,,simplepadel.com,Indoor and Outdoor,Both indoor and outdoor court language found on site. AZ location evidence: address. No decision maker found on public pages. No court count stated by a reliable source; left blank. Paid access signals present (membership/rental/program).,https://simplepadel.com/ | https://simplepadel.com/about/ | https://simplepadel.com/padel-in-the-us/ | https://simplepadel.com/how-to-play-padel/ | https://simplepadel.com/padel-balls/ | https://simplepadel.com/contact/,Playwright,https://simplepadel.com,https://simplepadel.com/,
Solid Ground Arena,https://solidgroundarena.com/,Peoria,AZ,Unknown,volleyball,Indoor and outdoor,,,,,,,info@solidgroundarena.com,,,,,,,solidgroundarena.com,Indoor and Outdoor,Both indoor and outdoor court language found on site. AZ location evidence: address. No decision maker found on public pages. No court count stated by a reliable source; left blank. Paid access signals present (membership/rental/program).,https://solidgroundarena.com/ | https://solidgroundarena.com/arena-rental | https://solidgroundarena.com/contact,Playwright,https://solidgroundarena.com,https://solidgroundarena.com/,
Sports Destination Management,https://www.sportsdestinations.com/,Yuma,AZ,Unknown,pickleball; tennis; basketball; volleyball; futsal,Indoor and outdoor,50,"ld-class facilities include nearly 475,000 square feet of fieldhouse space to accommodate 50 indoor volleyball courts, 16 basketball courts and six futsal courts along with a food court, state-of-the-art spo",,,,sales@sportsdestinations.com,info@sportsdestinations.com,,,,,,,sportsdestinations.com,Indoor and Outdoor,Both indoor and outdoor court language found on site. AZ location evidence: address. No decision maker found on public pages. Paid access signals present (membership/rental/program).,https://www.sportsdestinations.com/ | https://www.sportsdestinations.com/sports/sports-facilities | https://www.sportsdestinations.com/management | https://www.sportsdestinations.com/sport-directory/search-page | https://www.sportsdestinations.com/about-us/about-us-4360 | https://www.sportsdestinations.com/contact-us/contact-us-1 | https://www.sportsdestinations.com/management/travel/odyssey-themed-run-exploring-sports-tourism-and-38024,Playwright,https://sportsdestinations.com,https://www.sportsdestinations.com/,
Sports Venue Calculator,https://directory.sportsvenuecalculator.com/,,AZ,College / University,pickleball; tennis; basketball; volleyball; padel,Indoor and outdoor,,,,,,,info@sportsvenuecalculator.com,,,,,,,sportsvenuecalculator.com,Indoor and Outdoor,Both indoor and outdoor court language found on site. AZ location evidence: mention. No decision maker found on public pages. No court count stated by a reliable source; left blank. Paid access signals present (membership/rental/program).,https://directory.sportsvenuecalculator.com/ | https://directory.sportsvenuecalculator.com/explore | https://directory.sportsvenuecalculator.com/sports-facility-companies/gymnasium-flooring/action-floors | https://directory.sportsvenuecalculator.com/sports-facility-companies/padel-courts/manza-sport | https://directory.sportsvenuecalculator.com/category/padel-courts/ | https://directory.sportsvenuecalculator.com/sports-facility-companies/led-sports-lighting/ledlightingsupply,Playwright,https://directory.sportsvenuecalculator.com,https://directory.sportsvenuecalculator.com/,
Sterling Grove Home Page,https://www.sterlinggroveclub.com/,Surprise,AZ,Country Club,pickleball; tennis,Indoor and outdoor,,,AL,LAROSE,General Manager,,admin@sterlinggrove.club,al@sterlinggrove.club,al.larose@sterlinggrove.club,allarose@sterlinggrove.club,alarose@sterlinggrove.club,a.larose@sterlinggrove.club,all@sterlinggrove.club,sterlinggrove.club,Indoor and Outdoor,Both indoor and outdoor court language found on site. AZ location evidence: address. No court count stated by a reliable source; left blank. Paid access signals present (membership/rental/program). Guessed emails are UNVERIFIED pattern permutations - not published addresses.,https://www.sterlinggroveclub.com/ | https://www.sterlinggroveclub.com/about-us/login | https://www.sterlinggroveclub.com/about-us | https://www.sterlinggroveclub.com/membership | https://www.sterlinggroveclub.com/contact-us/directions | https://www.sterlinggroveclub.com/about-us/site-privacy-policy | https://www.sterlinggroveclub.com/about-us/site-terms-of-use,Playwright,https://sterlinggroveclub.com,https://www.sterlinggroveclub.com/,
Sun City Sherryl,https://www.suncitysherryl.com/,,AZ,Unknown,pickleball; tennis,Indoor and outdoor,16,"g arts center, crafts center, a state-of-the-art woodshop, sport park and softball field, 16 Pickleball courts, 16 Har Tru Tennis courts, 6 Horse Shoe Pits, Croquet, and 8 Bocce courts. Hidden Cypress",,,,sherrylhenn@gmail.com,,,,,,,,suncitysherryl.com,Indoor and Outdoor,Both indoor and outdoor court language found on site. AZ location evidence: mention. No decision maker found on public pages. Paid access signals present (membership/rental/program).,https://www.suncitysherryl.com/ | https://www.suncitysherryl.com/materialis/contact-sherryl/ | https://www.suncitysherryl.com/about-us/,Playwright,https://suncitysherryl.com,https://www.suncitysherryl.com/,
Sun City West,https://suncitywest.org/,Sun City West,AZ,Unknown,pickleball; tennis; racquetball,Indoor and outdoor,,,,,,,,,,,,,,suncitywest.org,Indoor and Outdoor,Both indoor and outdoor court language found on site. AZ location evidence: address. No decision maker found on public pages. No court count stated by a reliable source; left blank.,https://suncitywest.org/ | https://suncitywest.org/find-out-more/contact-us/,Playwright,https://suncitywest.org,https://suncitywest.org/,
Sun Devil Athletics,https://sundevils.com/,Tempe,AZ,College / University,tennis; basketball; volleyball,Indoor and outdoor,,,Joe,Brennan,Executive Director,,,joe@thesundevils.com,joe.brennan@thesundevils.com,joebrennan@thesundevils.com,jbrennan@thesundevils.com,j.brennan@thesundevils.com,joeb@thesundevils.com,thesundevils.com,Indoor and Outdoor,Both indoor and outdoor court language found on site. AZ location evidence: address. No court count stated by a reliable source; left blank. Paid access signals present (membership/rental/program). Guessed emails are UNVERIFIED pattern permutations - not published addresses.,https://sundevils.com/ | https://thesundevils.com/about/contact-us | https://thesundevils.com/facilities-venues | https://thesundevils.com/about/media-relations | https://thesundevils.com/staff-directory | https://thesundevils.com/news/2026/08/06/sda-hall-of-fame-class-of-2026 | https://thesundevils.com/spirit/social-directory,Playwright,https://thesundevils.com,https://sundevils.com/,
Sun Devil Fitness,https://fitness.asu.edu/,,AZ,College / University,basketball; volleyball; squash; racquetball,Indoor and outdoor,2,"pace; One full-length basketball court; Two half basketball courts; Can be set up to hold two volleyball courts; Fully ... Features: 10,976 square feet of space; One full-length basketball court; Two h",,,,,,,,,,,,fitness.asu.edu,Indoor and Outdoor,Both indoor and outdoor court language found on site. AZ location evidence: phone. No decision maker found on public pages. Paid access signals present (membership/rental/program).,https://fitness.asu.edu/ | https://fitness.asu.edu/amenities/equipment-rental | https://fitness.asu.edu/amenities/locker-rental | https://fitness.asu.edu/about-us/staff-directory | https://fitness.asu.edu/about-us/student-employment | https://fitness.asu.edu/about-us/policies,Playwright,https://fitness.asu.edu,https://fitness.asu.edu/,
Swysh Den Basketball,https://www.swyshden.com/,Scottsdale,AZ,College / University,basketball,Indoor and outdoor,,,STEVE,MOSES,Founder,,admin@swyshden.com,steve@swyshden.com,steve.moses@swyshden.com,stevemoses@swyshden.com,smoses@swyshden.com,s.moses@swyshden.com,stevem@swyshden.com,swyshden.com,Indoor and Outdoor,Both indoor and outdoor court language found on site. AZ location evidence: address. No court count stated by a reliable source; left blank. Paid access signals present (membership/rental/program). Guessed emails are UNVERIFIED pattern permutations - not published addresses.,https://www.swyshden.com/ | https://www.swyshden.com/programs/little-swyshers/ | https://www.swyshden.com/programs/1-on-1-training/ | https://www.swyshden.com/programs/leagues/ | https://www.swyshden.com/programs/club-team/ | https://www.swyshden.com/programs/summer-camp/,Playwright,https://swyshden.com,https://www.swyshden.com/,
Tennis Lessons in Gilbert & Phoenix AZ,https://teamhippa.com/,Phoenix,AZ,Racquet / Tennis Club,pickleball; tennis,Indoor and outdoor,,,,,,,info@teamhippa.com,,,,,,,teamhippa.com,Indoor and Outdoor,Both indoor and outdoor court language found on site. AZ location evidence: address. No decision maker found on public pages. No court count stated by a reliable source; left blank. Paid access signals present (membership/rental/program).,https://teamhippa.com/ | https://teamhippa.com/coaches | https://teamhippa.com/contact | https://teamhippa.com/tennis-phoenix | https://teamhippa.com/tennis-gilbert | https://teamhippa.com/book-now | https://teamhippa.com/about-us,Playwright,https://teamhippa.com,https://teamhippa.com/,
Tennis Resorts Online,https://tennisresortsonline.com/,,AZ,Racquet / Tennis Club,pickleball; tennis; racquetball; padel,Indoor and outdoor,4,"n Duck Key blends island relaxation with top-tier racquet facilities. The resort features four tennis courts, comprising two hard courts and two Har-Tru clay courts, set amid tropical foliage. In ad",,,,,info@tennisresortsonline.com,,,,,,,tennisresortsonline.com,Indoor and Outdoor,Both indoor and outdoor court language found on site. AZ location evidence: mention. No decision maker found on public pages. Paid access signals present (membership/rental/program).,https://tennisresortsonline.com/ | https://tennisresortsonline.com/the-ultimate-guide-to-resorts-with-tennis-and-pickleball-courts-in-florida/ | https://tennisresortsonline.com/about/ | https://tennisresortsonline.com/contact/,Playwright,https://tennisresortsonline.com,https://tennisresortsonline.com/,
TennisCourtFinder,https://tenniscourtsnear.me/,,AZ,Racquet / Tennis Club,pickleball; tennis,Indoor and outdoor,,,,,,,,,,,,,,tenniscourtsnear.me,Indoor and Outdoor,Both indoor and outdoor court language found on site. AZ location evidence: mention. No decision maker found on public pages. No court count stated by a reliable source; left blank.,https://tenniscourtsnear.me/ | https://tenniscourtsnear.me/courts | https://tenniscourtsnear.me/pickleball-courts | https://tenniscourtsnear.me/about | https://tenniscourtsnear.me/suggest | https://tenniscourtsnear.me/courts/california,Playwright,https://tenniscourtsnear.me,https://tenniscourtsnear.me/,
The Club at Prescott Lakes,https://www.theclubatprescottlakes.com/,Prescott,AZ,Athletic Center,pickleball; tennis,Indoor and outdoor,,,,,,,,,,,,,,theclubatprescottlakes.com,Indoor and Outdoor,Both indoor and outdoor court language found on site. AZ location evidence: address. No decision maker found on public pages. No court count stated by a reliable source; left blank. Paid access signals present (membership/rental/program).,https://www.theclubatprescottlakes.com/ | https://www.theclubatprescottlakes.com/athletics | https://www.theclubatprescottlakes.com/athletics/aerobics-classes | https://www.theclubatprescottlakes.com/athletics/pools-and-hot-tub | https://www.theclubatprescottlakes.com/athletics/personal-training | https://www.theclubatprescottlakes.com/athletics/spa-service | https://www.theclubatprescottlakes.com/athletics/invigorating-hikes,Playwright,https://theclubatprescottlakes.com,https://www.theclubatprescottlakes.com/,
The Columns,https://columns.wlu.edu/,,AZ,College / University,pickleball; tennis; basketball; volleyball; squash,Indoor and outdoor,,,Lee,Magazine,President,,,lee@columns.wlu.edu,lee.magazine@columns.wlu.edu,leemagazine@columns.wlu.edu,lmagazine@columns.wlu.edu,l.magazine@columns.wlu.edu,leem@columns.wlu.edu,columns.wlu.edu,Indoor and Outdoor,Both indoor and outdoor court language found on site. AZ location evidence: mention. No court count stated by a reliable source; left blank. Paid access signals present (membership/rental/program). Guessed emails are UNVERIFIED pattern permutations - not published addresses.,https://columns.wlu.edu/ | https://columns.wlu.edu/disciplines/business-administration/ | https://columns.wlu.edu/opportunities/athletics/ | https://columns.wlu.edu/opportunities/moot-court/ | https://columns.wlu.edu/opportunities/the-johnson-program/ | https://columns.wlu.edu/opportunities/the-shepherd-program/ | https://columns.wlu.edu/wls-sophie-csatlos-29-selected-for-vfic-presidential-scholars-program/,Playwright,https://columns.wlu.edu,https://columns.wlu.edu/,
The Master,https://gomustangs.com/,,AZ,College / University,basketball; volleyball,Indoor and outdoor,,,,,,,,,,,,,,gomustangs.com,Indoor and Outdoor,Both indoor and outdoor court language found on site. AZ location evidence: mention. No decision maker found on public pages. No court count stated by a reliable source; left blank. Paid access signals present (membership/rental/program).,https://gomustangs.com/ | https://gomustangs.com/facilities | https://gomustangs.com/staff-directory | https://gomustangs.com/sports/2019/5/21/the-masters-university-athletic-training.aspx | https://gomustangs.com/sports/2022/6/17/facilities-eaps.aspx,Playwright,https://gomustangs.com,https://gomustangs.com/,
The Salvation Army Kroc Center,https://krocphoenix.org/kroc-phoenix,Phoenix,AZ,School,pickleball; basketball; volleyball,Indoor and outdoor,1,Court with Set-Up: $75 per hour Rental includes the following features: Exclusive use of 1 basketball court 3-Sets of bleachers for spectators 1-Score Clock 1-Gym Attendant Custodial Services Addit,,,,,info@krocphoenix.org,,,,,,,krocphoenix.org,Indoor and Outdoor,Both indoor and outdoor court language found on site. AZ location evidence: address. No decision maker found on public pages. Paid access signals present (membership/rental/program).,https://krocphoenix.org/kroc-phoenix | https://krocphoenix.org/kroc-phoenix/membership | https://krocphoenix.org/kroc-phoenix/facility-policies | https://krocphoenix.org/kroc-phoenix/program-classes | https://krocphoenix.org/kroc-phoenix/rentals | https://krocphoenix.org/kroc-phoenix/gymnasium-rental | https://krocphoenix.org/kroc-phoenix/multipurpose-rooms,Playwright,https://krocphoenix.org,https://krocphoenix.org/kroc-phoenix,
The Scottsdale Living,https://thescottsdaleliving.com/,Scottsdale,AZ,School,basketball,Indoor and outdoor,,,,,,,info@thescottsdaleliving.com,,,,,,,thescottsdaleliving.com,Indoor and Outdoor,Both indoor and outdoor court language found on site. AZ location evidence: address. No decision maker found on public pages. No court count stated by a reliable source; left blank. Paid access signals present (membership/rental/program).,https://thescottsdaleliving.com/ | https://thescottsdaleliving.com/business-directory/ | https://thescottsdaleliving.com/publications/meet-the-editor/ | https://thescottsdaleliving.com/add-listing/places/,Playwright,https://thescottsdaleliving.com,https://thescottsdaleliving.com/,
Thewestvalleyhometeam.com,https://www.thewestvalleyhometeam.com/,Goodyear,AZ,School,pickleball; tennis,Indoor and outdoor,,,Sold,Search,Owner,,,sold@thewestvalleyhometeam.com,sold.search@thewestvalleyhometeam.com,soldsearch@thewestvalleyhometeam.com,ssearch@thewestvalleyhometeam.com,s.search@thewestvalleyhometeam.com,solds@thewestvalleyhometeam.com,thewestvalleyhometeam.com,Indoor and Outdoor,Both indoor and outdoor court language found on site. AZ location evidence: address. No court count stated by a reliable source; left blank. Paid access signals present (membership/rental/program). Guessed emails are UNVERIFIED pattern permutations - not published addresses.,https://www.thewestvalleyhometeam.com/ | https://www.thewestvalleyhometeam.com/about/ | https://www.thewestvalleyhometeam.com/search/rental_search/,Playwright,https://thewestvalleyhometeam.com,https://www.thewestvalleyhometeam.com/,
Top Flight Volleyball,https://www.topflightvbc.com/,,AZ,College / University,tennis; volleyball,Indoor and outdoor,10,"ame staff philosophy, same expectation of growth. Illinois Elgin 1,800+ ATHLETES 92 TEAMS 10 COURTS Google Maps Apple Maps Arizona Mesa 220 ATHLETES 12 TEAMS 6 COURTS Google Maps Apple Maps",,,,cindygritzman@topflightvbc.com,,,,,,,,topflightvbc.com,Indoor and Outdoor,Both indoor and outdoor court language found on site. AZ location evidence: address. No decision maker found on public pages. Paid access signals present (membership/rental/program).,https://www.topflightvbc.com/ | https://www.topflightvbc.com/staff | https://www.topflightvbc.com/club-programs | https://www.topflightvbc.com/programs | https://www.topflightvbc.com/livestream,Playwright,https://topflightvbc.com,https://www.topflightvbc.com/,
Tucson Racquet & Fitness Club,https://tucsonracquetclub.com/,,AZ,Racquet / Tennis Club,pickleball; tennis; basketball; volleyball; racquetball; padel; handball,Indoor and outdoor,25,"ed to play, train, and feel great year-round within a welcoming community. JOIN US TODAY! 25 TENNIS COURTS 22 PICKLEBALL COURTS FITNESS & GYM FACILITIES SUMMER CAMPS Courtside Kitchen and Center C",,,,,membership@tucsonracquetclub.com,,,,,,,tucsonracquetclub.com,Indoor and Outdoor,Both indoor and outdoor court language found on site. AZ location evidence: zip. No decision maker found on public pages. Paid access signals present (membership/rental/program).,https://tucsonracquetclub.com/ | https://tucsonracquetclub.com/about/ | https://tucsonracquetclub.com/contact/ | https://tucsonracquetclub.com/corporate-memberships/ | https://tucsonracquetclub.com/fitness-classes-and-programs/ | https://tucsonracquetclub.com/join/,Playwright,https://tucsonracquetclub.com,https://tucsonracquetclub.com/,
TucsonTopia,https://tucsontopia.com/,Tucson,AZ,Unknown,pickleball; tennis; basketball; volleyball,Indoor and outdoor,,,,,,staff@tucsontopia.com,,,,,,,,tucsontopia.com,Indoor and Outdoor,Both indoor and outdoor court language found on site. AZ location evidence: address. No decision maker found on public pages. No court count stated by a reliable source; left blank. Paid access signals present (membership/rental/program).,https://tucsontopia.com/ | https://tucsontopia.com/about/,Playwright,https://tucsontopia.com,https://tucsontopia.com/,
USA Racquetball Homepage,https://www.usaracquetball.com/,Tempe,AZ,Racquet / Tennis Club,tennis; squash; racquetball; handball,Indoor and outdoor,1,"ll in their facility. Requirements to participate in the program include: having at least one court, a willingness to help grow racquetball, and utilize at least one service USA Racquetball",,,,,,,,,,,,usaracquetball.com,Indoor and Outdoor,Both indoor and outdoor court language found on site. AZ location evidence: address. No decision maker found on public pages. Paid access signals present (membership/rental/program).,https://www.usaracquetball.com/ | https://www.usaracquetball.com/membership | https://www.usaracquetball.com/facility-partnership | https://www.usaracquetball.com/play/court-specification | https://www.usaracquetball.com/contact-us | https://www.usaracquetball.com/about/history | https://www.usaracquetball.com/about,Playwright,https://usaracquetball.com,https://www.usaracquetball.com/,
Vail Racquet Club Mountain Resort Vail,https://vailracquetclubmountain.familyresort.net/,,AZ,Racquet / Tennis Club,pickleball; tennis,Indoor and outdoor,7,"ps and hot drinks for quick refreshments. Premium Sports Facilities The facility includes seven tennis courts, three pickleball courts, a year-round heated lap pool, and three hot tubs. Vail Racquet",,,,,,,,,,,,vailracquetclubmountain.familyresort.net,Indoor and Outdoor,Both indoor and outdoor court language found on site. AZ location evidence: mention. No decision maker found on public pages. Paid access signals present (membership/rental/program).,https://vailracquetclubmountain.familyresort.net/,Playwright,https://vailracquetclubmountain.familyresort.net,https://vailracquetclubmountain.familyresort.net/,
Vail Soccer Club,https://vailsoccer.club/,Tucson,AZ,College / University,tennis; basketball,Indoor and outdoor,,,,,,,,,,,,,,vailsoccer.club,Indoor and Outdoor,Both indoor and outdoor court language found on site. AZ location evidence: address. No decision maker found on public pages. No court count stated by a reliable source; left blank. Paid access signals present (membership/rental/program).,https://vailsoccer.club/ | https://vailsoccer.club/about/ | https://vailsoccer.club/staff/ | https://vailsoccer.club/contact/,Playwright,https://vailsoccer.club,https://vailsoccer.club/,
Valley of the Sun J,https://valleyofthesunj.org/,Scottsdale,AZ,Unknown,pickleball; basketball,Indoor and outdoor,2,"Z · Adults + Seniors · Arts, Culture + Education · Connect ... Top-Notch Amenities: Enjoy 2 indoor basketball courts, a playground, ninja ... J Teen Connect AZ · Adults + Seniors · Arts, Culture + Education",,,,boonee@valleyofthesunj.org,,,,,,,,valleyofthesunj.org,Indoor and Outdoor,Both indoor and outdoor court language found on site. AZ location evidence: address. No decision maker found on public pages. Paid access signals present (membership/rental/program).,https://valleyofthesunj.org/ | https://valleyofthesunj.org/membership/ | https://valleyofthesunj.org/about/partners/ | https://valleyofthesunj.org/sports-leagues/pickleball/reserve-a-court/ | https://valleyofthesunj.org/kids-family/after-school-year-programming/ | https://valleyofthesunj.org/kids-family/family-programs/ | https://valleyofthesunj.org/about/,Playwright,https://valleyofthesunj.org,https://valleyofthesunj.org/,
Valley of the Sun YMCA,https://valleyymca.org/,Flagstaff,AZ,YMCA / JCC,pickleball; basketball; racquetball,Indoor and outdoor,,,,,,,,,,,,,,valleyymca.org,Indoor and Outdoor,Both indoor and outdoor court language found on site. AZ location evidence: address. No decision maker found on public pages. No court count stated by a reliable source; left blank. Paid access signals present (membership/rental/program).,https://valleyymca.org/ | https://valleyymca.org/membership/join/ | https://valleyymca.org/membership/ | https://valleyymca.org/flagstaff/ | https://valleyymca.org/programs/ | https://valleyymca.org/programs/youth-family-engagement/,Playwright,https://valleyymca.org,https://valleyymca.org/,
Ventana Canyon Club & Lodge,https://www.ventanacanyonclub.com/,Tucson,AZ,Racquet / Tennis Club,pickleball; tennis,Indoor and outdoor,8,Ventana Canyon Tucson golf membership - Ventana Canyon Club & Lodge We have lights on all eight pickleball courts so playing into the evening is always an option. Remember you can reserve a court by just,,,,,,,,,,,,ventanacanyonclub.com,Indoor and Outdoor,Both indoor and outdoor court language found on site. AZ location evidence: address. No decision maker found on public pages. Paid access signals present (membership/rental/program).,https://www.ventanacanyonclub.com/ | https://www.ventanacanyonclub.com/the-club/ | https://www.ventanacanyonclub.com/membership/ | https://www.ventanacanyonclub.com/golf/practice-facility/ | https://www.ventanacanyonclub.com/about-us/ | https://www.ventanacanyonclub.com/about-us/our-history/ | https://www.ventanacanyonclub.com/about-us/green-initiatives/,Playwright,https://ventanacanyonclub.com,https://www.ventanacanyonclub.com/,
Welcome to The Clubs of Dove Mountain,https://www.clubsofdovemountain.com/,Marana,AZ,Private Club,pickleball; tennis,Indoor and outdoor,,,,,,,,,,,,,,clubsofdovemountain.com,Indoor and Outdoor,Both indoor and outdoor court language found on site. AZ location evidence: address. No decision maker found on public pages. No court count stated by a reliable source; left blank. Paid access signals present (membership/rental/program).,https://www.clubsofdovemountain.com/ | https://www.clubsofdovemountain.com/join | https://www.clubsofdovemountain.com/our-story/forms/contact-us,Playwright,https://clubsofdovemountain.com,https://www.clubsofdovemountain.com/,
WherePickleball,https://wherepickleball.com/,Mesa,AZ,Pickleball Club,pickleball; tennis; basketball; volleyball; badminton,Indoor and outdoor,121,"Lynn Haven, AL 1 location • 1 court 1 public Playing Pickleball in Alabama Alabama offers 121 pickleball courts across 55 cities, making it one of the top destinations for pickleball enthusiasts. Wheth",,,,,,,,,,,,wherepickleball.com,Indoor and Outdoor,Both indoor and outdoor court language found on site. AZ location evidence: address. No decision maker found on public pages. Paid access signals present (membership/rental/program).,https://wherepickleball.com/ | https://wherepickleball.com/courts | https://wherepickleball.com/submit-court | https://wherepickleball.com/blog/build-pickleball-court-home-diy-guide | https://wherepickleball.com/blog/pickleball-court-surfaces-guide | https://wherepickleball.com/courts/alabama,Playwright,https://wherepickleball.com,https://wherepickleball.com/,
whitemountainracquetclub.com,https://whitemountainracquetclub.com/,Show Low,AZ,Racquet / Tennis Club,pickleball; tennis; badminton; padel,Indoor and outdoor,,,,,,,info@whitemountainracquetclub.com,,,,,,,whitemountainracquetclub.com,Indoor and Outdoor,Both indoor and outdoor court language found on site. AZ location evidence: address. No decision maker found on public pages. No court count stated by a reliable source; left blank. Paid access signals present (membership/rental/program).,https://whitemountainracquetclub.com/ | https://whitemountainracquetclub.com/about | https://whitemountainracquetclub.com/meet-the-team | https://whitemountainracquetclub.com/info-about-ladders | https://whitemountainracquetclub.com/contact,Playwright,https://whitemountainracquetclub.com,https://whitemountainracquetclub.com/,
WorldOfPlaygrounds.com,https://worldofplaygrounds.com/,,AZ,Unknown,basketball,Indoor and outdoor,,,,,,undrtkr984@gmail.com,,,,,,,,worldofplaygrounds.com,Indoor and Outdoor,Both indoor and outdoor court language found on site. AZ location evidence: mention. No decision maker found on public pages. No court count stated by a reliable source; left blank. Paid access signals present (membership/rental/program).,https://worldofplaygrounds.com/ | https://worldofplaygrounds.com/about-us/ | https://worldofplaygrounds.com/get-in-touch/,Playwright,https://worldofplaygrounds.com,https://worldofplaygrounds.com/,
Yavapai Humane Society,https://yavapaihumane.org/,Prescott,AZ,Unknown,pickleball,Indoor and outdoor,,,,,,,,,,,,,,yavapaihumane.org,Indoor and Outdoor,Both indoor and outdoor court language found on site. AZ location evidence: address. No decision maker found on public pages. No court count stated by a reliable source; left blank. Paid access signals present (membership/rental/program).,https://yavapaihumane.org/ | https://yavapaihumane.org/equine-program/ | https://yavapaihumane.org/pet-guardianship-program/ | https://yavapaihumane.org/working-cat-program/ | https://yavapaihumane.org/history-and-mission/ | https://yavapaihumane.org/contact/,Playwright,https://yavapaihumane.org,https://yavapaihumane.org/,
AAZPC,https://aazpc.org/,Anthem,AZ,Country Club,pickleball,Unclear,14,e AAZPC - Home AAZPC - Where To Play AAZPC - Home AAZPC - Home Anthem Recreation Center - 14 courts near the Anthem Recreation/Community Center at 41130 N Freedom Way. Available for Anthem,,,,,,,,,,,,aazpc.org,Needs Review,"Court sports and paid access found, but indoor/outdoor not stated. AZ location evidence: address. No decision maker found on public pages. Paid access signals present (membership/rental/program).",https://aazpc.org/ | https://aazpc.org/page-18144 | https://aazpc.org/page-18132 | https://aazpc.org/Join-Us,Playwright,https://aazpc.org,https://aazpc.org/,
Ace Pickleball Club,https://www.acepickleballclub.com/,Tucson,AZ,Pickleball Club,pickleball,Unclear,,,,,,,,,,,,,,acepickleballclub.com,Needs Review,"Court sports and paid access found, but indoor/outdoor not stated. AZ location evidence: address. No decision maker found on public pages. No court count stated by a reliable source; left blank. Paid access signals present (membership/rental/program).",https://www.acepickleballclub.com/ | https://www.acepickleballclub.com/championships | https://www.acepickleballclub.com/contact,Playwright,https://acepickleballclub.com,https://www.acepickleballclub.com/,
ACE Volleyball,https://www.acevb.net/,Chandler,AZ,School,basketball; volleyball; racquetball,Unclear,,,Chad,Kreikamp,Club Director,chad@acevb.net,,,,,,,,acevb.net,Needs Review,"Court sports and paid access found, but indoor/outdoor not stated. AZ location evidence: address. No court count stated by a reliable source; left blank. Paid access signals present (membership/rental/program).",https://www.acevb.net/ | https://www.acevb.net/home/about-the-coaches | https://www.acevb.net/programs | https://www.acevb.net/programs/strength-and-conditioning | https://www.acevb.net/programs/SummerPrograms | https://www.acevb.net/programs/mental-aspect | https://www.acevb.net/programs/volleyball-festival,Playwright,https://acevb.net,https://www.acevb.net/,
Ahwatukee 411,https://ahwatukee411.com/,Phoenix,AZ,Unknown,tennis,Unclear,,,,,,,,,,,,,,ahwatukee411.com,Needs Review,"Court sports and paid access found, but indoor/outdoor not stated. AZ location evidence: address. No decision maker found on public pages. No court count stated by a reliable source; left blank. Paid access signals present (membership/rental/program).",https://ahwatukee411.com/ | https://ahwatukee411.com/business-directory/ | https://ahwatukee411.com/about/ | https://ahwatukee411.com/contact/,Playwright,https://ahwatukee411.com,https://ahwatukee411.com/,
AHWATUKEE COMMUNITY GARDEN,https://acgarden.weebly.com/,Phoenix,AZ,Unknown,basketball; squash,Unclear,,,,,,ahwcomgarden@gmail.com,,,,,,,,acgarden.weebly.com,Needs Review,"Court sports and paid access found, but indoor/outdoor not stated. AZ location evidence: address. No decision maker found on public pages. No court count stated by a reliable source; left blank. Paid access signals present (membership/rental/program).",https://acgarden.weebly.com/ | https://acgarden.weebly.com/contact.html | https://acgarden.weebly.com/compost-program.html,Playwright,https://acgarden.weebly.com,https://acgarden.weebly.com/,
"Ahwatukee Community Swim, Tennis & Event Center",https://ahwatukeecommunitycenter.com/,Phoenix,AZ,Racquet / Tennis Club,tennis,Unclear,,,,,,,,,,,,,,ahwatukeecommunitycenter.com,Needs Review,"Court sports and paid access found, but indoor/outdoor not stated. AZ location evidence: address. No decision maker found on public pages. No court count stated by a reliable source; left blank. Paid access signals present (membership/rental/program).",https://ahwatukeecommunitycenter.com/ | https://ahwatukeecommunitycenter.com/tennis-club-memberships/ | https://ahwatukeecommunitycenter.com/about-us/ | https://ahwatukeecommunitycenter.com/contact-us/,Playwright,https://ahwatukeecommunitycenter.com,https://ahwatukeecommunitycenter.com/,
Altitude Volleyball Club,https://altitudevolleyball.com/,Mesa,AZ,Private Club,volleyball,Unclear,,,,,,,info@altitudevolleyball.com,,,,,,,altitudevolleyball.com,Needs Review,"Court sports found, but indoor/outdoor not stated. AZ location evidence: address. No decision maker found on public pages. No court count stated by a reliable source; left blank.",https://altitudevolleyball.com/ | https://altitudevolleyball.com/club/contact,Playwright,https://altitudevolleyball.com,https://altitudevolleyball.com/,
Anthem Golf & Country Club,https://www.invitedclubs.com/clubs/anthem-golf-country-club,Phoenix,AZ,Country Club,pickleball; tennis,Unclear,8,"training, and energizing group classes designed for every level. Challenge friends on our eight tennis courts and dedicated pickleball courts, or join leagues and clinics led by experienced professio",,,,,,,,,,,,anthemclubaz.com,Needs Review,"Court sports and paid access found, but indoor/outdoor not stated. AZ location evidence: address. No decision maker found on public pages. Paid access signals present (membership/rental/program).",https://www.invitedclubs.com/clubs/anthem-golf-country-club,Playwright,https://anthemclubaz.com,https://www.invitedclubs.com/clubs/anthem-golf-country-club,
Apache Junction Public Library,https://www.ajpl.org/,Apache Junction,AZ,College / University,squash,Unclear,,,,,,,,,,,,,,ajpl.org,Needs Review,"Court sports and paid access found, but indoor/outdoor not stated. AZ location evidence: address. No decision maker found on public pages. No court count stated by a reliable source; left blank. Paid access signals present (membership/rental/program).",https://www.ajpl.org/ | https://www.ajpl.org/contact-us/ | https://www.ajpl.org/library-staff/ | https://www.ajpl.org/funvan/contact-us/ | https://www.ajpl.org/clubs-and-programs/,Playwright,https://ajpl.org,https://www.ajpl.org/,
Apache Junction Unified School District,https://www.ajusd.org/,Apache Junction,AZ,School,volleyball,Unclear,,,,,,,,,,,,,,ajusd.org,Needs Review,"Court sports and paid access found, but indoor/outdoor not stated. AZ location evidence: address. No decision maker found on public pages. No court count stated by a reliable source; left blank. Paid access signals present (membership/rental/program).",https://www.ajusd.org/ | https://www.ajusd.org/26115_1 | https://www.ajusd.org/ajusdfinances | https://www.ajusd.org/schoolfacilityfunding | https://www.ajusd.org/meet-the-board | https://www.ajusd.org/staff | https://www.ajusd.org/sro,Playwright,https://ajusd.org,https://www.ajusd.org/,
Arizona Arsenal Soccer Club,https://azarsenalsc_academy.ottosport.ai/,Flagstaff,AZ,College / University,futsal,Unclear,,,Tanna,Finnvik-,President,tannafinnvik@azarsenalsc.org,info@azarsenalsc.org,,,,,,,azarsenalsc.org,Needs Review,"Court sports and paid access found, but indoor/outdoor not stated. AZ location evidence: address. No court count stated by a reliable source; left blank. Paid access signals present (membership/rental/program).",https://azarsenalsc_academy.ottosport.ai/ | https://azarsenalsc_academy.ottosport.ai/club/team-directory | https://azarsenalsc_academy.ottosport.ai/staff | https://azarsenalsc_academy.ottosport.ai/club/select-program | https://azarsenalsc_academy.ottosport.ai/club/flagstaff | https://azarsenalsc_academy.ottosport.ai/club/arizona-arsenal-soccer-club-recreational-program | https://azarsenalsc_academy.ottosport.ai/contact,Playwright,https://azarsenalsc_academy.ottosport.ai,https://azarsenalsc_academy.ottosport.ai/,
Arizona Athletics,https://www.athleticsaz.com/,,AZ,School,basketball,Unclear,,,,,,,info@athleticsaz.com,,,,,,,athleticsaz.com,Needs Review,"Court sports and paid access found, but indoor/outdoor not stated. AZ location evidence: address. No decision maker found on public pages. No court count stated by a reliable source; left blank. Paid access signals present (membership/rental/program).",https://www.athleticsaz.com/ | https://www.athleticsaz.com/contact | https://www.athleticsaz.com/coaches,Playwright,https://athleticsaz.com,https://www.athleticsaz.com/,
Arizona Badminton Center,https://www.azbadmintoncenter.com/,Mesa,AZ,Private Club,badminton,Unclear,4,"chnique & Racket Control View More COACH Abhishek Tomar Player Development View More From 4 courts to 8. AZBC is doubling its size! More room, more play-time, 8 total courts, and a workout",Guy,Chadwick,Founder,guy@azbadmintoncenter.com,support@azbadmintoncenter.com,,,,,,,azbadmintoncenter.com,Needs Review,"Court sports and paid access found, but indoor/outdoor not stated. AZ location evidence: address. Paid access signals present (membership/rental/program).",https://www.azbadmintoncenter.com/ | https://www.azbadmintoncenter.com/memberships | https://www.azbadmintoncenter.com/contact,Playwright,https://azbadmintoncenter.com,https://www.azbadmintoncenter.com/,
Arizona Jewish Post,https://azjewishpost.com/,Tucson,AZ,YMCA / JCC,tennis,Unclear,,,,,,,,,,,,,,azjewishpost.com,Needs Review,"Court sports and paid access found, but indoor/outdoor not stated. AZ location evidence: address. No decision maker found on public pages. No court count stated by a reliable source; left blank. Paid access signals present (membership/rental/program).",https://azjewishpost.com/,Playwright,https://azjewishpost.com,https://azjewishpost.com/,
Arizona Masters Swimming,https://azlmsc.org/,,AZ,College / University,tennis,Unclear,,,,,,,,,,,,,,azlmsc.org,Needs Review,"Court sports and paid access found, but indoor/outdoor not stated. AZ location evidence: mention. No decision maker found on public pages. No court count stated by a reliable source; left blank. Paid access signals present (membership/rental/program).",https://azlmsc.org/ | https://azlmsc.org/about/ | https://azlmsc.org/contact-us-2/,Playwright,https://azlmsc.org,https://azlmsc.org/,
Arizona Set Point,https://azsetpt.com/,,AZ,Health Club,volleyball,Unclear,,,,,,info.arizonasetpoint@gmail.com,,,,,,,,azsetpt.com,Needs Review,"Court sports and paid access found, but indoor/outdoor not stated. AZ location evidence: zip. No decision maker found on public pages. No court count stated by a reliable source; left blank. Paid access signals present (membership/rental/program).",https://azsetpt.com/ | https://azsetpt.com/about/ | https://azsetpt.com/memberships/,Playwright,https://azsetpt.com,https://azsetpt.com/,
Arizona Sky Volleyball Academy,https://www.azskyacademy.com/,Phoenix,AZ,College / University,volleyball,Unclear,4,"es Sky unique is the environment we provide. With our own 16,000 square foot facility and four courts, we control the training experience to maximize development. Families know their daughter",,,,,info@azskyacademy.com,,,,,,,azskyacademy.com,Needs Review,"Court sports and paid access found, but indoor/outdoor not stated. AZ location evidence: address. No decision maker found on public pages. Paid access signals present (membership/rental/program).",https://www.azskyacademy.com/ | https://www.azskyacademy.com/programs | https://www.azskyacademy.com/about,Playwright,https://azskyacademy.com,https://www.azskyacademy.com/,
Arizona Snipers,https://sniperssports.com/,Maricopa,AZ,School,basketball,Unclear,,,,,,,,,,,,,,sniperssports.com,Needs Review,"Court sports and paid access found, but indoor/outdoor not stated. AZ location evidence: address. No decision maker found on public pages. No court count stated by a reliable source; left blank. Paid access signals present (membership/rental/program).",https://sniperssports.com/ | https://sniperssports.com/about/ | https://sniperssports.com/contact/,Playwright,https://sniperssports.com,https://sniperssports.com/,
Arizona Sports League,https://azsportsleague.com/,,AZ,Unknown,pickleball; tennis; basketball; volleyball,Unclear,,,,,,,,,,,,,,azsportsleague.com,Needs Review,"Court sports and paid access found, but indoor/outdoor not stated. AZ location evidence: address. No decision maker found on public pages. No court count stated by a reliable source; left blank. Paid access signals present (membership/rental/program).",https://azsportsleague.com/ | https://azsportsleague.com/contact-us/ | https://azsportsleague.com/about-us/,Playwright,https://azsportsleague.com,https://azsportsleague.com/,
Arizona Storm Elite Volleyball Club,https://www.arizonastormelitevbc.com/,Phoenix,AZ,College / University,volleyball,Unclear,,,,,,,,,,,,,,arizonastormelitevbc.com,Needs Review,"Court sports and paid access found, but indoor/outdoor not stated. AZ location evidence: address. No decision maker found on public pages. No court count stated by a reliable source; left blank. Paid access signals present (membership/rental/program).",https://www.arizonastormelitevbc.com/ | https://www.arizonastormelitevbc.com/page/show/4529495-contact-us,Playwright,https://arizonastormelitevbc.com,https://www.arizonastormelitevbc.com/,
Arizona Tennis and Golf Academy,http://www.eastvalleytennis.com/;jsessionid=12BC45171288620EFCF2CE46B1D22C21.v5-web010,Mesa,AZ,Racquet / Tennis Club,tennis,Unclear,,,Chris,Langdon,Owner,,,chris@eastvalleytennis.com,chris.langdon@eastvalleytennis.com,chrislangdon@eastvalleytennis.com,clangdon@eastvalleytennis.com,c.langdon@eastvalleytennis.com,chrisl@eastvalleytennis.com,eastvalleytennis.com,Needs Review,"Court sports and paid access found, but indoor/outdoor not stated. AZ location evidence: address. No court count stated by a reliable source; left blank. Paid access signals present (membership/rental/program). Guessed emails are UNVERIFIED pattern permutations - not published addresses.",http://www.eastvalleytennis.com/;jsessionid=12BC45171288620EFCF2CE46B1D22C21.v5-web010 | http://www.eastvalleytennis.com/about-us,Playwright,https://eastvalleytennis.com,http://www.eastvalleytennis.com/;jsessionid=12BC45171288620EFCF2CE46B1D22C21.v5-web010,
Arizona Volleyball Academy,https://arizonavolleyballacademy.com/,,AZ,School,volleyball,Unclear,,,Ben,Markley,Club Director,,,ben@arizonavolleyballacademy.com,ben.markley@arizonavolleyballacademy.com,benmarkley@arizonavolleyballacademy.com,bmarkley@arizonavolleyballacademy.com,b.markley@arizonavolleyballacademy.com,benm@arizonavolleyballacademy.com,arizonavolleyballacademy.com,Needs Review,"Court sports and paid access found, but indoor/outdoor not stated. AZ location evidence: phone. No court count stated by a reliable source; left blank. Paid access signals present (membership/rental/program). Guessed emails are UNVERIFIED pattern permutations - not published addresses.",https://arizonavolleyballacademy.com/ | https://arizonavolleyballacademy.com/about-ava | https://arizonavolleyballacademy.com/contact-us,Playwright,https://arizonavolleyballacademy.com,https://arizonavolleyballacademy.com/,
Arizona Western College,https://www.azwestern.edu/,Yuma,AZ,College / University,basketball,Unclear,,,,,,,,,,,,,,azwestern.edu,Needs Review,"Court sports and paid access found, but indoor/outdoor not stated. AZ location evidence: address. No decision maker found on public pages. No court count stated by a reliable source; left blank. Paid access signals present (membership/rental/program).",https://www.azwestern.edu/ | https://www.azwestern.edu/directory | https://www.azwestern.edu/about | https://www.azwestern.edu/about/yuma | https://www.azwestern.edu/about/history | https://www.azwestern.edu/about/campus-tour | https://www.azwestern.edu/about/parents-guide,Playwright,https://azwestern.edu,https://www.azwestern.edu/,
Aspire Volleyball Club,https://aspirevb.com/,Tempe,AZ,Private Club,volleyball,Unclear,,,,,,,info@aspirevb.com,,,,,,,aspirevb.com,Needs Review,"Court sports found, but indoor/outdoor not stated. AZ location evidence: address. No decision maker found on public pages. No court count stated by a reliable source; left blank.",https://aspirevb.com/ | https://aspirevb.com/club/about | https://aspirevb.com/club/team | https://aspirevb.com/club/adultprograms | https://aspirevb.com/club/contact | https://aspirevb.com/club/girlstryoutsseasoninfo | https://aspirevb.com/club/boystryouts,Playwright,https://aspirevb.com,https://aspirevb.com/,
Assist Industries,https://www.assist.industries/,,AZ,Unknown,basketball,Unclear,,,,,,scott@assist.industries,,,,,,,,assist.industries,Needs Review,"Court sports found, but indoor/outdoor not stated. AZ location evidence: phone. No decision maker found on public pages. No court count stated by a reliable source; left blank.",https://www.assist.industries/ | https://www.assist.industries/about | https://www.assist.industries/contact,Playwright,https://assist.industries,https://www.assist.industries/,
Athletes Only Volleyball Club,https://aovbc.com/,Mesa,AZ,Private Club,volleyball,Unclear,,,,,,aovolleyballclub@gmail.com,,,,,,,,aovbc.com,Needs Review,"Court sports and paid access found, but indoor/outdoor not stated. AZ location evidence: address. No decision maker found on public pages. No court count stated by a reliable source; left blank. Paid access signals present (membership/rental/program).",https://aovbc.com/ | https://aovbc.com/club/about | https://aovbc.com/club/coaches-staff | https://aovbc.com/club/facilities | https://aovbc.com/club/contact,Playwright,https://aovbc.com,https://aovbc.com/,
Atomic Courts Etc. (A.C.E.),https://atomiccourtsetc.com/,Glendale,AZ,Health Club,volleyball,Unclear,1,rds.” - William A. Ward More Volleyball Quotes Sport Volleyball Home / Facilities Showing 1 Court All fields are open. Atomic Courts Etc. (A.C.E.) - West OPEN 7214 W Campo Bello Dr Glenda,,,,john@atomiccourtsetc.com,info@atomiccourtsetc.com,,,,,,,atomiccourtsetc.com,Needs Review,"Court sports and paid access found, but indoor/outdoor not stated. AZ location evidence: address. No decision maker found on public pages. Paid access signals present (membership/rental/program).",https://atomiccourtsetc.com/ | https://atomiccourtsetc.com/contact | https://atomiccourtsetc.com/all-field-list | https://atomiccourtsetc.com/complex-show/96123 | https://atomiccourtsetc.com/league/30449,Playwright,https://atomiccourtsetc.com,https://atomiccourtsetc.com/,
AZ Hype,https://www.azhype.com/,,AZ,School,volleyball,Unclear,3,"Rental Package includes exclusive all-access to the facility, including the lobby and all 3 courts for 2 hours. **Does not include access to to Elite U** Rental Includes: Two 6' Tables & C",Ashlynn,Medina,Owner,ashlynn@azhype.com,info@azhype.com,,,,,,,azhype.com,Needs Review,"Court sports and paid access found, but indoor/outdoor not stated. AZ location evidence: address. Paid access signals present (membership/rental/program).",https://www.azhype.com/ | https://www.azhype.com/about | https://www.azhype.com/our-team | https://www.azhype.com/book-now | https://www.azhype.com/memberships | https://www.azhype.com/court-rentals | https://www.azhype.com/hype-alliance-junior-development-leagues--8u-12u,Playwright,https://azhype.com,https://www.azhype.com/,
AZ Kings Volleyball Club - Scottdale & Phoenix Competitive Volleyball,https://www.azkingsvb.com/,,AZ,School,volleyball,Unclear,,,,,,,info@azkingsvb.com,,,,,,,azkingsvb.com,Needs Review,"Court sports and paid access found, but indoor/outdoor not stated. AZ location evidence: zip. No decision maker found on public pages. No court count stated by a reliable source; left blank. Paid access signals present (membership/rental/program).",https://www.azkingsvb.com/ | https://www.azkingsvb.com/aboutus,Playwright,https://azkingsvb.com,https://www.azkingsvb.com/,
AZ Wild Volleyball Club,https://www.azwildvolleyball.com/,,AZ,School,volleyball,Unclear,,,,,,azwildvolleyball@gmail.com,,,,,,,,azwildvolleyball.com,Needs Review,"Court sports and paid access found, but indoor/outdoor not stated. AZ location evidence: mention. No decision maker found on public pages. No court count stated by a reliable source; left blank. Paid access signals present (membership/rental/program).",https://www.azwildvolleyball.com/ | https://www.azwildvolleyball.com/staff,Playwright,https://azwildvolleyball.com,https://www.azwildvolleyball.com/,
AZ Youth Sports Scene,https://www.azyouthsportsscene.com/,Phoenix,AZ,College / University,basketball; volleyball,Unclear,,,Lee,Stewart,Founder,,info@azyouthsportsscene.com,lee@azyouthsportsscene.com,lee.stewart@azyouthsportsscene.com,leestewart@azyouthsportsscene.com,lstewart@azyouthsportsscene.com,l.stewart@azyouthsportsscene.com,lees@azyouthsportsscene.com,azyouthsportsscene.com,Needs Review,"Court sports found, but indoor/outdoor not stated. AZ location evidence: address. No court count stated by a reliable source; left blank. Guessed emails are UNVERIFIED pattern permutations - not published addresses.",https://www.azyouthsportsscene.com/ | https://www.azyouthsportsscene.com/facilitiesbycity | https://www.azyouthsportsscene.com/contact,Playwright,https://azyouthsportsscene.com,https://www.azyouthsportsscene.com/,
Azone Volleyball Club,https://www.azonevolleyball.com/,Surprise,AZ,School,volleyball,Unclear,,,Keith,Montoya,Club Director,,,keith@azonevolleyball.com,keith.montoya@azonevolleyball.com,keithmontoya@azonevolleyball.com,kmontoya@azonevolleyball.com,k.montoya@azonevolleyball.com,keithm@azonevolleyball.com,azonevolleyball.com,Needs Review,"Court sports and paid access found, but indoor/outdoor not stated. AZ location evidence: address. No court count stated by a reliable source; left blank. Paid access signals present (membership/rental/program). Guessed emails are UNVERIFIED pattern permutations - not published addresses.",https://www.azonevolleyball.com/ | https://www.azonevolleyball.com/page/show/2214290-about-us | https://www.azonevolleyball.com/page/show/2219173-facilities,Playwright,https://azonevolleyball.com,https://www.azonevolleyball.com/,
BadmintonClubs,https://badmintonclubs.org/,,AZ,College / University,badminton,Unclear,,,,,,,,,,,,,,badmintonclubs.org,Needs Review,"Court sports and paid access found, but indoor/outdoor not stated. AZ location evidence: mention. No decision maker found on public pages. No court count stated by a reliable source; left blank. Paid access signals present (membership/rental/program).",https://badmintonclubs.org/ | https://badmintonclubs.org/about | https://badmintonclubs.org/contact,Playwright,https://badmintonclubs.org,https://badmintonclubs.org/,
Ballin Elite,https://ballinelite.com/,Tempe,AZ,College / University,basketball,Unclear,,,,,,,,,,,,,,ballinelite.com,Needs Review,"Court sports and paid access found, but indoor/outdoor not stated. AZ location evidence: address. No decision maker found on public pages. No court count stated by a reliable source; left blank. Paid access signals present (membership/rental/program).",https://ballinelite.com/ | https://ballinelite.com/about/ | https://ballinelite.com/contact/ | https://ballinelite.com/programs/,Playwright,https://ballinelite.com,https://ballinelite.com/,
Basketball Ingredients LLC - Setmore,https://basketballingredients.setmore.com/,Avondale,AZ,School,basketball,Unclear,,,,,,train@basketballingredients.com,,,,,,,,basketballingredients.com,Needs Review,"Court sports and paid access found, but indoor/outdoor not stated. AZ location evidence: address. No decision maker found on public pages. No court count stated by a reliable source; left blank. Paid access signals present (membership/rental/program).",https://basketballingredients.setmore.com/ | https://basketballingredients.setmore.com/book,Playwright,https://basketballingredients.setmore.com,https://basketballingredients.setmore.com/,
Benedictine University,https://ben.edu/,Mesa,AZ,College / University,basketball,Unclear,,,,,,,,,,,,,,ben.edu,Needs Review,"Court sports and paid access found, but indoor/outdoor not stated. AZ location evidence: address. No decision maker found on public pages. No court count stated by a reliable source; left blank. Paid access signals present (membership/rental/program).",https://ben.edu/ | https://ben.edu/graduate-doctoral-programs/ | https://ben.edu/admissions/corporate-partner-program/ | https://ben.edu/degree-programs/ | https://ben.edu/academics/certificate-programs/ | https://ben.edu/student-life/student-activities/lisle-athletics/ | https://ben.edu/mesa/mesa-athletics/,Playwright,https://ben.edu,https://ben.edu/,
Big House Christian Academy,https://www.bighousechristianacademy.com/,Casa Grande,AZ,School,basketball; volleyball,Unclear,,,MR.,BRADY,Operations Director,,admin@bighousechristianacademy.com,mr@bighousechristianacademy.com,mr.brady@bighousechristianacademy.com,mrbrady@bighousechristianacademy.com,mbrady@bighousechristianacademy.com,m.brady@bighousechristianacademy.com,mrb@bighousechristianacademy.com,bighousechristianacademy.com,Needs Review,"Court sports and paid access found, but indoor/outdoor not stated. AZ location evidence: address. No court count stated by a reliable source; left blank. Paid access signals present (membership/rental/program). Guessed emails are UNVERIFIED pattern permutations - not published addresses.",https://www.bighousechristianacademy.com/ | https://www.bighousechristianacademy.com/about | https://www.bighousechristianacademy.com/about/meet-the-staff | https://www.bighousechristianacademy.com/about/statement-of-faith | https://www.bighousechristianacademy.com/about/employment | https://www.bighousechristianacademy.com/student-life/athletics | https://www.bighousechristianacademy.com/student-life/student-leadership,Playwright,https://bighousechristianacademy.com,https://www.bighousechristianacademy.com/,
Bjerk Builders - #1 Tenant Improvement Contractor in Arizona,https://bjerkbuilders.com/,Gilbert,AZ,School,basketball,Unclear,,,Nate,Lowrie,CEO,nate@bjerkbuilders.com,,,,,,,,bjerkbuilders.com,Needs Review,"Court sports and paid access found, but indoor/outdoor not stated. AZ location evidence: address. No court count stated by a reliable source; left blank. Paid access signals present (membership/rental/program).",https://bjerkbuilders.com/ | https://bjerkbuilders.com/about-us/ | https://bjerkbuilders.com/our-team/ | https://bjerkbuilders.com/contact/,Playwright,https://bjerkbuilders.com,https://bjerkbuilders.com/,
Bodyworks Health And,https://www.bodyworksaz.com/,Show Low,AZ,Pickleball Club,pickleball; basketball; racquetball,Unclear,,,,,,bodyworkshealthnfitness@gmail.com,,,,,,,,bodyworksaz.com,Needs Review,"Court sports and paid access found, but indoor/outdoor not stated. AZ location evidence: address. No decision maker found on public pages. No court count stated by a reliable source; left blank. Paid access signals present (membership/rental/program).",https://www.bodyworksaz.com/ | https://www.bodyworksaz.com/blank-1 | https://www.bodyworksaz.com/blank-5,Playwright,https://bodyworksaz.com,https://www.bodyworksaz.com/,
Boltz Volleyball Club,https://boltzathletics.com/,Glendale,AZ,Health Club,volleyball,Unclear,,,,,,ladyboltzvolleyball@gmail.com,,,,,,,,boltzathletics.com,Needs Review,"Court sports and paid access found, but indoor/outdoor not stated. AZ location evidence: address. No decision maker found on public pages. No court count stated by a reliable source; left blank. Paid access signals present (membership/rental/program).",https://boltzathletics.com/ | https://boltzathletics.com/about-us/contact-us/ | https://boltzathletics.com/about-us/ | https://boltzathletics.com/about-us/for-parents/ | https://boltzathletics.com/about-us/for-players/ | https://boltzathletics.com/about-us/sponsors/ | https://boltzathletics.com/about-us/financial-assistance/,Playwright,https://boltzathletics.com,https://boltzathletics.com/,
Born2Ball Basketball,https://www.born2ballbasketball.org/,Surprise,AZ,College / University,basketball,Unclear,,,,,,,,,,,,,,born2ballbasketball.org,Needs Review,"Court sports and paid access found, but indoor/outdoor not stated. AZ location evidence: address. No decision maker found on public pages. No court count stated by a reliable source; left blank. Paid access signals present (membership/rental/program).",https://www.born2ballbasketball.org/ | https://www.born2ballbasketball.org/about,Playwright,https://born2ballbasketball.org,https://www.born2ballbasketball.org/,
Boys & Girls Clubs of the Valley - Arizona,https://www.bgcaz.org/,Phoenix,AZ,College / University,basketball,Unclear,,,,,,,,,,,,,,bgcaz.org,Needs Review,"Court sports and paid access found, but indoor/outdoor not stated. AZ location evidence: address. No decision maker found on public pages. No court count stated by a reliable source; left blank. Paid access signals present (membership/rental/program).",https://www.bgcaz.org/ | https://www.bgcaz.org/program-services-center/ | https://www.bgcaz.org/club-programs/ | https://www.bgcaz.org/after-school-programs/ | https://www.bgcaz.org/tcla-yoy/ | https://www.bgcaz.org/about-us/,Playwright,https://bgcaz.org,https://www.bgcaz.org/,
BUDDY THE BALL,https://buddytheball.net/,Phoenix,AZ,Racquet / Tennis Club,pickleball; tennis; volleyball,Unclear,,,BRANDON,CHRISTOPHER,Founder,,,brandon@buddytheball.net,brandon.christopher@buddytheball.net,brandonchristopher@buddytheball.net,bchristopher@buddytheball.net,b.christopher@buddytheball.net,brandonc@buddytheball.net,buddytheball.net,Needs Review,"Court sports and paid access found, but indoor/outdoor not stated. AZ location evidence: address. No court count stated by a reliable source; left blank. Paid access signals present (membership/rental/program). Guessed emails are UNVERIFIED pattern permutations - not published addresses.",https://buddytheball.net/ | https://buddytheball.net/pages/school-program | https://buddytheball.net/pages/contact-us | https://buddytheball.net/pages/tennis-program | https://buddytheball.net/pages/meet-our-team | https://buddytheball.net/pages/about,Playwright,https://buddytheball.net,https://buddytheball.net/,
Bullhead Pickleball Club,https://bullheadpickleballclub.com/,Bullhead City,AZ,Pickleball Club,pickleball; tennis,Unclear,,,,,,jonpinhorn.typedesign@gmail.com,,,,,,,,bullheadpickleballclub.com,Needs Review,"Court sports and paid access found, but indoor/outdoor not stated. AZ location evidence: address. No decision maker found on public pages. No court count stated by a reliable source; left blank. Paid access signals present (membership/rental/program).",https://bullheadpickleballclub.com/ | https://bullheadpickleballclub.com/membership-application | https://bullheadpickleballclub.com/contact-us,Playwright,https://bullheadpickleballclub.com,https://bullheadpickleballclub.com/,
Camelback Padel Club,https://camelbackpadelclub.com/,Phoenix,AZ,Private Club,pickleball; padel,Unclear,,,,,,,admin@camelbackpadelclub.com,,,,,,,camelbackpadelclub.com,Needs Review,"Court sports and paid access found, but indoor/outdoor not stated. AZ location evidence: address. No decision maker found on public pages. No court count stated by a reliable source; left blank. Paid access signals present (membership/rental/program).",https://camelbackpadelclub.com/,Playwright,https://camelbackpadelclub.com,https://camelbackpadelclub.com/,
Camp Locations - Advantage Basketball Camps,https://www.advantagebasketball.com/,,AZ,School,basketball,Unclear,,,Michael,Hummel,Founder,,info@advantagebasketball.com,michael@advantagebasketball.com,michael.hummel@advantagebasketball.com,michaelhummel@advantagebasketball.com,mhummel@advantagebasketball.com,m.hummel@advantagebasketball.com,michaelh@advantagebasketball.com,advantagebasketball.com,Needs Review,"Court sports and paid access found, but indoor/outdoor not stated. AZ location evidence: mention. No court count stated by a reliable source; left blank. Paid access signals present (membership/rental/program). Guessed emails are UNVERIFIED pattern permutations - not published addresses.",https://www.advantagebasketball.com/ | https://www.advantagebasketball.com/about.htm | https://www.advantagebasketball.com/contact.htm | https://www.advantagebasketball.com/staff.htm,Playwright,https://advantagebasketball.com,https://www.advantagebasketball.com/,
Capital Canyon Club Home Page,https://www.capitalcanyonclub.com/,Prescott,AZ,Private Club,tennis,Unclear,,,CHRISTOPHER,MORRIS,General Manager,,info@capitalcanyonclub.com,christopher@capitalcanyonclub.com,christopher.morris@capitalcanyonclub.com,christophermorris@capitalcanyonclub.com,cmorris@capitalcanyonclub.com,c.morris@capitalcanyonclub.com,christopherm@capitalcanyonclub.com,capitalcanyonclub.com,Needs Review,"Court sports and paid access found, but indoor/outdoor not stated. AZ location evidence: address. No court count stated by a reliable source; left blank. Paid access signals present (membership/rental/program). Guessed emails are UNVERIFIED pattern permutations - not published addresses.",https://www.capitalcanyonclub.com/ | https://www.capitalcanyonclub.com/membership/request-membership-form | https://www.capitalcanyonclub.com/about-us/login | https://www.capitalcanyonclub.com/about-us | https://www.capitalcanyonclub.com/membership | https://www.capitalcanyonclub.com/about-us/troon-prive-benefits,Playwright,https://capitalcanyonclub.com,https://www.capitalcanyonclub.com/,
Carefree Christian Academy,https://carefreechristianacademy.com/,Cave Creek,AZ,College / University,basketball; volleyball,Unclear,,,,,,,info@carefreechristianacademy.com,,,,,,,carefreechristianacademy.com,Needs Review,"Court sports and paid access found, but indoor/outdoor not stated. AZ location evidence: address. No decision maker found on public pages. No court count stated by a reliable source; left blank. Paid access signals present (membership/rental/program).",https://carefreechristianacademy.com/ | https://carefreechristianacademy.com/athletics/ | https://carefreechristianacademy.com/about-carefree-christian-academy/ | https://carefreechristianacademy.com/about-carefree-christian-academy/our-team/ | https://carefreechristianacademy.com/contact/,Playwright,https://carefreechristianacademy.com,https://carefreechristianacademy.com/,
Caruso Turley Scott Inc. - Structural Engineers,https://ctsaz.com/,Tempe,AZ,Unknown,basketball; volleyball,Unclear,4,lic-private state of the art facility serving the Avondale community. Building: 1-Story · 4 Basketball Courts with Haro Hardwood and Schelde Standards · 6 Volleyball Courts with Haro Hardwood and Sch,,,,ctsteam@ctsaz.com,,,,,,,,ctsaz.com,Needs Review,"Court sports and paid access found, but indoor/outdoor not stated. AZ location evidence: address. No decision maker found on public pages. Paid access signals present (membership/rental/program).",https://ctsaz.com/ | https://ctsaz.com/our-company/leadership/ | https://ctsaz.com/our-company/join-our-team/ | https://ctsaz.com/contact-caruso-turley-scott/,Playwright,https://ctsaz.com,https://ctsaz.com/,
Casa Grande Union High School,https://cghs.cguhsd.org/,Casa Grande,AZ,School,basketball; volleyball,Unclear,,,Randy,Robbins,Athletic Director,rrobbins@cguhsd.org,,,,,,,,cguhsd.org,Needs Review,"Court sports and paid access found, but indoor/outdoor not stated. AZ location evidence: address. No court count stated by a reliable source; left blank. Paid access signals present (membership/rental/program).",https://cghs.cguhsd.org/ | https://cghs.cguhsd.org/o/cguhs/page/about-us | https://cghs.cguhsd.org/o/cguhs/page/contact-us | https://cghs.cguhsd.org/o/cguhs/staff | https://cghs.cguhsd.org/o/cguhs/page/administration | https://cghs.cguhsd.org/o/cguhs/page/cac-high-school-programs | https://cghs.cguhsd.org/o/cguhs/page/military-programs,Playwright,https://cghs.cguhsd.org,https://cghs.cguhsd.org/,
Chino Valley Crush Volleyball Club,https://cvcrushvolleyball.sportngin.com/,,AZ,Private Club,volleyball,Unclear,,,Kerrie,Long,Club Director,kerrie@cvcrushvolleyball.com,,,,,,,,cvcrushvolleyball.com,Needs Review,"Court sports and paid access found, but indoor/outdoor not stated. AZ location evidence: phone. No court count stated by a reliable source; left blank. Paid access signals present (membership/rental/program).",https://cvcrushvolleyball.sportngin.com/ | https://cvcrushvolleyball.sportngin.com/page/show/5251329-about-,Playwright,https://cvcrushvolleyball.sportngin.com,https://cvcrushvolleyball.sportngin.com/,
Club Cactus Juniors,https://www.clubcactusvolleyball.com/,Tucson,AZ,School,volleyball,Unclear,,,,,,,info@clubcactusvolleyball.com,,,,,,,clubcactusvolleyball.com,Needs Review,"Court sports and paid access found, but indoor/outdoor not stated. AZ location evidence: address. No decision maker found on public pages. No court count stated by a reliable source; left blank. Paid access signals present (membership/rental/program).",https://www.clubcactusvolleyball.com/ | https://www.clubcactusvolleyball.com/about | https://www.clubcactusvolleyball.com/competitive-programs | https://www.clubcactusvolleyball.com/staff,Playwright,https://clubcactusvolleyball.com,https://www.clubcactusvolleyball.com/,
Club Cochise Volleyball,https://www.clubcochise.com/,Sierra Vista,AZ,School,volleyball,Unclear,,,,,,,,,,,,,,clubcochise.com,Needs Review,"Court sports and paid access found, but indoor/outdoor not stated. AZ location evidence: address. No decision maker found on public pages. No court count stated by a reliable source; left blank. Paid access signals present (membership/rental/program).",https://www.clubcochise.com/ | https://www.clubcochise.com/about | https://www.clubcochise.com/staff | https://www.clubcochise.com/allprogramsoffered | https://www.clubcochise.com/programsoffered,Playwright,https://clubcochise.com,https://www.clubcochise.com/,
Club Payson Volleyball,https://clubpaysonvolleyball.com/,,AZ,School,volleyball,Unclear,,,,,,,,,,,,,,clubpaysonvolleyball.com,Needs Review,"Court sports and paid access found, but indoor/outdoor not stated. AZ location evidence: phone. No decision maker found on public pages. No court count stated by a reliable source; left blank. Paid access signals present (membership/rental/program).",https://clubpaysonvolleyball.com/,Playwright,https://clubpaysonvolleyball.com,https://clubpaysonvolleyball.com/,
CLUBWAKA,https://clubwaka.com/,,AZ,Private Club,pickleball; volleyball,Unclear,,,,,,,info@clubwaka.com,,,,,,,clubwaka.com,Needs Review,"Court sports and paid access found, but indoor/outdoor not stated. AZ location evidence: mention. No decision maker found on public pages. No court count stated by a reliable source; left blank. Paid access signals present (membership/rental/program).",https://clubwaka.com/ | https://clubwaka.com/contact-2/,Playwright,https://clubwaka.com,https://clubwaka.com/,
Colorado River Adventures,https://www.cramember.com/,Parker,AZ,Unknown,tennis,Unclear,,,Phil,Younis,President,,info@cramember.com,phil@cramember.com,phil.younis@cramember.com,philyounis@cramember.com,pyounis@cramember.com,p.younis@cramember.com,phily@cramember.com,cramember.com,Needs Review,"Court sports and paid access found, but indoor/outdoor not stated. AZ location evidence: address. No court count stated by a reliable source; left blank. Paid access signals present (membership/rental/program). Guessed emails are UNVERIFIED pattern permutations - not published addresses.",https://www.cramember.com/ | https://www.cramember.com/about-us/ | https://www.cramember.com/contact-us/,Playwright,https://cramember.com,https://www.cramember.com/,
Condos in Scottsdale AZ,https://scottsdalecondomania.com/,Scottsdale,AZ,Unknown,pickleball; tennis; racquetball,Unclear,,,,,,,,,,,,,,scottsdalecondomania.com,Needs Review,"Court sports and paid access found, but indoor/outdoor not stated. AZ location evidence: address. No decision maker found on public pages. No court count stated by a reliable source; left blank. Paid access signals present (membership/rental/program).",https://scottsdalecondomania.com/ | https://scottsdalecondomania.com/condos-with-tennis-courts/ | https://scottsdalecondomania.com/condos-with-racquetball-courts/ | https://scottsdalecondomania.com/condos-with-laundry-facilities/ | https://scottsdalecondomania.com/about-us/ | https://scottsdalecondomania.com/contact/,Playwright,https://scottsdalecondomania.com,https://scottsdalecondomania.com/,
Cosmic Bounce House,https://cosmicbouncehouse.com/,Kingman,AZ,Unknown,pickleball; basketball; volleyball,Unclear,,,,,,cosmicbouncehouse@gmail.com,,,,,,,,cosmicbouncehouse.com,Needs Review,"Court sports and paid access found, but indoor/outdoor not stated. AZ location evidence: address. No decision maker found on public pages. No court count stated by a reliable source; left blank. Paid access signals present (membership/rental/program).",https://cosmicbouncehouse.com/ | https://cosmicbouncehouse.com/rentals/ | https://cosmicbouncehouse.com/rentals/water-rides/ | https://cosmicbouncehouse.com/rentals/slides-combos/ | https://cosmicbouncehouse.com/rentals/photo-booth/ | https://cosmicbouncehouse.com/rentals/tables-chairs/ | https://cosmicbouncehouse.com/rentals/games/,Playwright,https://cosmicbouncehouse.com,https://cosmicbouncehouse.com/,
Cottonwood Tennis Club,https://www.bradshawtennis.com/,Sun Lakes,AZ,Racquet / Tennis Club,tennis,Unclear,,,,,,,,,,,,,,bradshawtennis.com,Needs Review,"Court sports and paid access found, but indoor/outdoor not stated. AZ location evidence: address. No decision maker found on public pages. No court count stated by a reliable source; left blank. Paid access signals present (membership/rental/program).",https://www.bradshawtennis.com/ | https://www.bradshawtennis.com/about,Playwright,https://bradshawtennis.com,https://www.bradshawtennis.com/,
Cottonwood-Oak Creek Schools,https://www.cocsd.us/,Cottonwood,AZ,School,tennis; volleyball,Unclear,,,,,,,,,,,,,,cocsd.us,Needs Review,"Court sports and paid access found, but indoor/outdoor not stated. AZ location evidence: address. No decision maker found on public pages. No court count stated by a reliable source; left blank. Paid access signals present (membership/rental/program).",https://www.cocsd.us/ | https://www.cocsd.us/o/cced/page/employee-links | https://www.cocsd.us/o/cced/page/about,Playwright,https://cocsd.us,https://www.cocsd.us/,
courtone,https://www.courtoneaz.com/,,AZ,College / University,basketball; volleyball,Unclear,9,"thletics. 9100 S McKemy St Tempe, Az 85284 480.626.6788 ; Court One - 45,000 square foot. 9 Volleyball Courts - 4 Basketball Courts 2 Sand Volleyball ... Court One Athletics. 9100 S McKemy St Tempe,",,,,,info@courtoneaz.com,,,,,,,courtoneaz.com,Needs Review,"Court sports and paid access found, but indoor/outdoor not stated. AZ location evidence: phone. No decision maker found on public pages. Paid access signals present (membership/rental/program).",https://www.courtoneaz.com/ | https://www.courtoneaz.com/contact,Playwright,https://courtoneaz.com,https://www.courtoneaz.com/,
D1 Training Website,https://d1training.com/,Gilbert,AZ,School,volleyball,Unclear,,,,,,,,,,,,,,d1training.com,Needs Review,"Court sports and paid access found, but indoor/outdoor not stated. AZ location evidence: address. No decision maker found on public pages. No court count stated by a reliable source; left blank. Paid access signals present (membership/rental/program).",https://d1training.com/ | https://d1training.com/find-a-facility,Playwright,https://d1training.com,https://d1training.com/,
Dark Sky Basketball,https://www.darkskybasketball.com/,Flagstaff,AZ,School,basketball,Unclear,,,,,,darkskyeliteboys@gmail.com,,,,,,,,darkskybasketball.com,Needs Review,"Court sports and paid access found, but indoor/outdoor not stated. AZ location evidence: address. No decision maker found on public pages. No court count stated by a reliable source; left blank. Paid access signals present (membership/rental/program).",https://www.darkskybasketball.com/ | https://www.darkskybasketball.com/about | https://www.darkskybasketball.com/contact,Playwright,https://darkskybasketball.com,https://www.darkskybasketball.com/,
Desert City Prep,https://desertcityprep.org/,Bullhead City,AZ,College / University,basketball,Unclear,,,Sarah,Williams,Co-Founder,,,sarah@desertcityprep.org,sarah.williams@desertcityprep.org,sarahwilliams@desertcityprep.org,swilliams@desertcityprep.org,s.williams@desertcityprep.org,sarahw@desertcityprep.org,desertcityprep.org,Needs Review,"Court sports and paid access found, but indoor/outdoor not stated. AZ location evidence: address. No court count stated by a reliable source; left blank. Paid access signals present (membership/rental/program). Guessed emails are UNVERIFIED pattern permutations - not published addresses.",https://desertcityprep.org/ | https://desertcityprep.org/staff | https://desertcityprep.org/coaching-staff | https://desertcityprep.org/about | https://desertcityprep.org/contact,Playwright,https://desertcityprep.org,https://desertcityprep.org/,
Desert Foothills Athletic Club,https://www.dfacsports.com/,Cave Creek,AZ,School,basketball,Unclear,,,,,,dfacmain@gmail.com,,,,,,,,dfacsports.com,Needs Review,"Court sports and paid access found, but indoor/outdoor not stated. AZ location evidence: address. No decision maker found on public pages. No court count stated by a reliable source; left blank. Paid access signals present (membership/rental/program).",https://www.dfacsports.com/ | https://www.dfacsports.com/Default.aspx,Playwright,https://dfacsports.com,https://www.dfacsports.com/,
Desert Foothills Basketball,https://www.dfacbasketball.com/,Scottsdale,AZ,College / University,basketball,Unclear,,,,,,,,,,,,,,dfacbasketball.com,Needs Review,"Court sports and paid access found, but indoor/outdoor not stated. AZ location evidence: address. No decision maker found on public pages. No court count stated by a reliable source; left blank. Paid access signals present (membership/rental/program).",https://www.dfacbasketball.com/ | https://www.dfacbasketball.com/about | https://www.dfacbasketball.com/contact,Playwright,https://dfacbasketball.com,https://www.dfacbasketball.com/,
Desert Highlands Private Golf & Club Community,https://www.deserthighlandsscottsdale.com/,Scottsdale,AZ,Country Club,pickleball; tennis,Unclear,13,"our court preference, Desert Highlands has you covered. Our private club community boasts 13 courts total—four grass, six clay, and three hard. Unrivaled in the Valley, Desert Highlands' im",,,,jsykora@deserthighlandsscottsdale.com,,,,,,,,deserthighlandsscottsdale.com,Needs Review,"Court sports and paid access found, but indoor/outdoor not stated. AZ location evidence: address. No decision maker found on public pages. Paid access signals present (membership/rental/program).",https://www.deserthighlandsscottsdale.com/ | https://www.deserthighlandsscottsdale.com/membership | https://www.deserthighlandsscottsdale.com/contact | https://www.deserthighlandsscottsdale.com/default.aspx,Playwright,https://deserthighlandsscottsdale.com,https://www.deserthighlandsscottsdale.com/,
Desert Sun VB,https://desertsunvolleyball.sportngin.com/,Kingman,AZ,Private Club,volleyball,Unclear,,,,,,,,,,,,,,desertsunvolleyball.sportngin.com,Needs Review,"Court sports and paid access found, but indoor/outdoor not stated. AZ location evidence: address. No decision maker found on public pages. No court count stated by a reliable source; left blank. Paid access signals present (membership/rental/program).",https://desertsunvolleyball.sportngin.com/ | https://desertsunvolleyball.sportngin.com/aboutus,Playwright,https://desertsunvolleyball.sportngin.com,https://desertsunvolleyball.sportngin.com/,
DiscoverGyms,https://discovergyms.com/,,AZ,Health Club,basketball,Unclear,,,,,,,,,,,,,,discovergyms.com,Needs Review,"Court sports and paid access found, but indoor/outdoor not stated. AZ location evidence: mention. No decision maker found on public pages. No court count stated by a reliable source; left blank. Paid access signals present (membership/rental/program).",https://discovergyms.com/,Playwright,https://discovergyms.com,https://discovergyms.com/,
DM Cantor,https://dmcantor.com/,Phoenix,AZ,School,basketball,Unclear,2,"tes. However, we can file a Motion to Modify Conditions of Release after the first one or two Court dates, which will allow you to remain out-of-state, as long as we are Appearing on your b",Megan,Hawkins,Director of Operations,,info@dmcantor.com,megan@dmcantor.com,megan.hawkins@dmcantor.com,meganhawkins@dmcantor.com,mhawkins@dmcantor.com,m.hawkins@dmcantor.com,meganh@dmcantor.com,dmcantor.com,Needs Review,"Court sports and paid access found, but indoor/outdoor not stated. AZ location evidence: address. Paid access signals present (membership/rental/program). Guessed emails are UNVERIFIED pattern permutations - not published addresses.",https://dmcantor.com/ | https://dmcantor.com/contact-us | https://dmcantor.com/contact-us-flp | https://dmcantor.com/contact-us-epp | https://dmcantor.com/about-dmc | https://dmcantor.com/arizona-court-judges,Playwright,https://dmcantor.com,https://dmcantor.com/,
DuneBVC,https://www.dunebvc.com/,Tempe,AZ,Private Club,volleyball,Unclear,,,,,,,,,,,,,,dunebvc.com,Needs Review,"Court sports and paid access found, but indoor/outdoor not stated. AZ location evidence: address. No decision maker found on public pages. No court count stated by a reliable source; left blank. Paid access signals present (membership/rental/program).",https://www.dunebvc.com/ | https://www.dunebvc.com/services | https://www.dunebvc.com/about | https://www.dunebvc.com/contact,Playwright,https://dunebvc.com,https://www.dunebvc.com/,
Dysart Schools,https://dysart.org/mainsite,Surprise,AZ,College / University,tennis; basketball; volleyball; badminton,Unclear,,,,,,,,,,,,,,dysart.org,Needs Review,"Court sports and paid access found, but indoor/outdoor not stated. AZ location evidence: address. No decision maker found on public pages. No court count stated by a reliable source; left blank. Paid access signals present (membership/rental/program).",https://dysart.org/mainsite | https://www.dysart.org/mainsite/panels/dysart-schools/39/staff | https://www.dysart.org/mainsite/panels/dysart-schools/46/about | https://www.dysart.org/mainsite/panels/dysart-schools/49/athletics | https://www.dysart.org/account/login | https://dysart.org/mainsite/pages/news-press-releases/8933/dysart-participates-in-national-school-breakfast-and-lunch-programs | https://www.dysart.org/mainsite/pages/dysart-schools/1010/contact-us,Playwright,https://dysart.org,https://dysart.org/mainsite,
El Conquistador,https://www.elcongolf.com/,Oro Valley,AZ,Private Club,pickleball; tennis; racquetball,Unclear,,,,,,jtmiller@elcongolf.com,,,,,,,,elcongolf.com,Needs Review,"Court sports and paid access found, but indoor/outdoor not stated. AZ location evidence: address. No decision maker found on public pages. No court count stated by a reliable source; left blank. Paid access signals present (membership/rental/program).",https://www.elcongolf.com/ | https://www.elcongolf.com/memberships/,Playwright,https://elcongolf.com,https://www.elcongolf.com/,
El Conquistador Tennis,https://elconquistadortennis.com/,,AZ,Racquet / Tennis Club,tennis,Unclear,,,Jennifer,Fuchs,Director of Tennis,jfuchs@elconquistadortennis.com,,,,,,,,elconquistadortennis.com,Needs Review,"Court sports and paid access found, but indoor/outdoor not stated. AZ location evidence: phone. No court count stated by a reliable source; left blank. Paid access signals present (membership/rental/program).",https://elconquistadortennis.com/ | https://elconquistadortennis.com/our-team/ | https://elconquistadortennis.com/junior-programs/ | https://elconquistadortennis.com/lessons/,Playwright,https://elconquistadortennis.com,https://elconquistadortennis.com/,
Embry-Riddle Aeronautical University,https://erau.edu/,Prescott,AZ,College / University,tennis; basketball,Unclear,,,,,,,,,,,,,,erau.edu,Needs Review,"Court sports and paid access found, but indoor/outdoor not stated. AZ location evidence: address. No decision maker found on public pages. No court count stated by a reliable source; left blank. Paid access signals present (membership/rental/program).",https://erau.edu/ | https://erau.edu/admissions/international-admissions/language-institute/pathway-program | https://erau.edu/admissions/financial-aid/types-of-aid/scholarships/boeing-scholars | https://erau.edu/admissions/financial-aid/processes-and-eligibility/specialty-programs | https://erau.edu/admissions/financial-aid/processes-and-eligibility/specialty-programs/combined-and-accelerated-bachelors-to-masters-programs | https://erau.edu/admissions/financial-aid/processes-and-eligibility/specialty-programs/understanding-flight-budgets-and-borrowing-for-flight | https://erau.edu/academics/degrees-and-programs,Playwright,https://erau.edu,https://erau.edu/,
EVAC,https://www.evacsports.org/,Gilbert,AZ,College / University,basketball; volleyball,Unclear,,,,,,,admin@evacsports.org,,,,,,,evacsports.org,Needs Review,"Court sports and paid access found, but indoor/outdoor not stated. AZ location evidence: address. No decision maker found on public pages. No court count stated by a reliable source; left blank. Paid access signals present (membership/rental/program).",https://www.evacsports.org/ | https://www.evacsports.org/about | https://www.evacsports.org/who-we-are | https://www.evacsports.org/contact-us,Playwright,https://evacsports.org,https://www.evacsports.org/,
Experience Glendale Arizona,https://experienceglendaleaz.com/,Glendale,AZ,Unknown,tennis,Unclear,19,"d Rd Glendale, AZ 85306. (623) 979-1234. About. This award-winning tennis center features 19 tennis courts, a pro shop, lessons, camps and more ... Desert Diamond Arena is a state-of-the-art, mult",,,,simonkneafsey@hotmail.com,,,,,,,,experienceglendaleaz.com,Needs Review,"Court sports and paid access found, but indoor/outdoor not stated. AZ location evidence: address. No decision maker found on public pages. Paid access signals present (membership/rental/program).",https://experienceglendaleaz.com/ | https://experienceglendaleaz.com/contact/,Playwright,https://experienceglendaleaz.com,https://experienceglendaleaz.com/,
Falcon Court,https://www.falconcourtliving.com/,Sierra Vista,AZ,Unknown,basketball,Unclear,,,,,,,,,,,,,,falconcourtliving.com,Needs Review,"Court sports and paid access found, but indoor/outdoor not stated. AZ location evidence: address. No decision maker found on public pages. No court count stated by a reliable source; left blank. Paid access signals present (membership/rental/program).",https://www.falconcourtliving.com/ | https://www.falconcourtliving.com/specials/ | https://www.falconcourtliving.com/contact_us/,Playwright,https://falconcourtliving.com,https://www.falconcourtliving.com/,
Findlay Toyota Center,https://findlaytoyotacenter.com/,Prescott Valley,AZ,Unknown,basketball,Unclear,,,Shane,Cadwell,General Manager,,,shane@findlaytoyotacenter.com,shane.cadwell@findlaytoyotacenter.com,shanecadwell@findlaytoyotacenter.com,scadwell@findlaytoyotacenter.com,s.cadwell@findlaytoyotacenter.com,shanec@findlaytoyotacenter.com,findlaytoyotacenter.com,Needs Review,"Court sports and paid access found, but indoor/outdoor not stated. AZ location evidence: address. No court count stated by a reliable source; left blank. Paid access signals present (membership/rental/program). Guessed emails are UNVERIFIED pattern permutations - not published addresses.",https://findlaytoyotacenter.com/ | https://findlaytoyotacenter.com/connect-with-us | https://findlaytoyotacenter.com/our-team | https://findlaytoyotacenter.com/contact-us | https://findlaytoyotacenter.com/about-us | https://findlaytoyotacenter.com/supplier-diversity-program,Playwright,https://findlaytoyotacenter.com,https://findlaytoyotacenter.com/,
Fireheart Basketball,https://fireheartbasketball.com/,Tucson,AZ,School,basketball,Unclear,,,,,,,contact@fireheartbasketball.com,,,,,,,fireheartbasketball.com,Needs Review,"Court sports and paid access found, but indoor/outdoor not stated. AZ location evidence: address. No decision maker found on public pages. No court count stated by a reliable source; left blank. Paid access signals present (membership/rental/program).",https://fireheartbasketball.com/ | https://fireheartbasketball.com/about-us/ | https://fireheartbasketball.com/coaching-staff/,Playwright,https://fireheartbasketball.com,https://fireheartbasketball.com/,
Flagstaff Ascent Volleyball Club,https://flagstaffascent.com/,Flagstaff,AZ,College / University,volleyball,Unclear,,,Serena,Wallace,Owner,,,serena@flagstaffascent.com,serena.wallace@flagstaffascent.com,serenawallace@flagstaffascent.com,swallace@flagstaffascent.com,s.wallace@flagstaffascent.com,serenaw@flagstaffascent.com,flagstaffascent.com,Needs Review,"Court sports and paid access found, but indoor/outdoor not stated. AZ location evidence: address. No court count stated by a reliable source; left blank. Paid access signals present (membership/rental/program). Guessed emails are UNVERIFIED pattern permutations - not published addresses.",https://flagstaffascent.com/ | https://flagstaffascent.com/about/about-us | https://flagstaffascent.com/about/ascent-alumni | https://flagstaffascent.com/about/2026-sponsors | https://flagstaffascent.com/programs/summer-camps | https://flagstaffascent.com/programs/fall-base-camp | https://flagstaffascent.com/about-us-1,Playwright,https://flagstaffascent.com,https://flagstaffascent.com/,
Flagstaff High School,https://fhs.fusd1.org/,W Elm AveFlagstaff,AZ,School,tennis; basketball; volleyball,Unclear,,,,,,,,,,,,,,fhs.fusd1.org,Needs Review,"Court sports and paid access found, but indoor/outdoor not stated. AZ location evidence: address. No decision maker found on public pages. No court count stated by a reliable source; left blank. Paid access signals present (membership/rental/program).",https://fhs.fusd1.org/ | https://fhs.fusd1.org/232881_2 | https://fhs.fusd1.org/272668_2 | https://www.fusd1.org/facility-use-requests | https://fhs.fusd1.org/292655_2,Playwright,https://fhs.fusd1.org,https://fhs.fusd1.org/,
Flagstaff Ranch Golf Club,https://www.flagstaffranch.com/,Flagstaff,AZ,Private Club,pickleball; tennis,Unclear,,,Tom,Maliszko,General Manager,tmaliszko@flagstaffranch.com,,,,,,,,flagstaffranch.com,Needs Review,"Court sports and paid access found, but indoor/outdoor not stated. AZ location evidence: address. No court count stated by a reliable source; left blank. Paid access signals present (membership/rental/program).",https://www.flagstaffranch.com/ | https://www.flagstaffranch.com/membership | https://www.flagstaffranch.com/contact-us | https://www.flagstaffranch.com/meet-the-team | https://www.flagstaffranch.com/flagstaff-ranch-fire-district,Playwright,https://flagstaffranch.com,https://www.flagstaffranch.com/,
Fountain Hills USD,https://www.fhschools.org/,Fountain Hills,AZ,College / University,tennis; basketball; volleyball,Unclear,,,Evelyn,Wynn,Athletic Director,,,evelyn@fhschools.org,evelyn.wynn@fhschools.org,evelynwynn@fhschools.org,ewynn@fhschools.org,e.wynn@fhschools.org,evelynw@fhschools.org,fhschools.org,Needs Review,"Court sports and paid access found, but indoor/outdoor not stated. AZ location evidence: address. No court count stated by a reliable source; left blank. Paid access signals present (membership/rental/program). Guessed emails are UNVERIFIED pattern permutations - not published addresses.",https://www.fhschools.org/ | https://www.fhschools.org/homelessassistanceprogram | https://www.fhschools.org/about-our-town | https://www.fhschools.org/athletics | https://www.fhschools.org/athletics-clubs | https://www.fhschools.org/about-2 | https://www.fhschools.org/about-4,Playwright,https://fhschools.org,https://www.fhschools.org/,
GCU Men's Basketball Camps,https://www.gcumensbasketballcamps.com/,Phoenix,AZ,College / University,basketball; volleyball,Unclear,3,"n University's new student recreation center is a 55,000 square-foot playground featuring three basketball courts and practice facilities for wrestling, basketball, and volleyball. Located on the northwe",,,,,,,,,,,,gcumensbasketballcamps.com,Needs Review,"Court sports and paid access found, but indoor/outdoor not stated. AZ location evidence: address. No decision maker found on public pages. Paid access signals present (membership/rental/program).",https://www.gcumensbasketballcamps.com/ | https://www.gcumensbasketballcamps.com/facilities-and-directions.cfm | https://www.gcumensbasketballcamps.com/contact-us.cfm,Playwright,https://gcumensbasketballcamps.com,https://www.gcumensbasketballcamps.com/,
Glendale Community College,https://www.gccaz.edu/,Glendale,AZ,College / University,tennis; basketball; volleyball,Unclear,,,,,,honors@gccaz.edu,,,,,,,,gccaz.edu,Needs Review,"Court sports and paid access found, but indoor/outdoor not stated. AZ location evidence: address. No decision maker found on public pages. No court count stated by a reliable source; left blank. Paid access signals present (membership/rental/program).",https://www.gccaz.edu/ | https://www.gauchoathletics.com/landing/index | https://www.gccaz.edu/degrees-certificates | https://www.gccaz.edu/students | https://www.gccaz.edu/academics/honors | https://www.gccaz.edu/student-life/athletics | https://www.gccaz.edu/student-life/office-student-life/student-leadership-center,Playwright,https://gccaz.edu,https://www.gccaz.edu/,
Globe,https://www.globemiamicommunity.com/,,AZ,Unknown,basketball,Unclear,,,,,,,,,,,,,,globemiamicommunity.com,Needs Review,"Court sports found, but indoor/outdoor not stated. AZ location evidence: phone. No decision maker found on public pages. No court count stated by a reliable source; left blank.",https://www.globemiamicommunity.com/ | https://www.globemiamicommunity.com/contact-advertise.htm | https://www.globemiamicommunity.com/contact.htm,Playwright,https://globemiamicommunity.com,https://www.globemiamicommunity.com/,
goldkeytennis,https://www.goldkeyracquetclub.com/,,AZ,Racquet / Tennis Club,tennis,Unclear,,,,,,,info@goldkeyracquetclub.com,,,,,,,goldkeyracquetclub.com,Needs Review,"Court sports and paid access found, but indoor/outdoor not stated. AZ location evidence: zip. No decision maker found on public pages. No court count stated by a reliable source; left blank. Paid access signals present (membership/rental/program).",https://www.goldkeyracquetclub.com/ | https://www.goldkeyracquetclub.com/junior-program | https://www.goldkeyracquetclub.com/membership,Playwright,https://goldkeyracquetclub.com,https://www.goldkeyracquetclub.com/,
GolfCourseHomes.com,https://www.golfcoursehomes.com/,,AZ,Country Club,pickleball; tennis,Unclear,,,,,,,hello@golfcoursehomes.com,,,,,,,golfcoursehomes.com,Needs Review,"Court sports and paid access found, but indoor/outdoor not stated. AZ location evidence: phone. No decision maker found on public pages. No court count stated by a reliable source; left blank. Paid access signals present (membership/rental/program).",https://www.golfcoursehomes.com/ | https://www.golfcoursehomes.com/contact-us | https://www.golfcoursehomes.com/meet-the-team,Playwright,https://golfcoursehomes.com,https://www.golfcoursehomes.com/,
GOLFPASS US,https://www.golfpass.com/,Tucson,AZ,Unknown,basketball,Unclear,,,,,,,,,,,,,,golfpass.com,Needs Review,"Court sports and paid access found, but indoor/outdoor not stated. AZ location evidence: address. No decision maker found on public pages. No court count stated by a reliable source; left blank. Paid access signals present (membership/rental/program).",https://www.golfpass.com/ | https://www.golfpass.com/travel-advisor/course-directory/1-world/ | https://www.golfpass.com/travel-advisor/course-directory | https://www.golfpass.com/watch/daily-video-tips/stick-chipping-drill | https://www.golfpass.com/watch/big-break-meet-the-players/matt-meneghetti | https://www.golfpass.com/watch/big-break-meet-the-players/asaeli-marika-batibasaga | https://www.golfpass.com/watch/big-break-meet-the-players/josh-jackson,Playwright,https://golfpass.com,https://www.golfpass.com/,
Grand Canyon University Club Sports,https://gcuclubsports.com/,,AZ,College / University,pickleball; tennis; basketball; volleyball,Unclear,,,,,,,,,,,,,,gcuclubsports.com,Needs Review,"Court sports and paid access found, but indoor/outdoor not stated. AZ location evidence: phone. No decision maker found on public pages. No court count stated by a reliable source; left blank. Paid access signals present (membership/rental/program).",https://gcuclubsports.com/ | https://gcuclubsports.com/facilities | https://gcuclubsports.com/staff-directory | https://gcuclubsports.com/sports/2022/1/24/about-us.aspx,Playwright,https://gcuclubsports.com,https://gcuclubsports.com/,
GREAT Training,https://greattraining.com/,Chandler,AZ,College / University,basketball,Unclear,,,,,,,info@greattrainingfitness.com,,,,,,,greattrainingfitness.com,Needs Review,"Court sports and paid access found, but indoor/outdoor not stated. AZ location evidence: address. No decision maker found on public pages. No court count stated by a reliable source; left blank. Paid access signals present (membership/rental/program).",https://greattraining.com/ | https://greattraining.com/about | https://greattraining.com/contact | https://greattraining.com/intro-to-basketball,Playwright,https://greattraining.com,https://greattraining.com/,
GRIP Sports,https://www.gripsports.ae/,,AZ,School,tennis; padel,Unclear,,,,,,vishesh@gripsports.ae,,,,,,,,gripsports.ae,Needs Review,"Court sports and paid access found, but indoor/outdoor not stated. AZ location evidence: mention. No decision maker found on public pages. No court count stated by a reliable source; left blank. Paid access signals present (membership/rental/program).",https://www.gripsports.ae/,Playwright,https://gripsports.ae,https://www.gripsports.ae/,
GVR Table Tennis Club,https://greenvalleyttc.com/,Green Valley,AZ,Racquet / Tennis Club,tennis,Unclear,,,,,,,,,,,,,,greenvalleyttc.com,Needs Review,"Court sports and paid access found, but indoor/outdoor not stated. AZ location evidence: address. No decision maker found on public pages. No court count stated by a reliable source; left blank. Paid access signals present (membership/rental/program).",https://greenvalleyttc.com/ | https://greenvalleyttc.com/contact-us,Playwright,https://greenvalleyttc.com,https://greenvalleyttc.com/,
GVR Tennis Club,https://www.gvtennis.com/,Green Valley,AZ,Racquet / Tennis Club,tennis,Unclear,17,"e are located in Green Valley, Arizona about 20 miles south of Tucson. We have a total of 17 tennis courts at six locations throughout Green Valley. Courts may be used by Active Green Valley Recre",,,,jon.otto@gvtennis.com,,,,,,,,gvtennis.com,Needs Review,"Court sports and paid access found, but indoor/outdoor not stated. AZ location evidence: address. No decision maker found on public pages. Paid access signals present (membership/rental/program).",https://www.gvtennis.com/ | https://www.gvtennis.com/court-etiquette.html | https://www.gvtennis.com/membership.html | https://www.gvtennis.com/courtreserve-2025-online-renewals.html | https://www.gvtennis.com/court-reservation-faqs.html | https://www.gvtennis.com/find-out-about-potlucks--social-events.html | https://www.gvtennis.com/courtreserve-book-a-court-on-a-computer.html,Playwright,https://gvtennis.com,https://www.gvtennis.com/,
"Gyms in Thatcher, Safford AZ",https://www.strive-fitness.com/,Thatcher,AZ,College / University,basketball,Unclear,,,,,,,,,,,,,,strive-fitness.com,Needs Review,"Court sports and paid access found, but indoor/outdoor not stated. AZ location evidence: address. No decision maker found on public pages. No court count stated by a reliable source; left blank. Paid access signals present (membership/rental/program).",https://www.strive-fitness.com/ | https://www.strive-fitness.com/membership/ | https://www.strive-fitness.com/about-us/ | https://www.strive-fitness.com/meet-the-staff/ | https://www.strive-fitness.com/contact-us/,Playwright,https://strive-fitness.com,https://www.strive-fitness.com/,
Happy Trails Tennis Club,https://www.happytrailstennis.net/,Surprise,AZ,Racquet / Tennis Club,tennis,Unclear,,,,,,happytrailstennisclub@gmail.com,,,,,,,,happytrailstennis.net,Needs Review,"Court sports and paid access found, but indoor/outdoor not stated. AZ location evidence: address. No decision maker found on public pages. No court count stated by a reliable source; left blank. Paid access signals present (membership/rental/program).",https://www.happytrailstennis.net/ | https://www.happytrailstennis.net/court-reservations | https://www.happytrailstennis.net/about | https://www.happytrailstennis.net/contact,Playwright,https://happytrailstennis.net,https://www.happytrailstennis.net/,
Highlands Swim and Tennis Club,https://www.highlandsswim.org/,,AZ,Racquet / Tennis Club,pickleball; tennis,Unclear,4,"Reservation System Courts can be reserved by members throughout the season! Highlands has four tennis courts available to reserve: Court 1, lower court closest to parking lot, with lights Court 2, l",,,,,,,,,,,,highlandsswim.org,Needs Review,"Court sports and paid access found, but indoor/outdoor not stated. AZ location evidence: mention. No decision maker found on public pages. Paid access signals present (membership/rental/program).",https://www.highlandsswim.org/ | https://www.highlandsswim.org/contact/ | https://www.highlandsswim.org/membership/manage-account/ | https://www.highlandsswim.org/membership/ | https://www.highlandsswim.org/membership/join/ | https://www.highlandsswim.org/court-reservations/ | https://www.highlandsswim.org/about/general-court-information/,Playwright,https://highlandsswim.org,https://www.highlandsswim.org/,
Holiday Rental - Luxury Scottsdale Vacation Rentals,https://holidayrental.com/,Scottsdale,AZ,Unknown,pickleball; basketball,Unclear,2,"eights - Luxury Vacation Rentals In Scottsdale Payson Heights - Luxury 5 Acre Estate with 2 Pickleball Courts and More in Payson ... Rustic Payson Arizona Cabin on Five Acres in Payson. 22 Guests , 9",,,,,contact@holidayrental.com,,,,,,,holidayrental.com,Needs Review,"Court sports and paid access found, but indoor/outdoor not stated. AZ location evidence: address. No decision maker found on public pages. Paid access signals present (membership/rental/program).",https://holidayrental.com/ | https://holidayrental.com/vacation-rental/search-vacation-rental | https://holidayrental.com/property-management | https://holidayrental.com/about-us | https://holidayrental.com/about-us/what-to-expect-when-booking-a-vacation-home | https://holidayrental.com/about-us/faq | https://holidayrental.com/contact,Playwright,https://holidayrental.com,https://holidayrental.com/,
HOOP CODE BASKETBALL ACADEMY,https://www.hoopcode.com/,,AZ,School,basketball,Unclear,,,,,,,info@hoopcode.com,,,,,,,hoopcode.com,Needs Review,"Court sports and paid access found, but indoor/outdoor not stated. AZ location evidence: mention. No decision maker found on public pages. No court count stated by a reliable source; left blank. Paid access signals present (membership/rental/program).",https://www.hoopcode.com/,Playwright,https://hoopcode.com,https://www.hoopcode.com/,
Hot Fitness,https://hotfitness.net/,,AZ,Health Club,basketball,Unclear,,,,,,server@hotfitness.net,,,,,,,,hotfitness.net,Needs Review,"Court sports and paid access found, but indoor/outdoor not stated. AZ location evidence: mention. No decision maker found on public pages. No court count stated by a reliable source; left blank. Paid access signals present (membership/rental/program).",https://hotfitness.net/,Playwright,https://hotfitness.net,https://hotfitness.net/,
huffathleticclub.com,https://www.huffathleticclub.com/,Phoenix,AZ,College / University,basketball,Unclear,,,,,,huffathleticclub@gmail.com,,,,,,,,huffathleticclub.com,Needs Review,"Court sports and paid access found, but indoor/outdoor not stated. AZ location evidence: address. No decision maker found on public pages. No court count stated by a reliable source; left blank. Paid access signals present (membership/rental/program).",https://www.huffathleticclub.com/ | https://www.huffathleticclub.com/join | https://www.huffathleticclub.com/about | https://www.huffathleticclub.com/contact,Playwright,https://huffathleticclub.com,https://www.huffathleticclub.com/,
HYROX GOLIATH,https://www.hyroxgoliath.com/,Mesa,AZ,School,basketball; volleyball; futsal,Unclear,,,,,,hyroxgoliath@gmail.com,,,,,,,,hyroxgoliath.com,Needs Review,"Court sports and paid access found, but indoor/outdoor not stated. AZ location evidence: address. No decision maker found on public pages. No court count stated by a reliable source; left blank. Paid access signals present (membership/rental/program).",https://www.hyroxgoliath.com/ | https://www.hyroxgoliath.com/memberships | https://www.hyroxgoliath.com/courtrentals | https://www.hyroxgoliath.com/contact,Playwright,https://hyroxgoliath.com,https://www.hyroxgoliath.com/,
Ignite Volleyball Club,https://ignitevbclub.com/,Scottsdale,AZ,College / University,volleyball,Unclear,,,Shawn,Covely,Club Director,shawncovely@ignitevbclub.com,,,,,,,,ignitevbclub.com,Needs Review,"Court sports and paid access found, but indoor/outdoor not stated. AZ location evidence: address. No court count stated by a reliable source; left blank. Paid access signals present (membership/rental/program).",https://ignitevbclub.com/ | https://ignitevbclub.com/ignite-training-programs/private-lessons/ | https://ignitevbclub.com/contact-us/,Playwright,https://ignitevbclub.com,https://ignitevbclub.com/,
John Landon Companies,https://www.johnlandoncompanies.com/,,AZ,Unknown,pickleball; racquetball,Unclear,,,,,,onlinesales@landonhomes.com,,,,,,,,landonhomes.com,Needs Review,"Court sports found, but indoor/outdoor not stated. AZ location evidence: mention. No decision maker found on public pages. No court count stated by a reliable source; left blank.",https://www.johnlandoncompanies.com/ | https://www.johnlandoncompanies.com/about-us/ | https://www.johnlandoncompanies.com/about-us/john-landon/ | https://www.johnlandoncompanies.com/about-us/philosophy/ | https://www.johnlandoncompanies.com/about-us/sr-management/ | https://www.johnlandoncompanies.com/about-us/timeline-of-landon-landmarks/,Playwright,https://johnlandoncompanies.com,https://www.johnlandoncompanies.com/,
Journalaz.com,https://journalaz.com/,,AZ,College / University,basketball,Unclear,,,,,,,,,,,,,,journalaz.com,Needs Review,"Court sports and paid access found, but indoor/outdoor not stated. AZ location evidence: phone. No decision maker found on public pages. No court count stated by a reliable source; left blank. Paid access signals present (membership/rental/program).",https://journalaz.com/ | https://journalaz.com/about-newshub/,Playwright,https://journalaz.com,https://journalaz.com/,
jumpathleticcamps,https://www.jumpathletic.com/,,AZ,School,basketball,Unclear,,,,,,bsacks@jumpathletic.com,,,,,,,,jumpathletic.com,Needs Review,"Court sports and paid access found, but indoor/outdoor not stated. AZ location evidence: phone. No decision maker found on public pages. No court count stated by a reliable source; left blank. Paid access signals present (membership/rental/program).",https://www.jumpathletic.com/ | https://www.jumpathletic.com/pages/about | https://www.jumpathletic.com/pages/contact,Playwright,https://jumpathletic.com,https://www.jumpathletic.com/,
Legendary Training AZ,https://azlegendarytraining.com/,Gilbert,AZ,College / University,basketball,Unclear,,,,,,,info@legendarytrainingaz.com,,,,,,,legendarytrainingaz.com,Needs Review,"Court sports and paid access found, but indoor/outdoor not stated. AZ location evidence: address. No decision maker found on public pages. No court count stated by a reliable source; left blank. Paid access signals present (membership/rental/program).",https://azlegendarytraining.com/,Playwright,https://azlegendarytraining.com,https://azlegendarytraining.com/,
Leisure World Arizona,https://lwca.com/,Mesa,AZ,Unknown,tennis; basketball,Unclear,,,,,,administration@lwca.com,,,,,,,,lwca.com,Needs Review,"Court sports and paid access found, but indoor/outdoor not stated. AZ location evidence: address. No decision maker found on public pages. No court count stated by a reliable source; left blank. Paid access signals present (membership/rental/program).",https://lwca.com/ | https://lwca.com/web/pages/contact,Playwright,https://lwca.com,https://lwca.com/,
Local Offer,https://local.gvnews.com/,Green Valley,AZ,Unknown,pickleball; tennis,Unclear,7,"un Event Centers in 7 S Abrego Dr, Green Valley, AZ 85614. ... center; tennis courts; and seven Pickleball courts. East Center pool is host to the Aquabelles ... East Center, built in 1963, is Green Vall",,,,,,,,,,,,local.gvnews.com,Needs Review,"Court sports and paid access found, but indoor/outdoor not stated. AZ location evidence: address. No decision maker found on public pages. Paid access signals present (membership/rental/program).",https://local.gvnews.com/ | https://local.gvnews.com/categories/medical/health-care-facilities,Playwright,https://local.gvnews.com,https://local.gvnews.com/,
M14Hoops - North Phoenix,https://northphx.m14hoops.com/,Phoenix,AZ,College / University,basketball,Unclear,4,"under Nick Daniels. Facilities: Opened our first Aurora facility in 2018 (39,200 sq. ft., 4 courts). Expanded less than a year later to 53,000 sq. ft. with 6 courts. Growth: M14 Chicagolan",,,,nphxinfo@m14hoops.com,,,,,,,,m14hoops.com,Needs Review,"Court sports and paid access found, but indoor/outdoor not stated. AZ location evidence: address. No decision maker found on public pages. Paid access signals present (membership/rental/program).",https://northphx.m14hoops.com/ | https://northphx.m14hoops.com/about/ | https://northphx.m14hoops.com/about/a-message-from-founder/ | https://northphx.m14hoops.com/about/m14-staff/ | https://northphx.m14hoops.com/about/documentary/ | https://northphx.m14hoops.com/about/m14-made-docuseries/,Playwright,https://northphx.m14hoops.com,https://northphx.m14hoops.com/,
Magnitude Volleyball Club,https://magnitudevbc.com/,Mesa,AZ,College / University,volleyball,Unclear,,,,,,kristina@magnitudevbc.com,,,,,,,,magnitudevbc.com,Needs Review,"Court sports and paid access found, but indoor/outdoor not stated. AZ location evidence: address. No decision maker found on public pages. No court count stated by a reliable source; left blank. Paid access signals present (membership/rental/program).",https://magnitudevbc.com/ | https://magnitudevbc.com/meet-the-staff,Playwright,https://magnitudevbc.com,https://magnitudevbc.com/,
Mesa Aquatics Club Home,https://www.mesaaquaticsclub.com/page/home,mesa,AZ,College / University,basketball; volleyball,Unclear,,,Meg,Zajdzinski,Owner,,,meg@mesaaquaticsclub.com,meg.zajdzinski@mesaaquaticsclub.com,megzajdzinski@mesaaquaticsclub.com,mzajdzinski@mesaaquaticsclub.com,m.zajdzinski@mesaaquaticsclub.com,megz@mesaaquaticsclub.com,mesaaquaticsclub.com,Needs Review,"Court sports and paid access found, but indoor/outdoor not stated. AZ location evidence: address. No court count stated by a reliable source; left blank. Paid access signals present (membership/rental/program). Guessed emails are UNVERIFIED pattern permutations - not published addresses.",https://www.mesaaquaticsclub.com/page/home | https://www.mesaaquaticsclub.com/page/about-mac | https://www.mesaaquaticsclub.com/page/about-mac/our-story | https://www.mesaaquaticsclub.com/page/about-mac/practice-schedule | https://www.mesaaquaticsclub.com/page/about-mac/coaches | https://www.mesaaquaticsclub.com/page/about-mac/training-groups | https://www.mesaaquaticsclub.com/page/about-mac/locations1,Playwright,https://mesaaquaticsclub.com,https://www.mesaaquaticsclub.com/page/home,
Moon Valley Country Club,https://www.moonvalleycc.com/,Phoenix,AZ,Country Club,pickleball; tennis; racquetball,Unclear,8,le Shop Contact Tennis The Moon Valley Tennis Center has 6 championship Tennis courts and 8 Pickleball courts which are lighted for night play. For Membership information please contact Samantha Post,Jon,Perran,Director of Tennis,jperran@moonvalleycc.com,reservations@moonvalleycc.com,,,,,,,moonvalleycc.com,Needs Review,"Court sports and paid access found, but indoor/outdoor not stated. AZ location evidence: address. Paid access signals present (membership/rental/program).",https://www.moonvalleycc.com/ | https://www.moonvalleycc.com/club | https://www.moonvalleycc.com/membership | https://www.moonvalleycc.com/tennis | https://www.moonvalleycc.com/athletics | https://www.moonvalleycc.com/summer-membership | https://www.moonvalleycc.com/contact,Playwright,https://moonvalleycc.com,https://www.moonvalleycc.com/,
Mountainside Fitness,https://mountainsidefitness.com/,,AZ,Pickleball Club,pickleball; basketball,Unclear,,,,,,,,,,,,,,mountainsidefitness.com,Needs Review,"Court sports and paid access found, but indoor/outdoor not stated. AZ location evidence: mention. No decision maker found on public pages. No court count stated by a reliable source; left blank. Paid access signals present (membership/rental/program).",https://mountainsidefitness.com/ | https://www.mountainsidefitness.com/mrewards,Playwright,https://mountainsidefitness.com,https://mountainsidefitness.com/,
MOUTH BY SOUTHWEST,https://mouthbysouthwest.com/,,AZ,School,basketball,Unclear,,,,,,jess@mouthbysouthwest.com,,,,,,,,mouthbysouthwest.com,Needs Review,"Court sports found, but indoor/outdoor not stated. AZ location evidence: mention. No decision maker found on public pages. No court count stated by a reliable source; left blank.",https://mouthbysouthwest.com/ | https://mouthbysouthwest.com/about-mxsw/,Playwright,https://mouthbysouthwest.com,https://mouthbysouthwest.com/,
NAU Events,https://events.nau.edu/,,AZ,Private Club,badminton,Unclear,,,,,,its@nau.edu,,,,,,,,nau.edu,Needs Review,"Court sports found, but indoor/outdoor not stated. AZ location evidence: address. No decision maker found on public pages. No court count stated by a reliable source; left blank.",https://events.nau.edu/,Playwright,https://events.nau.edu,https://events.nau.edu/,
Northern Arizona Defenders,https://northernazdefenders.org/,Prescott,AZ,Private Club,basketball,Unclear,,,,,,northernazdefenders@gmail.com,,,,,,,,northernazdefenders.org,Needs Review,"Court sports and paid access found, but indoor/outdoor not stated. AZ location evidence: address. No decision maker found on public pages. No court count stated by a reliable source; left blank. Paid access signals present (membership/rental/program).",https://northernazdefenders.org/ | https://northernazdefenders.org/about | https://northernazdefenders.org/contact,Playwright,https://northernazdefenders.org,https://northernazdefenders.org/,
Nunez Tennis,https://www.nuneztennis.com/,Mesa,AZ,Racquet / Tennis Club,tennis,Unclear,,,,,,alex@nuneztennis.com,,,,,,,,nuneztennis.com,Needs Review,"Court sports and paid access found, but indoor/outdoor not stated. AZ location evidence: address. No decision maker found on public pages. No court count stated by a reliable source; left blank. Paid access signals present (membership/rental/program).",https://www.nuneztennis.com/ | https://www.nuneztennis.com/aboutus,Playwright,https://nuneztennis.com,https://www.nuneztennis.com/,
Oasis Volleyball Academy,https://oasisvolleyballacademy.com/,,AZ,College / University,volleyball,Unclear,,,,,,,info@oasisvolleyballacademy.com,,,,,,,oasisvolleyballacademy.com,Needs Review,"Court sports and paid access found, but indoor/outdoor not stated. AZ location evidence: phone. No decision maker found on public pages. No court count stated by a reliable source; left blank. Paid access signals present (membership/rental/program).",https://oasisvolleyballacademy.com/ | https://oasisvolleyballacademy.com/about-us/ | https://oasisvolleyballacademy.com/about-us/mission-and-culture/ | https://oasisvolleyballacademy.com/about-us/leadership-coaches/ | https://oasisvolleyballacademy.com/about-us/join-our-team/ | https://oasisvolleyballacademy.com/about-us/academy-faq/ | https://oasisvolleyballacademy.com/about-us/contact-us/,Playwright,https://oasisvolleyballacademy.com,https://oasisvolleyballacademy.com/,
"Old Town Basketball Court in Alabama, United States",https://old-town-basketball-court.sportsgrounds.us.com/,Cottonwood,AZ,Unknown,pickleball; tennis; basketball; volleyball; badminton; squash,Unclear,,,,,,,,,,,,,,old-town-basketball-court.sportsgrounds.us.com,Needs Review,"Court sports and paid access found, but indoor/outdoor not stated. AZ location evidence: address. No decision maker found on public pages. No court count stated by a reliable source; left blank. Paid access signals present (membership/rental/program).",https://old-town-basketball-court.sportsgrounds.us.com/,Playwright,https://old-town-basketball-court.sportsgrounds.us.com,https://old-town-basketball-court.sportsgrounds.us.com/,
Omni VBC,https://www.omnivbc.com/,Gilbert,AZ,Private Club,volleyball,Unclear,,,,,,omnivbc@gmail.com,,,,,,,,omnivbc.com,Needs Review,"Court sports and paid access found, but indoor/outdoor not stated. AZ location evidence: address. No decision maker found on public pages. No court count stated by a reliable source; left blank. Paid access signals present (membership/rental/program).",https://www.omnivbc.com/ | https://www.omnivbc.com/aboutus,Playwright,https://omnivbc.com,https://www.omnivbc.com/,
Onvida Health,https://www.onvidahealth.org/,Yuma,AZ,Unknown,pickleball,Unclear,,,,,,,,,,,,,,onvidahealth.org,Needs Review,"Court sports and paid access found, but indoor/outdoor not stated. AZ location evidence: address. No decision maker found on public pages. No court count stated by a reliable source; left blank. Paid access signals present (membership/rental/program).",https://www.onvidahealth.org/ | https://www.onvidahealth.org/about-us/ | https://www.onvidahealth.org/about-us/our-leadership/ | https://www.onvidahealth.org/contact-us/ | https://www.onvidahealth.org/services/physical-medicine-rehabilitation-and-pain-management/ | https://www.onvidahealth.org/patients-and-visitors/patient-resources/,Playwright,https://onvidahealth.org,https://www.onvidahealth.org/,
Operation 132,https://www.operation132.org/,Sierra Vista,AZ,School,basketball,Unclear,,,,,,,,,,,,,,operation132.org,Needs Review,"Court sports and paid access found, but indoor/outdoor not stated. AZ location evidence: address. No decision maker found on public pages. No court count stated by a reliable source; left blank. Paid access signals present (membership/rental/program).",https://www.operation132.org/ | https://www.operation132.org/projects-8 | https://www.operation132.org/arizona-preparatory-basketball-acad | https://www.operation132.org/copy-of-athletics | https://www.operation132.org/sponsor-fundraisers,Playwright,https://operation132.org,https://www.operation132.org/,
Oro Valley Church of the Nazarene,https://ovcn.church/,Oro Valley,AZ,School,basketball,Unclear,,,,,,,,,,,,,,ovcn.church,Needs Review,"Court sports and paid access found, but indoor/outdoor not stated. AZ location evidence: address. No decision maker found on public pages. No court count stated by a reliable source; left blank. Paid access signals present (membership/rental/program).",https://ovcn.church/ | https://ovcn.church/our-staff/ | https://ovcn.church/next-steps/membership-ovcn/,Playwright,https://ovcn.church,https://ovcn.church/,
Oro Valley Historical Society,https://ovhistory.org/,Oro Valley,AZ,Unknown,squash,Unclear,,,Bob,Kellar,President,,,bob@ovhistory.org,bob.kellar@ovhistory.org,bobkellar@ovhistory.org,bkellar@ovhistory.org,b.kellar@ovhistory.org,bobk@ovhistory.org,ovhistory.org,Needs Review,"Court sports and paid access found, but indoor/outdoor not stated. AZ location evidence: address. No court count stated by a reliable source; left blank. Paid access signals present (membership/rental/program). Guessed emails are UNVERIFIED pattern permutations - not published addresses.",https://ovhistory.org/ | https://ovhistory.org/about-us/ | https://ovhistory.org/about-us/board-of-directors-committee-chairs/ | https://ovhistory.org/about-us/mission-vision-strategic-plan/ | https://ovhistory.org/about-us/society-documents/ | https://ovhistory.org/about-us/visit-us/ | https://ovhistory.org/about-us/contact-us/,Playwright,https://ovhistory.org,https://ovhistory.org/,
OUAZ Athletics,https://ouazspirit.com/,Surprise,AZ,College / University,tennis; basketball; volleyball,Unclear,9,"s 14 baskets in total. In addition to the multiple setups for basketball, Faith Arena has nine volleyball courts with the option of running up to five competition options. To rent the facility for parti",,,,,,,,,,,,ouazspirit.com,Needs Review,"Court sports and paid access found, but indoor/outdoor not stated. AZ location evidence: address. No decision maker found on public pages. Paid access signals present (membership/rental/program).",https://ouazspirit.com/ | https://ouazspirit.com/facilities | https://ouazspirit.com/socialaccounts.aspx | https://ouazspirit.com/sports/2017/11/17/sports-information.aspx | https://ouazspirit.com/staff-directory,Playwright,https://ouazspirit.com,https://ouazspirit.com/,
Pack Hoops,https://packhoops.com/,Phoenix,AZ,School,basketball,Unclear,,,Show,More,Club Director,,,show@packhoops.com,show.more@packhoops.com,showmore@packhoops.com,smore@packhoops.com,s.more@packhoops.com,showm@packhoops.com,packhoops.com,Needs Review,"Court sports and paid access found, but indoor/outdoor not stated. AZ location evidence: address. No court count stated by a reliable source; left blank. Paid access signals present (membership/rental/program). Guessed emails are UNVERIFIED pattern permutations - not published addresses.",https://packhoops.com/,Playwright,https://packhoops.com,https://packhoops.com/,
Padel Alley,https://padelalley.com/,Tucson,AZ,School,pickleball; padel,Unclear,8,"easoned player or new to the sport, we’re here to make it a great experience. Let’s play! 8 Padel Courts 3 Pickleball Courts Terrace Bar Showers Pro Shop Café Reserve Now Join Our Community Foll",,,,,hello@padelalley.com,,,,,,,padelalley.com,Needs Review,"Court sports and paid access found, but indoor/outdoor not stated. AZ location evidence: address. No decision maker found on public pages. Paid access signals present (membership/rental/program).",https://padelalley.com/,Playwright,https://padelalley.com,https://padelalley.com/,
Palm Creek Pickleball Club,https://palmcreekpickleballclub.com/,Casa Grande,AZ,Pickleball Club,pickleball,Unclear,32,"ghts: Over 1500+ Members at end of season April 2024 World Class Facilities consisting of 32 Pickleball Courts Hosted the USAPA National Championship for 3 years (2015, 2016, 2017) March 2024 was our",,,,,,,,,,,,palmcreekpickleballclub.com,Needs Review,"Court sports and paid access found, but indoor/outdoor not stated. AZ location evidence: address. No decision maker found on public pages. Paid access signals present (membership/rental/program).",https://palmcreekpickleballclub.com/ | https://palmcreekpickleballclub.com/page-18525,Playwright,https://palmcreekpickleballclub.com,https://palmcreekpickleballclub.com/,
Paloma Community Center,https://www.palomacommunitycenter.org/,Mesa,AZ,Pickleball Club,pickleball; volleyball,Unclear,,,,,,palomavolunteers2023@gmail.com,info@palomacommunitycenter.com,,,,,,,palomacommunitycenter.com,Needs Review,"Court sports and paid access found, but indoor/outdoor not stated. AZ location evidence: address. No decision maker found on public pages. No court count stated by a reliable source; left blank. Paid access signals present (membership/rental/program).",https://www.palomacommunitycenter.org/ | https://www.palomacommunitycenter.org/about | https://www.palomacommunitycenter.org/programs | https://www.palomacommunitycenter.org/contact | https://www.palomacommunitycenter.org/programs/youthsports | https://www.palomacommunitycenter.org/programs/fitness-and-strength | https://www.palomacommunitycenter.org/programs/community-programs,Playwright,https://palomacommunitycenter.org,https://www.palomacommunitycenter.org/,
Paradise Valley Community College,https://www.paradisevalley.edu/,Phoenix,AZ,College / University,tennis,Unclear,,,,,,,,,,,,,,paradisevalley.edu,Needs Review,"Court sports and paid access found, but indoor/outdoor not stated. AZ location evidence: address. No decision maker found on public pages. No court count stated by a reliable source; left blank. Paid access signals present (membership/rental/program).",https://www.paradisevalley.edu/,Playwright,https://paradisevalley.edu,https://www.paradisevalley.edu/,
Paradise Valley Country Club,https://www.paradisevalleycc.com/,Paradise Valley,AZ,Country Club,pickleball; tennis; padel,Unclear,9,e - Paradise Valley Country Club Lifestyle - Paradise Valley Country Club Racquet Sports. Nine Tennis Courts; Eight Pickleball Courts; One Padel Court; Racquets Pro Shop featuring top brands like Wi,,,,,,,,,,,,paradisevalleycc.com,Needs Review,"Court sports and paid access found, but indoor/outdoor not stated. AZ location evidence: address. No decision maker found on public pages. Paid access signals present (membership/rental/program).",https://www.paradisevalleycc.com/,Playwright,https://paradisevalleycc.com,https://www.paradisevalleycc.com/,
ParkMagnet,https://parkmagnet.com/,Phoenix,AZ,Unknown,tennis; basketball; volleyball,Unclear,,,,,,,,,,,,,,parkmagnet.com,Needs Review,"Court sports and paid access found, but indoor/outdoor not stated. AZ location evidence: address. No decision maker found on public pages. No court count stated by a reliable source; left blank. Paid access signals present (membership/rental/program).",https://parkmagnet.com/ | https://parkmagnet.com/united-states/new-york/new-york/van-cortlandt-park | https://parkmagnet.com/about | https://parkmagnet.com/contact,Playwright,https://parkmagnet.com,https://parkmagnet.com/,
PCPB,https://www.pcpickleball.org/,Goodyear,AZ,Pickleball Club,pickleball,Unclear,36,we have an option for you! PebbleCreek Pickleball Club has two facilities with a total of 36 courts. The Central Courts are located at the Tuscany Falls Clubhouse and have 20 courts that ar,,,,secretary@pcpickleball.org,admin@pcpickleball.org,,,,,,,pcpickleball.org,Needs Review,"Court sports and paid access found, but indoor/outdoor not stated. AZ location evidence: address. No decision maker found on public pages. Paid access signals present (membership/rental/program).",https://www.pcpickleball.org/ | https://www.pcpickleball.org/centralcourts | https://www.pcpickleball.org/northcourts | https://www.pcpickleball.org/programs | https://www.pcpickleball.org/about-us | https://www.pcpickleball.org/player-development | https://www.pcpickleball.org/become-a-member,Playwright,https://pcpickleball.org,https://www.pcpickleball.org/,
Peak Basketball Academy,https://www.peakathleticacademy.com/,Phoenix,AZ,College / University,basketball,Unclear,,,Taylor,Rohde,Founder,taylor@peakbasketballacademy.com,info@peakbasketballacademy.com,,,,,,,peakbasketballacademy.com,Needs Review,"Court sports and paid access found, but indoor/outdoor not stated. AZ location evidence: address. No court count stated by a reliable source; left blank. Paid access signals present (membership/rental/program).",https://www.peakathleticacademy.com/ | https://www.peakathleticacademy.com/about-us | https://www.peakathleticacademy.com/peak-basketball-club | https://www.peakathleticacademy.com/contact,Playwright,https://peakathleticacademy.com,https://www.peakathleticacademy.com/,
PebbleCreek Tennis Club |,https://pctennis.club/,Goodyear,AZ,Racquet / Tennis Club,tennis,Unclear,,,,,,,info@pctennis.club,,,,,,,pctennis.club,Needs Review,"Court sports and paid access found, but indoor/outdoor not stated. AZ location evidence: address. No decision maker found on public pages. No court count stated by a reliable source; left blank. Paid access signals present (membership/rental/program).",https://pctennis.club/ | https://pctennis.club/membership/ | https://pctennis.club/club-administration/,Playwright,https://pctennis.club,https://pctennis.club/,
Personalized Lessons with Top-Rated Private Sports Coaches,https://athletesuntapped.com/,,AZ,College / University,pickleball; tennis; basketball; volleyball,Unclear,,,Year,Update,Founder,,,year@athletesuntapped.com,year.update@athletesuntapped.com,yearupdate@athletesuntapped.com,yupdate@athletesuntapped.com,y.update@athletesuntapped.com,yearu@athletesuntapped.com,athletesuntapped.com,Needs Review,"Court sports and paid access found, but indoor/outdoor not stated. AZ location evidence: mention. No court count stated by a reliable source; left blank. Paid access signals present (membership/rental/program). Guessed emails are UNVERIFIED pattern permutations - not published addresses.",https://athletesuntapped.com/ | https://athletesuntapped.com/our-team,Playwright,https://athletesuntapped.com,https://athletesuntapped.com/,
Phoenix College,https://pcbearsathletics.com/landing/index,Phoenix,AZ,College / University,basketball; volleyball,Unclear,,,Kristine,Kincaid,Athletic Director,kristine.kincaid@phoenixcollege.edu,,,,,,,,phoenixcollege.edu,Needs Review,"Court sports and paid access found, but indoor/outdoor not stated. AZ location evidence: address. No court count stated by a reliable source; left blank. Paid access signals present (membership/rental/program).",https://pcbearsathletics.com/landing/index | https://pcbearsathletics.com/navbar-information | https://pcbearsathletics.com/information/directory/index | https://pcbearsathletics.com/navbar-facilities | https://pcbearsathletics.com/facilities/Facilities-Rental_Information,Playwright,https://pcbearsathletics.com,https://pcbearsathletics.com/landing/index,
Phoenix Rising Youth Soccer,https://www.prfcyouthsoccer.com/,,AZ,College / University,futsal,Unclear,,,,,,,info@prfcyouthsoccer.com,,,,,,,prfcyouthsoccer.com,Needs Review,"Court sports and paid access found, but indoor/outdoor not stated. AZ location evidence: mention. No decision maker found on public pages. No court count stated by a reliable source; left blank. Paid access signals present (membership/rental/program).",https://www.prfcyouthsoccer.com/ | https://www.prfcyouthsoccer.com/recreation/scottsdale/all-star-program/ | https://www.prfcyouthsoccer.com/recreation/scottsdale/fall-program/ | https://www.prfcyouthsoccer.com/competitive/north/coaches/ | https://www.prfcyouthsoccer.com/scottsdale/coaches/ | https://www.prfcyouthsoccer.com/competitive/se-valley/coaches/ | https://www.prfcyouthsoccer.com/competitive/west-valley/coaches/,Playwright,https://prfcyouthsoccer.com,https://www.prfcyouthsoccer.com/,
Pick your own farms near me in USA. U-pick farms,https://pickyourown.farm/,AK Arizona,AZ,Unknown,squash,Unclear,,,,,,,,,,,,,,pickyourown.farm,Needs Review,"Court sports found, but indoor/outdoor not stated. AZ location evidence: address. No decision maker found on public pages. No court count stated by a reliable source; left blank.",https://pickyourown.farm/,Playwright,https://pickyourown.farm,https://pickyourown.farm/,
Pickleball Club,https://pickleball.scwclubs.com/,Sun City West,AZ,Pickleball Club,pickleball,Unclear,26,one at any skill level. Come on out and give it a try. You will be happy you did! We have 26 courts. Eight at the Sands Courts (RH Johnson) campus and eighteen at the Liberty Courts (Palm R,,,,,,,,,,,,pickleball.scwclubs.com,Needs Review,"Court sports and paid access found, but indoor/outdoor not stated. AZ location evidence: address. No decision maker found on public pages. Paid access signals present (membership/rental/program).",https://pickleball.scwclubs.com/ | https://pickleball.scwclubs.com/about-location/ | https://pickleball.scwclubs.com/membership-information/,Playwright,https://pickleball.scwclubs.com,https://pickleball.scwclubs.com/,
Play It Again Sports,https://playitagainsports.com/,,AZ,Unknown,pickleball,Unclear,,,,,,pias-corporate-operations@playitagainsports.com,,,,,,,,playitagainsports.com,Needs Review,"Court sports and paid access found, but indoor/outdoor not stated. AZ location evidence: mention. No decision maker found on public pages. No court count stated by a reliable source; left blank. Paid access signals present (membership/rental/program).",https://playitagainsports.com/ | https://playitagainsports.com/locations/greensboro-nc/product/S000274652/Nike-COURT-LEGACY-NEXT-NATURE-WHT | https://playitagainsports.com/about | https://playitagainsports.com/contact-us/,Playwright,https://playitagainsports.com,https://playitagainsports.com/,
PlTennis,https://pltennis.weebly.com/,,AZ,Racquet / Tennis Club,tennis,Unclear,,,,,,,,,,,,,,pltennis.weebly.com,Needs Review,"Court sports and paid access found, but indoor/outdoor not stated. AZ location evidence: phone. No decision maker found on public pages. No court count stated by a reliable source; left blank. Paid access signals present (membership/rental/program).",https://pltennis.weebly.com/ | https://pltennis.weebly.com/contact.html | https://pltennis.weebly.com/about.html,Playwright,https://pltennis.weebly.com,https://pltennis.weebly.com/,
Prescott Beach Volleyball,https://prescottbeachvolleyball.com/,Prescott,AZ,Private Club,volleyball,Unclear,,,,,,prescottbeachvolleyball@gmail.com,,,,,,,,prescottbeachvolleyball.com,Needs Review,"Court sports and paid access found, but indoor/outdoor not stated. AZ location evidence: address. No decision maker found on public pages. No court count stated by a reliable source; left blank. Paid access signals present (membership/rental/program).",https://prescottbeachvolleyball.com/,Playwright,https://prescottbeachvolleyball.com,https://prescottbeachvolleyball.com/,
Prime By Design,https://primebydesign.co/,Chandler,AZ,College / University,basketball,Unclear,,,,,,,,,,,,,,primebydesign.co,Needs Review,"Court sports and paid access found, but indoor/outdoor not stated. AZ location evidence: address. No decision maker found on public pages. No court count stated by a reliable source; left blank. Paid access signals present (membership/rental/program).",https://primebydesign.co/ | https://primebydesign.co/about | https://primebydesign.co/programs | https://primebydesign.co/contact,Playwright,https://primebydesign.co,https://primebydesign.co/,
Prison Professors,https://www.prisonprofessors.org/,Tucson,AZ,Unknown,racquetball; handball,Unclear,,,Michael's,Story,Founder,,team@prisonprofessors.org,michaels@prisonprofessors.org,michaels.story@prisonprofessors.org,michaelsstory@prisonprofessors.org,mstory@prisonprofessors.org,m.story@prisonprofessors.org,michaelss@prisonprofessors.org,prisonprofessors.org,Needs Review,"Court sports and paid access found, but indoor/outdoor not stated. AZ location evidence: address. No court count stated by a reliable source; left blank. Paid access signals present (membership/rental/program). Guessed emails are UNVERIFIED pattern permutations - not published addresses.",https://www.prisonprofessors.org/ | https://www.prisonprofessors.org/prisons | https://www.prisonprofessors.org/profiles/directory | https://www.prisonprofessors.org/about/policy | https://www.prisonprofessors.org/about/overview | https://www.prisonprofessors.org/about/team | https://www.prisonprofessors.org/contact,Playwright,https://prisonprofessors.org,https://www.prisonprofessors.org/,
Prolific Training AZ,https://prolifictrainingaz.com/,Phoenix,AZ,College / University,basketball,Unclear,,,,,,prolifictrainingaz@gmail.com,,,,,,,,prolifictrainingaz.com,Needs Review,"Court sports and paid access found, but indoor/outdoor not stated. AZ location evidence: address. No decision maker found on public pages. No court count stated by a reliable source; left blank. Paid access signals present (membership/rental/program).",https://prolifictrainingaz.com/,Playwright,https://prolifictrainingaz.com,https://prolifictrainingaz.com/,
Provision Sports,https://www.provisionsportsaz.com/,,AZ,YMCA / JCC,basketball,Unclear,,,,,,provisionsportsaz@gmail.com,,,,,,,,provisionsportsaz.com,Needs Review,"Court sports and paid access found, but indoor/outdoor not stated. AZ location evidence: mention. No decision maker found on public pages. No court count stated by a reliable source; left blank. Paid access signals present (membership/rental/program).",https://www.provisionsportsaz.com/ | https://www.provisionsportsaz.com/contact-us-1,Playwright,https://provisionsportsaz.com,https://www.provisionsportsaz.com/,
PUSD10,https://pusd10.org/,Payson,AZ,School,basketball; volleyball,Unclear,,,Brian,Young,Athletic Director,,,brian@pusd10.org,brian.young@pusd10.org,brianyoung@pusd10.org,byoung@pusd10.org,b.young@pusd10.org,briany@pusd10.org,pusd10.org,Needs Review,"Court sports and paid access found, but indoor/outdoor not stated. AZ location evidence: address. No court count stated by a reliable source; left blank. Paid access signals present (membership/rental/program). Guessed emails are UNVERIFIED pattern permutations - not published addresses.",https://pusd10.org/ | https://pusd10.org/staff/ | https://pusd10.org/pusd-device-protection-plan-dpp/ | https://pusd10.org/bus-routes-for-26-27-school-year/ | https://pusd10.org/pusd-back-to-school-nights-2026/ | https://pusd10.org/missoula-childrens-theatre/ | https://pusd10.org/athletics/,Playwright,https://pusd10.org,https://pusd10.org/,
Quail Creek Tennis,https://www.quailcreektennis.com/,Sahuarita,AZ,Racquet / Tennis Club,tennis,Unclear,6,ts must be paid by Credit Cards only) Questions: Club Treasurer Cindy Nelson - (707) 239-0006 COURT AVAILABILITY / RESERVATIONS Visit ReserveMyCourt.com for court reservations. Courts are r,,,,cinnels12@gmail.com,,,,,,,,quailcreektennis.com,Needs Review,"Court sports and paid access found, but indoor/outdoor not stated. AZ location evidence: address. No decision maker found on public pages. Paid access signals present (membership/rental/program).",https://www.quailcreektennis.com/ | https://www.quailcreektennis.com/contact-us | https://www.quailcreektennis.com/court-reservations | https://www.quailcreektennis.com/membership,Playwright,https://quailcreektennis.com,https://www.quailcreektennis.com/,
Racquetball/Whisperball,https://racquetball.scwclubs.com/,Sun City West,AZ,Racquet / Tennis Club,badminton; racquetball,Unclear,,,,,,,,,,,,,,racquetball.scwclubs.com,Needs Review,"Court sports and paid access found, but indoor/outdoor not stated. AZ location evidence: address. No decision maker found on public pages. No court count stated by a reliable source; left blank. Paid access signals present (membership/rental/program).",https://racquetball.scwclubs.com/ | https://racquetball.scwclubs.com/about-location/ | https://racquetball.scwclubs.com/membership-information/ | https://racquetball.scwclubs.com/about-location/men-of-october-archives/ | https://racquetball.scwclubs.com/officers-bylaws/,Playwright,https://racquetball.scwclubs.com,https://racquetball.scwclubs.com/,
Ralle,https://ralle.app/,,AZ,Unknown,tennis,Unclear,6,"private clubs, and tennis centers with court details, surface types, and amenities. Find 6 tennis courts in Apache Junction, Arizona. Public parks, clubs, and tennis centers. Browse on Ralle. Fi",,,,partnerships@ralle.app,support@ralle.app,,,,,,,ralle.app,Needs Review,"Court sports and paid access found, but indoor/outdoor not stated. AZ location evidence: mention. No decision maker found on public pages. Paid access signals present (membership/rental/program).",https://ralle.app/ | https://ralle.app/courts | https://ralle.app/about | https://ralle.app/contact,Playwright,https://ralle.app,https://ralle.app/,
"Rancho El Mirage At Coyote Wash Golf Course in Wellton, AZ",https://www.ranchoelmirage.com/,Wellton,AZ,Unknown,tennis,Unclear,,,,,,ranchoelmirageaz@gmail.com,,,,,,,,ranchoelmirage.com,Needs Review,"Court sports and paid access found, but indoor/outdoor not stated. AZ location evidence: address. No decision maker found on public pages. No court count stated by a reliable source; left blank. Paid access signals present (membership/rental/program).",https://www.ranchoelmirage.com/ | https://www.ranchoelmirage.com/contact.html,Playwright,https://ranchoelmirage.com,https://www.ranchoelmirage.com/,
Ray,https://raysrackets.com/,Sun City,AZ,College / University,pickleball; tennis; basketball; volleyball,Unclear,,,Ray,Wendeln,Owner,,info@raysrackets.com,ray@raysrackets.com,ray.wendeln@raysrackets.com,raywendeln@raysrackets.com,rwendeln@raysrackets.com,r.wendeln@raysrackets.com,rayw@raysrackets.com,raysrackets.com,Needs Review,"Court sports and paid access found, but indoor/outdoor not stated. AZ location evidence: address. No court count stated by a reliable source; left blank. Paid access signals present (membership/rental/program). Guessed emails are UNVERIFIED pattern permutations - not published addresses.",https://raysrackets.com/ | https://raysrackets.com/our-team,Playwright,https://raysrackets.com,https://raysrackets.com/,
Reach Basketball,https://www.reachbasketball.com/,Chandler,AZ,School,basketball,Unclear,,,,,,,info@reachbasketball.com,,,,,,,reachbasketball.com,Needs Review,"Court sports and paid access found, but indoor/outdoor not stated. AZ location evidence: address. No decision maker found on public pages. No court count stated by a reliable source; left blank. Paid access signals present (membership/rental/program).",https://www.reachbasketball.com/ | https://www.reachbasketball.com/about | https://www.reachbasketball.com/contact | https://www.reachbasketball.com/after-school-program,Playwright,https://reachbasketball.com,https://www.reachbasketball.com/,
RealTucson.com,https://realtucson.com/,Tucson,AZ,College / University,pickleball; tennis; racquetball,Unclear,,,,,,,hello@realtucson.com,,,,,,,realtucson.com,Needs Review,"Court sports found, but indoor/outdoor not stated. AZ location evidence: address. No decision maker found on public pages. No court count stated by a reliable source; left blank.",https://realtucson.com/ | https://realtucson.com/about/ | https://realtucson.com/contact/ | https://realtucson.com/get-started/,Playwright,https://realtucson.com,https://realtucson.com/,
Red Mountain Ranch Country Club,https://www.rmrcc.com/,Mesa,AZ,Country Club,pickleball; tennis,Unclear,,,Brandon,Christensen,General Manager,,info@rmrcc.com,brandon@rmrcc.com,brandon.christensen@rmrcc.com,brandonchristensen@rmrcc.com,bchristensen@rmrcc.com,b.christensen@rmrcc.com,brandonc@rmrcc.com,rmrcc.com,Needs Review,"Court sports and paid access found, but indoor/outdoor not stated. AZ location evidence: address. No court count stated by a reliable source; left blank. Paid access signals present (membership/rental/program). Guessed emails are UNVERIFIED pattern permutations - not published addresses.",https://www.rmrcc.com/ | https://www.rmrcc.com/club/membership | https://www.rmrcc.com/club/staff | https://www.rmrcc.com/contact/email | https://www.rmrcc.com/contact/partners | https://www.rmrcc.com/contact/real-estate,Playwright,https://rmrcc.com,https://www.rmrcc.com/,
Reffkin Tennis Center,https://reffkintenniscenter.com/,Tucson,AZ,Racquet / Tennis Club,pickleball; tennis; racquetball,Unclear,8,th semi-pro and USTA professional levels. Our facility includes: 23 Lighted Tennis Courts 8 Pickleball Courts 4 Racquetball Courts (Temporarily Unavailable) USTA Outstanding Tennis Facility Award Win,,,,proshop@reffkintenniscenter.com,,,,,,,,reffkintenniscenter.com,Needs Review,"Court sports and paid access found, but indoor/outdoor not stated. AZ location evidence: address. No decision maker found on public pages. Paid access signals present (membership/rental/program).",https://reffkintenniscenter.com/ | https://reffkintenniscenter.com/our-facility/ | https://reffkintenniscenter.com/facility-map/ | https://reffkintenniscenter.com/our-staff/ | https://reffkintenniscenter.com/contact/,Playwright,https://reffkintenniscenter.com,https://reffkintenniscenter.com/,
Revolution Volleyball Academy,https://revolutionvolleyballacademy.com/,Phoenix,AZ,College / University,volleyball,Unclear,,,AMANDA,BURBRIDGE,Club Director,,,amanda@revolutionvolleyballacademy.com,amanda.burbridge@revolutionvolleyballacademy.com,amandaburbridge@revolutionvolleyballacademy.com,aburbridge@revolutionvolleyballacademy.com,a.burbridge@revolutionvolleyballacademy.com,amandab@revolutionvolleyballacademy.com,revolutionvolleyballacademy.com,Needs Review,"Court sports and paid access found, but indoor/outdoor not stated. AZ location evidence: address. No court count stated by a reliable source; left blank. Paid access signals present (membership/rental/program). Guessed emails are UNVERIFIED pattern permutations - not published addresses.",https://revolutionvolleyballacademy.com/ | https://revolutionvolleyballacademy.com/about-us/ | https://revolutionvolleyballacademy.com/about-us/rva-core-values/ | https://revolutionvolleyballacademy.com/leadership/ | https://revolutionvolleyballacademy.com/about-us/contact-us/ | https://revolutionvolleyballacademy.com/about-us/coach-with-us/ | https://revolutionvolleyballacademy.com/rev-teams/coaching-staff/,Playwright,https://revolutionvolleyballacademy.com,https://revolutionvolleyballacademy.com/,
RISE Athletics,https://riseathletics.com/,Queen Creek,AZ,School,basketball,Unclear,,,,,,impallari@gmail.com,info@riseathletics.com,,,,,,,riseathletics.com,Needs Review,"Court sports and paid access found, but indoor/outdoor not stated. AZ location evidence: address. No decision maker found on public pages. No court count stated by a reliable source; left blank. Paid access signals present (membership/rental/program).",https://riseathletics.com/ | https://riseathletics.com/contact-us,Playwright,https://riseathletics.com,https://riseathletics.com/,
Rising Sun Volleyball,https://www.risingsunvolleyball.com/,Gilbert,AZ,Health Club,volleyball,Unclear,,,,,,risingsunvolleyball@gmail.com,,,,,,,,risingsunvolleyball.com,Needs Review,"Court sports and paid access found, but indoor/outdoor not stated. AZ location evidence: address. No decision maker found on public pages. No court count stated by a reliable source; left blank. Paid access signals present (membership/rental/program).",https://www.risingsunvolleyball.com/ | https://www.risingsunvolleyball.com/about-us | https://www.risingsunvolleyball.com/our-programs | https://www.risingsunvolleyball.com/contact,Playwright,https://risingsunvolleyball.com,https://www.risingsunvolleyball.com/,
Roberts Resorts,https://robertsresorts.com/,El Mirage,AZ,Unknown,pickleball,Unclear,26,we will assume that you are happy with it.Ok Join our Glendale Area Pickleball Club with 26 Courts - Pueblo El ... Join our Glendale Area Pickleball Club with 26 Courts ... Pueblo El Mirag,,,,,,,,,,,,robertsresorts.com,Needs Review,"Court sports and paid access found, but indoor/outdoor not stated. AZ location evidence: address. No decision maker found on public pages. Paid access signals present (membership/rental/program).",https://robertsresorts.com/ | https://robertsresorts.com/the-roberts-difference | https://robertsresorts.com/contact-us,Playwright,https://robertsresorts.com,https://robertsresorts.com/,
RUSH Volleyball Club,https://www.rushvolleyball.com/,Mesa,AZ,Private Club,volleyball,Unclear,,,TIM,ZEMP,Executive Director,tim@rushvolleyball.com,,,,,,,,rushvolleyball.com,Needs Review,"Court sports and paid access found, but indoor/outdoor not stated. AZ location evidence: address. No court count stated by a reliable source; left blank. Paid access signals present (membership/rental/program).",https://www.rushvolleyball.com/ | https://www.rushvolleyball.com/about/about-us/104740 | https://www.rushvolleyball.com/about/executive-leadership/108179 | https://www.rushvolleyball.com/about/regional-leadership/111067 | https://www.rushvolleyball.com/about/rush-store/111038 | https://www.rushvolleyball.com/about/donations/111049,Playwright,https://rushvolleyball.com,https://www.rushvolleyball.com/,
Safford High School,https://shs.saffordusd.com/,,AZ,School,tennis; basketball; volleyball,Unclear,,,Ryan,Scherling,Athletic Director,,,ryan@shs.saffordusd.com,ryan.scherling@shs.saffordusd.com,ryanscherling@shs.saffordusd.com,rscherling@shs.saffordusd.com,r.scherling@shs.saffordusd.com,ryans@shs.saffordusd.com,shs.saffordusd.com,Needs Review,"Court sports and paid access found, but indoor/outdoor not stated. AZ location evidence: phone. No court count stated by a reliable source; left blank. Paid access signals present (membership/rental/program). Guessed emails are UNVERIFIED pattern permutations - not published addresses.",https://shs.saffordusd.com/ | https://shs.saffordusd.com/our-school/administration | https://shs.saffordusd.com/our-school/information/student-parkinglocker-rentals | https://shs.saffordusd.com/our-school/staff-directory | https://shs.saffordusd.com/programs | https://shs.saffordusd.com/programs/bulldog-boulevard-childcare | https://shs.saffordusd.com/programs/career-and-technical-education,Playwright,https://shs.saffordusd.com,https://shs.saffordusd.com/,
Safford Unified School District 1,https://www.saffordusd.com/,Safford,AZ,School,tennis,Unclear,,,,,,,,,,,,,,saffordusd.com,Needs Review,"Court sports and paid access found, but indoor/outdoor not stated. AZ location evidence: address. No decision maker found on public pages. No court count stated by a reliable source; left blank. Paid access signals present (membership/rental/program).",https://www.saffordusd.com/ | https://www.saffordusd.com/district111/staff-directory | https://www.saffordusd.com/departments/facilities,Playwright,https://saffordusd.com,https://www.saffordusd.com/,
Salpointe Catholic High School,https://www.salpointe.org/,Tucson,AZ,College / University,tennis; basketball; volleyball,Unclear,57,’57 Frank Galvez Gilbert Garcia ’66 Frank B. Garcia ’75 Scott Gaskins ’97 Michael Geddes ’57 Court Gettel ’92 Tamara Winters Gibbs ’96 Matthew Gjurgevich ’99 John Glaser ’72 John Gleeson B,Jennifer,Harris,President,,,jennifer@salpointe.org,jennifer.harris@salpointe.org,jenniferharris@salpointe.org,jharris@salpointe.org,j.harris@salpointe.org,jenniferh@salpointe.org,salpointe.org,Needs Review,"Court sports and paid access found, but indoor/outdoor not stated. AZ location evidence: address. Paid access signals present (membership/rental/program). Guessed emails are UNVERIFIED pattern permutations - not published addresses.",https://www.salpointe.org/ | https://www.salpointe.org/about/community-events/ | https://www.salpointe.org/athletics/athletics-at-salpointe/sports-hall-of-fame/ | https://www.salpointe.org/directory/ | https://www.salpointe.org/admissions/financial-aid/ | https://www.salpointe.org/about/about-salpointe/,Playwright,https://salpointe.org,https://www.salpointe.org/,
Salt River Stories,https://saltriverstories.org/,Mark Tebeau,AZ,College / University,tennis,Unclear,,,,,,,,,,,,,,saltriverstories.org,Needs Review,"Court sports and paid access found, but indoor/outdoor not stated. AZ location evidence: address. No decision maker found on public pages. No court count stated by a reliable source; left blank. Paid access signals present (membership/rental/program).",https://saltriverstories.org/ | https://saltriverstories.org/about,Playwright,https://saltriverstories.org,https://saltriverstories.org/,
Sanctuary Camelback Mountain,https://www.sanctuaryaz.com/,Paradise Valley,AZ,Unknown,pickleball; tennis,Unclear,,,,,,,reservations@sanctuaryaz.com,,,,,,,sanctuaryaz.com,Needs Review,"Court sports and paid access found, but indoor/outdoor not stated. AZ location evidence: address. No decision maker found on public pages. No court count stated by a reliable source; left blank. Paid access signals present (membership/rental/program).",https://www.sanctuaryaz.com/ | https://www.sanctuaryaz.com/contact | https://www.sanctuaryaz.com/about,Playwright,https://sanctuaryaz.com,https://www.sanctuaryaz.com/,
Scottsdale Basketball | Scottsdale Basketball,https://www.scottsdalebasketball.co/,Scottsdale,AZ,School,basketball,Unclear,,,,,,scottsdalebball@gmail.com,,,,,,,,scottsdalebasketball.co,Needs Review,"Court sports and paid access found, but indoor/outdoor not stated. AZ location evidence: address. No decision maker found on public pages. No court count stated by a reliable source; left blank. Paid access signals present (membership/rental/program).",https://www.scottsdalebasketball.co/ | https://www.scottsdalebasketball.co/about-us-1734932087412,Playwright,https://scottsdalebasketball.co,https://www.scottsdalebasketball.co/,
Scottsdale Basketball Academy,https://scottsdalebasketballacademy.com/,Phoenix,AZ,School,basketball,Unclear,,,,,,scottsdalebasketballacademy@gmail.com,,,,,,,,scottsdalebasketballacademy.com,Needs Review,"Court sports and paid access found, but indoor/outdoor not stated. AZ location evidence: address. No decision maker found on public pages. No court count stated by a reliable source; left blank. Paid access signals present (membership/rental/program).",https://scottsdalebasketballacademy.com/,Playwright,https://scottsdalebasketballacademy.com,https://scottsdalebasketballacademy.com/,
Scottsdale Community College,https://www.scottsdalecc.edu/,Scottsdale,AZ,College / University,pickleball; tennis,Unclear,,,Kristine,Alcon,Manager,,,kristine@scottsdalecc.edu,kristine.alcon@scottsdalecc.edu,kristinealcon@scottsdalecc.edu,kalcon@scottsdalecc.edu,k.alcon@scottsdalecc.edu,kristinea@scottsdalecc.edu,scottsdalecc.edu,Needs Review,"Court sports and paid access found, but indoor/outdoor not stated. AZ location evidence: address. No court count stated by a reliable source; left blank. Paid access signals present (membership/rental/program). Guessed emails are UNVERIFIED pattern permutations - not published addresses.",https://www.scottsdalecc.edu/ | https://www.scottsdalecc.edu/degrees-certificates | https://www.scottsdalecc.edu/students/student-experience-leadership | https://www.scottsdalecc.edu/students/elearning/about | https://www.scottsdalecc.edu/about | https://www.scottsdalecc.edu/about/accreditation | https://www.scottsdalecc.edu/students/arties-welcome,Playwright,https://scottsdalecc.edu,https://www.scottsdalecc.edu/,
Scottsdale One - The Arizona Exclusive,https://www.scottsdaleone.com/,Scottsdale,AZ,Private Club,tennis,Unclear,,,,,,,,,,,,,,scottsdaleone.com,Needs Review,"Court sports found, but indoor/outdoor not stated. AZ location evidence: address. No decision maker found on public pages. No court count stated by a reliable source; left blank.",https://www.scottsdaleone.com/ | https://www.scottsdaleone.com/about-us/ | https://www.scottsdaleone.com/contact-us/ | https://www.scottsdaleone.com/scottsdale-one-advertisement-contact-form/ | https://www.scottsdaleone.com/tag/tennis-courts-in-scottsdale/,Playwright,https://scottsdaleone.com,https://www.scottsdaleone.com/,
Scottsdale Ranch Community Association,https://www.scottsdaleranch.org/,Scottsdale,AZ,Unknown,tennis; basketball; volleyball; squash; racquetball,Unclear,18,ale Ranch Community Association The Racquet Club - Scottsdale Ranch Community Association 18 tennis courts (lighted) · Four racquetball courts (lighted) · Squash court (lighted) · Six sand volleyb,Mike,Thorlin,President,,,mike@scottsdaleranch.org,mike.thorlin@scottsdaleranch.org,mikethorlin@scottsdaleranch.org,mthorlin@scottsdaleranch.org,m.thorlin@scottsdaleranch.org,miket@scottsdaleranch.org,scottsdaleranch.org,Needs Review,"Court sports and paid access found, but indoor/outdoor not stated. AZ location evidence: address. Paid access signals present (membership/rental/program). Guessed emails are UNVERIFIED pattern permutations - not published addresses.",https://www.scottsdaleranch.org/ | https://www.scottsdaleranch.org/staff | https://www.scottsdaleranch.org/update-contact-information | https://www.scottsdaleranch.org/subassoc | https://www.scottsdaleranch.org/heritage-court/ | https://www.scottsdaleranch.org/srca-office-contacts,Playwright,https://scottsdaleranch.org,https://www.scottsdaleranch.org/,
Scottsdale Volleyball Club and Training,https://www.victoriumvolleyballclub.com/,Flagstaff,AZ,College / University,volleyball,Unclear,,,Holly,McLean,Club Director,,info@victoriumvolleyballclub.com,holly@victoriumvolleyballclub.com,holly.mclean@victoriumvolleyballclub.com,hollymclean@victoriumvolleyballclub.com,hmclean@victoriumvolleyballclub.com,h.mclean@victoriumvolleyballclub.com,hollym@victoriumvolleyballclub.com,victoriumvolleyballclub.com,Needs Review,"Court sports and paid access found, but indoor/outdoor not stated. AZ location evidence: address. No court count stated by a reliable source; left blank. Paid access signals present (membership/rental/program). Guessed emails are UNVERIFIED pattern permutations - not published addresses.",https://www.victoriumvolleyballclub.com/ | https://www.victoriumvolleyballclub.com/staff | https://www.victoriumvolleyballclub.com/staff-bio | https://www.victoriumvolleyballclub.com/join-our-team | https://www.victoriumvolleyballclub.com/contact-us | https://www.victoriumvolleyballclub.com/competitive-programs,Playwright,https://victoriumvolleyballclub.com,https://www.victoriumvolleyballclub.com/,
SCW Pickleball Club,https://scwpickleballclub.com/,Sun City West,AZ,Pickleball Club,pickleball,Unclear,,,,,,,,,,,,,,scwpickleballclub.com,Needs Review,"Court sports and paid access found, but indoor/outdoor not stated. AZ location evidence: address. No decision maker found on public pages. No court count stated by a reliable source; left blank. Paid access signals present (membership/rental/program).",https://scwpickleballclub.com/ | https://scwpickleballclub.com/weekly-programs/ | https://scwpickleballclub.com/membership/ | https://scwpickleballclub.com/membership-renewal/ | https://scwpickleballclub.com/login/?redirect_to=https%3A%2F%2Fscwpickleballclub.com%2Fmember-directory%3F | https://scwpickleballclub.com/membership-meetings/,Playwright,https://scwpickleballclub.com,https://scwpickleballclub.com/,
SERVING UP SOME FUN! - City Lifestyle,https://citylifestyle.com/,,AZ,School,tennis,Unclear,,,,,,example@gmail.com,,,,,,,,citylifestyle.com,Needs Review,"Court sports and paid access found, but indoor/outdoor not stated. AZ location evidence: mention. No decision maker found on public pages. No court count stated by a reliable source; left blank. Paid access signals present (membership/rental/program).",https://citylifestyle.com/ | https://citylifestyle.com/articles/meet-the-bossticks | https://citylifestyle.com/about-us | https://citylifestyle.com/contact-us,Playwright,https://citylifestyle.com,https://citylifestyle.com/,
Seth Korey Tennis Academy,https://www.sethkoreytennis.com/,Scottsdale,AZ,Racquet / Tennis Club,pickleball; tennis,Unclear,,,,,,skorey777@gmail.com,,,,,,,,sethkoreytennis.com,Needs Review,"Court sports and paid access found, but indoor/outdoor not stated. AZ location evidence: address. No decision maker found on public pages. No court count stated by a reliable source; left blank. Paid access signals present (membership/rental/program).",https://www.sethkoreytennis.com/ | https://www.sethkoreytennis.com/meet-the-pros | https://www.sethkoreytennis.com/junior-programs | https://www.sethkoreytennis.com/adult-programs | https://www.sethkoreytennis.com/contact-shift,Playwright,https://sethkoreytennis.com,https://www.sethkoreytennis.com/,
Show Low Youth,https://www.showlowyouth.org/,Show Low,AZ,School,basketball; volleyball,Unclear,,,,,,,info@showlowyouth.org,,,,,,,showlowyouth.org,Needs Review,"Court sports and paid access found, but indoor/outdoor not stated. AZ location evidence: address. No decision maker found on public pages. No court count stated by a reliable source; left blank. Paid access signals present (membership/rental/program).",https://www.showlowyouth.org/ | https://www.showlowyouth.org/contact,Playwright,https://showlowyouth.org,https://www.showlowyouth.org/,
"Show Low, AZ - Contour Airlines",https://www.contourairlines.com/,Page,AZ,College / University,tennis; basketball; racquetball,Unclear,,,,,,,,,,,,,,contourairlines.com,Needs Review,"Court sports and paid access found, but indoor/outdoor not stated. AZ location evidence: address. No decision maker found on public pages. No court count stated by a reliable source; left blank. Paid access signals present (membership/rental/program).",https://www.contourairlines.com/ | https://www.contourairlines.com/corporate/about-us | https://www.contourairlines.com/need-help/contact-us,Playwright,https://contourairlines.com,https://www.contourairlines.com/,
Small Goal Soccer,https://www.smallgoalsoccer.com/,Phoenix,AZ,Unknown,futsal,Unclear,,,Adam,Thelwell,Founder,,,adam@smallgoalsoccer.com,adam.thelwell@smallgoalsoccer.com,adamthelwell@smallgoalsoccer.com,athelwell@smallgoalsoccer.com,a.thelwell@smallgoalsoccer.com,adamt@smallgoalsoccer.com,smallgoalsoccer.com,Needs Review,"Court sports and paid access found, but indoor/outdoor not stated. AZ location evidence: address. No court count stated by a reliable source; left blank. Paid access signals present (membership/rental/program). Guessed emails are UNVERIFIED pattern permutations - not published addresses.",https://www.smallgoalsoccer.com/ | https://www.smallgoalsoccer.com/about/ | https://www.smallgoalsoccer.com/join-now/,Playwright,https://smallgoalsoccer.com,https://www.smallgoalsoccer.com/,
South West Aquatic Sports Home,https://www.swaquaticsports.com/page/home,Tucson,AZ,Country Club,pickleball; tennis,Unclear,,,,,,,,,,,,,,swaquaticsports.com,Needs Review,"Court sports found, but indoor/outdoor not stated. AZ location evidence: address. No decision maker found on public pages. No court count stated by a reliable source; left blank.",https://www.swaquaticsports.com/page/home | https://www.gomotionapp.com/team/cmazsas/page/system/contactus,Playwright,https://swaquaticsports.com,https://www.swaquaticsports.com/page/home,
SpecialOlympics.org,https://www.specialolympics.org/,,AZ,Unknown,badminton,Unclear,,,Dustin,Plunkett,Manager,,,dustin@specialolympics.org,dustin.plunkett@specialolympics.org,dustinplunkett@specialolympics.org,dplunkett@specialolympics.org,d.plunkett@specialolympics.org,dustinp@specialolympics.org,specialolympics.org,Needs Review,"Court sports and paid access found, but indoor/outdoor not stated. AZ location evidence: mention. No court count stated by a reliable source; left blank. Paid access signals present (membership/rental/program). Guessed emails are UNVERIFIED pattern permutations - not published addresses.",https://www.specialolympics.org/ | https://www.specialolympics.org/videos/meet-the-heroes-aegir | https://www.specialolympics.org/programs/united-states/illinois | https://www.specialolympics.org/what-we-do/inclusive-leadership | https://www.specialolympics.org/programs | https://www.specialolympics.org/get-involved/local-club | https://www.specialolympics.org/get-involved/volunteer/event-staff,Playwright,https://specialolympics.org,https://www.specialolympics.org/,
Spooner Physical Therapy,https://www.spoonerpt.com/,Scottsdale,AZ,Unknown,basketball,Unclear,,,,,,,info@spoonerpt.com,,,,,,,spoonerpt.com,Needs Review,"Court sports and paid access found, but indoor/outdoor not stated. AZ location evidence: address. No decision maker found on public pages. No court count stated by a reliable source; left blank. Paid access signals present (membership/rental/program).",https://www.spoonerpt.com/ | https://www.spoonerpt.com/sports-performance/foundational-golf-fitness-program/ | https://www.spoonerpt.com/services/ | https://www.spoonerpt.com/about-us/ | https://www.spoonerpt.com/meet-the-team/ | https://www.spoonerpt.com/contact_us/,Playwright,https://spoonerpt.com,https://www.spoonerpt.com/,
Sports Academy,https://sportsacademy.us/,Mesa,AZ,School,basketball; volleyball,Unclear,,,,,,satomemberships@sportsacademy.us,,,,,,,,sportsacademy.us,Needs Review,"Court sports and paid access found, but indoor/outdoor not stated. AZ location evidence: address. No decision maker found on public pages. No court count stated by a reliable source; left blank. Paid access signals present (membership/rental/program).",https://sportsacademy.us/ | https://sportsacademy.us/pages/youth-sports | https://sportsacademy.us/pages/basketball-training-to | https://sportsacademy.us/pages/training-memberships | https://sportsacademy.us/pages/campus-rentals-to | https://sportsacademy.us/pages/basketball-training-sb | https://sportsacademy.us/pages/copy-of-training-memberships-seal-beach,Playwright,https://sportsacademy.us,https://sportsacademy.us/,
Sports Kidz AZ - Reaching the Next Generation Through Athletics,https://sportskidzaz.org/,Anthem,AZ,School,basketball,Unclear,,,Jonathan,Cottrell,Executive Director,,,jonathan@sportskidzaz.org,jonathan.cottrell@sportskidzaz.org,jonathancottrell@sportskidzaz.org,jcottrell@sportskidzaz.org,j.cottrell@sportskidzaz.org,jonathanc@sportskidzaz.org,sportskidzaz.org,Needs Review,"Court sports and paid access found, but indoor/outdoor not stated. AZ location evidence: address. No court count stated by a reliable source; left blank. Paid access signals present (membership/rental/program). Guessed emails are UNVERIFIED pattern permutations - not published addresses.",https://sportskidzaz.org/ | https://sportskidzaz.org/registration/ | https://sportskidzaz.org/after-school-athletics/ | https://sportskidzaz.org/competitive-homeschool-athletics/ | https://sportskidzaz.org/jr-coaches/ | https://sportskidzaz.org/staff/ | https://sportskidzaz.org/contact-us/,Playwright,https://sportskidzaz.org,https://sportskidzaz.org/,
Sports Park Tucson,https://sportsparktucson.com/,Tucson,AZ,Unknown,basketball; volleyball,Unclear,,,,,,,contact@sportsparktucson.com,,,,,,,sportsparktucson.com,Needs Review,"Court sports and paid access found, but indoor/outdoor not stated. AZ location evidence: address. No decision maker found on public pages. No court count stated by a reliable source; left blank. Paid access signals present (membership/rental/program).",https://sportsparktucson.com/ | https://sportsparktucson.com/about | https://sportsparktucson.com/about/faq | https://sportsparktucson.com/about/jobs | https://sportsparktucson.com/contact,Playwright,https://sportsparktucson.com,https://sportsparktucson.com/,
State 48 Fc,https://state48fc.com/,,AZ,School,futsal,Unclear,,,Heber,Valenzuela,CEO,,,heber@state48fc.com,heber.valenzuela@state48fc.com,hebervalenzuela@state48fc.com,hvalenzuela@state48fc.com,h.valenzuela@state48fc.com,heberv@state48fc.com,state48fc.com,Needs Review,"Court sports and paid access found, but indoor/outdoor not stated. AZ location evidence: phone. No court count stated by a reliable source; left blank. Paid access signals present (membership/rental/program). Guessed emails are UNVERIFIED pattern permutations - not published addresses.",https://state48fc.com/ | https://state48fc.com/about/ | https://state48fc.com/contact/,Playwright,https://state48fc.com,https://state48fc.com/,
Stealth Beach Volleyball,https://stealthbeachvolleyball.com/,,AZ,College / University,volleyball,Unclear,,,,,,brett@stealthbeachvolleyball.com,,,,,,,,stealthbeachvolleyball.com,Needs Review,"Court sports and paid access found, but indoor/outdoor not stated. AZ location evidence: phone. No decision maker found on public pages. No court count stated by a reliable source; left blank. Paid access signals present (membership/rental/program).",https://stealthbeachvolleyball.com/ | https://stealthbeachvolleyball.com/stealth-beach-volleyball-club/,Playwright,https://stealthbeachvolleyball.com,https://stealthbeachvolleyball.com/,
Sun City Swim Club,https://suncity-swim.com/,Sun City,AZ,Private Club,tennis,Unclear,,,,,,,,,,,,,,suncity-swim.com,Needs Review,"Court sports and paid access found, but indoor/outdoor not stated. AZ location evidence: address. No decision maker found on public pages. No court count stated by a reliable source; left blank. Paid access signals present (membership/rental/program). Third-party email removed (not on facility domain).",https://suncity-swim.com/,Playwright,https://suncity-swim.com,https://suncity-swim.com/,
Sun City Tennis Club,https://www.suncitytennisclubaz.com/,,AZ,Racquet / Tennis Club,tennis,Unclear,10,n City Tennis Club Membership at the Sun City Tennis Club in Arizona offers you access to ten tennis courts at Bell Recreation Center and two courts at Mountain View Recreation Center. Use of tenni,,,,suncitytennisclub@gmail.com,,,,,,,,suncitytennisclubaz.com,Needs Review,"Court sports and paid access found, but indoor/outdoor not stated. AZ location evidence: mention. No decision maker found on public pages. Paid access signals present (membership/rental/program).",https://www.suncitytennisclubaz.com/,Playwright,https://suncitytennisclubaz.com,https://www.suncitytennisclubaz.com/,
Sun City West Clubs,https://scwclubs.com/,Sun City West,AZ,Private Club,tennis; volleyball,Unclear,,,,,,emitofsky@gmail.com,,,,,,,,scwclubs.com,Needs Review,"Court sports and paid access found, but indoor/outdoor not stated. AZ location evidence: address. No decision maker found on public pages. No court count stated by a reliable source; left blank. Paid access signals present (membership/rental/program).",https://scwclubs.com/ | https://scwclubs.com/directory/ | https://scwclubs.com/divi-builder-tutorials/,Playwright,https://scwclubs.com,https://scwclubs.com/,
Sun City West Foundation,https://www.scwfoundation.org/,Sun City West,AZ,Unknown,pickleball,Unclear,,,,,,email@gmail.com,info@scwfoundation.org,,,,,,,scwfoundation.org,Needs Review,"Court sports and paid access found, but indoor/outdoor not stated. AZ location evidence: address. No decision maker found on public pages. No court count stated by a reliable source; left blank. Paid access signals present (membership/rental/program).",https://www.scwfoundation.org/ | https://www.scwfoundation.org/about | https://www.scwfoundation.org/programs-and-services/helping-hands-equipment-catalog | https://www.scwfoundation.org/programs-and-services/meeting-rooms | https://www.scwfoundation.org/programs-and-services/find-your-ride | https://www.scwfoundation.org/programs-and-services | https://www.scwfoundation.org/contact,Playwright,https://scwfoundation.org,https://www.scwfoundation.org/,
Sunset Badminton,https://www.sunsetbadminton.com/,Phoenix,AZ,School,badminton,Unclear,4,"it’s a great facility run by people as passionate about badminton as we are, it only has four courts and is located in one part of a very large metropolitan area. Compare that to California,",,,,family@sunsetbadminton.com,,,,,,,,sunsetbadminton.com,Needs Review,"Court sports and paid access found, but indoor/outdoor not stated. AZ location evidence: address. No decision maker found on public pages. Paid access signals present (membership/rental/program).",https://www.sunsetbadminton.com/ | https://www.sunsetbadminton.com/about-us/ | https://www.sunsetbadminton.com/contact/,Playwright,https://sunsetbadminton.com,https://www.sunsetbadminton.com/,
Surprise Arizona Basketball Club,https://surprisebb.com/,Surprise,AZ,School,basketball,Unclear,,,,,,,,,,,,,,surprisebb.com,Needs Review,"Court sports and paid access found, but indoor/outdoor not stated. AZ location evidence: address. No decision maker found on public pages. No court count stated by a reliable source; left blank. Paid access signals present (membership/rental/program).",https://surprisebb.com/ | https://surprisebb.com/ourteams.html | https://surprisebb.com/contact.php | https://surprisebb.com/aboutus.html | https://surprisebb.com/ourstory.html | http://www.surprisebb.com/ourteams.html,Playwright,https://surprisebb.com,https://surprisebb.com/,
Surprise Tennis Club,https://www.surpriseaztennis.com/,Surprise,AZ,Racquet / Tennis Club,tennis,Unclear,,,,,,,,,,,,,,surpriseaztennis.com,Needs Review,"Court sports and paid access found, but indoor/outdoor not stated. AZ location evidence: address. No decision maker found on public pages. No court count stated by a reliable source; left blank. Paid access signals present (membership/rental/program).",https://www.surpriseaztennis.com/ | https://www.surpriseaztennis.com/about/ | https://www.surpriseaztennis.com/contact/,Playwright,https://surpriseaztennis.com,https://www.surpriseaztennis.com/,
SWBA,https://swbadminton.org/,,AZ,College / University,badminton,Unclear,4,"Badminton Club. [21SEP2014] · Phoenix, AZ-. Arizona Badminton Center ,dedicated facility, 4 courts Mesa. Alhambra, CA- Almansor Park Gym 800 S. · Arcadia, CA- Arcadia High School Gym 180 C",,,,,,,,,,,,swbadminton.org,Needs Review,"Court sports found, but indoor/outdoor not stated. AZ location evidence: mention. No decision maker found on public pages.",https://swbadminton.org/,Playwright,https://swbadminton.org,https://swbadminton.org/,
TCTTC,https://tricitytabletennis.club/,Prescott Valley,AZ,Racquet / Tennis Club,tennis,Unclear,,,,,,,,,,,,,,tricitytabletennis.club,Needs Review,"Court sports and paid access found, but indoor/outdoor not stated. AZ location evidence: address. No decision maker found on public pages. No court count stated by a reliable source; left blank. Paid access signals present (membership/rental/program).",https://tricitytabletennis.club/ | https://tricitytabletennis.club/about-us/ | https://tricitytabletennis.club/contact-us/,Playwright,https://tricitytabletennis.club,https://tricitytabletennis.club/,
Tennis,https://www.ahwatukeetennis.com/,Phoenix,AZ,Racquet / Tennis Club,tennis,Unclear,,,,,,,,,,,,,,ahwatukeetennis.com,Needs Review,"Court sports and paid access found, but indoor/outdoor not stated. AZ location evidence: address. No decision maker found on public pages. No court count stated by a reliable source; left blank. Paid access signals present (membership/rental/program).",https://www.ahwatukeetennis.com/ | https://www.ahwatukeetennis.com/about-us,Playwright,https://ahwatukeetennis.com,https://www.ahwatukeetennis.com/,
Tennis in Arizona's Verde Valley and Sedona,https://verdesedonatennis.com/,,AZ,Racquet / Tennis Club,tennis,Unclear,12,"na, Arizona, at Posse Grounds Park, Sunset Park, and Red Rock High School. Cottonwood has twelve tennis courts that are open to the public free of charge. Cottonwood Recreation Center Tennis Courts. T",,,,25@gmail.com,,,,,,,,verdesedonatennis.com,Needs Review,"Court sports found, but indoor/outdoor not stated. AZ location evidence: mention. No decision maker found on public pages.",https://verdesedonatennis.com/ | https://verdesedonatennis.com/vstcontact.htm,Playwright,https://verdesedonatennis.com,https://verdesedonatennis.com/,
The Boulders Golf Club,https://www.bouldersclub.com/,Carefree,AZ,Private Club,tennis,Unclear,28,"oulders Club 34631 N. Tom Darlington Drive P.O. Box 2090 Carefree, Arizona 85377 480.488.9028 Court Sports at The Boulders Court Sports at The Boulders Court Sports at The Boulders Nestled",,,,,,,,,,,,bouldersclub.com,Needs Review,"Court sports and paid access found, but indoor/outdoor not stated. AZ location evidence: address. No decision maker found on public pages. Paid access signals present (membership/rental/program).",https://www.bouldersclub.com/ | https://www.bouldersclub.com/Default.aspx,Playwright,https://bouldersclub.com,https://www.bouldersclub.com/,
The Club at Seven Canyons,https://sevencanyons.com/,Sedona,AZ,Private Club,pickleball; tennis,Unclear,,,,,,,info@sevencanyons.com,,,,,,,sevencanyons.com,Needs Review,"Court sports and paid access found, but indoor/outdoor not stated. AZ location evidence: address. No decision maker found on public pages. No court count stated by a reliable source; left blank. Paid access signals present (membership/rental/program).",https://sevencanyons.com/ | https://sevencanyons.com/meet-the-team | https://sevencanyons.com/membership | https://sevencanyons.com/web/pages/membership | https://sevencanyons.com/web/pages/clubhouse | https://sevencanyons.com/web/pages/contact,Playwright,https://sevencanyons.com,https://sevencanyons.com/,
"The Grand: Retirement & 55+ Communities in Surprise, AZ",https://livegrandaz.com/,Surprise,AZ,Racquet / Tennis Club,tennis,Unclear,,,,,,,info@livegrandaz.com,,,,,,,livegrandaz.com,Needs Review,"Court sports and paid access found, but indoor/outdoor not stated. AZ location evidence: address. No decision maker found on public pages. No court count stated by a reliable source; left blank. Paid access signals present (membership/rental/program).",https://livegrandaz.com/ | https://livegrandaz.com/web/pages/contact-us,Playwright,https://livegrandaz.com,https://livegrandaz.com/,
The Mirabel Club Home Page,https://www.mirabel.com/,Scottsdale,AZ,Private Club,pickleball; tennis,Unclear,,,JIM,NAPOLITANO,General Manager,jim.napolitano@mirabel.com,,,,,,,,mirabel.com,Needs Review,"Court sports and paid access found, but indoor/outdoor not stated. AZ location evidence: address. No court count stated by a reliable source; left blank. Paid access signals present (membership/rental/program).",https://www.mirabel.com/ | https://www.mirabel.com/membership | https://www.mirabel.com/contact | https://www.mirabel.com/team,Playwright,https://mirabel.com,https://www.mirabel.com/,
The Phhacility,https://www.the-phhacility.com/,Phoenix,AZ,College / University,basketball,Unclear,,,,,,,,,,,,,,the-phhacility.com,Needs Review,"Court sports found, but indoor/outdoor not stated. AZ location evidence: address. No decision maker found on public pages. No court count stated by a reliable source; left blank.",https://www.the-phhacility.com/ | https://www.the-phhacility.com/about-us | https://www.the-phhacility.com/contact,Playwright,https://the-phhacility.com,https://www.the-phhacility.com/,
The Phoenician,https://www.thephoenician.com/,Scottsdale,AZ,Athletic Center,pickleball; tennis; basketball,Unclear,11,"The Phoenician Athletic Club ... Get outside and enjoy our beautiful facility, featuring eleven courts – seven for tennis and four for pickleball. Our athletic club features a game room, fitne",,,,,,,,,,,,thephoenician.com,Needs Review,"Court sports and paid access found, but indoor/outdoor not stated. AZ location evidence: address. No decision maker found on public pages. Paid access signals present (membership/rental/program).",https://www.thephoenician.com/ | https://www.thephoenician.com/spa-memberships | https://www.thephoenician.com/contact,Playwright,https://thephoenician.com,https://www.thephoenician.com/,
Tier One Performance,https://www.tier1pf.com/,Surprise,AZ,Unknown,basketball,Unclear,,,,,,,,,,,,,,tier1pf.com,Needs Review,"Court sports and paid access found, but indoor/outdoor not stated. AZ location evidence: address. No decision maker found on public pages. No court count stated by a reliable source; left blank. Paid access signals present (membership/rental/program).",https://www.tier1pf.com/,Playwright,https://tier1pf.com,https://www.tier1pf.com/,
Tri-Star Basketball Camp,https://www.tristarbasketballcamp.com/,Phoenix,AZ,School,basketball,Unclear,,,,,,,,,,,,,,tristarbasketballcamp.com,Needs Review,"Court sports and paid access found, but indoor/outdoor not stated. AZ location evidence: address. No decision maker found on public pages. No court count stated by a reliable source; left blank. Paid access signals present (membership/rental/program).",https://www.tristarbasketballcamp.com/,Playwright,https://tristarbasketballcamp.com,https://www.tristarbasketballcamp.com/,
Trilogy at Vistancia Tennis Club,https://www.trilogytennisclub.com/,Peoria,AZ,Racquet / Tennis Club,pickleball; tennis,Unclear,2,uring prime time hours. Club organized play may reserve courts 5 and 6 only when at least two courts are concurrently available for “open play” between the Kiva and Mita locations. Priority,Kevin,Donovan,President,kdonovan627@gmail.com,,,,,,,,trilogytennisclub.com,Needs Review,"Court sports and paid access found, but indoor/outdoor not stated. AZ location evidence: address. Paid access signals present (membership/rental/program).",https://www.trilogytennisclub.com/ | https://www.trilogytennisclub.com/contact | https://www.trilogytennisclub.com/rules-1/membership | https://www.trilogytennisclub.com/rules-1/tennis-court-rules | https://www.trilogytennisclub.com/rules-1/court-reservation | https://www.trilogytennisclub.com/club-business/court-sharing,Playwright,https://trilogytennisclub.com,https://www.trilogytennisclub.com/,
Troon Country Club,https://www.trooncc.com/,Scottsdale,AZ,Country Club,pickleball; tennis,Unclear,,,,,,nniemann@troon.com,,,,,,,,troon.com,Needs Review,"Court sports and paid access found, but indoor/outdoor not stated. AZ location evidence: address. No decision maker found on public pages. No court count stated by a reliable source; left blank. Paid access signals present (membership/rental/program).",https://www.trooncc.com/ | https://www.trooncc.com/redesign/contact-us | https://www.trooncc.com/redesign/membership/membership-details | https://www.trooncc.com/404 | https://www.trooncc.com/redesign/life-at-troon/about-troon/lifestyle | https://www.trooncc.com/redesign/life-at-troon/about-troon/our-legacy | https://www.trooncc.com/redesign/life-at-troon/about-troon/won-t-you-join-us,Playwright,https://trooncc.com,https://www.trooncc.com/,
Tryouts - Desert Elite Basketball,https://www.desertelitebasketball.com/,Cave Creek,AZ,School,basketball,Unclear,,,,,,,,,,,,,,desertelitebasketball.com,Needs Review,"Court sports found, but indoor/outdoor not stated. AZ location evidence: address. No decision maker found on public pages. No court count stated by a reliable source; left blank.",https://www.desertelitebasketball.com/ | https://www.desertelitebasketball.com/Default.aspx,Playwright,https://desertelitebasketball.com,https://www.desertelitebasketball.com/,
ttm index,https://tabletennisandmore.com/,,AZ,Private Club,tennis,Unclear,,,,,,,,,,,,,,tabletennisandmore.com,Needs Review,"Court sports and paid access found, but indoor/outdoor not stated. AZ location evidence: zip. No decision maker found on public pages. No court count stated by a reliable source; left blank. Paid access signals present (membership/rental/program).",https://tabletennisandmore.com/ | http://www.tabletennisandmore.com/aboutttm.htm,Playwright,https://tabletennisandmore.com,https://tabletennisandmore.com/,
Tucson Basketball Factory,https://youngamericansbasketball.github.io/,Tucson,AZ,College / University,basketball,Unclear,,,,,,yabasketballtraining@gmail.com,,,,,,,,youngamericansbasketball.github.io,Needs Review,"Court sports and paid access found, but indoor/outdoor not stated. AZ location evidence: address. No decision maker found on public pages. No court count stated by a reliable source; left blank. Paid access signals present (membership/rental/program).",https://youngamericansbasketball.github.io/ | https://youngamericansbasketball.github.io/contactus.html | https://youngamericansbasketball.github.io/high_school_rosters.html,Playwright,https://youngamericansbasketball.github.io,https://youngamericansbasketball.github.io/,
TucsonHoops.com,https://www.tucsonhoops.com/,,AZ,School,basketball; volleyball,Unclear,,,,,,,,,,,,,,tucsonhoops.com,Needs Review,"Court sports and paid access found, but indoor/outdoor not stated. AZ location evidence: mention. No decision maker found on public pages. No court count stated by a reliable source; left blank. Paid access signals present (membership/rental/program).",https://www.tucsonhoops.com/,Playwright,https://tucsonhoops.com,https://www.tucsonhoops.com/,
Unlocked Potential,https://unlockedpotential.net/,Flagstaff,AZ,School,basketball,Unclear,,,,,,kiki@unlockedpotential.net,,,,,,,,unlockedpotential.net,Needs Review,"Court sports and paid access found, but indoor/outdoor not stated. AZ location evidence: address. No decision maker found on public pages. No court count stated by a reliable source; left blank. Paid access signals present (membership/rental/program).",https://unlockedpotential.net/ | https://unlockedpotential.net/girls-program/ | https://unlockedpotential.net/dream-big-program/ | https://unlockedpotential.net/about-us/ | https://unlockedpotential.net/contact/,Playwright,https://unlockedpotential.net,https://unlockedpotential.net/,
USA Youth Sports,https://www.usayouthsports.org/,Sahuarita,AZ,School,basketball,Unclear,,,,,,usayouthsports@hotmail.com,,,,,,,,usayouthsports.org,Needs Review,"Court sports and paid access found, but indoor/outdoor not stated. AZ location evidence: address. No decision maker found on public pages. No court count stated by a reliable source; left blank. Paid access signals present (membership/rental/program).",https://www.usayouthsports.org/ | https://www.usayouthsports.org/about,Playwright,https://usayouthsports.org,https://www.usayouthsports.org/,
vibebasketball.org,https://www.vibebasketball.org/,Tucson,AZ,School,basketball,Unclear,,,Christopher,Chavez,Founder,,info@vibebasketball.org,christopher@vibebasketball.org,christopher.chavez@vibebasketball.org,christopherchavez@vibebasketball.org,cchavez@vibebasketball.org,c.chavez@vibebasketball.org,christopherc@vibebasketball.org,vibebasketball.org,Needs Review,"Court sports and paid access found, but indoor/outdoor not stated. AZ location evidence: address. No court count stated by a reliable source; left blank. Paid access signals present (membership/rental/program). Guessed emails are UNVERIFIED pattern permutations - not published addresses.",https://www.vibebasketball.org/ | https://www.vibebasketball.org/about | https://www.vibebasketball.org/programs | https://www.vibebasketball.org/contact-us,Playwright,https://vibebasketball.org,https://www.vibebasketball.org/,
Victory Lane Sports Park,https://playvictorylane.com/,Glendale,AZ,Unknown,volleyball,Unclear,,,,,,,,,,,,,,playvictorylane.com,Needs Review,"Court sports and paid access found, but indoor/outdoor not stated. AZ location evidence: address. No decision maker found on public pages. No court count stated by a reliable source; left blank. Paid access signals present (membership/rental/program).",https://playvictorylane.com/ | https://playvictorylane.com/vb_courts.html | https://playvictorylane.com/facilities.html | https://playvictorylane.com/contact.html,Playwright,https://playvictorylane.com,https://playvictorylane.com/,
Victory Tennis Club,https://victorytennis.org/,Buckeye,AZ,Racquet / Tennis Club,tennis,Unclear,,,,,,victorytennisclubaz@gmail.com,,,,,,,,victorytennis.org,Needs Review,"Court sports and paid access found, but indoor/outdoor not stated. AZ location evidence: address. No decision maker found on public pages. No court count stated by a reliable source; left blank. Paid access signals present (membership/rental/program).",https://victorytennis.org/ | https://victorytennis.org/schedule.html | https://victorytennis.org/join.html,Playwright,https://victorytennis.org,https://victorytennis.org/,
Welcome to Blackstone Country Club,https://www.blackstonecountryclub.com/,Peoria,AZ,Country Club,pickleball; tennis,Unclear,,,CORBY,FOSTER,General Manager,,,corby@blackstonecountryclub.com,corby.foster@blackstonecountryclub.com,corbyfoster@blackstonecountryclub.com,cfoster@blackstonecountryclub.com,c.foster@blackstonecountryclub.com,corbyf@blackstonecountryclub.com,blackstonecountryclub.com,Needs Review,"Court sports and paid access found, but indoor/outdoor not stated. AZ location evidence: address. No court count stated by a reliable source; left blank. Paid access signals present (membership/rental/program). Guessed emails are UNVERIFIED pattern permutations - not published addresses.",https://www.blackstonecountryclub.com/ | https://www.blackstonecountryclub.com/membership | https://www.blackstonecountryclub.com/membership/forms/contact-us-form,Playwright,https://blackstonecountryclub.com,https://www.blackstonecountryclub.com/,
Welcome to Business and Finance,https://cfo.asu.edu/,,AZ,College / University,basketball,Unclear,,,,,,,,,,,,,,cfo.asu.edu,Needs Review,"Court sports and paid access found, but indoor/outdoor not stated. AZ location evidence: zip. No decision maker found on public pages. No court count stated by a reliable source; left blank. Paid access signals present (membership/rental/program).",https://cfo.asu.edu/ | https://cfo.asu.edu/capital-asset-management | https://cfo.asu.edu/datamanagement | https://cfo.asu.edu/construction-facilities-bid-board | https://cfo.asu.edu/construction-facilities-purchasing | https://cfo.asu.edu/transportation-leasing-rentals | https://cfo.asu.edu/business-finance-leadership,Playwright,https://cfo.asu.edu,https://cfo.asu.edu/,
West Valley Tennis,https://westvalleytennis.com/,Goodyear,AZ,Racquet / Tennis Club,tennis,Unclear,,,,,,westvalleytennisaz@gmail.com,,,,,,,,westvalleytennis.com,Needs Review,"Court sports and paid access found, but indoor/outdoor not stated. AZ location evidence: address. No decision maker found on public pages. No court count stated by a reliable source; left blank. Paid access signals present (membership/rental/program).",https://westvalleytennis.com/ | https://westvalleytennis.com/about-us | https://westvalleytennis.com/programs | https://westvalleytennis.com/contact,Playwright,https://westvalleytennis.com,https://westvalleytennis.com/,
WhichVBClub,https://whichvbclub.com/,Tempe,AZ,School,volleyball,Unclear,,,,,,,hello@whichvbclub.com,,,,,,,whichvbclub.com,Needs Review,"Court sports found, but indoor/outdoor not stated. AZ location evidence: address. No decision maker found on public pages. No court count stated by a reliable source; left blank.",https://whichvbclub.com/ | https://whichvbclub.com/about | https://whichvbclub.com/contact,Playwright,https://whichvbclub.com,https://whichvbclub.com/,
White Mountain Community Garden,https://www.wmcgarden.org/,Show Low,AZ,Unknown,squash,Unclear,,,,,,,contact@wmcgarden.org,,,,,,,wmcgarden.org,Needs Review,"Court sports and paid access found, but indoor/outdoor not stated. AZ location evidence: address. No decision maker found on public pages. No court count stated by a reliable source; left blank. Paid access signals present (membership/rental/program).",https://www.wmcgarden.org/ | https://www.wmcgarden.org/about,Playwright,https://wmcgarden.org,https://www.wmcgarden.org/,
Wholistic Hoops Basketball Clinic,https://wholistichoops.com/,Tempe,AZ,Health Club,basketball,Unclear,,,,,,wholistichoops@gmail.com,,,,,,,,wholistichoops.com,Needs Review,"Court sports and paid access found, but indoor/outdoor not stated. AZ location evidence: address. No decision maker found on public pages. No court count stated by a reliable source; left blank. Paid access signals present (membership/rental/program).",https://wholistichoops.com/,Playwright,https://wholistichoops.com,https://wholistichoops.com/,
WICKENBURG CHRISTIAN ACADEMY,https://www.wickenburgchristianacademy.org/,Wickenburg,AZ,School,basketball; volleyball,Unclear,,,,,,,office@wickenburgchristian.academy,,,,,,,wickenburgchristian.academy,Needs Review,"Court sports and paid access found, but indoor/outdoor not stated. AZ location evidence: address. No decision maker found on public pages. No court count stated by a reliable source; left blank. Paid access signals present (membership/rental/program).",https://www.wickenburgchristianacademy.org/ | https://www.wickenburgchristianacademy.org/about-us.html | https://www.wickenburgchristianacademy.org/athletics.html | https://www.wickenburgchristianacademy.org/contact-us.html | https://www.wickenburgchristianacademy.org/faculty--staff.html,Playwright,https://wickenburgchristianacademy.org,https://www.wickenburgchristianacademy.org/,
Wickenburg Ranch Golf & Social Club,https://www.wickenburgranch.com/,Wickenburg,AZ,Indoor Sports Complex,pickleball; tennis,Unclear,4,"his lively venue blends innovative, modern fitness with pure, recreational fun. It boasts four tennis courts, six pickleball courts, three bocce ball courts, ... Join a lifestyle that goes beyond th",,,,jsmith@gmail.com,membership@wickenburgranch.com,,,,,,,wickenburgranch.com,Needs Review,"Court sports and paid access found, but indoor/outdoor not stated. AZ location evidence: address. No decision maker found on public pages. Paid access signals present (membership/rental/program).",https://www.wickenburgranch.com/,Playwright,https://wickenburgranch.com,https://www.wickenburgranch.com/,
workbasketball,https://www.workathleticsbasketball.com/,,AZ,Health Club,basketball,Unclear,,,,,,workathleticsforms@gmail.com,,,,,,,,workathleticsbasketball.com,Needs Review,"Court sports and paid access found, but indoor/outdoor not stated. AZ location evidence: zip. No decision maker found on public pages. No court count stated by a reliable source; left blank. Paid access signals present (membership/rental/program).",https://www.workathleticsbasketball.com/ | https://www.workathleticsbasketball.com/copy-of-about-us | https://www.workathleticsbasketball.com/rentals | https://www.workathleticsbasketball.com/contactus,Playwright,https://workathleticsbasketball.com,https://www.workathleticsbasketball.com/,
Wyndham Flagstaff Resort,https://www.wynflag.com/,Flagstaff,AZ,Country Club,pickleball; tennis; basketball,Unclear,,,,,,,info@wynflag.com,,,,,,,wynflag.com,Needs Review,"Court sports and paid access found, but indoor/outdoor not stated. AZ location evidence: address. No decision maker found on public pages. No court count stated by a reliable source; left blank. Paid access signals present (membership/rental/program).",https://www.wynflag.com/ | https://www.wynflag.com/about-us/ | https://www.wynflag.com/about-us/careers-at-wyndham/ | https://www.wynflag.com/about-us/faqs/ | https://www.wynflag.com/category/latest-news/flagstaff-news/ | https://www.wynflag.com/contact-us/ | https://www.wynflag.com/about-us/owners-section/,Playwright,https://wynflag.com,https://www.wynflag.com/,
YMCA Club VOS Volleyball YMCA Club VOS Volleyball Homepage,https://clubvosvolleyball.localsportswire.com/,Phoenix,AZ,YMCA / JCC,volleyball,Unclear,,,,,,,,,,,,,,clubvosvolleyball.localsportswire.com,Needs Review,"Court sports found, but indoor/outdoor not stated. AZ location evidence: address. No decision maker found on public pages. No court count stated by a reliable source; left blank.",https://clubvosvolleyball.localsportswire.com/ | https://clubvosvolleyball.localsportswire.com/index.cfm,Playwright,https://clubvosvolleyball.localsportswire.com,https://clubvosvolleyball.localsportswire.com/,
Youth on Court,https://youthoncourt.com/,Scottsdale,AZ,College / University,tennis,Unclear,,,,,,,,,,,,,,youthoncourt.com,Needs Review,"Court sports and paid access found, but indoor/outdoor not stated. AZ location evidence: address. No decision maker found on public pages. No court count stated by a reliable source; left blank. Paid access signals present (membership/rental/program).",https://youthoncourt.com/ | https://youthoncourt.com/pages/facility-directory | https://youthoncourt.com/pages/more,Playwright,https://youthoncourt.com,https://youthoncourt.com/,
Zona Volleyball Club,https://www.zonavolleyball.club/,Tucson,AZ,Private Club,volleyball,Unclear,,,,,,,,,,,,,,zonavolleyball.club,Needs Review,"Court sports and paid access found, but indoor/outdoor not stated. AZ location evidence: address. No decision maker found on public pages. No court count stated by a reliable source; left blank. Paid access signals present (membership/rental/program).",https://www.zonavolleyball.club/ | https://www.zonavolleyball.club/page/show/9349893-zona-volleyball-facility | https://www.zonavolleyball.club/page/show/1650925-contact | https://www.zonavolleyball.club/page/show/1650926-staff,Playwright,https://zonavolleyball.club,https://www.zonavolleyball.club/,
