Facility ID,Location ID,Facility Name,Branch Street,Branch City,Branch ZIP,State,Website,Company Domain,Indoor Court Status,Qualification Status,Is Multi Location,Location Count,Source URLs
MA-0001,MA-0001-A,- Dellbrook,,Quincy,,MA,https://www.dellbrook.com/,dellbrookjks.com,Indoor,Confirmed Indoor,No,1,https://www.dellbrook.com/
MA-0002,MA-0002-A,2023 ARCHITECTURE FIRM OF THE YEAR,,Harvard,,MA,https://www.maugel.com/,maugel.com,Indoor,Confirmed Indoor,No,1,https://www.maugel.com/ | https://www.maugel.com/about | https://www.maugel.com/contact
MA-0003,MA-0003-A,3STEP Sports,,Dartmouth,,MA,https://threestep.com/,threestep.com,Indoor,Confirmed Indoor,No,1,https://threestep.com/ | https://threestep.com/facilities/ | https://threestep.com/about-us/ | https://threestep.com/playerfirst/
MA-0004,MA-0004-A,About -- Fieldhouse Mansfield,,Mansfield,,MA,https://www.fieldhousemansfield.com/page/about,fieldhousemansfield.com,Indoor,Confirmed Indoor,No,1,https://www.fieldhousemansfield.com/page/about
MA-0005,MA-0005-A,About -- Fieldhouse Sudbury,,Sudbury,,MA,https://www.fieldhousesudbury.com/page/about,fieldhousesudbury.com,Indoor,Confirmed Indoor,No,1,https://www.fieldhousesudbury.com/page/about
MA-0006,MA-0006-A,ABOUT US - Universal Basketball Training,,South Hadley,,MA,https://www.universalbasketballtraining.com/,universalbasketballtraining.com,Indoor,Confirmed Indoor,No,1,https://www.universalbasketballtraining.com/ | https://www.universalbasketballtraining.com/about-us
MA-0007,MA-0007-A,Above the Rim Training,225 Union St.,Clinton,,MA,https://abovetherimtraining.net/,abovetherimtraining.net,Indoor,Confirmed Indoor,No,1,https://abovetherimtraining.net/
MA-0008,MA-0008-A,Acton Tennis Bubble,908 Main Street,Acton,,MA,https://www.actontennisbubble.com/,actontennisbubble.com,Indoor,Confirmed Indoor,No,1,https://www.actontennisbubble.com/ | https://www.actontennisbubble.com/about | https://www.actontennisbubble.com/contact
MA-0009,MA-0009-A,Advantage Soccer School,41 Obery Street,Plymouth,,MA,https://www.advantagesoccerschool.com/,advantagesoccerschool.com,Indoor,Confirmed Indoor,No,1,https://www.advantagesoccerschool.com/
MA-0010,MA-0010-A,All Sports Center,,North Reading,,MA,https://allsportscenterma.com/,allsportscenterma.com,Indoor,Confirmed Indoor,No,1,https://allsportscenterma.com/ | https://allsportscenterma.com/facility/ | https://allsportscenterma.com/contact/
MA-0011,MA-0011-A,American Platform Tennis Association,,,,MA,https://old.platformtennis.org/site3.aspx,platformtennis.org,Indoor,Confirmed Indoor,No,1,https://old.platformtennis.org/site3.aspx | https://old.platformtennis.org/Page2627.aspx | https://old.platformtennis.org/Page101.aspx | https://old.platformtennis.org/Page160.aspx | https://old.platformtennis.org/Page341.aspx | https://old.platformtennis.org/Page98.aspx | https://old.platformtennis.org/Page1064.aspx
MA-0012,MA-0012-A,Andover Knights of Columbus,1078 10 Brook St.,Andover,,MA,https://kofc1078.com/,kofc1078.com,Indoor,Confirmed Indoor,Yes,3,https://kofc1078.com/ | https://kofc1078.com/about-council1078/ | https://kofc1078.com/about-the-knights/ | https://kofc1078.com/membership/ | https://kofc1078.com/our-facility/ | https://kofc1078.com/building-management/ | http://kofc1078.com/about-council1078/
MA-0012,MA-0012-B,Andover Knights of Columbus,10 Brook Street,Andover,,MA,https://kofc1078.com/,kofc1078.com,Indoor,Confirmed Indoor,Yes,3,https://kofc1078.com/ | https://kofc1078.com/about-council1078/ | https://kofc1078.com/about-the-knights/ | https://kofc1078.com/membership/ | https://kofc1078.com/our-facility/ | https://kofc1078.com/building-management/ | http://kofc1078.com/about-council1078/
MA-0012,MA-0012-C,Andover Knights of Columbus,1078 Inc. operate a facility at 10 Brook Street,Andover,01810,MA,https://kofc1078.com/,kofc1078.com,Indoor,Confirmed Indoor,Yes,3,https://kofc1078.com/ | https://kofc1078.com/about-council1078/ | https://kofc1078.com/about-the-knights/ | https://kofc1078.com/membership/ | https://kofc1078.com/our-facility/ | https://kofc1078.com/building-management/ | http://kofc1078.com/about-council1078/
MA-0013,MA-0013-A,ARC,,Boston,,MA,https://www.arcusa.com/,arcusa.com,Indoor,Confirmed Indoor,No,1,https://www.arcusa.com/ | https://www.arcusa.com/practice/athletics-wellness | https://www.arcusa.com/people | https://www.arcusa.com/spaces/bostwick-family-squash-center-middlebury-college | https://www.arcusa.com/contact
MA-0014,MA-0014-A,Arlington Recreation: Online Registration by MyRec.com Recreation Management Software,,Arlington,,MA,https://arlingtonma.myrec.com/info/,arlingtonma.myrec.com,Indoor,Confirmed Indoor,No,1,https://arlingtonma.myrec.com/info/ | https://arlingtonma.myrec.com/info/activities/default.aspx | https://arlingtonma.myrec.com/info/facilities/default.aspx | https://arlingtonma.myrec.com/info/contact/default.aspx | https://arlingtonma.myrec.com/info/news/default.aspx | https://arlingtonma.myrec.com/info/dept/default.aspx
MA-0015,MA-0015-A,ASA Hoops,,Newton,,MA,https://asahoops.com/,asahoops.com,Indoor,Confirmed Indoor,No,1,https://asahoops.com/ | https://asahoops.com/about-us/ | https://asahoops.com/about-us/gyms/ | https://asahoops.com/about-us/our-coaches/ | https://asahoops.com/about-us/player-spotlight/ | https://asahoops.com/about-us/testimonials/ | https://asahoops.com/home/memberships/
MA-0016,MA-0016-A,"Ascension Memorial Church, Ipswich",31 County Street,Ipswich,,MA,https://www.amcipswich.org/,amcipswich.org,Indoor,Confirmed Indoor,Yes,2,https://www.amcipswich.org/ | https://www.amcipswich.org/about-ascension | https://www.amcipswich.org/the-staff | https://www.amcipswich.org/facility-rentals | https://www.amcipswich.org/introduction-to-worship | https://www.amcipswich.org/music-at-ascension
MA-0016,MA-0016-B,"Ascension Memorial Church, Ipswich",00 PM Ascension Memorial Church 31 County Street,Ipswich,,MA,https://www.amcipswich.org/,amcipswich.org,Indoor,Confirmed Indoor,Yes,2,https://www.amcipswich.org/ | https://www.amcipswich.org/about-ascension | https://www.amcipswich.org/the-staff | https://www.amcipswich.org/facility-rentals | https://www.amcipswich.org/introduction-to-worship | https://www.amcipswich.org/music-at-ascension
MA-0017,MA-0017-A,Assumption University,2022 ALL RIGHTS RESERVED 500 Salisbury Street,Worcester,01609,MA,https://assumptiongreyhounds.com/,assumptiongreyhounds.com,Indoor,Confirmed Indoor,No,1,https://assumptiongreyhounds.com/ | https://assumptiongreyhounds.com/sports/2022/4/12/athletics-SPORTS-INFO-PAGE-index.aspx | https://assumptiongreyhounds.com/staff-directory | https://assumptiongreyhounds.com/sports/2022/4/12/athletics-compliance-index.aspx | https://assumptiongreyhounds.com/sports/2022/4/12/athletics-asm-directions.aspx | https://assumptiongreyhounds.com/Facilities/ | https://assumptiongreyhounds.com/sports/2022/4/12/athletics-hall-of-fame-index.aspx
MA-0018,MA-0018-A,Athletics,,,,MA,https://athletics.brimmer.org/,athletics.brimmer.org,Indoor,Confirmed Indoor,No,1,https://athletics.brimmer.org/ | https://athletics.brimmer.org/staff | https://athletics.brimmer.org/facilities | https://athletics.brimmer.org/45-grade-program | https://athletics.brimmer.org/all-events | https://athletics.brimmer.org/athletics-strategic-plan
MA-0019,MA-0019-A,Athol Area YMCA,,Athol,,MA,https://ymcaathol.org/,ymcaathol.org,Indoor,Confirmed Indoor,No,1,https://ymcaathol.org/ | https://ymcaathol.org/membership/membership-info/ | https://ymcaathol.org/membership/financial-assistance/ | https://ymcaathol.org/membership/the-y-in-orange/ | https://ymcaathol.org/membership/main-street-gym/ | https://ymcaathol.org/programs/aquatics/swim-team/
MA-0020,MA-0020-A,Avidity Volleyball Club,,Danvers,,MA,https://www.avidityvolleyball.com/,avidityvolleyball.com,Indoor,Confirmed Indoor,No,1,https://www.avidityvolleyball.com/ | https://www.avidityvolleyball.com/aboutus | https://www.avidityvolleyball.com/programs
MA-0021,MA-0021-A,Ayer Parks Department: Online Registration by MyRec.com Recreation Management Software,,Ayer,,MA,https://ayerma.myrec.com/info/default.aspx,ayerma.myrec.com,Indoor,Confirmed Indoor,No,1,https://ayerma.myrec.com/info/default.aspx | https://ayerma.myrec.com/info/activities/default.aspx | https://ayerma.myrec.com/info/facilities/default.aspx | https://ayerma.myrec.com/info/dept/default.aspx | https://ayerma.myrec.com/info/contact/default.aspx | https://ayerma.myrec.com/info/dept/ | https://ayerma.myrec.com/info/activities/
MA-0022,MA-0022-A,Babson College,,Williamstown,,MA,https://babsonathletics.com/,babsonathletics.com,Indoor,Confirmed Indoor,No,1,https://babsonathletics.com/ | https://babsonathletics.com/sports/2023/5/17/information-athletic-performance-2020.aspx | https://babsonathletics.com/sports/2023/6/27/directions-to-babsons-athletics-facilities.aspx | https://babsonathletics.com/sports/2024/8/22/2024-programs.aspx | https://babsonathletics.com/honors/babson-athletics-hall-of-fame | https://babsonathletics.com/staff-directory | https://babsonathletics.com/sports/2023/5/17/excellencefund.aspx
MA-0023,MA-0023-A,BBN,,Cambridge,,MA,https://www.bbns.org/,bbns.org,Indoor,Confirmed Indoor,No,1,https://www.bbns.org/ | https://www.bbns.org/educator-preparation-programs/ | https://www.bbns.org/leadership/ | https://www.bbns.org/athletics/ | https://www.bbns.org/athletics/grade-b-5/ | https://www.bbns.org/athletics/grade-6-8/
MA-0024,MA-0024-A,Belmont Youth Basketball Association,,Belmont,,MA,https://belmontyouthbasketball.com/,belmontyouthbasketball.com,Indoor,Confirmed Indoor,No,1,https://belmontyouthbasketball.com/ | https://belmontyouthbasketball.com/in-town-programs/ | https://belmontyouthbasketball.com/travel-programs/
MA-0025,MA-0025-A,Below the Rim - Premier Basketball Camp,,Sudbury,,MA,https://belowtherim.com/,belowtherim.org,Indoor,Confirmed Indoor,No,1,https://belowtherim.com/ | https://belowtherim.com/about-us/ | https://belowtherim.com/facility/ | https://belowtherim.com/our-basketball-camp-staff/ | https://belowtherim.com/contact-us/
MA-0026,MA-0026-A,Beyond Soccer Lawrence,,Lawrence,,MA,https://www.beyondsoccerlawrence.org/,beyondsoccerlawrence.org,Indoor,Confirmed Indoor,No,1,https://www.beyondsoccerlawrence.org/ | https://www.beyondsoccerlawrence.org/contact-us/ | https://www.beyondsoccerlawrence.org/our-story-3/ | https://www.beyondsoccerlawrence.org/our-story-3/our-staff/ | https://www.beyondsoccerlawrence.org/programs/ | https://www.beyondsoccerlawrence.org/programs/summer-enrichment/ | https://www.beyondsoccerlawrence.org/programs/soccer/lys/
MA-0027,MA-0027-A,Black Rock Country Club,19 Clubhouse Drive,Hingham,02043,MA,https://www.blackrockcountryclub.com/,blackrockcountryclub.com,Indoor,Confirmed Indoor,No,1,https://www.blackrockcountryclub.com/ | https://www.blackrockcountryclub.com/about-us | https://www.blackrockcountryclub.com/membership | https://www.blackrockcountryclub.com/about-us/directions | https://www.blackrockcountryclub.com/membership/careers | https://www.blackrockcountryclub.com/about-us/guest-information
MA-0028,MA-0028-A,BobWiltse.com,,Concord,,MA,https://www.bobwiltse.com/,bobwiltse.com,Indoor,Confirmed Indoor,No,1,https://www.bobwiltse.com/ | https://www.bobwiltse.com/about-5 | https://www.bobwiltse.com/contact
MA-0029,MA-0029-A,Bosse,310 Speen St,Natick,01760,MA,https://bosse.net/,bosse.net,Indoor,Confirmed Indoor,No,1,https://bosse.net/ | https://bosse.net/contact/ | https://bosse.net/compare-memberships/ | https://bosse.net/about-us/
MA-0030,MA-0030-A,Boston Pickle Club,,Norwell,,MA,https://www.bostonpickleclub.com/,bostonpickleclub.com,Indoor,Confirmed Indoor,No,1,https://www.bostonpickleclub.com/ | https://www.bostonpickleclub.com/membership | https://www.bostonpickleclub.com/about
MA-0031,MA-0031-A,Boston Sports Institute,900 Worcester St,Wellesley,02482,MA,https://wellesleysportscenter.com/,wellesleysportscenter.com,Indoor,Confirmed Indoor,No,1,https://wellesleysportscenter.com/ | https://wellesleysportscenter.com/about/ | https://wellesleysportscenter.com/programs-1/ | https://wellesleysportscenter.com/contact-us/
MA-0032,MA-0032-A,Boston Tennis Community,275 Forest Ridge Rd,Concord,01742,MA,https://tennisnortheast.com/,tennisnortheast.com,Indoor,Confirmed Indoor,No,1,https://tennisnortheast.com/ | https://tennisnortheast.com/thanks/partner_flow | https://tennisnortheast.com/Boston-Tennis-Courts | https://tennisnortheast.com/partner-program | https://tennisnortheast.com/thanks/partner_flow.htm | https://tennisnortheast.com/Boston-Tennis-Lessons | https://tennisnortheast.com/info/contact-email
MA-0033,MA-0033-A,Boston University,888 Commonwealth Ave.,Boston,02215,MA,https://www.bu.edu/,bu.edu,Indoor,Confirmed Indoor,No,1,https://www.bu.edu/ | https://www.bu.edu/academics/degree-programs/ | https://www.bu.edu/research/offices-contacts/research-support-offices/ | https://www.bu.edu/research/our-research/facts-figures/grant-awards/ | https://www.bu.edu/globalprograms/global-activity-support/ | https://www.bu.edu/about/ | https://www.bu.edu/about/admin/
MA-0034,MA-0034-A,Boston Volleyball (BVA) Adult & Youth Volleyball in New England!,,,,MA,https://bostonvolleyball.com/,bostonvolleyball.com,Indoor,Confirmed Indoor,No,1,https://bostonvolleyball.com/ | https://bostonvolleyball.com/skillsprograms.php | https://bostonvolleyball.com/contactus.html | https://bostonvolleyball.com/philosophy.html
MA-0035,MA-0035-A,BostonGlobe.com,,Boston,,MA,https://www.bostonglobe.com/,bostonglobe.com,Indoor,Confirmed Indoor,No,1,https://www.bostonglobe.com/ | https://www.bostonglobe.com/contact/ | https://www.bostonglobe.com/2026/08/18/sports/wnba-td-garden-boston-sun-sparks/ | https://www.bostonglobe.com/2026/08/18/opinion/moulton-markey-senate-endorsement/ | https://www.bostonglobe.com/2026/08/18/business/women-doctor-leaders-medicine/ | https://www.bostonglobe.com/video/2026/08/18/sports/basketball/wnba/sad-about-it-wnba-fans-in-boston-lament-connecticut-suns-relocation-to-houston/ | https://www.bostonglobe.com/about/staff-list/columnist/tara-sullivan/
MA-0036,MA-0036-A,Boxford Athletic Association,,Boxford,,MA,https://baasports.sportngin.com/,baasports.sportngin.com,Indoor,Confirmed Indoor,No,1,https://baasports.sportngin.com/ | https://baasports.sportngin.com/page/show/92604-contact
MA-0037,MA-0037-A,"Bridgewater Sports Complex, Bridgewater , MA",,,,MA,https://bridgewater-sports.ezleagues.ezfacility.com/,bridgewaterdome.com,Indoor,Confirmed Indoor,No,1,https://bridgewater-sports.ezleagues.ezfacility.com/ | https://bridgewater-sports.ezleagues.ezfacility.com/about_us.aspx | https://bridgewater-sports.ezleagues.ezfacility.com/contact_us.aspx
MA-0038,MA-0038-A,Cambridge Athletic,,Cambridge,,MA,https://www.cambridgeathletic.com/,cambridgeathletic.com,Indoor,Confirmed Indoor,No,1,https://www.cambridgeathletic.com/ | https://www.cambridgeathletic.com/membership | https://www.cambridgeathletic.com/refer-a-friend | https://www.cambridgeathletic.com/freezecancel | https://www.cambridgeathletic.com/personal-training | https://www.cambridgeathletic.com/personal-training-staff | https://www.cambridgeathletic.com/youth
MA-0039,MA-0039-A,Cambridge YMCA,,Cambridge,,MA,https://www.cambridgeymca.org/,cambridgeymca.org,Indoor,Confirmed Indoor,No,1,https://www.cambridgeymca.org/ | https://www.cambridgeymca.org/our-y/staff/ | https://www.cambridgeymca.org/membership/membership-info/ | https://www.cambridgeymca.org/membership/nationwide-membership/ | https://www.cambridgeymca.org/membership/membership-info/cancel-membership/ | https://www.cambridgeymca.org/child-care/summer-program/
MA-0040,MA-0040-A,Camp Bauercrest,17 Old County Road,Amesbury,01913,MA,https://bauercrest.org/,bauercrest.org,Indoor,Confirmed Indoor,No,1,https://bauercrest.org/ | https://bauercrest.org/about/dates-rates/ | https://bauercrest.org/contact-us/ | https://bauercrest.org/about/ | https://bauercrest.org/about/training-camp/ | https://bauercrest.org/about/program/ | https://bauercrest.org/about/program/athletics/
MA-0041,MA-0041-A,Cape Cod Challenger Club,,Osterville,,MA,https://www.capecodchallenger.org/,capecodchallenger.org,Indoor,Confirmed Indoor,No,1,https://www.capecodchallenger.org/ | https://www.capecodchallenger.org/about | https://www.capecodchallenger.org/programs | https://www.capecodchallenger.org/facility-rental
MA-0042,MA-0042-A,Cedarland Homepage,888 Boston Road,Haverhill,01835,MA,https://www.cedarland.net/,cedarland.net,Indoor,Confirmed Indoor,Yes,4,https://www.cedarland.net/ | https://www.cedarland.net/about-us/hours | https://www.cedarland.net/about-us | https://www.cedarland.net/about-us/contact-us | https://www.cedarland.net/about-us/directions | https://www.cedarland.net/about-us/forms/request-for-information
MA-0042,MA-0042-B,Cedarland Homepage,931 Boston Road,Haverhill,01835,MA,https://www.cedarland.net/,cedarland.net,Indoor,Confirmed Indoor,Yes,4,https://www.cedarland.net/ | https://www.cedarland.net/about-us/hours | https://www.cedarland.net/about-us | https://www.cedarland.net/about-us/contact-us | https://www.cedarland.net/about-us/directions | https://www.cedarland.net/about-us/forms/request-for-information
MA-0042,MA-0042-C,Cedarland Homepage,888 Boston Road,Haverhill,,MA,https://www.cedarland.net/,cedarland.net,Indoor,Confirmed Indoor,Yes,4,https://www.cedarland.net/ | https://www.cedarland.net/about-us/hours | https://www.cedarland.net/about-us | https://www.cedarland.net/about-us/contact-us | https://www.cedarland.net/about-us/directions | https://www.cedarland.net/about-us/forms/request-for-information
MA-0042,MA-0042-D,Cedarland Homepage,931 Boston Road,Haverhill,,MA,https://www.cedarland.net/,cedarland.net,Indoor,Confirmed Indoor,Yes,4,https://www.cedarland.net/ | https://www.cedarland.net/about-us/hours | https://www.cedarland.net/about-us | https://www.cedarland.net/about-us/contact-us | https://www.cedarland.net/about-us/directions | https://www.cedarland.net/about-us/forms/request-for-information
MA-0043,MA-0043-A,Charles River School,,Needham,,MA,https://www.charlesriverschool.org/,charlesriverschool.org,Indoor,Confirmed Indoor,No,1,https://www.charlesriverschool.org/ | https://www.charlesriverschool.org/about/welcome/heads-message | https://www.charlesriverschool.org/about/welcome/at-a-glance | https://www.charlesriverschool.org/about/welcome/mission-history | https://www.charlesriverschool.org/about/welcome/equity-belonging-community-life | https://www.charlesriverschool.org/about/welcome/facility-rental | https://www.charlesriverschool.org/about/welcome/contact-us
MA-0044,MA-0044-A,Choice Fitness,,Methuen,,MA,https://mychoicefitness.com/,mychoicefitness.com,Indoor,Confirmed Indoor,No,1,https://mychoicefitness.com/ | https://mychoicefitness.com/recreation/ | https://mychoicefitness.com/about/ | https://mychoicefitness.com/contact/ | https://mychoicefitness.com/classes/ | https://mychoicefitness.com/boxing/
MA-0045,MA-0045-A,City Arena,,Pembroke,,MA,https://www.city-arena.com/,city-arena.com,Indoor,Confirmed Indoor,No,1,https://www.city-arena.com/ | https://www.city-arena.com/aboutus | https://www.city-arena.com/page/show/6577599-rental-opportunities | https://www.city-arena.com/page/show/6577614-programs
MA-0046,MA-0046-A,CMASS Juniors Volleyball Club,219 Forest St.,Marlboro,01752,MA,https://www.cmassjuniors.org/,cmassjuniors.org,Indoor,Confirmed Indoor,No,1,https://www.cmassjuniors.org/ | https://www.cmassjuniors.org/central-massachusetts-juniors-volleyball-programs/summer-volleyball-clinics/ | https://www.cmassjuniors.org/about-us/ | https://www.cmassjuniors.org/contact-cmass-juniors-volleyball-teams/ | https://www.cmassjuniors.org/central-massachusetts-juniors-volleyball-programs/ | https://www.cmassjuniors.org/central-massachusetts-juniors-volleyball-programs/edge/ | https://www.cmassjuniors.org/central-massachusetts-juniors-volleyball-programs/beach-volleyball-programs/
MA-0047,MA-0047-A,Concord Academy,,Concord,,MA,https://concordacademy.org/,concordacademy.org,Indoor,Confirmed Indoor,No,1,https://concordacademy.org/ | https://concordacademy.org/about/ | https://concordacademy.org/about/our-campus/ | https://concordacademy.org/about/people/ | https://concordacademy.org/about/leadership/ | https://concordacademy.org/about/people/administrative-category/board-of-trustees/
MA-0048,MA-0048-A,"Connolly Brothers Planning, Construction Management, Planning & Architecture, and Design-Build Services in Massachusetts",,Beverly,,MA,https://www.connollybrothers.com/,connollybrothers.com,Indoor,Confirmed Indoor,No,1,https://www.connollybrothers.com/ | https://www.connollybrothers.com/whoweare/ | https://www.connollybrothers.com/contactus/ | https://www.connollybrothers.com/portfolio/
MA-0049,MA-0049-A,CroART Inc.,12 at Falmouth Academy 7 Highfield Drive,Falmouth,,MA,https://www.croartsports.com/,croartsports.com,Indoor,Confirmed Indoor,No,1,https://www.croartsports.com/ | https://www.croartsports.com/page/show/422155-about-us | https://www.croartsports.com/page/show/436375-hk-turf-field-at-hardkore-athletics-rockland | https://www.croartsports.com/page/show/715416-fitness-programs | https://www.croartsports.com/page/show/422150-croart-programs | https://www.croartsports.com/page/show/5019809-usa-football-first-down-program | https://www.croartsports.com/page/show/2835115-milton-youth-lacrosse-spring-programs
MA-0050,MA-0050-A,CRUZEIRO EC SOCCER ACADEMY,,,,MA,https://cruzeirousa.com/,cruzeirousa.com,Indoor,Confirmed Indoor,No,1,https://cruzeirousa.com/ | https://cruzeirousa.com/schedule | https://cruzeirousa.com/exchange-program | https://cruzeirousa.com/contact
MA-0051,MA-0051-A,Curry College,1071 Blue Hill Ave,Milton,02186,MA,https://www.curry.edu/,curry.edu,Indoor,Confirmed Indoor,No,1,https://www.curry.edu/ | https://www.curry.edu/contact | https://www.curry.edu/academics/undergraduate-degrees-and-programs | https://www.curry.edu/academics/continuing-education-and-graduate-programs/continuing-education-programs | https://www.curry.edu/academics/continuing-education-and-graduate-programs/graduate-studies | https://www.curry.edu/academics/undergraduate-degrees-and-programs/school-of-business-and-technology | https://www.curry.edu/academics/undergraduate-degrees-and-programs/school-of-nursing-and-health-sciences
MA-0052,MA-0052-A,Curry College Athletics,1071 Blue Hill Ave,Milton,02186,MA,https://curryathletics.com/landing/index,curryathletics.com,Indoor,Confirmed Indoor,No,1,https://curryathletics.com/landing/index | https://curryathletics.com/information/directory/index | https://curryathletics.com/information/facilities/Canton_Ice_House_copy | https://curryathletics.com/sports/wten/2013-14/photos/0002/index | https://curryathletics.com/general/2026-27/releases/20260817hf7rcc
MA-0053,MA-0053-A,Danvers Indoor Sports,85 Constitution Lane,Danvers,,MA,https://danversindoorsports.com/,danversindoorsports.com,Indoor,Confirmed Indoor,Yes,4,https://danversindoorsports.com/ | https://danversindoorsports.com/who-we-are/ | https://danversindoorsports.com/discounted-field-rentals/ | https://danversindoorsports.com/discover-sports-and-play/ | https://danversindoorsports.com/team-building-programs/ | https://danversindoorsports.com/membership/
MA-0053,MA-0053-B,Danvers Indoor Sports,72 Spring Street,Danvers,01923,MA,https://danversindoorsports.com/,danversindoorsports.com,Indoor,Confirmed Indoor,Yes,4,https://danversindoorsports.com/ | https://danversindoorsports.com/who-we-are/ | https://danversindoorsports.com/discounted-field-rentals/ | https://danversindoorsports.com/discover-sports-and-play/ | https://danversindoorsports.com/team-building-programs/ | https://danversindoorsports.com/membership/
MA-0053,MA-0053-C,Danvers Indoor Sports,255 Grapevine Rd,Wenham,01984,MA,https://danversindoorsports.com/,danversindoorsports.com,Indoor,Confirmed Indoor,Yes,4,https://danversindoorsports.com/ | https://danversindoorsports.com/who-we-are/ | https://danversindoorsports.com/discounted-field-rentals/ | https://danversindoorsports.com/discover-sports-and-play/ | https://danversindoorsports.com/team-building-programs/ | https://danversindoorsports.com/membership/
MA-0053,MA-0053-D,Danvers Indoor Sports,9 Stone Row Lane,Georgetown,,MA,https://danversindoorsports.com/,danversindoorsports.com,Indoor,Confirmed Indoor,Yes,4,https://danversindoorsports.com/ | https://danversindoorsports.com/who-we-are/ | https://danversindoorsports.com/discounted-field-rentals/ | https://danversindoorsports.com/discover-sports-and-play/ | https://danversindoorsports.com/team-building-programs/ | https://danversindoorsports.com/membership/
MA-0054,MA-0054-A,Daper,,Cambridge,,MA,https://daper.mit.edu/,mit.edu,Indoor,Confirmed Indoor,No,1,https://daper.mit.edu/ | https://daper.mit.edu/contact-us/
MA-0055,MA-0055-A,Dexter Southfield Athletics,,Milton,,MA,https://athletics.dextersouthfield.org/,dextersouthfield.org,Indoor,Confirmed Indoor,No,1,https://athletics.dextersouthfield.org/ | https://athletics.dextersouthfield.org/staff | https://athletics.dextersouthfield.org/programs/athletic-training | https://athletics.dextersouthfield.org/programs/strength-conditioning | https://athletics.dextersouthfield.org/facilities
MA-0056,MA-0056-A,Duxplex,,,,MA,https://duxplex.sportngin.com/,duxplex.net,Indoor,Confirmed Indoor,No,1,https://duxplex.sportngin.com/ | https://duxplex.sportngin.com/aboutus
MA-0057,MA-0057-A,Eaglebrook School,,Deerfield,,MA,https://www.eaglebrook.org/,eaglebrook.org,Indoor,Confirmed Indoor,No,1,https://www.eaglebrook.org/ | https://www.eaglebrook.org/admissions/meet-the-admissions-office | https://www.eaglebrook.org/admissions/parent-ambassador-program | https://www.eaglebrook.org/about-us | https://www.eaglebrook.org/about-us/meet-our-head-of-school | https://www.eaglebrook.org/about-us/at-a-glance | https://www.eaglebrook.org/about-us/mission
MA-0058,MA-0058-A,Eastern Yacht Club,,Marblehead,,MA,https://www.easternyc.org/,easternyc.org,Indoor,Confirmed Indoor,No,1,https://www.easternyc.org/ | https://www.easternyc.org/contact-us | https://www.easternyc.org/history
MA-0059,MA-0059-A,Energy Athletics,,Worcester,,MA,https://energyathleticsworcester.com/,energyathleticsworcester.com,Indoor,Confirmed Indoor,No,1,https://energyathleticsworcester.com/ | https://energyathleticsworcester.com/contact/ | https://energyathleticsworcester.com/facilities/ | https://energyathleticsworcester.com/cage-turf-rentals/ | https://energyathleticsworcester.com/about/ | https://energyathleticsworcester.com/staff/
MA-0060,MA-0060-A,Everett Recreation and Enrichment: Online Registration by MyRec.com Recreation Management Software,,Everett,,MA,https://everettma.myrec.com/info/default.aspx,everettma.myrec.com,Indoor,Confirmed Indoor,No,1,https://everettma.myrec.com/info/default.aspx | https://everettma.myrec.com/info/activities/default.aspx | https://everettma.myrec.com/info/facilities/default.aspx | https://everettma.myrec.com/info/contact/default.aspx | https://everettma.myrec.com/info/dept/default.aspx
MA-0061,MA-0061-A,Ferncroft Country Club Home Page,,Middleton,,MA,https://www.ferncroftcc.com/,ferncroftcc.com,Indoor,Confirmed Indoor,No,1,https://www.ferncroftcc.com/ | https://www.ferncroftcc.com/membership | https://www.ferncroftcc.com/about | https://www.ferncroftcc.com/about/careers
MA-0062,MA-0062-A,FHC,,North Andover,,MA,https://www.fhcann.com/,fhcann.com,Indoor,Confirmed Indoor,No,1,https://www.fhcann.com/ | https://www.fhcann.com/aboutus/ | https://www.fhcann.com/memberships/ | https://www.fhcann.com/accounts-receivable-management/ | https://www.fhcann.com/contact-center/ | https://www.fhcann.com/contact/
MA-0063,MA-0063-A,Free Throwz,,Danvers,,MA,https://www.freethrowz.com/,freethrowz.com,Indoor,Confirmed Indoor,No,1,https://www.freethrowz.com/ | https://www.freethrowz.com/teamrental
MA-0064,MA-0064-A,"Fun City Adventure Park Walpole, MA",,Walpole,,MA,https://www.funcitywalpole.com/,funcitywalpole.com,Indoor,Confirmed Indoor,No,1,https://www.funcitywalpole.com/ | https://www.funcitywalpole.com/contact
MA-0065,MA-0065-A,Gordon Conwell,,Hamilton,,MA,https://www.gordonconwell.edu/,gordonconwell.edu,Indoor,Confirmed Indoor,No,1,https://www.gordonconwell.edu/ | https://www.gordonconwell.edu/contact/departments/ | https://www.gordonconwell.edu/degrees/ | https://www.gordonconwell.edu/about/ | https://www.gordonconwell.edu/degrees/cume/ | https://www.gordonconwell.edu/global/
MA-0066,MA-0066-A,Greater Lowell YMCA,35 YMCA Drive,Lowell,01852,MA,https://greaterlowellymca.org/,greaterlowellymca.org,Indoor,Confirmed Indoor,No,1,https://greaterlowellymca.org/ | https://greaterlowellymca.org/index.php/contact-glymca/ | https://greaterlowellymca.org/index.php/facilities/ | https://greaterlowellymca.org/index.php/our-staff/ | https://greaterlowellymca.org/index.php/membership/promotions/
MA-0067,MA-0067-A,Groton School,,Boston,,MA,https://www.groton.org/,groton.org,Indoor,Confirmed Indoor,No,1,https://www.groton.org/ | https://www.groton.org/about | https://www.groton.org/about/fast-facts | https://www.groton.org/about/our-headmaster | https://www.groton.org/about/inclusion | https://www.groton.org/about/board-of-trustees | https://www.groton.org/about/sustainability
MA-0068,MA-0068-A,Hamilton College,,Northborough,,MA,https://athletics.hamilton.edu/,athletics.hamilton.edu,Indoor,Confirmed Indoor,No,1,https://athletics.hamilton.edu/ | https://athletics.hamilton.edu/documents/2025/1/23/Faculty_Affiliates012325.pdf | https://athletics.hamilton.edu/staff-directory | https://athletics.hamilton.edu/facilities | https://athletics.hamilton.edu/news/2026/8/14/womens-lacrosse-vorgang-named-to-iwlca-aspire-assistant-coach-development-program.aspx
MA-0069,MA-0069-A,Hamilton-Wenham Recreation: Online Registration by MyRec.com Recreation Management Software,16 Union Street,So Hamilton,01982,MA,https://hamiltonwenhamma.myrec.com/info/default.aspx,hamiltonma.gov,Indoor,Confirmed Indoor,No,1,https://hamiltonwenhamma.myrec.com/info/default.aspx | https://hamiltonwenhamma.myrec.com/info/activities/default.aspx | https://hamiltonwenhamma.myrec.com/info/facilities/default.aspx | https://hamiltonwenhamma.myrec.com/info/contact/default.aspx
MA-0070,MA-0070-A,Hampshire Athletic Club,,Amherst,,MA,https://hampshireac.com/,hampshireac.com,Indoor,Confirmed Indoor,No,1,https://hampshireac.com/ | https://hampshireac.com/hac-staff/ | https://hampshireac.com/contact/
MA-0071,MA-0071-A,Hatfield Rally House,255 West Street,North Hatfield,01066,MA,https://www.hatfieldrallyhouse.com/,hatfieldrallyhouse.com,Indoor,Confirmed Indoor,No,1,https://www.hatfieldrallyhouse.com/ | https://www.hatfieldrallyhouse.com/business-memberships | https://www.hatfieldrallyhouse.com/tennis-and-pickleball-memberships | https://www.hatfieldrallyhouse.com/juniors-tennis-massachusetts | https://www.hatfieldrallyhouse.com/become-a-member | https://www.hatfieldrallyhouse.com/about-us
MA-0072,MA-0072-A,Holliston Youth Basketball Association > Home,,Holliston,,MA,https://www.hollistonbasketball.com/,hollistonbasketball.com,Indoor,Confirmed Indoor,No,1,https://www.hollistonbasketball.com/ | https://www.hollistonbasketball.com/Default.aspx
MA-0073,MA-0073-A,Jump On In,,Lowell,,MA,https://jumponinfun.com/,jumponinfun.com,Indoor,Confirmed Indoor,No,1,https://jumponinfun.com/ | https://jumponinfun.com/about-us/ | https://jumponinfun.com/contact/
MA-0074,MA-0074-A,Kids Gym Indoor Playground,,Westford,,MA,https://werockthespectrumwestford.com/,werockthespectrumwestford.com,Indoor,Confirmed Indoor,No,1,https://werockthespectrumwestford.com/ | https://werockthespectrumwestford.com/about-us/ | https://werockthespectrumwestford.com/private-facility-rentals/ | https://werockthespectrumwestford.com/contact-us/
MA-0075,MA-0075-A,LeMessurier,,Boston,,MA,https://www.lemessurier.com/,lemessurier.com,Indoor,Confirmed Indoor,No,1,https://www.lemessurier.com/ | https://www.lemessurier.com/about/
MA-0076,MA-0076-A,Lexington Tennis Club,,Waverley,,MA,https://www.lexingtontennisclub.com/,lexingtontennisclub.com,Indoor,Confirmed Indoor,No,1,https://www.lexingtontennisclub.com/ | https://www.lexingtontennisclub.com/about-ltc
MA-0077,MA-0077-A,Lincoln School,160 Danforth Street,Rehoboth,02769,MA,https://www.lincolnschool.org/,lincolnschool.org,Indoor,Confirmed Indoor,No,1,https://www.lincolnschool.org/ | https://www.lincolnschool.org/about | https://www.lincolnschool.org/about/leadership | https://www.lincolnschool.org/about/deib | https://www.lincolnschool.org/about/careers | https://www.lincolnschool.org/about/facility-rentals | https://www.lincolnschool.org/signature-programs
MA-0078,MA-0078-A,LJB Badminton Club,,Woburn,,MA,https://ljbbadmintonclub.com/,ljbbadmintonclub.com,Indoor,Confirmed Indoor,No,1,https://ljbbadmintonclub.com/ | https://ljbbadmintonclub.com/programs | https://ljbbadmintonclub.com/membership | https://ljbbadmintonclub.com/about
MA-0079,MA-0079-A,LTP Pickleball,7 Lois Lane,South Easton,02356,MA,https://www.ltppickleball.com/,ltppickleball.com,Indoor,Confirmed Indoor,Yes,2,https://www.ltppickleball.com/ | https://www.ltppickleball.com/membership | https://www.ltppickleball.com/services-4 | https://www.ltppickleball.com/services
MA-0079,MA-0079-B,LTP Pickleball,90 Book Now Get In Touch 7 Lois Lane,South Easton,02356,MA,https://www.ltppickleball.com/,ltppickleball.com,Indoor,Confirmed Indoor,Yes,2,https://www.ltppickleball.com/ | https://www.ltppickleball.com/membership | https://www.ltppickleball.com/services-4 | https://www.ltppickleball.com/services
MA-0080,MA-0080-A,Lynn English Class of '65,10 Newbury Street,Peabody,01960,MA,https://lynnenglish1965.info/,lynnenglish1965.info,Indoor,Confirmed Indoor,No,1,https://lynnenglish1965.info/ | https://lynnenglish1965.info/about/ | https://lynnenglish1965.info/contact/ | https://lynnenglish1965.info/graduation-program-and-photos/ | https://lynnenglish1965.info/need-updated-contact-information/ | https://lynnenglish1965.info/scholarship-program-3/ | https://lynnenglish1965.info/category/scholarship-program/
MA-0081,MA-0081-A,Malden Youth Soccer,,Malden,,MA,https://www.maldenyouthsoccer.org/,maldenyouthsoccer.org,Indoor,Confirmed Indoor,No,1,https://www.maldenyouthsoccer.org/ | https://www.maldenyouthsoccer.org/our-programs
MA-0082,MA-0082-A,Mamba Futsal Club,,Hanover,,MA,https://www.mambafutsalclub.com/,mambafutsalclub.com,Indoor,Confirmed Indoor,No,1,https://www.mambafutsalclub.com/
MA-0083,MA-0083-A,"Marblehead, MA Physical Therapist",50 Doaks Lane,Marblehead,,MA,https://www.stepaheadpt.com/,stepaheadpt.com,Indoor,Confirmed Indoor,No,1,https://www.stepaheadpt.com/ | https://www.stepaheadpt.com/contact | https://www.stepaheadpt.com/staff | https://www.stepaheadpt.com/manual-therapies | https://www.stepaheadpt.com/laser-therapy
MA-0084,MA-0084-A,Marion Indoor Tennis Club - www.marionindoortennis.com,,Marion,,MA,https://www.marionindoortennis.com/pages/index.cfm?siteid=21111,marionindoortennis.com,Indoor,Confirmed Indoor,No,1,https://www.marionindoortennis.com/pages/index.cfm?siteid=21111 | https://www.marionindoortennis.com/pages/ecalendar/index.cfm | https://www.marionindoortennis.com/getFile.cfm
MA-0085,MA-0085-A,Martinis,,Stoughton,,MA,https://www.martinisindoorpickleball.com/,martinisindoorpickleball.com,Indoor,Confirmed Indoor,No,1,https://www.martinisindoorpickleball.com/ | https://www.martinisindoorpickleball.com/clubmemberships
MA-0086,MA-0086-A,Mass Premier Courts,,Foxborough,,MA,https://masspremiercourts.com/,masspremiercourts.com,Indoor,Confirmed Indoor,No,1,https://masspremiercourts.com/ | https://masspremiercourts.com/all-current-programs/ | https://masspremiercourts.com/the-x-factor/about/ | https://masspremiercourts.com/about/ | https://masspremiercourts.com/the-facility/ | https://masspremiercourts.com/the-facility/alumni/ | https://masspremiercourts.com/programs/
MA-0087,MA-0087-A,Massachusetts Adult Soccer,,Wayland,,MA,https://www.mass-soccer.org/,mass-soccer.org,Indoor,Confirmed Indoor,No,1,https://www.mass-soccer.org/ | https://www.mass-soccer.org/page/show/1700185-about | https://www.mass-soccer.org/page/show/3049503-contacts | https://www.mass-soccer.org/avisrentals | https://www.mass-soccer.org/aed | https://www.mass-soccer.org/page/show/4413251-aed-subsidy-program
MA-0088,MA-0088-A,Massachusetts Youth Soccer,,,,MA,https://mayouthsoccer.org/,dudleysoccer.org,Indoor,Confirmed Indoor,No,1,https://mayouthsoccer.org/ | https://mayouthsoccer.org/about/ | https://mayouthsoccer.org/about/affiliated-leagues/ | https://mayouthsoccer.org/about/annual-awards/ | https://mayouthsoccer.org/about/careers/ | https://mayouthsoccer.org/about/hall-of-honor/ | https://mayouthsoccer.org/about/mission-vision-and-values/
MA-0089,MA-0089-A,MGA Volleyball,,Danvers,,MA,https://mgavolleyball.com/,mgavolleyball.com,Indoor,Confirmed Indoor,No,1,https://mgavolleyball.com/ | https://mgavolleyball.com/about-us/ | https://mgavolleyball.com/our-facilities/ | https://mgavolleyball.com/staff/ | https://mgavolleyball.com/contact-us/ | https://mgavolleyball.com/junior-girls-program/ | https://mgavolleyball.com/junior-girls-program/program-dashboard/
MA-0090,MA-0090-A,Milford Youth Center,,Milford,,MA,https://milfordyouthcenter.org/,milfordyouthcenter.org,Indoor,Confirmed Indoor,No,1,https://milfordyouthcenter.org/ | https://milfordyouthcenter.org/about-us/ | https://milfordyouthcenter.org/staff/ | https://milfordyouthcenter.org/contact-us/ | https://milfordyouthcenter.org/programs-2/ | https://milfordyouthcenter.org/after-school-program/ | https://milfordyouthcenter.org/after-school-program/monthly-updates/
MA-0091,MA-0091-A,Mill City Volleyball Club,,Lowell,,MA,https://www.millcityvolleyball.com/,millcityvolleyball.com,Indoor,Confirmed Indoor,No,1,https://www.millcityvolleyball.com/ | https://www.millcityvolleyball.com/services | https://www.millcityvolleyball.com/about | https://www.millcityvolleyball.com/contact
MA-0092,MA-0092-A,Millbury Public Schools,33 Canal Street,Millbury,,MA,https://www.millburyschools.org/,millburyschools.org,Indoor,Confirmed Indoor,Yes,2,https://www.millburyschools.org/ | https://www.millburyschools.org/203816_2 | https://www.millburyathletics.com/ | https://www.millburyschools.org/43704_1 | https://millbury.rentmycampus.com/ | https://www.millburyschools.org/31723_4 | https://www.millburyschools.org/218078_3
MA-0092,MA-0092-B,Millbury Public Schools,12 Martin Street,Millbury,01527,MA,https://www.millburyschools.org/,millburyschools.org,Indoor,Confirmed Indoor,Yes,2,https://www.millburyschools.org/ | https://www.millburyschools.org/203816_2 | https://www.millburyathletics.com/ | https://www.millburyschools.org/43704_1 | https://millbury.rentmycampus.com/ | https://www.millburyschools.org/31723_4 | https://www.millburyschools.org/218078_3
MA-0093,MA-0093-A,Milton Massachusetts Soccer,,Milton,,MA,https://miltonmasoccer.org/,miltonmasoccer.org,Indoor,Confirmed Indoor,No,1,https://miltonmasoccer.org/ | https://miltonmasoccer.org/node/53 | https://miltonmasoccer.org/node/80 | https://miltonmasoccer.org/node/81
MA-0094,MA-0094-A,Milton Public Schools,,Milton,,MA,https://www.miltonps.org/,miltonps.org,Indoor,Confirmed Indoor,No,1,https://www.miltonps.org/ | https://www.miltonps.org/staff | https://www.miltonps.org/page/contact-us | https://www.miltonps.org/page/applied-instrumental-lesson-program | https://www.miltonps.org/page/athletics-gs | https://www.miltonps.org/page/facilities-department
MA-0095,MA-0095-A,Mini Athletes,,Norwood,,MA,https://mini-athletes.com/,mini-athletes.com,Indoor,Confirmed Indoor,No,1,https://mini-athletes.com/ | https://mini-athletes.com/about-us/ | https://mini-athletes.com/camps/ | https://mini-athletes.com/summer-programs/ | https://mini-athletes.com/contact-page/ | https://mini-athletes.com/gallery/
MA-0096,MA-0096-A,MITA (Massachusetts Indoor Tennis Association),,Cohasset,,MA,https://mita-tennis.com/,mita-tennis.com,Indoor,Confirmed Indoor,No,1,https://mita-tennis.com/
MA-0097,MA-0097-A,MVP Academy Volleyball,,,,MA,https://www.mvpacademyvb.com/,mvpacademyvb.com,Indoor,Confirmed Indoor,No,1,https://www.mvpacademyvb.com/ | https://www.mvpacademyvb.com/mvpaboutus
MA-0098,MA-0098-A,National Hoops Academy,8898 22 Town Farm Rd,Westford,01886,MA,https://www.nationalhoopsacademy.com/,nationalhoopsacademy.com,Indoor,Confirmed Indoor,Yes,2,https://www.nationalhoopsacademy.com/ | https://www.nationalhoopsacademy.com/about | https://www.nationalhoopsacademy.com/contact
MA-0098,MA-0098-B,National Hoops Academy,8898 Find us at The Mill Works 22 Town Farm Rd,Westford,01886,MA,https://www.nationalhoopsacademy.com/,nationalhoopsacademy.com,Indoor,Confirmed Indoor,Yes,2,https://www.nationalhoopsacademy.com/ | https://www.nationalhoopsacademy.com/about | https://www.nationalhoopsacademy.com/contact
MA-0099,MA-0099-A,Newburyport Brewing Co. | Best Brewery In Newburyport,,Newburyport,,MA,https://www.nbptbrewing.com/,nbptbrewing.com,Indoor,Confirmed Indoor,No,1,https://www.nbptbrewing.com/ | https://www.nbptbrewing.com/tap-room
MA-0100,MA-0100-A,Newburyport's Private Pickleball Club,,Newburyport,,MA,https://nbptpickleballclub.com/,nbptpickleballclub.com,Indoor,Confirmed Indoor,No,1,https://nbptpickleballclub.com/
MA-0101,MA-0101-A,Newton Country Day School,,Newton,,MA,https://www.newtoncountryday.org/,newtoncountryday.org,Indoor,Confirmed Indoor,No,1,https://www.newtoncountryday.org/ | https://www.newtoncountryday.org/about | https://www.newtoncountryday.org/about/goals-and-criteria-of-sacred-heart-schools | https://www.newtoncountryday.org/about/our-history | https://www.newtoncountryday.org/about/school-leadership | https://www.newtoncountryday.org/about/facultystaff-directory | https://www.newtoncountryday.org/about/photo-gallery
MA-0102,MA-0102-A,Norfolk Recreation: Online Registration by MyRec.com Recreation Management Software,,Norfolk,,MA,https://norfolkma.myrec.com/info/default.aspx,norfolkmass.gov,Indoor,Confirmed Indoor,No,1,https://norfolkma.myrec.com/info/default.aspx | https://norfolkma.myrec.com/info/activities/default.aspx | https://norfolkma.myrec.com/info/facilities/default.aspx | https://norfolkma.myrec.com/info/contact/default.aspx
MA-0103,MA-0103-A,North East Beach Volleyball,,Worcester,,MA,https://www.nebeachvolleyball.com/,nebeachvolleyball.com,Indoor,Confirmed Indoor,No,1,https://www.nebeachvolleyball.com/ | https://www.nebeachvolleyball.com/contact
MA-0104,MA-0104-A,North Reading Youth Basketball,,North Reading,,MA,https://www.nryb.net/,nryb.net,Indoor,Confirmed Indoor,No,1,https://www.nryb.net/ | https://www.nryb.net/about | https://www.nryb.net/town-program | https://www.nryb.net/travel-program
MA-0105,MA-0105-A,Norwood Recreation Department: Online Registration by MyRec.com Recreation Management Software,,Norwood,,MA,https://norwoodma.myrec.com/info/default.aspx,norwoodma.myrec.com,Indoor,Confirmed Indoor,No,1,https://norwoodma.myrec.com/info/default.aspx | https://norwoodma.myrec.com/info/activities/default.aspx | https://norwoodma.myrec.com/info/facilities/default.aspx | https://norwoodma.myrec.com/info/contact/default.aspx
MA-0106,MA-0106-A,omloop design,,,,MA,https://www.omloopdesign.com/,omloopdesign.com,Indoor,Confirmed Indoor,No,1,https://www.omloopdesign.com/ | https://www.omloopdesign.com/about
MA-0107,MA-0107-A,Padel Boston,,Dedham,,MA,https://www.playpadelboston.com/,playpadelboston.com,Indoor,Confirmed Indoor,No,1,https://www.playpadelboston.com/ | https://www.playpadelboston.com/membership | https://www.playpadelboston.com/contact
MA-0108,MA-0108-A,PADELHUB,653 Summer St,Boston,02210,MA,https://www.padelhubusa.com/,padelhubusa.com,Indoor,Confirmed Indoor,No,1,https://www.padelhubusa.com/ | https://www.padelhubusa.com/membership | https://www.padelhubusa.com/ourclub
MA-0109,MA-0109-A,PickleBOS,379r Dorchester Avenue,Boston,,MA,https://www.picklebos.com/,picklebos.com,Indoor,Confirmed Indoor,No,1,https://www.picklebos.com/
MA-0110,MA-0110-A,Pickles,,Hanover,,MA,https://www.picklesne.com/,picklesne.com,Indoor,Confirmed Indoor,No,1,https://www.picklesne.com/ | https://www.picklesne.com/about-us | https://www.picklesne.com/memberships | https://www.picklesne.com/memberships-2
MA-0111,MA-0111-A,PKL Boston,,,,MA,https://playpkl.com/,playpkl.com,Indoor,Confirmed Indoor,No,1,https://playpkl.com/ | https://playpkl.com/reserve/ | https://playpkl.com/membership/ | https://playpkl.com/whats-happening/
MA-0112,MA-0112-A,Plattsburgh State Athletics,,Northborough,,MA,https://gocardinalsports.com/,gocardinalsports.com,Indoor,Confirmed Indoor,No,1,https://gocardinalsports.com/ | https://gocardinalsports.com/sports/2010/4/12/GEN_0412101501.aspx | https://gocardinalsports.com/sports/2025/2/18/gameday-programs.aspx | https://gocardinalsports.com/staff-directory | https://gocardinalsports.com/login.aspx?error=no_session&returnUrl=%2fsports%2f2018%2f8%2f21%2fplattsburgh-state-athletics-staff-forms-and-policies.aspx | https://gocardinalsports.com/facilities
MA-0113,MA-0113-A,Playeasy Blog,,Boston,,MA,https://content.playeasy.com/,content.playeasy.com,Indoor,Confirmed Indoor,No,1,https://content.playeasy.com/ | https://content.playeasy.com/tag/facilities | https://content.playeasy.com/facility-booking-platform-for-northeast-futsal
MA-0114,MA-0114-A,Premier PIckleball in Ashland MA,200 Homer Ave,Ashland,01721,MA,https://www.ctpball.com/,ctpball.com,Indoor,Confirmed Indoor,Yes,2,https://www.ctpball.com/ | https://www.ctpball.com/about | https://www.ctpball.com/contact
MA-0114,MA-0114-B,Premier PIckleball in Ashland MA,200 Homer Ave,Ashland,,MA,https://www.ctpball.com/,ctpball.com,Indoor,Confirmed Indoor,Yes,2,https://www.ctpball.com/ | https://www.ctpball.com/about | https://www.ctpball.com/contact
MA-0115,MA-0115-A,Prime Pickelball,,North Andover,,MA,https://www.primepickleballna.com/,primepickleballna.com,Indoor,Confirmed Indoor,No,1,https://www.primepickleballna.com/ | https://www.primepickleballna.com/faclilities
MA-0116,MA-0116-A,Private Day School for K-9 & Middle School Boarding,54 Main Street,Southborough,,MA,https://www.fayschool.org/,fayschool.org,Indoor,Confirmed Indoor,Yes,6,https://www.fayschool.org/ | https://www.fayschool.org/about/about-fay-school | https://www.fayschool.org/about/head-of-school-welcome | https://www.fayschool.org/about/mission-and-philosophy | https://www.fayschool.org/about/fay-in-pictures | https://www.fayschool.org/about/board-of-trustees | https://www.fayschool.org/about/visitor-information
MA-0116,MA-0116-B,Private Day School for K-9 & Middle School Boarding,23 Middle Road,Southborough,,MA,https://www.fayschool.org/,fayschool.org,Indoor,Confirmed Indoor,Yes,6,https://www.fayschool.org/ | https://www.fayschool.org/about/about-fay-school | https://www.fayschool.org/about/head-of-school-welcome | https://www.fayschool.org/about/mission-and-philosophy | https://www.fayschool.org/about/fay-in-pictures | https://www.fayschool.org/about/board-of-trustees | https://www.fayschool.org/about/visitor-information
MA-0116,MA-0116-C,Private Day School for K-9 & Middle School Boarding,31 Main Street,Southborough,,MA,https://www.fayschool.org/,fayschool.org,Indoor,Confirmed Indoor,Yes,6,https://www.fayschool.org/ | https://www.fayschool.org/about/about-fay-school | https://www.fayschool.org/about/head-of-school-welcome | https://www.fayschool.org/about/mission-and-philosophy | https://www.fayschool.org/about/fay-in-pictures | https://www.fayschool.org/about/board-of-trustees | https://www.fayschool.org/about/visitor-information
MA-0116,MA-0116-D,Private Day School for K-9 & Middle School Boarding,1657 Worcester Road,Framingham,,MA,https://www.fayschool.org/,fayschool.org,Indoor,Confirmed Indoor,Yes,6,https://www.fayschool.org/ | https://www.fayschool.org/about/about-fay-school | https://www.fayschool.org/about/head-of-school-welcome | https://www.fayschool.org/about/mission-and-philosophy | https://www.fayschool.org/about/fay-in-pictures | https://www.fayschool.org/about/board-of-trustees | https://www.fayschool.org/about/visitor-information
MA-0116,MA-0116-E,Private Day School for K-9 & Middle School Boarding,5400 Computer Drive,Westborough,,MA,https://www.fayschool.org/,fayschool.org,Indoor,Confirmed Indoor,Yes,6,https://www.fayschool.org/ | https://www.fayschool.org/about/about-fay-school | https://www.fayschool.org/about/head-of-school-welcome | https://www.fayschool.org/about/mission-and-philosophy | https://www.fayschool.org/about/fay-in-pictures | https://www.fayschool.org/about/board-of-trustees | https://www.fayschool.org/about/visitor-information
MA-0116,MA-0116-F,Private Day School for K-9 & Middle School Boarding,1659 Worcester Road,Framingham,,MA,https://www.fayschool.org/,fayschool.org,Indoor,Confirmed Indoor,Yes,6,https://www.fayschool.org/ | https://www.fayschool.org/about/about-fay-school | https://www.fayschool.org/about/head-of-school-welcome | https://www.fayschool.org/about/mission-and-philosophy | https://www.fayschool.org/about/fay-in-pictures | https://www.fayschool.org/about/board-of-trustees | https://www.fayschool.org/about/visitor-information
MA-0117,MA-0117-A,Proformance Soccer,,Dover,,MA,https://www.proformancesoccer.com/,proformancesoccer.com,Indoor,Confirmed Indoor,No,1,https://www.proformancesoccer.com/ | https://www.proformancesoccer.com/about-proformance/ | https://www.proformancesoccer.com/contact-us/
MA-0118,MA-0118-A,Revere Public Schools,101 School St,Revere,02151,MA,https://www.reverek12.org/,reverek12.org,Indoor,Confirmed Indoor,Yes,2,https://www.reverek12.org/ | https://www.reverek12.org/apps/staff/ | https://www.reverek12.org/apps/news/article/2216451 | https://www.reverek12.org/apps/contact/
MA-0118,MA-0118-B,Revere Public Schools,2026 Print 101 School St,Revere,02151,MA,https://www.reverek12.org/,reverek12.org,Indoor,Confirmed Indoor,Yes,2,https://www.reverek12.org/ | https://www.reverek12.org/apps/staff/ | https://www.reverek12.org/apps/news/article/2216451 | https://www.reverek12.org/apps/contact/
MA-0119,MA-0119-A,Runbirds Baseball,,Shrewsbury,,MA,https://runbirdsbaseball.com/,runbirdsbaseball.com,Indoor,Confirmed Indoor,No,1,https://runbirdsbaseball.com/ | https://runbirdsbaseball.com/about-team-mizuno-northeast-baseball/ | https://runbirdsbaseball.com/baseball-coaches/ | https://runbirdsbaseball.com/indoor-practice-facility/ | https://runbirdsbaseball.com/contact-us/
MA-0120,MA-0120-A,Salem State University,121 Loring Avenue,Salem,,MA,https://salemstatevikings.com/landing/index,salemstate.edu,Indoor,Confirmed Indoor,Yes,2,https://salemstatevikings.com/landing/index | https://salemstatevikings.com/information/about | https://salemstatevikings.com/information/directory/index | https://salemstatevikings.com/facilities/index
MA-0120,MA-0120-B,Salem State University,225 Canal Street,Salem,,MA,https://salemstatevikings.com/landing/index,salemstate.edu,Indoor,Confirmed Indoor,Yes,2,https://salemstatevikings.com/landing/index | https://salemstatevikings.com/information/about | https://salemstatevikings.com/information/directory/index | https://salemstatevikings.com/facilities/index
MA-0121,MA-0121-A,Simmons University Homepage,,Boston,,MA,https://www.simmons.edu/,simmons.edu,Indoor,Confirmed Indoor,No,1,https://www.simmons.edu/ | https://www.simmons.edu/directory | https://www.simmons.edu/academics/find-program | https://www.simmons.edu/academics/online-hybrid-programs | https://www.simmons.edu/academics/accelerated-dual-degree-programs | https://www.simmons.edu/student-experience/community-leadership-engagement | https://www.simmons.edu/student-experience/athletics-and-fitness
MA-0122,MA-0122-A,Somerville YMCA,,Somerville,,MA,https://somervilleymca.org/,somervilleymca.org,Indoor,Confirmed Indoor,No,1,https://somervilleymca.org/ | https://somervilleymca.org/about/our-mission/ | https://somervilleymca.org/about/board-of-directors/ | https://somervilleymca.org/about/staff/ | https://somervilleymca.org/about/facilities/ | https://somervilleymca.org/about/reports/
MA-0123,MA-0123-A,South Shore Sports,,,,MA,https://sssc.community/,sssc.community,Indoor,Confirmed Indoor,No,1,https://sssc.community/ | https://sssc.community/youth-programs/ | https://sssc.community/adult-programs/
MA-0124,MA-0124-A,Southern NH Sand Volleyball,,,,MA,https://www.snhsandvolleyball.com/,snhsandvolleyball.com,Indoor,Confirmed Indoor,No,1,https://www.snhsandvolleyball.com/ | https://www.snhsandvolleyball.com/home
MA-0125,MA-0125-A,srfclub,,Scituate,,MA,https://www.srfclub.com/,srfclub.com,Indoor,Confirmed Indoor,No,1,https://www.srfclub.com/ | https://www.srfclub.com/about-us | https://www.srfclub.com/membership-pricing | https://www.srfclub.com/contact-us
MA-0126,MA-0126-A,St. John's Prep,1 2 3 4 Search SEARCH 72 Spring St.,Danvers,01923,MA,https://www.stjohnsprep.org/,stjohnsprep.org,Indoor,Confirmed Indoor,Yes,6,https://www.stjohnsprep.org/ | https://www.stjohnsprep.org/alumni/events-and-programs | https://www.stjohnsprep.org/alumni/meet-the-team | https://www.stjohnsprep.org/alumni/alumni-leadership | https://www.stjohnsprep.org/about-st-johns | https://www.stjohnsprep.org/about-st-johns/our-mission-and-values | https://www.stjohnsprep.org/about-st-johns/campus-map-and-directions
MA-0126,MA-0126-B,St. John's Prep,72 Spring St.,Danvers,01923,MA,https://www.stjohnsprep.org/,stjohnsprep.org,Indoor,Confirmed Indoor,Yes,6,https://www.stjohnsprep.org/ | https://www.stjohnsprep.org/alumni/events-and-programs | https://www.stjohnsprep.org/alumni/meet-the-team | https://www.stjohnsprep.org/alumni/alumni-leadership | https://www.stjohnsprep.org/about-st-johns | https://www.stjohnsprep.org/about-st-johns/our-mission-and-values | https://www.stjohnsprep.org/about-st-johns/campus-map-and-directions
MA-0126,MA-0126-C,St. John's Prep,26 Search SEARCH 72 Spring St.,Danvers,01923,MA,https://www.stjohnsprep.org/,stjohnsprep.org,Indoor,Confirmed Indoor,Yes,6,https://www.stjohnsprep.org/ | https://www.stjohnsprep.org/alumni/events-and-programs | https://www.stjohnsprep.org/alumni/meet-the-team | https://www.stjohnsprep.org/alumni/alumni-leadership | https://www.stjohnsprep.org/about-st-johns | https://www.stjohnsprep.org/about-st-johns/our-mission-and-values | https://www.stjohnsprep.org/about-st-johns/campus-map-and-directions
MA-0126,MA-0126-D,St. John's Prep,72 Spring Street,Danvers,01923,MA,https://www.stjohnsprep.org/,stjohnsprep.org,Indoor,Confirmed Indoor,Yes,6,https://www.stjohnsprep.org/ | https://www.stjohnsprep.org/alumni/events-and-programs | https://www.stjohnsprep.org/alumni/meet-the-team | https://www.stjohnsprep.org/alumni/alumni-leadership | https://www.stjohnsprep.org/about-st-johns | https://www.stjohnsprep.org/about-st-johns/our-mission-and-values | https://www.stjohnsprep.org/about-st-johns/campus-map-and-directions
MA-0126,MA-0126-E,St. John's Prep,6 through 12. Search SEARCH 72 Spring St.,Danvers,01923,MA,https://www.stjohnsprep.org/,stjohnsprep.org,Indoor,Confirmed Indoor,Yes,6,https://www.stjohnsprep.org/ | https://www.stjohnsprep.org/alumni/events-and-programs | https://www.stjohnsprep.org/alumni/meet-the-team | https://www.stjohnsprep.org/alumni/alumni-leadership | https://www.stjohnsprep.org/about-st-johns | https://www.stjohnsprep.org/about-st-johns/our-mission-and-values | https://www.stjohnsprep.org/about-st-johns/campus-map-and-directions
MA-0126,MA-0126-F,St. John's Prep,261 constituents Search SEARCH 72 Spring St.,Danvers,01923,MA,https://www.stjohnsprep.org/,stjohnsprep.org,Indoor,Confirmed Indoor,Yes,6,https://www.stjohnsprep.org/ | https://www.stjohnsprep.org/alumni/events-and-programs | https://www.stjohnsprep.org/alumni/meet-the-team | https://www.stjohnsprep.org/alumni/alumni-leadership | https://www.stjohnsprep.org/about-st-johns | https://www.stjohnsprep.org/about-st-johns/our-mission-and-values | https://www.stjohnsprep.org/about-st-johns/campus-map-and-directions
MA-0127,MA-0127-A,St. Lawrence University Athletics,,Wellesley,,MA,https://saintsathletics.com/,saintsathletics.com,Indoor,Confirmed Indoor,No,1,https://saintsathletics.com/ | https://saintsathletics.com/facilities | https://saintsathletics.com/sports/2023/5/3/facility-rentals.aspx | https://saintsathletics.com/staff-directory | https://saintsathletics.com/sports/2024/6/24/athletics-internships.aspx | https://saintsathletics.com/sports/2013/7/19/fitness%20center | https://saintsathletics.com/sports/2022/9/1/2022-23-st-lawrence-athletic-programs
MA-0128,MA-0128-A,St. Mark's School,25 Marlboro Road,Southborough,01772,MA,https://www.stmarksschool.org/,stmarksschool.org,Indoor,Confirmed Indoor,No,1,https://www.stmarksschool.org/ | https://www.stmarksschool.org/about/news-and-stories | https://www.stmarksschool.org/about/calendar | https://www.stmarksschool.org/about/strategic-plan
MA-0129,MA-0129-A,Sudbury Youth Soccer,,Sudbury,,MA,https://sudburysoccer.org/,sudburysoccer.org,Indoor,Confirmed Indoor,No,1,https://sudburysoccer.org/ | https://sudburysoccer.org/welcome-sudbury-youth-soccer | https://sudburysoccer.org/who-contact | https://sudburysoccer.org/youth-program-fees | https://sudburysoccer.org/node/52 | https://sudburysoccer.org/pre-k-mini-kickers-program | https://sudburysoccer.org/kindergarten-first-grade-program
MA-0130,MA-0130-A,Sunward Steel Buildings,,Chicopee,,MA,https://sunwardsteel.com/,sunwardsteel.com,Indoor,Confirmed Indoor,No,1,https://sunwardsteel.com/ | https://sunwardsteel.com/colorado/golden/spyderco-manufacturing-facility/ | https://sunwardsteel.com/colorado/parker/indoor-tennis-facility/ | https://sunwardsteel.com/new-hampshire/seabrook/prefabricated-steel-cold-storage-facility/ | https://sunwardsteel.com/canada/alberta/whitecourt/shop-and-commercial-office/ | https://sunwardsteel.com/canada/alberta/whitecourt/steel-shop-building-kit/ | https://sunwardsteel.com/connecticut/orange/prefabricated-metal-shop-and-shipping-facility/
MA-0131,MA-0131-A,Teamworks Warwick,,Canton,,MA,https://www.teamworkswarwick.com/,teamworkswarwick.com,Indoor,Confirmed Indoor,No,1,https://www.teamworkswarwick.com/ | https://www.teamworkswarwick.com/aboutus.aspx | https://www.teamworkswarwick.com/youthprogram.aspx | https://www.teamworkswarwick.com/vacationnightout.aspx | https://www.teamworkswarwick.com/rentalevents.aspx | https://www.teamworkswarwick.com/contactus.aspx | https://www.teamworkswarwick.com/default.aspx
MA-0132,MA-0132-A,Tennis at Dedham Health,,Dedham,,MA,https://tennis.dedhamhealth.com/,dedhamhealth.com,Indoor,Confirmed Indoor,No,1,https://tennis.dedhamhealth.com/ | https://tennis.dedhamhealth.com/jta-staff/ | https://tennis.dedhamhealth.com/contact-us/ | https://tennis.dedhamhealth.com/junior-tennis/ | https://tennis.dedhamhealth.com/tennis-court-fees/
MA-0133,MA-0133-A,Thayer Sports Center,1535 Washington St,Braintree,02184,MA,https://thayersportscenter.com/,thayersportscenter.com,Indoor,Confirmed Indoor,No,1,https://thayersportscenter.com/ | https://thayersportscenter.com/about/ | https://thayersportscenter.com/court-rentals/ | https://thayersportscenter.com/programs-1/ | https://thayersportscenter.com/contact-us/
MA-0134,MA-0134-A,The Back Nine Golf,,Southborough,,MA,https://thebackninegolf.com/,thebackninegolf.com,Indoor,Confirmed Indoor,No,1,https://thebackninegolf.com/ | https://thebackninegolf.com/contact | https://thebackninegolf.com/local | https://thebackninegolf.com/about | https://thebackninegolf.com/agreement
MA-0135,MA-0135-A,The Governor's Academy,,Gloucester,,MA,https://www.thegovernorsacademy.org/,govsacademy.org,Indoor,Confirmed Indoor,No,1,https://www.thegovernorsacademy.org/ | https://www.thegovernorsacademy.org/about | https://www.thegovernorsacademy.org/about/leadership | https://www.thegovernorsacademy.org/about/leadership/board-of-trustees | https://www.thegovernorsacademy.org/about/mission-history | https://www.thegovernorsacademy.org/about/mission-history/archives | https://www.thegovernorsacademy.org/about/diversity-equity-inclusion
MA-0136,MA-0136-A,The Meadowbrook School,,Weston,,MA,https://www.meadowbrook-ma.org/,meadowbrook-ma.org,Indoor,Confirmed Indoor,No,1,https://www.meadowbrook-ma.org/ | https://www.meadowbrook-ma.org/contact-us | https://www.meadowbrook-ma.org/school-life/athletics/schedules | https://www.meadowbrook-ma.org/school-life/summer-programs | https://www.meadowbrook-ma.org/about-us/working-at-meadowbrook | https://www.meadowbrook-ma.org/about-us/welcome-to-meadowbrook | https://www.meadowbrook-ma.org/about-us/our-mission
MA-0137,MA-0137-A,The Roxbury Latin School,,West Roxbury,,MA,https://www.roxburylatin.org/,roxburylatin.org,Indoor,Confirmed Indoor,No,1,https://www.roxburylatin.org/ | https://www.roxburylatin.org/about/calendar/ | https://www.roxburylatin.org/about/ | https://www.roxburylatin.org/about/welcome/ | https://www.roxburylatin.org/about/facts/ | https://www.roxburylatin.org/about/history/ | https://www.roxburylatin.org/about/facultyandstaff/
MA-0138,MA-0138-A,the TRACK at new balance,,,,MA,https://thetrackatnewbalance.com/,thetrackatnewbalance.com,Indoor,Confirmed Indoor,No,1,https://thetrackatnewbalance.com/ | https://thetrackatnewbalance.com/couch-to-5k-running-program/ | https://thetrackatnewbalance.com/events-programming/ | https://thetrackatnewbalance.com/events-programming/sporting-events/ | https://thetrackatnewbalance.com/events-programming/special-events/ | https://thetrackatnewbalance.com/about-us/ | https://thetrackatnewbalance.com/about-us/meet-our-team/
MA-0139,MA-0139-A,The Windsor Club,1601 Beacon Street,Waban,02468,MA,https://www.windsorclub.org/,windsorclub.org,Indoor,Confirmed Indoor,No,1,https://www.windsorclub.org/ | https://www.windsorclub.org/about | https://www.windsorclub.org/memberships | https://www.windsorclub.org/rentals
MA-0140,MA-0140-A,The Winsor School,,Boston,,MA,https://www.winsor.edu/,winsor.edu,Indoor,Confirmed Indoor,No,1,https://www.winsor.edu/ | https://www.winsor.edu/about/ | https://www.winsor.edu/about/leadership-2/ | https://www.winsor.edu/about/history/ | https://www.winsor.edu/about/directory/ | https://www.winsor.edu/about/community-and-inclusion/ | https://www.winsor.edu/about/principles-accreditations/
MA-0141,MA-0141-A,Tiburon Swim Academy,,Wellesley,,MA,https://www.tiburonswimacademy.com/,tiburonswimacademy.com,Indoor,Confirmed Indoor,No,1,https://www.tiburonswimacademy.com/ | https://www.tiburonswimacademy.com/programs-overview | https://www.tiburonswimacademy.com/program-guidelines | https://www.tiburonswimacademy.com/our-story | https://www.tiburonswimacademy.com/team-at-waltham | https://www.tiburonswimacademy.com/work-with-us
MA-0142,MA-0142-A,Trull Brook Golf Course,,Tewksbury,,MA,https://trullbrook.com/,trullbrook.com,Indoor,Confirmed Indoor,No,1,https://trullbrook.com/ | https://trullbrook.com/golf-course/ | https://trullbrook.com/contact/
MA-0143,MA-0143-A,Tufts University,161 College Avenue,Medford,02155,MA,https://gotuftsjumbos.com/,gotuftsjumbos.com,Indoor,Confirmed Indoor,No,1,https://gotuftsjumbos.com/ | https://gotuftsjumbos.com/sports/2022/5/6/tufts-info-donate.aspx | https://gotuftsjumbos.com/sports/2022/5/6/information-faculty-liaison.aspx | https://gotuftsjumbos.com/sports/2022/7/27/fitness-center-membership.aspx | https://gotuftsjumbos.com/sports/2022/5/26/tufts-personalized-performance-program | https://gotuftsjumbos.com/staff-directory | https://gotuftsjumbos.com/sports/2022/7/11/about-recreation.aspx
MA-0144,MA-0144-A,Ultimate Soccer MA,,Norwell,,MA,https://www.ultimatesoccerma.com/,ultimatesoccerma.com,Indoor,Confirmed Indoor,No,1,https://www.ultimatesoccerma.com/ | https://www.ultimatesoccerma.com/about-us | https://www.ultimatesoccerma.com/about-3 | https://www.ultimatesoccerma.com/packages | https://www.ultimatesoccerma.com/contact | https://www.ultimatesoccerma.com/projects-6
MA-0145,MA-0145-A,UMass Lowell,,Lowell,,MA,https://www.uml.edu/,uml.edu,Indoor,Confirmed Indoor,No,1,https://www.uml.edu/ | https://www.uml.edu/Directory/default.aspx | https://www.uml.edu/about/ | https://www.uml.edu/academics/programs/ | https://www.uml.edu/directory/question.aspx
MA-0146,MA-0146-A,UMass Lowell Athletics,,Lowell,,MA,https://goriverhawks.com/,goriverhawks.com,Indoor,Confirmed Indoor,No,1,https://goriverhawks.com/ | https://goriverhawks.com/staff-directory | https://goriverhawks.com/sports/2019/6/13/female-athlete-program | https://goriverhawks.com/honors/umass-lowell-athletics-hall-of-fame | https://www.givecampus.com/schools/UniversityofMassachusettsLowell/river-hawk-athletics-2026-2027-challenge/?a=278337
MA-0147,MA-0147-A,Upper School (Grades 9-12),,,,MA,https://us.milton.edu/,us.milton.edu,Indoor,Confirmed Indoor,No,1,https://us.milton.edu/ | https://us.milton.edu/about | https://us.milton.edu/about/milton-academy-leadership | https://us.milton.edu/about/the-boston-advantage | https://us.milton.edu/about/sustainability | https://us.milton.edu/about/dare-to-be-true | https://us.milton.edu/about/equity-and-inclusion
MA-0148,MA-0148-A,US Sports Camps,,,,MA,https://www.ussportscamps.com/,ussportscamps.com,Indoor,Confirmed Indoor,No,1,https://www.ussportscamps.com/ | https://www.ussportscamps.com/contact
MA-0149,MA-0149-A,US Youth Futsal,,,,MA,https://www.usyouthfutsal.com/,usyouthfutsal.com,Indoor,Confirmed Indoor,No,1,https://www.usyouthfutsal.com/ | https://www.usyouthfutsal.com/about | https://www.usyouthfutsal.com/programs | https://www.usyouthfutsal.com/new-league-affiliation
MA-0150,MA-0150-A,Village Sports Club,30 Golf Drive,Plymouth,02360,MA,https://villagesportsclub.com/,villagesportsclub.com,Indoor,Confirmed Indoor,No,1,https://villagesportsclub.com/ | https://villagesportsclub.com/programs/
MA-0151,MA-0151-A,Waltham Athletic Club,,Waltham,,MA,https://walthamathletic.com/,walthamathletic.com,Indoor,Confirmed Indoor,No,1,https://walthamathletic.com/ | https://walthamathletic.com/about-us/ | https://walthamathletic.com/contact/ | https://walthamathletic.com/contact/directions/
MA-0152,MA-0152-A,Watertown Boys & Girls Club,,Watertown,,MA,https://watertownbgc.org/,watertownbgc.org,Indoor,Confirmed Indoor,No,1,https://watertownbgc.org/ | https://watertownbgc.org/about/ | https://watertownbgc.org/about/board-of-directors/ | https://watertownbgc.org/about/our-team/ | https://watertownbgc.org/about/wbgc-annual/ | https://watertownbgc.org/about/our-history/ | https://watertownbgc.org/about/commitment-to/
MA-0153,MA-0153-A,Wayland Boosters,,Wayland,,MA,https://waylandboosters.org/,waylandboosters.org,Indoor,Confirmed Indoor,No,1,https://waylandboosters.org/ | https://waylandboosters.org/about/ | https://waylandboosters.org/about/volunteer/ | https://waylandboosters.org/about/contact/
MA-0154,MA-0154-A,Wayland Youth Basketball Association,01778 Wayland Middle School 201 Main St.,Wayland,01778,MA,https://wyba.teamsnapsites.com/,wyba.teamsnapsites.com,Indoor,Confirmed Indoor,Yes,2,https://wyba.teamsnapsites.com/ | https://wyba.teamsnapsites.com/programs/ | https://wyba.teamsnapsites.com/programs/metrowest-league/ | https://wyba.teamsnapsites.com/programs/tri-town-and-sudbury-leagues/ | https://wyba.teamsnapsites.com/programs/k-2-program/ | https://wyba.teamsnapsites.com/about-us/ | https://wyba.teamsnapsites.com/court-locations/
MA-0154,MA-0154-B,Wayland Youth Basketball Association,41 Cochituate Rd,Wayland,01778,MA,https://wyba.teamsnapsites.com/,wyba.teamsnapsites.com,Indoor,Confirmed Indoor,Yes,2,https://wyba.teamsnapsites.com/ | https://wyba.teamsnapsites.com/programs/ | https://wyba.teamsnapsites.com/programs/metrowest-league/ | https://wyba.teamsnapsites.com/programs/tri-town-and-sudbury-leagues/ | https://wyba.teamsnapsites.com/programs/k-2-program/ | https://wyba.teamsnapsites.com/about-us/ | https://wyba.teamsnapsites.com/court-locations/
MA-0155,MA-0155-A,Wellesley,,Wellesley,,MA,https://www.wellesley.edu/,www1.wellesley.edu,Indoor,Confirmed Indoor,No,1,https://www.wellesley.edu/
MA-0156,MA-0156-A,Weston Soccer Club,456 Wellesley Street,Weston,,MA,https://westonsoccer.org/,westonsoccer.org,Indoor,Confirmed Indoor,Yes,2,https://westonsoccer.org/ | https://westonsoccer.org/node/6434 | https://westonsoccer.org/programs | https://westonsoccer.org/bays-program | https://westonsoccer.org/facilities | https://westonsoccer.org/referee-program
MA-0156,MA-0156-B,Weston Soccer Club,44 School Street,Weston,,MA,https://westonsoccer.org/,westonsoccer.org,Indoor,Confirmed Indoor,Yes,2,https://westonsoccer.org/ | https://westonsoccer.org/node/6434 | https://westonsoccer.org/programs | https://westonsoccer.org/bays-program | https://westonsoccer.org/facilities | https://westonsoccer.org/referee-program
MA-0157,MA-0157-A,White Cliffs Country Club,1 East Cliff Dr,Plymouth,02360,MA,https://www.whitecliffscc.com/,whitecliffscc.com,Indoor,Confirmed Indoor,No,1,https://www.whitecliffscc.com/ | https://www.whitecliffscc.com/default.aspx | https://www.whitecliffscc.com/about | https://www.whitecliffscc.com/meet-the-team | https://www.whitecliffscc.com/Default.aspx | https://www.whitecliffscc.com/contact-us | https://www.whitecliffscc.com/about-villages
MA-0158,MA-0158-A,"Winchester, MA",,Winchester,,MA,https://winchester.us/,winchester.us,Indoor,Confirmed Indoor,No,1,https://winchester.us/ | https://winchester.us/m/directory
MA-0159,MA-0159-A,Woburn Recreation Department: Online Registration by MyRec.com Recreation Management Software,,Woburn,,MA,https://woburnma.myrec.com/info/default.aspx,woburnma.myrec.com,Indoor,Confirmed Indoor,No,1,https://woburnma.myrec.com/info/default.aspx | https://woburnma.myrec.com/info/activities/default.aspx | https://woburnma.myrec.com/info/facilities/default.aspx | https://woburnma.myrec.com/info/contact/default.aspx
MA-0160,MA-0160-A,Worcester Academy,,Worcester,,MA,https://www.worcesteracademy.org/,worcesteracademy.org,Indoor,Confirmed Indoor,No,1,https://www.worcesteracademy.org/ | https://www.worcesteracademy.org/about | https://www.worcesteracademy.org/athletics | https://www.worcesteracademy.org/athletic-facilities-and-services | https://www.worcesteracademy.org/meet-the-athletics-team | https://www.worcesteracademy.org/arts-facilities | https://www.worcesteracademy.org/alumni-meet-the-advancement-team
MA-0161,MA-0161-A,YMCA of Greater Nashua,,Gloucester,,MA,https://nmymca.org/,nmymca.org,Indoor,Confirmed Indoor,No,1,https://nmymca.org/ | https://nmymca.org/membership/ | https://nmymca.org/membership/financial-assistance/ | https://nmymca.org/membership/change-form/ | https://nmymca.org/programs/ | https://nmymca.org/programs/swim/
MA-0162,MA-0162-A,YWCA Central Massachusetts,1 Salem Square,Worcester,01608,MA,https://ywcacm.org/,ywcacm.org,Indoor,Confirmed Indoor,Yes,3,https://ywcacm.org/ | https://ywcacm.org/health-wellness/fitness-membership/ | https://ywcacm.org/health-wellness/fitness-center/3-day-trial-membership/ | https://ywcacm.org/housing/housing-advocacy-program/ | https://ywcacm.org/about/ | https://ywcacm.org/about/blog/ | https://ywcacm.org/contact-us/
MA-0162,MA-0162-B,YWCA Central Massachusetts,89 Parker Street,Leicester,01524,MA,https://ywcacm.org/,ywcacm.org,Indoor,Confirmed Indoor,Yes,3,https://ywcacm.org/ | https://ywcacm.org/health-wellness/fitness-membership/ | https://ywcacm.org/health-wellness/fitness-center/3-day-trial-membership/ | https://ywcacm.org/housing/housing-advocacy-program/ | https://ywcacm.org/about/ | https://ywcacm.org/about/blog/ | https://ywcacm.org/contact-us/
MA-0162,MA-0162-C,YWCA Central Massachusetts,15 Grove Street,Westborough,01581,MA,https://ywcacm.org/,ywcacm.org,Indoor,Confirmed Indoor,Yes,3,https://ywcacm.org/ | https://ywcacm.org/health-wellness/fitness-membership/ | https://ywcacm.org/health-wellness/fitness-center/3-day-trial-membership/ | https://ywcacm.org/housing/housing-advocacy-program/ | https://ywcacm.org/about/ | https://ywcacm.org/about/blog/ | https://ywcacm.org/contact-us/
MA-0163,MA-0163-A,Adaptive Sports New England,,Boston,,MA,https://adaptivesportsne.org/,adaptivesportsne.org,Indoor and outdoor,Indoor and Outdoor,No,1,https://adaptivesportsne.org/ | https://adaptivesportsne.org/programs/ | https://adaptivesportsne.org/about-2/ | https://adaptivesportsne.org/contact-us-2/ | https://adaptivesportsne.org/about-3/ | https://adaptivesportsne.org/ne-programs-2/
MA-0164,MA-0164-A,adirondack-2019,,,,MA,https://www.adirondackclub.com/,adirondackclub.com,Indoor and outdoor,Indoor and Outdoor,No,1,https://www.adirondackclub.com/ | https://www.adirondackclub.com/membership | https://www.adirondackclub.com/types-of-memberships | https://www.adirondackclub.com/changerequest | https://www.adirondackclub.com/copy-of-studio-3-sgr | https://www.adirondackclub.com/starting-strong | https://www.adirondackclub.com/kids-team
MA-0165,MA-0165-A,Andover Athletics,,,,MA,https://athletics.andover.edu/,andover.edu,Indoor and outdoor,Indoor and Outdoor,No,1,https://athletics.andover.edu/ | https://athletics.andover.edu/inside-athletics | https://athletics.andover.edu/inside-athletics/lifesports | https://athletics.andover.edu/inside-athletics/outdoor-pursuits | https://athletics.andover.edu/inside-athletics/facilities | https://athletics.andover.edu/inside-athletics/strength-conditioning | https://athletics.andover.edu/inside-athletics/sports-medicine
MA-0166,MA-0166-A,Andover Tennis Club,,Andover,,MA,https://www.andovertennisclub.com/,andovertennisclub.com,Indoor and outdoor,Indoor and Outdoor,No,1,https://www.andovertennisclub.com/
MA-0167,MA-0167-A,Apartments in Westborough MA,,Westborough,,MA,https://ellingtonmetrowest.com/,ellingtonmetrowest.com,Indoor and outdoor,Indoor and Outdoor,No,1,https://ellingtonmetrowest.com/ | https://ellingtonmetrowest.com/contact/
MA-0168,MA-0168-A,Applewild,98 Prospect Street,Fitchburg,01420,MA,https://www.applewild.org/,applewild.org,Indoor and outdoor,Indoor and Outdoor,Yes,4,https://www.applewild.org/ | https://www.applewild.org/about-us/welcome-to-applewild | https://www.applewild.org/about-us/the-applewild-difference | https://www.applewild.org/about-us/history-of-applewild | https://www.applewild.org/campus-facilities | https://www.applewild.org/programs/preschool-infant-prek- | https://www.applewild.org/programs/elementary-school-k-grade-5-
MA-0168,MA-0168-B,Applewild,36 Flat Rock Road,Fitchburg,01420,MA,https://www.applewild.org/,applewild.org,Indoor and outdoor,Indoor and Outdoor,Yes,4,https://www.applewild.org/ | https://www.applewild.org/about-us/welcome-to-applewild | https://www.applewild.org/about-us/the-applewild-difference | https://www.applewild.org/about-us/history-of-applewild | https://www.applewild.org/campus-facilities | https://www.applewild.org/programs/preschool-infant-prek- | https://www.applewild.org/programs/elementary-school-k-grade-5-
MA-0168,MA-0168-C,Applewild,15 Academy St,Ashburnham,,MA,https://www.applewild.org/,applewild.org,Indoor and outdoor,Indoor and Outdoor,Yes,4,https://www.applewild.org/ | https://www.applewild.org/about-us/welcome-to-applewild | https://www.applewild.org/about-us/the-applewild-difference | https://www.applewild.org/about-us/history-of-applewild | https://www.applewild.org/campus-facilities | https://www.applewild.org/programs/preschool-infant-prek- | https://www.applewild.org/programs/elementary-school-k-grade-5-
MA-0168,MA-0168-D,Applewild,411 North Street,Jefferson,01522,MA,https://www.applewild.org/,applewild.org,Indoor and outdoor,Indoor and Outdoor,Yes,4,https://www.applewild.org/ | https://www.applewild.org/about-us/welcome-to-applewild | https://www.applewild.org/about-us/the-applewild-difference | https://www.applewild.org/about-us/history-of-applewild | https://www.applewild.org/campus-facilities | https://www.applewild.org/programs/preschool-infant-prek- | https://www.applewild.org/programs/elementary-school-k-grade-5-
MA-0169,MA-0169-A,"Architecture, Planning, & Interiors",17 Elm St,Manchester-by-the-Sea,01944,MA,https://www.olsonlewis.com/,olsonlewis.com,Indoor and outdoor,Indoor and Outdoor,Yes,2,https://www.olsonlewis.com/ | https://www.olsonlewis.com/about | https://www.olsonlewis.com/about/team | https://www.olsonlewis.com/about/olson-lewis-architects-timeline | https://www.olsonlewis.com/insight/facility-audit | https://www.olsonlewis.com/insight/lunch-learns-proposal | https://www.olsonlewis.com/contact
MA-0169,MA-0169-B,"Architecture, Planning, & Interiors",4386 Office 17 Elm St,Manchester-by-the-Sea,01944,MA,https://www.olsonlewis.com/,olsonlewis.com,Indoor and outdoor,Indoor and Outdoor,Yes,2,https://www.olsonlewis.com/ | https://www.olsonlewis.com/about | https://www.olsonlewis.com/about/team | https://www.olsonlewis.com/about/olson-lewis-architects-timeline | https://www.olsonlewis.com/insight/facility-audit | https://www.olsonlewis.com/insight/lunch-learns-proposal | https://www.olsonlewis.com/contact
MA-0170,MA-0170-A,Arlington Boys & Girls Club,213 60 Pond Lane,Arlington,02474,MA,https://www.abgclub.org/,abgclub.org,Indoor and outdoor,Indoor and Outdoor,No,1,https://www.abgclub.org/ | https://www.abgclub.org/memberships | https://www.abgclub.org/general-information | https://www.abgclub.org/contact | https://www.abgclub.org/our-programs | https://www.abgclub.org/club-kids-program | https://www.abgclub.org/membership
MA-0171,MA-0171-A,Armenian Cultural and Educational Center,,Watertown,,MA,https://www.acecwatertown.org/,acecwatertown.org,Indoor and outdoor,Indoor and Outdoor,No,1,https://www.acecwatertown.org/ | https://www.acecwatertown.org/about-us | https://www.acecwatertown.org/our-facilities | https://www.acecwatertown.org/outdoor-courtyard | https://www.acecwatertown.org/news-and-programs | https://www.acecwatertown.org/contact
MA-0172,MA-0172-A,Athletic Business,,Newton,,MA,https://www.athleticbusiness.com/,athleticbusiness.com,Indoor and outdoor,Indoor and Outdoor,No,1,https://www.athleticbusiness.com/ | https://www.athleticbusiness.com/facilities | https://www.athleticbusiness.com/leadership | https://www.athleticbusiness.com/directory | https://www.athleticbusiness.com/facilities/rec-center | https://www.athleticbusiness.com/page/contact-us | https://www.athleticbusiness.com/project-galleries/facilities-of-merit
MA-0173,MA-0173-A,Athletics* - Braintree Public Schools,,Braintree,,MA,https://www.braintreeschools.org/,braintreeschools.org,Indoor and outdoor,Indoor and Outdoor,No,1,https://www.braintreeschools.org/ | https://www.braintreeschools.org/district/about-us | https://www.braintreeschools.org/district/about-us/accessibility-disclaimers | https://www.braintreeschools.org/district/about-us/achievement-profiles | https://www.braintreeschools.org/district/about-us/bps-privacy-policy | https://www.braintreeschools.org/district/about-us/health-safety-measures | https://www.braintreeschools.org/district/about-us/directions
MA-0174,MA-0174-A,Atlantis Sports Clubs,,Hyannis,,MA,https://www.atlantissportsclubs.com/,atlantissportsclubs.com,Indoor and outdoor,Indoor and Outdoor,No,1,https://www.atlantissportsclubs.com/ | https://www.atlantissportsclubs.com/family-memberships/ | https://www.atlantissportsclubs.com/indooroutdoor-tennis-courts/
MA-0175,MA-0175-A,Attleboro Norton YMCA,,,,MA,https://www.attleboroymca.org/,attleboroymca.org,Indoor and outdoor,Indoor and Outdoor,No,1,https://www.attleboroymca.org/ | https://www.attleboroymca.org/membership | https://www.attleboroymca.org/membership/child-watch | https://www.attleboroymca.org/membership/corporate-opportunities | https://www.attleboroymca.org/membership/policies-procedures | https://www.attleboroymca.org/senior-programs
MA-0176,MA-0176-A,Beach House Volleyball,18 Tech Circle,Natick,,MA,https://www.beachhouseboston.com/,beachhouseboston.com,Indoor and outdoor,Indoor and Outdoor,Yes,2,https://www.beachhouseboston.com/ | https://www.beachhouseboston.com/adult-programs | https://www.beachhouseboston.com/rent-a-court | https://www.beachhouseboston.com/youth-programs | https://www.beachhouseboston.com/youth/school-vacation-programs | https://www.beachhouseboston.com/events/special-use-facility-rentals | https://www.beachhouseboston.com/about
MA-0176,MA-0176-B,Beach House Volleyball,18 Tech Circle,Natick,01760,MA,https://www.beachhouseboston.com/,beachhouseboston.com,Indoor and outdoor,Indoor and Outdoor,Yes,2,https://www.beachhouseboston.com/ | https://www.beachhouseboston.com/adult-programs | https://www.beachhouseboston.com/rent-a-court | https://www.beachhouseboston.com/youth-programs | https://www.beachhouseboston.com/youth/school-vacation-programs | https://www.beachhouseboston.com/events/special-use-facility-rentals | https://www.beachhouseboston.com/about
MA-0177,MA-0177-A,Berkshire United Sports Camp,,Sheffield,,MA,https://www.berkshireunitedsc.com/,berkshireunitedsc.com,Indoor and outdoor,Indoor and Outdoor,No,1,https://www.berkshireunitedsc.com/ | https://www.berkshireunitedsc.com/sports | https://www.berkshireunitedsc.com/facility | https://www.berkshireunitedsc.com/team | https://www.berkshireunitedsc.com/contactus | https://www.berkshireunitedsc.com/staff
MA-0178,MA-0178-A,Boston College Athletics,,Newton,,MA,https://bceagles.com/,bostoncollegeas.com,Indoor and outdoor,Indoor and Outdoor,No,1,https://bceagles.com/ | https://bceagles.com/staff-directory | https://bceagles.com/sports/2019/4/10/strength-conditioning-about | https://bceagles.com/sports/2022/2/28/student-athlete-development-about-the-devlin-family | https://bceagles.com/facilities | https://bceagles.com/sports/2019/12/12/faulty-staff-special-offers | https://bceagles.com/news/2026/8/17/mens-hockey-ben-smith-joins-mens-hockey-staff-as-assistant-coach
MA-0179,MA-0179-A,Boys & Girls Club of Greater Lowell,,,,MA,https://lbgc.org/,lbgc.org,Indoor and outdoor,Indoor and Outdoor,No,1,https://lbgc.org/ | https://lbgc.org/programs/ | https://lbgc.org/about-us/ | https://lbgc.org/about-us/who-we-are/history/ | https://lbgc.org/about-us/who-we-are/staff/ | https://lbgc.org/about-us/join-our-team/ | https://lbgc.org/about-us/club-safety/
MA-0180,MA-0180-A,Boys & Girls Club of Metro North,15 Dale Court,Stoneham,,MA,https://bgcmetronorth.org/,bgcmetronorth.org,Indoor and outdoor,Indoor and Outdoor,Yes,8,https://bgcmetronorth.org/ | https://bgcmetronorth.org/about-us/ | https://bgcmetronorth.org/our-team/ | https://bgcmetronorth.org/contact/ | https://bgcmetronorth.org/after-school-eec/ | https://bgcmetronorth.org/summer-camps/ | https://bgcmetronorth.org/vacation-weeks/
MA-0180,MA-0180-B,Boys & Girls Club of Metro North,6770 WAKEFIELD TEEN CENTER 467 Main Street,Wakefield,,MA,https://bgcmetronorth.org/,bgcmetronorth.org,Indoor and outdoor,Indoor and Outdoor,Yes,8,https://bgcmetronorth.org/ | https://bgcmetronorth.org/about-us/ | https://bgcmetronorth.org/our-team/ | https://bgcmetronorth.org/contact/ | https://bgcmetronorth.org/after-school-eec/ | https://bgcmetronorth.org/summer-camps/ | https://bgcmetronorth.org/vacation-weeks/
MA-0180,MA-0180-C,Boys & Girls Club of Metro North,1343 STONEHAM TEEN CENTER 79 Central Street,Stoneham,,MA,https://bgcmetronorth.org/,bgcmetronorth.org,Indoor and outdoor,Indoor and Outdoor,Yes,8,https://bgcmetronorth.org/ | https://bgcmetronorth.org/about-us/ | https://bgcmetronorth.org/our-team/ | https://bgcmetronorth.org/contact/ | https://bgcmetronorth.org/after-school-eec/ | https://bgcmetronorth.org/summer-camps/ | https://bgcmetronorth.org/vacation-weeks/
MA-0180,MA-0180-D,Boys & Girls Club of Metro North,15 Dale Court,Stoneham,02180,MA,https://bgcmetronorth.org/,bgcmetronorth.org,Indoor and outdoor,Indoor and Outdoor,Yes,8,https://bgcmetronorth.org/ | https://bgcmetronorth.org/about-us/ | https://bgcmetronorth.org/our-team/ | https://bgcmetronorth.org/contact/ | https://bgcmetronorth.org/after-school-eec/ | https://bgcmetronorth.org/summer-camps/ | https://bgcmetronorth.org/vacation-weeks/
MA-0180,MA-0180-E,Boys & Girls Club of Metro North,79 Central Street,Stoneham,02180,MA,https://bgcmetronorth.org/,bgcmetronorth.org,Indoor and outdoor,Indoor and Outdoor,Yes,8,https://bgcmetronorth.org/ | https://bgcmetronorth.org/about-us/ | https://bgcmetronorth.org/our-team/ | https://bgcmetronorth.org/contact/ | https://bgcmetronorth.org/after-school-eec/ | https://bgcmetronorth.org/summer-camps/ | https://bgcmetronorth.org/vacation-weeks/
MA-0180,MA-0180-F,Boys & Girls Club of Metro North,467 Main Street,Wakefield,01880,MA,https://bgcmetronorth.org/,bgcmetronorth.org,Indoor and outdoor,Indoor and Outdoor,Yes,8,https://bgcmetronorth.org/ | https://bgcmetronorth.org/about-us/ | https://bgcmetronorth.org/our-team/ | https://bgcmetronorth.org/contact/ | https://bgcmetronorth.org/after-school-eec/ | https://bgcmetronorth.org/summer-camps/ | https://bgcmetronorth.org/vacation-weeks/
MA-0180,MA-0180-G,Boys & Girls Club of Metro North,4 N Border Rd,Stoneham,02180,MA,https://bgcmetronorth.org/,bgcmetronorth.org,Indoor and outdoor,Indoor and Outdoor,Yes,8,https://bgcmetronorth.org/ | https://bgcmetronorth.org/about-us/ | https://bgcmetronorth.org/our-team/ | https://bgcmetronorth.org/contact/ | https://bgcmetronorth.org/after-school-eec/ | https://bgcmetronorth.org/summer-camps/ | https://bgcmetronorth.org/vacation-weeks/
MA-0180,MA-0180-H,Boys & Girls Club of Metro North,4 N Border Road,Stoneham,02180,MA,https://bgcmetronorth.org/,bgcmetronorth.org,Indoor and outdoor,Indoor and Outdoor,Yes,8,https://bgcmetronorth.org/ | https://bgcmetronorth.org/about-us/ | https://bgcmetronorth.org/our-team/ | https://bgcmetronorth.org/contact/ | https://bgcmetronorth.org/after-school-eec/ | https://bgcmetronorth.org/summer-camps/ | https://bgcmetronorth.org/vacation-weeks/
MA-0181,MA-0181-A,Boys and Girls Club of Marshfield,,Marshfield,,MA,https://www.bgcmarshfield.org/,bgcmarshfield.com,Indoor and outdoor,Indoor and Outdoor,No,1,https://www.bgcmarshfield.org/ | https://www.bgcmarshfield.org/contact | https://www.bgcmarshfield.org/school-year-programs | https://www.bgcmarshfield.org/vacation-camps | https://www.bgcmarshfield.org/birthday-parties | https://www.bgcmarshfield.org/field-facility-rental | https://www.bgcmarshfield.org/adult-programs
MA-0182,MA-0182-A,Brandeis University,415 South Street,Waltham,02453,MA,https://brandeisjudges.com/,brandeisjudges.com,Indoor and outdoor,Indoor and Outdoor,No,1,https://brandeisjudges.com/ | https://brandeisjudges.com/sports/2023/7/18/information-about.aspx | https://brandeisjudges.com/staff-directory | https://brandeisjudges.com/sports/2023/9/1/information-programs.aspx | https://brandeisjudges.com/sports/2023/7/18/facilities-directions.aspx | https://brandeisjudges.com/documents/2026/7/29/Brandeis_Athletics_Visitors_Guide_2026-27.pdf | https://brandeisjudges.com/sports/2023/7/18/facilities-policies.aspx
MA-0183,MA-0183-A,Brewster Academy Athletics,,Newton,,MA,https://athletics.brewsteracademy.org/,athletics.brewsteracademy.org,Indoor and outdoor,Indoor and Outdoor,No,1,https://athletics.brewsteracademy.org/ | https://athletics.brewsteracademy.org/staff-directory | https://athletics.brewsteracademy.org/facilities | https://athletics.brewsteracademy.org/news/2026/5/22/athletic-program-brewster-athletics-celebrates-spring-sports-award-winners.aspx | https://athletics.brewsteracademy.org/news/2026/5/22/athletic-program-brewster-celebrates-spring-2026-uniball-commitment-day.aspx
MA-0184,MA-0184-A,Brookline Recreation,45 Amory Street,Brookline,02446,MA,https://www.register.brooklinerec.com/,brooklinema.gov,Indoor and outdoor,Indoor and Outdoor,Yes,19,https://www.register.brooklinerec.com/ | https://www.register.brooklinerec.com/brookline/facilities | https://www.register.brooklinerec.com/brookline/program_categories | https://www.register.brooklinerec.com/brookline/membership_facilities | https://www.register.brooklinerec.com/brookline/about | https://www.register.brooklinerec.com/brookline/contact | https://www.register.brooklinerec.com/brookline/programs
MA-0184,MA-0184-B,Brookline Recreation,205 Beverly Road,Chestnut Hill,02467,MA,https://www.register.brooklinerec.com/,brooklinema.gov,Indoor and outdoor,Indoor and Outdoor,Yes,19,https://www.register.brooklinerec.com/ | https://www.register.brooklinerec.com/brookline/facilities | https://www.register.brooklinerec.com/brookline/program_categories | https://www.register.brooklinerec.com/brookline/membership_facilities | https://www.register.brooklinerec.com/brookline/about | https://www.register.brooklinerec.com/brookline/contact | https://www.register.brooklinerec.com/brookline/programs
MA-0184,MA-0184-C,Brookline Recreation,101 Aspinwall Avenue,Brookline,02446,MA,https://www.register.brooklinerec.com/,brooklinema.gov,Indoor and outdoor,Indoor and Outdoor,Yes,19,https://www.register.brooklinerec.com/ | https://www.register.brooklinerec.com/brookline/facilities | https://www.register.brooklinerec.com/brookline/program_categories | https://www.register.brooklinerec.com/brookline/membership_facilities | https://www.register.brooklinerec.com/brookline/about | https://www.register.brooklinerec.com/brookline/contact | https://www.register.brooklinerec.com/brookline/programs
MA-0184,MA-0184-D,Brookline Recreation,81 Columbia Street,Brookline,02446,MA,https://www.register.brooklinerec.com/,brooklinema.gov,Indoor and outdoor,Indoor and Outdoor,Yes,19,https://www.register.brooklinerec.com/ | https://www.register.brooklinerec.com/brookline/facilities | https://www.register.brooklinerec.com/brookline/program_categories | https://www.register.brooklinerec.com/brookline/membership_facilities | https://www.register.brooklinerec.com/brookline/about | https://www.register.brooklinerec.com/brookline/contact | https://www.register.brooklinerec.com/brookline/programs
MA-0184,MA-0184-E,Brookline Recreation,171 Summit Avenue,Brookline,02446,MA,https://www.register.brooklinerec.com/,brooklinema.gov,Indoor and outdoor,Indoor and Outdoor,Yes,19,https://www.register.brooklinerec.com/ | https://www.register.brooklinerec.com/brookline/facilities | https://www.register.brooklinerec.com/brookline/program_categories | https://www.register.brooklinerec.com/brookline/membership_facilities | https://www.register.brooklinerec.com/brookline/about | https://www.register.brooklinerec.com/brookline/contact | https://www.register.brooklinerec.com/brookline/programs
MA-0184,MA-0184-F,Brookline Recreation,95 Cypress Street,Brookline,02445,MA,https://www.register.brooklinerec.com/,brooklinema.gov,Indoor and outdoor,Indoor and Outdoor,Yes,19,https://www.register.brooklinerec.com/ | https://www.register.brooklinerec.com/brookline/facilities | https://www.register.brooklinerec.com/brookline/program_categories | https://www.register.brooklinerec.com/brookline/membership_facilities | https://www.register.brooklinerec.com/brookline/about | https://www.register.brooklinerec.com/brookline/contact | https://www.register.brooklinerec.com/brookline/programs
MA-0184,MA-0184-G,Brookline Recreation,283 Pond Avenue,Brookline,02445,MA,https://www.register.brooklinerec.com/,brooklinema.gov,Indoor and outdoor,Indoor and Outdoor,Yes,19,https://www.register.brooklinerec.com/ | https://www.register.brooklinerec.com/brookline/facilities | https://www.register.brooklinerec.com/brookline/program_categories | https://www.register.brooklinerec.com/brookline/membership_facilities | https://www.register.brooklinerec.com/brookline/about | https://www.register.brooklinerec.com/brookline/contact | https://www.register.brooklinerec.com/brookline/programs
MA-0184,MA-0184-H,Brookline Recreation,101 Davis Avenue,Brookline,02445,MA,https://www.register.brooklinerec.com/,brooklinema.gov,Indoor and outdoor,Indoor and Outdoor,Yes,19,https://www.register.brooklinerec.com/ | https://www.register.brooklinerec.com/brookline/facilities | https://www.register.brooklinerec.com/brookline/program_categories | https://www.register.brooklinerec.com/brookline/membership_facilities | https://www.register.brooklinerec.com/brookline/about | https://www.register.brooklinerec.com/brookline/contact | https://www.register.brooklinerec.com/brookline/programs
MA-0184,MA-0184-I,Brookline Recreation,60 Tappan Street,Brookline,02445,MA,https://www.register.brooklinerec.com/,brooklinema.gov,Indoor and outdoor,Indoor and Outdoor,Yes,19,https://www.register.brooklinerec.com/ | https://www.register.brooklinerec.com/brookline/facilities | https://www.register.brooklinerec.com/brookline/program_categories | https://www.register.brooklinerec.com/brookline/membership_facilities | https://www.register.brooklinerec.com/brookline/about | https://www.register.brooklinerec.com/brookline/contact | https://www.register.brooklinerec.com/brookline/programs
MA-0184,MA-0184-J,Brookline Recreation,33 Griggs Road,Brookline,02446,MA,https://www.register.brooklinerec.com/,brooklinema.gov,Indoor and outdoor,Indoor and Outdoor,Yes,19,https://www.register.brooklinerec.com/ | https://www.register.brooklinerec.com/brookline/facilities | https://www.register.brooklinerec.com/brookline/program_categories | https://www.register.brooklinerec.com/brookline/membership_facilities | https://www.register.brooklinerec.com/brookline/about | https://www.register.brooklinerec.com/brookline/contact | https://www.register.brooklinerec.com/brookline/programs
MA-0184,MA-0184-K,Brookline Recreation,23 Newton Street,Brookline,02445,MA,https://www.register.brooklinerec.com/,brooklinema.gov,Indoor and outdoor,Indoor and Outdoor,Yes,19,https://www.register.brooklinerec.com/ | https://www.register.brooklinerec.com/brookline/facilities | https://www.register.brooklinerec.com/brookline/program_categories | https://www.register.brooklinerec.com/brookline/membership_facilities | https://www.register.brooklinerec.com/brookline/about | https://www.register.brooklinerec.com/brookline/contact | https://www.register.brooklinerec.com/brookline/programs
MA-0184,MA-0184-L,Brookline Recreation,350 Goddard Ave,Brookline,02445,MA,https://www.register.brooklinerec.com/,brooklinema.gov,Indoor and outdoor,Indoor and Outdoor,Yes,19,https://www.register.brooklinerec.com/ | https://www.register.brooklinerec.com/brookline/facilities | https://www.register.brooklinerec.com/brookline/program_categories | https://www.register.brooklinerec.com/brookline/membership_facilities | https://www.register.brooklinerec.com/brookline/about | https://www.register.brooklinerec.com/brookline/contact | https://www.register.brooklinerec.com/brookline/programs
MA-0184,MA-0184-M,Brookline Recreation,27 Francis Street,Brookline,02446,MA,https://www.register.brooklinerec.com/,brooklinema.gov,Indoor and outdoor,Indoor and Outdoor,Yes,19,https://www.register.brooklinerec.com/ | https://www.register.brooklinerec.com/brookline/facilities | https://www.register.brooklinerec.com/brookline/program_categories | https://www.register.brooklinerec.com/brookline/membership_facilities | https://www.register.brooklinerec.com/brookline/about | https://www.register.brooklinerec.com/brookline/contact | https://www.register.brooklinerec.com/brookline/programs
MA-0184,MA-0184-N,Brookline Recreation,300 Cypress Street,Brookline,02445,MA,https://www.register.brooklinerec.com/,brooklinema.gov,Indoor and outdoor,Indoor and Outdoor,Yes,19,https://www.register.brooklinerec.com/ | https://www.register.brooklinerec.com/brookline/facilities | https://www.register.brooklinerec.com/brookline/program_categories | https://www.register.brooklinerec.com/brookline/membership_facilities | https://www.register.brooklinerec.com/brookline/about | https://www.register.brooklinerec.com/brookline/contact | https://www.register.brooklinerec.com/brookline/programs
MA-0184,MA-0184-O,Brookline Recreation,815 Newton Street,Brookline,02467,MA,https://www.register.brooklinerec.com/,brooklinema.gov,Indoor and outdoor,Indoor and Outdoor,Yes,19,https://www.register.brooklinerec.com/ | https://www.register.brooklinerec.com/brookline/facilities | https://www.register.brooklinerec.com/brookline/program_categories | https://www.register.brooklinerec.com/brookline/membership_facilities | https://www.register.brooklinerec.com/brookline/about | https://www.register.brooklinerec.com/brookline/contact | https://www.register.brooklinerec.com/brookline/programs
MA-0184,MA-0184-P,Brookline Recreation,652 Hammond Street,Chestnut Hill,02467,MA,https://www.register.brooklinerec.com/,brooklinema.gov,Indoor and outdoor,Indoor and Outdoor,Yes,19,https://www.register.brooklinerec.com/ | https://www.register.brooklinerec.com/brookline/facilities | https://www.register.brooklinerec.com/brookline/program_categories | https://www.register.brooklinerec.com/brookline/membership_facilities | https://www.register.brooklinerec.com/brookline/about | https://www.register.brooklinerec.com/brookline/contact | https://www.register.brooklinerec.com/brookline/programs
MA-0184,MA-0184-Q,Brookline Recreation,133 Eliot Street,Chestnut Hill,02445,MA,https://www.register.brooklinerec.com/,brooklinema.gov,Indoor and outdoor,Indoor and Outdoor,Yes,19,https://www.register.brooklinerec.com/ | https://www.register.brooklinerec.com/brookline/facilities | https://www.register.brooklinerec.com/brookline/program_categories | https://www.register.brooklinerec.com/brookline/membership_facilities | https://www.register.brooklinerec.com/brookline/about | https://www.register.brooklinerec.com/brookline/contact | https://www.register.brooklinerec.com/brookline/programs
MA-0184,MA-0184-R,Brookline Recreation,250 St Paul Street,Brookline,02445,MA,https://www.register.brooklinerec.com/,brooklinema.gov,Indoor and outdoor,Indoor and Outdoor,Yes,19,https://www.register.brooklinerec.com/ | https://www.register.brooklinerec.com/brookline/facilities | https://www.register.brooklinerec.com/brookline/program_categories | https://www.register.brooklinerec.com/brookline/membership_facilities | https://www.register.brooklinerec.com/brookline/about | https://www.register.brooklinerec.com/brookline/contact | https://www.register.brooklinerec.com/brookline/programs
MA-0184,MA-0184-S,Brookline Recreation,133 Eliot Street,Brookline,02467,MA,https://www.register.brooklinerec.com/,brooklinema.gov,Indoor and outdoor,Indoor and Outdoor,Yes,19,https://www.register.brooklinerec.com/ | https://www.register.brooklinerec.com/brookline/facilities | https://www.register.brooklinerec.com/brookline/program_categories | https://www.register.brooklinerec.com/brookline/membership_facilities | https://www.register.brooklinerec.com/brookline/about | https://www.register.brooklinerec.com/brookline/contact | https://www.register.brooklinerec.com/brookline/programs
MA-0185,MA-0185-A,Brown University Athletics,,Worcester,,MA,https://brownbears.com/,brownbearssportsproperties.com,Indoor and outdoor,Indoor and Outdoor,No,1,https://brownbears.com/ | https://brownbears.com/sports/2018/4/27/information-aboutBrown | https://brownbears.com/sports/2018/4/27/athletics-departments-media-relations | https://brownbears.com/sports/2018/4/27/athletics-corporatesponsorship-sponsors | https://brownbears.com/facilities | https://brownbears.com/staff-directory | https://brownbears.com/social-accounts
MA-0186,MA-0186-A,Brown University Recreation,,Quincy,,MA,https://brownrec.com/,brownrec.com,Indoor and outdoor,Indoor and Outdoor,No,1,https://brownrec.com/ | https://brownrec.com/staff-directory | https://brownrec.com/sports/2018/4/30/brown-athletics-parking-directions.aspx | https://brownrec.com/sports/2023/8/7/brown-risd-memberships.aspx | https://brownrec.com/sports/2023/8/7/community-memberships.aspx | https://brownrec.com/sports/2023/8/8/one-day-memberships.aspx | https://bfit.brownrec.com/
MA-0187,MA-0187-A,BSSC,135 Beaver St.,Waltham,02452,MA,https://bssc.com/,bssc.com,Indoor and outdoor,Indoor and Outdoor,No,1,https://bssc.com/ | https://bssc.com/about/ | https://bssc.com/staff/ | https://bssc.com/contact/
MA-0188,MA-0188-A,CAMBRIDGE COMMUNITY CENTER,5 Callender Street,Cambridge,,MA,https://www.cambridgecc.org/,cambridgecc.org,Indoor and outdoor,Indoor and Outdoor,No,1,https://www.cambridgecc.org/ | https://www.cambridgecc.org/about-us.html | https://www.cambridgecc.org/our-team.html | https://www.cambridgecc.org/contact-us.html | https://www.cambridgecc.org/schoolage.html | https://www.cambridgecc.org/cowemoki.html | https://www.cambridgecc.org/centercourt.html
MA-0189,MA-0189-A,Camp Evergreen-Home,,Andover,,MA,https://www.campevergreen.com/,campevergreen.com,Indoor and outdoor,Indoor and Outdoor,No,1,https://www.campevergreen.com/ | https://www.campevergreen.com/about_us.html | https://www.campevergreen.com/our_staff.html | https://www.campevergreen.com/facilities.html | https://www.campevergreen.com/jrleadershipprogram.html | https://www.campevergreen.com/contactus.html | https://www.campevergreen.com/rentals.html
MA-0190,MA-0190-A,Camp Ramah,5239 SUMMER OFFICE 39 Bennett Street,Palmer,01069,MA,https://www.campramahne.org/,campramahne.org,Indoor and outdoor,Indoor and Outdoor,No,1,https://www.campramahne.org/ | https://www.campramahne.org/contact/ | https://www.campramahne.org/facility-rentals/ | https://www.campramahne.org/join-our-staff/ | https://www.campramahne.org/prospective-families/special-programs/ | https://www.campramahne.org/prospective-families/facilities/ | https://www.campramahne.org/prospective-families/our-staff/
MA-0191,MA-0191-A,Campbell Funeral Home MA: Dignified Services You Can Trust,,Beverly,,MA,https://www.campbellfuneral.com/,campbellfuneral.com,Indoor and outdoor,Indoor and Outdoor,No,1,https://www.campbellfuneral.com/ | https://www.campbellfuneral.com/about/our-heritage | https://www.campbellfuneral.com/about/staff | https://www.campbellfuneral.com/about/testimonials | https://www.campbellfuneral.com/locations/locations | https://www.campbellfuneral.com/services/service-options | https://www.campbellfuneral.com/services/transportation-services
MA-0192,MA-0192-A,Cape and Island Tennis & Track,,Chatham,,MA,https://www.tennisandtrack.com/,tennisandtrack.com,Indoor and outdoor,Indoor and Outdoor,No,1,https://www.tennisandtrack.com/ | https://www.tennisandtrack.com/tennis-court-overview/ | https://www.tennisandtrack.com/tennis-court-showcase/ | https://www.tennisandtrack.com/tennis-courts-for-schools/ | https://www.tennisandtrack.com/tennis-courts-for-clubs/ | https://www.tennisandtrack.com/tennis-courts-for-homes/ | https://www.tennisandtrack.com/padel-courts/
MA-0193,MA-0193-A,Catholic Charities Boston,275 West Broadway,Boston,02127,MA,https://www.ccab.org/,ccab.org,Indoor and outdoor,Indoor and Outdoor,Yes,6,https://www.ccab.org/ | https://www.ccab.org/family-youth-services/healthyfamilies-parent-programs/ | https://www.ccab.org/family-youth-services-after-school-summer-programs-sunset-point-camp/ | https://www.ccab.org/family-youth-services/after-school-summer-programs/ | https://www.ccab.org/adult-education-workforce-development/high-school-equivalency-programs/ | https://www.ccab.org/about-us/ | https://www.ccab.org/about-us/locations/
MA-0193,MA-0193-B,Catholic Charities Boston,278 Bowdoin St.,Dorchester,02122,MA,https://www.ccab.org/,ccab.org,Indoor and outdoor,Indoor and Outdoor,Yes,6,https://www.ccab.org/ | https://www.ccab.org/family-youth-services/healthyfamilies-parent-programs/ | https://www.ccab.org/family-youth-services-after-school-summer-programs-sunset-point-camp/ | https://www.ccab.org/family-youth-services/after-school-summer-programs/ | https://www.ccab.org/adult-education-workforce-development/high-school-equivalency-programs/ | https://www.ccab.org/about-us/ | https://www.ccab.org/about-us/locations/
MA-0193,MA-0193-C,Catholic Charities Boston,185 Columbia Road,Dorchester,02121,MA,https://www.ccab.org/,ccab.org,Indoor and outdoor,Indoor and Outdoor,Yes,6,https://www.ccab.org/ | https://www.ccab.org/family-youth-services/healthyfamilies-parent-programs/ | https://www.ccab.org/family-youth-services-after-school-summer-programs-sunset-point-camp/ | https://www.ccab.org/family-youth-services/after-school-summer-programs/ | https://www.ccab.org/adult-education-workforce-development/high-school-equivalency-programs/ | https://www.ccab.org/about-us/ | https://www.ccab.org/about-us/locations/
MA-0193,MA-0193-D,Catholic Charities Boston,117 North Common Street,Lynn,01902,MA,https://www.ccab.org/,ccab.org,Indoor and outdoor,Indoor and Outdoor,Yes,6,https://www.ccab.org/ | https://www.ccab.org/family-youth-services/healthyfamilies-parent-programs/ | https://www.ccab.org/family-youth-services-after-school-summer-programs-sunset-point-camp/ | https://www.ccab.org/family-youth-services/after-school-summer-programs/ | https://www.ccab.org/adult-education-workforce-development/high-school-equivalency-programs/ | https://www.ccab.org/about-us/ | https://www.ccab.org/about-us/locations/
MA-0193,MA-0193-E,Catholic Charities Boston,8 Silsbee St,Lynn,01901,MA,https://www.ccab.org/,ccab.org,Indoor and outdoor,Indoor and Outdoor,Yes,6,https://www.ccab.org/ | https://www.ccab.org/family-youth-services/healthyfamilies-parent-programs/ | https://www.ccab.org/family-youth-services-after-school-summer-programs-sunset-point-camp/ | https://www.ccab.org/family-youth-services/after-school-summer-programs/ | https://www.ccab.org/adult-education-workforce-development/high-school-equivalency-programs/ | https://www.ccab.org/about-us/ | https://www.ccab.org/about-us/locations/
MA-0193,MA-0193-F,Catholic Charities Boston,280 Washington Street,Salem,01970,MA,https://www.ccab.org/,ccab.org,Indoor and outdoor,Indoor and Outdoor,Yes,6,https://www.ccab.org/ | https://www.ccab.org/family-youth-services/healthyfamilies-parent-programs/ | https://www.ccab.org/family-youth-services-after-school-summer-programs-sunset-point-camp/ | https://www.ccab.org/family-youth-services/after-school-summer-programs/ | https://www.ccab.org/adult-education-workforce-development/high-school-equivalency-programs/ | https://www.ccab.org/about-us/ | https://www.ccab.org/about-us/locations/
MA-0194,MA-0194-A,CBVA,101 Kinnaird St,Cambridge,02139,MA,https://www.cbvolleyball.net/,cbvolleyball.net,Indoor and outdoor,Indoor and Outdoor,Yes,2,https://www.cbvolleyball.net/ | https://www.cbvolleyball.net/memberships/ | https://www.cbvolleyball.net/aboutus/ | https://www.cbvolleyball.net/contact-us/ | https://www.cbvolleyball.net/membership-sales-first-weekend-and-quick-updates/ | https://www.cbvolleyball.net/2025-2026-membership-sales-schedule/
MA-0194,MA-0194-B,CBVA,1732 William J Day Blvd,Boston,02127,MA,https://www.cbvolleyball.net/,cbvolleyball.net,Indoor and outdoor,Indoor and Outdoor,Yes,2,https://www.cbvolleyball.net/ | https://www.cbvolleyball.net/memberships/ | https://www.cbvolleyball.net/aboutus/ | https://www.cbvolleyball.net/contact-us/ | https://www.cbvolleyball.net/membership-sales-first-weekend-and-quick-updates/ | https://www.cbvolleyball.net/2025-2026-membership-sales-schedule/
MA-0195,MA-0195-A,"Cedardale Health & Fitness in Haverhill, MA",,Haverhill,,MA,https://www.cedardale-health.net/,cedardale-health.net,Indoor and outdoor,Indoor and Outdoor,No,1,https://www.cedardale-health.net/ | https://www.cedardale-health.net/membership/forms/membership-inquiry | https://www.cedardale-health.net/about-us/directions | https://www.cedardale-health.net/about-us | https://www.cedardale-health.net/about-us/history | https://www.cedardale-health.net/about-us/careers-employment-application
MA-0196,MA-0196-A,Cohasset Anchor,44 Border St,Cohasset,02025,MA,https://cohassetanchor.com/,cohassetanchor.com,Indoor and outdoor,Indoor and Outdoor,No,1,https://cohassetanchor.com/ | https://cohassetanchor.com/about/ | https://cohassetanchor.com/cohasset-waterfront-restaurant-reopens-heres-what-you-need-to-know-about-the-newly-unveiled-olde-salt-house/ | https://cohassetanchor.com/cohasset-police-department-responds-to-citizens-concerns-about-flock-cameras-select-board-will-address-at-future-meeting/ | https://cohassetanchor.com/select-board-votes-on-public-safety-facility-proposals-hears-water-quality-update/
MA-0197,MA-0197-A,Columbia University Athletics,,,,MA,https://gocolumbialions.com/,gocolumbialions.com,Indoor and outdoor,Indoor and Outdoor,No,1,https://gocolumbialions.com/ | https://gocolumbialions.com/staff-directory | https://gocolumbialions.com/news/2022/11/15/general-columbia-athletics-announces-name-image-and-likeness-marketplace-through-partnership-with-opendorse | https://gocolumbialions.com/sports/2019/10/14/athletics-development | https://gocolumbialions.com/facilities | https://gocolumbialions.com/sports/2018/6/5/205689348 | https://gocolumbialions.com/sports/2018/6/5/211516693
MA-0198,MA-0198-A,Concord Country Club,,Concord,,MA,https://concordcc.org/,concordcc.org,Indoor and outdoor,Indoor and Outdoor,No,1,https://concordcc.org/ | https://concordcc.org/About_Us | https://concordcc.org/About_Us/Club_History | https://concordcc.org/Contact_Us | https://concordcc.org/Staging/About_Us | https://concordcc.org/Staging/Contact_Us
MA-0199,MA-0199-A,"Concord Recreation Department, MA",,Concord,,MA,https://concordrec.com/,concordrec.com,Indoor and outdoor,Indoor and Outdoor,No,1,https://concordrec.com/ | https://concordrec.com/148/About-Us | https://concordrec.com/149/Programs-Events | https://concordrec.com/1473/Fields-Facilities | https://www.concordrec.com/560/Facility-Rental-Application | https://www.concordrec.com/245/Facilities-Strategic-Plan | https://concordrec.com/m/directory
MA-0200,MA-0200-A,Connecticut College,,Amherst,,MA,https://camelathletics.com/,camelathletics.com,Indoor and outdoor,Indoor and Outdoor,No,1,https://camelathletics.com/ | https://camelathletics.com/staff-directory | https://camelathletics.com/sports/2020/7/2/athletics-EADA.aspx | https://camelathletics.com/sports/2020/7/2/Inside-Athletics-Faculty-Staff-Liaison-Program.aspx | https://camelathletics.com/sports/2020/7/2/athletics-integrationacademicsathletics.aspx | https://camelathletics.com/sports/2020/7/2/athletics-Sports-Information.aspx
MA-0201,MA-0201-A,Danvers Community YMCA,,Danvers,,MA,https://www.danversymca.org/,danversymca.org,Indoor and outdoor,Indoor and Outdoor,No,1,https://www.danversymca.org/ | https://www.danversymca.org/contact/ | https://www.danversymca.org/our-y/who-we-are/ | https://www.danversymca.org/our-y/leadership/ | https://www.danversymca.org/membership/membership-benefits/ | https://www.danversymca.org/membership/membership-levels-rates/
MA-0202,MA-0202-A,DCH | Find Your Community,,Dedham,,MA,https://www.dchma.org/,dchma.org,Indoor and outdoor,Indoor and Outdoor,No,1,https://www.dchma.org/ | https://www.dchma.org/about-us | https://www.dchma.org/team | https://www.dchma.org/programs | https://www.dchma.org/pool-programs-lessons | https://www.dchma.org/pool-rental | https://www.dchma.org/rentals
MA-0203,MA-0203-A,Downtown Sports,240 Cottage Street,Franklin,02038,MA,https://downtownsports.net/,downtownsports.net,Indoor and outdoor,Indoor and Outdoor,No,1,https://downtownsports.net/ | https://downtownsports.net/facility | https://downtownsports.net/facility/court | https://downtownsports.net/facility/field | https://downtownsports.net/facility/skill-center | https://downtownsports.net/facility/take-a-tour | https://downtownsports.net/facility/pay
MA-0204,MA-0204-A,Edge Sports Global,,Wellesley,,MA,https://www.edgesportsgroup.com/,edgesportsgroup.com,Indoor and outdoor,Indoor and Outdoor,No,1,https://www.edgesportsgroup.com/ | https://www.edgesportsgroup.com/about/ | https://www.edgesportsgroup.com/design-permitting-construction-management/ | https://www.edgesportsgroup.com/programming-operations/ | https://www.edgesportsgroup.com/contact/
MA-0205,MA-0205-A,"ELEVENO: Pickleball Courts, Dining & Events",9137 Address 340 Patriot Place,Foxborough,02035,MA,https://eleveno.com/,eleveno.com,Indoor and outdoor,Indoor and Outdoor,Yes,2,https://eleveno.com/ | https://eleveno.com/about
MA-0205,MA-0205-B,"ELEVENO: Pickleball Courts, Dining & Events",9137 340 Patriot Place,Foxborough,02035,MA,https://eleveno.com/,eleveno.com,Indoor and outdoor,Indoor and Outdoor,Yes,2,https://eleveno.com/ | https://eleveno.com/about
MA-0206,MA-0206-A,Email,4 Valente Drive,Westborough,01581,MA,https://www.ymcaofcm.org/,ymcaofcm.org,Indoor and outdoor,Indoor and Outdoor,Yes,16,https://www.ymcaofcm.org/ | https://www.ymcaofcm.org/contact/ | https://www.ymcaofcm.org/alden-summer-program/ | https://www.ymcaofcm.org/programs/exercise-for-all/ | https://www.ymcaofcm.org/yfcp/ | https://www.ymcaofcm.org/programs/ | https://www.ymcaofcm.org/programs/aquatics/
MA-0206,MA-0206-B,Email,766 Main Street,Worcester,01610,MA,https://www.ymcaofcm.org/,ymcaofcm.org,Indoor and outdoor,Indoor and Outdoor,Yes,16,https://www.ymcaofcm.org/ | https://www.ymcaofcm.org/contact/ | https://www.ymcaofcm.org/alden-summer-program/ | https://www.ymcaofcm.org/programs/exercise-for-all/ | https://www.ymcaofcm.org/yfcp/ | https://www.ymcaofcm.org/programs/ | https://www.ymcaofcm.org/programs/aquatics/
MA-0206,MA-0206-C,Email,75 Shore Drive,Worcester,01605,MA,https://www.ymcaofcm.org/,ymcaofcm.org,Indoor and outdoor,Indoor and Outdoor,Yes,16,https://www.ymcaofcm.org/ | https://www.ymcaofcm.org/contact/ | https://www.ymcaofcm.org/alden-summer-program/ | https://www.ymcaofcm.org/programs/exercise-for-all/ | https://www.ymcaofcm.org/yfcp/ | https://www.ymcaofcm.org/programs/ | https://www.ymcaofcm.org/programs/aquatics/
MA-0206,MA-0206-D,Email,108 Adams Street,Leominster,01453,MA,https://www.ymcaofcm.org/,ymcaofcm.org,Indoor and outdoor,Indoor and Outdoor,Yes,16,https://www.ymcaofcm.org/ | https://www.ymcaofcm.org/contact/ | https://www.ymcaofcm.org/alden-summer-program/ | https://www.ymcaofcm.org/programs/exercise-for-all/ | https://www.ymcaofcm.org/yfcp/ | https://www.ymcaofcm.org/programs/ | https://www.ymcaofcm.org/programs/aquatics/
MA-0206,MA-0206-E,Email,55 Wallace Ave.,Fitchburg,01420,MA,https://www.ymcaofcm.org/,ymcaofcm.org,Indoor and outdoor,Indoor and Outdoor,Yes,16,https://www.ymcaofcm.org/ | https://www.ymcaofcm.org/contact/ | https://www.ymcaofcm.org/alden-summer-program/ | https://www.ymcaofcm.org/programs/exercise-for-all/ | https://www.ymcaofcm.org/yfcp/ | https://www.ymcaofcm.org/programs/ | https://www.ymcaofcm.org/programs/aquatics/
MA-0206,MA-0206-F,Email,43 Everett Street,Southbridge,01550,MA,https://www.ymcaofcm.org/,ymcaofcm.org,Indoor and outdoor,Indoor and Outdoor,Yes,16,https://www.ymcaofcm.org/ | https://www.ymcaofcm.org/contact/ | https://www.ymcaofcm.org/alden-summer-program/ | https://www.ymcaofcm.org/programs/exercise-for-all/ | https://www.ymcaofcm.org/yfcp/ | https://www.ymcaofcm.org/programs/ | https://www.ymcaofcm.org/programs/aquatics/
MA-0206,MA-0206-G,Email,766 Main St,Worcester,,MA,https://www.ymcaofcm.org/,ymcaofcm.org,Indoor and outdoor,Indoor and Outdoor,Yes,16,https://www.ymcaofcm.org/ | https://www.ymcaofcm.org/contact/ | https://www.ymcaofcm.org/alden-summer-program/ | https://www.ymcaofcm.org/programs/exercise-for-all/ | https://www.ymcaofcm.org/yfcp/ | https://www.ymcaofcm.org/programs/ | https://www.ymcaofcm.org/programs/aquatics/
MA-0206,MA-0206-H,Email,208 Manchaug Rd,Sutton,,MA,https://www.ymcaofcm.org/,ymcaofcm.org,Indoor and outdoor,Indoor and Outdoor,Yes,16,https://www.ymcaofcm.org/ | https://www.ymcaofcm.org/contact/ | https://www.ymcaofcm.org/alden-summer-program/ | https://www.ymcaofcm.org/programs/exercise-for-all/ | https://www.ymcaofcm.org/yfcp/ | https://www.ymcaofcm.org/programs/ | https://www.ymcaofcm.org/programs/aquatics/
MA-0206,MA-0206-I,Email,4 Valente Dr,Westborough,,MA,https://www.ymcaofcm.org/,ymcaofcm.org,Indoor and outdoor,Indoor and Outdoor,Yes,16,https://www.ymcaofcm.org/ | https://www.ymcaofcm.org/contact/ | https://www.ymcaofcm.org/alden-summer-program/ | https://www.ymcaofcm.org/programs/exercise-for-all/ | https://www.ymcaofcm.org/yfcp/ | https://www.ymcaofcm.org/programs/ | https://www.ymcaofcm.org/programs/aquatics/
MA-0206,MA-0206-J,Email,189 Daniels Rd,Charlton,,MA,https://www.ymcaofcm.org/,ymcaofcm.org,Indoor and outdoor,Indoor and Outdoor,Yes,16,https://www.ymcaofcm.org/ | https://www.ymcaofcm.org/contact/ | https://www.ymcaofcm.org/alden-summer-program/ | https://www.ymcaofcm.org/programs/exercise-for-all/ | https://www.ymcaofcm.org/yfcp/ | https://www.ymcaofcm.org/programs/ | https://www.ymcaofcm.org/programs/aquatics/
MA-0206,MA-0206-K,Email,75 Shore Dr,Worcester,,MA,https://www.ymcaofcm.org/,ymcaofcm.org,Indoor and outdoor,Indoor and Outdoor,Yes,16,https://www.ymcaofcm.org/ | https://www.ymcaofcm.org/contact/ | https://www.ymcaofcm.org/alden-summer-program/ | https://www.ymcaofcm.org/programs/exercise-for-all/ | https://www.ymcaofcm.org/yfcp/ | https://www.ymcaofcm.org/programs/ | https://www.ymcaofcm.org/programs/aquatics/
MA-0206,MA-0206-L,Email,132 Fort Pond Inn Rd,Lancaster,,MA,https://www.ymcaofcm.org/,ymcaofcm.org,Indoor and outdoor,Indoor and Outdoor,Yes,16,https://www.ymcaofcm.org/ | https://www.ymcaofcm.org/contact/ | https://www.ymcaofcm.org/alden-summer-program/ | https://www.ymcaofcm.org/programs/exercise-for-all/ | https://www.ymcaofcm.org/yfcp/ | https://www.ymcaofcm.org/programs/ | https://www.ymcaofcm.org/programs/aquatics/
MA-0206,MA-0206-M,Email,4 Valente Drive,Westborough,,MA,https://www.ymcaofcm.org/,ymcaofcm.org,Indoor and outdoor,Indoor and Outdoor,Yes,16,https://www.ymcaofcm.org/ | https://www.ymcaofcm.org/contact/ | https://www.ymcaofcm.org/alden-summer-program/ | https://www.ymcaofcm.org/programs/exercise-for-all/ | https://www.ymcaofcm.org/yfcp/ | https://www.ymcaofcm.org/programs/ | https://www.ymcaofcm.org/programs/aquatics/
MA-0206,MA-0206-N,Email,766 Main Street,Worcester,,MA,https://www.ymcaofcm.org/,ymcaofcm.org,Indoor and outdoor,Indoor and Outdoor,Yes,16,https://www.ymcaofcm.org/ | https://www.ymcaofcm.org/contact/ | https://www.ymcaofcm.org/alden-summer-program/ | https://www.ymcaofcm.org/programs/exercise-for-all/ | https://www.ymcaofcm.org/yfcp/ | https://www.ymcaofcm.org/programs/ | https://www.ymcaofcm.org/programs/aquatics/
MA-0206,MA-0206-O,Email,75 Shore Drive,Worcester,,MA,https://www.ymcaofcm.org/,ymcaofcm.org,Indoor and outdoor,Indoor and Outdoor,Yes,16,https://www.ymcaofcm.org/ | https://www.ymcaofcm.org/contact/ | https://www.ymcaofcm.org/alden-summer-program/ | https://www.ymcaofcm.org/programs/exercise-for-all/ | https://www.ymcaofcm.org/yfcp/ | https://www.ymcaofcm.org/programs/ | https://www.ymcaofcm.org/programs/aquatics/
MA-0206,MA-0206-P,Email,55 Wallace Avenue,Fitchburg,,MA,https://www.ymcaofcm.org/,ymcaofcm.org,Indoor and outdoor,Indoor and Outdoor,Yes,16,https://www.ymcaofcm.org/ | https://www.ymcaofcm.org/contact/ | https://www.ymcaofcm.org/alden-summer-program/ | https://www.ymcaofcm.org/programs/exercise-for-all/ | https://www.ymcaofcm.org/yfcp/ | https://www.ymcaofcm.org/programs/ | https://www.ymcaofcm.org/programs/aquatics/
MA-0207,MA-0207-A,Endicott Athletics and Recreation,,Beverly,,MA,https://ecgulls.com/landing/index,ecgulls.com,Indoor and outdoor,Indoor and Outdoor,No,1,https://ecgulls.com/landing/index | https://ecgulls.com/information/about/sports_information | https://ecgulls.com/information/inside_athletics/department_philosophy | https://ecgulls.com/information/directory/index | https://ecgulls.com/information/inside_athletics/compliance/eada/index | https://ecgulls.com/information/about/ncaa_compliance
MA-0208,MA-0208-A,Essex County Youth Futsal League,,Danvers,,MA,https://www.ecyfl.org/,ecyfl.org,Indoor and outdoor,Indoor and Outdoor,No,1,https://www.ecyfl.org/ | https://www.ecyfl.org/about/about-us/54475 | https://www.ecyfl.org/about/why-futsal/59602 | https://www.ecyfl.org/about/ecyfl-policies/59620 | https://www.ecyfl.org/about/director-staff-contacts/59621 | https://www.ecyfl.org/about/futsal-rules/59623
MA-0209,MA-0209-A,Find Padel Courts Near Me,,Boston,,MA,https://www.padelmapusa.com/,padelmapusa.com,Indoor and outdoor,Indoor and Outdoor,No,1,https://www.padelmapusa.com/ | https://www.padelmapusa.com/courts | https://www.padelmapusa.com/about-padel-sport | https://www.padelmapusa.com/list-your-court | https://www.padelmapusa.com/courts/pulse-padel-hub-north-miami | https://www.padelmapusa.com/city/miami-fl | https://www.padelmapusa.com/courts/cube-padel-houston
MA-0210,MA-0210-A,Fitzpatrick Collaborative,45 Main Street,Pepperell,01463,MA,https://www.fitzpatrickcollaborative.org/,fitzpatrickcollaborative.org,Indoor and outdoor,Indoor and Outdoor,Yes,2,https://www.fitzpatrickcollaborative.org/ | https://www.fitzpatrickcollaborative.org/our-facility/ | https://www.fitzpatrickcollaborative.org/directory/ | https://www.fitzpatrickcollaborative.org/about-us/ | https://www.fitzpatrickcollaborative.org/contact-us/ | https://www.fitzpatrickcollaborative.org/music-lessons/
MA-0210,MA-0210-B,Fitzpatrick Collaborative,45 Main Street,Pepperell,,MA,https://www.fitzpatrickcollaborative.org/,fitzpatrickcollaborative.org,Indoor and outdoor,Indoor and Outdoor,Yes,2,https://www.fitzpatrickcollaborative.org/ | https://www.fitzpatrickcollaborative.org/our-facility/ | https://www.fitzpatrickcollaborative.org/directory/ | https://www.fitzpatrickcollaborative.org/about-us/ | https://www.fitzpatrickcollaborative.org/contact-us/ | https://www.fitzpatrickcollaborative.org/music-lessons/
MA-0211,MA-0211-A,Framingham State University,,Framingham,,MA,https://fsurams.com/landing/index,fsurams.com,Indoor and outdoor,Indoor and Outdoor,No,1,https://fsurams.com/landing/index | https://fsurams.com/information/directory/index | https://fsurams.com/information/directory/coaches | https://fsurams.com/information/facilities/athleticcenter | https://fsurams.com/information/facilities/bowditch | https://fsurams.com/information/facilities/Maplestreetfield
MA-0212,MA-0212-A,Game On Sports & Performance Center,100 Game On Way,Fitchburg,01420,MA,https://www.gameonfitchburg.com/,gameonfitchburg.com,Indoor and outdoor,Indoor and Outdoor,No,1,https://www.gameonfitchburg.com/ | https://www.gameonfitchburg.com/memberships/ | https://www.gameonfitchburg.com/programs/ | https://www.gameonfitchburg.com/programs/tournaments/ | https://www.gameonfitchburg.com/rentals/ | https://www.gameonfitchburg.com/amenities/indoor-courts/ | https://www.gameonfitchburg.com/rentals/birthday-parties/
MA-0213,MA-0213-A,Gametime Tourneys Homepage -- Gametime Tourneys,,Mansfield,,MA,https://www.gametimetourneys.com/page/home,gametimetourneys.com,Indoor and outdoor,Indoor and Outdoor,No,1,https://www.gametimetourneys.com/page/home | https://www.gametimetourneys.com/page/facilities
MA-0214,MA-0214-A,Ginga Futsal,,Milford,,MA,https://gingafutsal.net/,gingafutsal.net,Indoor and outdoor,Indoor and Outdoor,No,1,https://gingafutsal.net/ | https://gingafutsal.net/about-ginga-futsal/ | https://gingafutsal.net/programs/
MA-0215,MA-0215-A,Gordon College Athletics,,Wenham,,MA,https://athletics.gordon.edu/,gordon.edu,Indoor and outdoor,Indoor and Outdoor,No,1,https://athletics.gordon.edu/ | https://athletics.gordon.edu/sports/2021/10/7/100-years-of-athletics.aspx | https://athletics.gordon.edu/sports/2011/5/24/GEN_0524113301.aspx | https://athletics.gordon.edu/sports/2024/11/4/Athletics%20Communications.aspx | https://athletics.gordon.edu/facilities | https://athletics.gordon.edu/sports/2021/6/8/rental-requests | https://athletics.gordon.edu/sports/2025/4/3/internship-programs.aspx
MA-0216,MA-0216-A,Grafton Recreation: Online Registration by MyRec.com Recreation Management Software,60 North St,Grafton Grafton,01519,MA,https://graftonma.myrec.com/info/default.aspx,graftonma.myrec.com,Indoor and outdoor,Indoor and Outdoor,No,1,https://graftonma.myrec.com/info/default.aspx | https://graftonma.myrec.com/info/activities/default.aspx | https://graftonma.myrec.com/info/facilities/default.aspx | https://graftonma.myrec.com/info/contact/default.aspx
MA-0217,MA-0217-A,"Hardscape Products, Hardscapes Unlimited, Middleboro, Massachusetts, MA",,Wareham,,MA,https://www.hardscapeunlimited.com/,hardscapesunlimited.com,Indoor and outdoor,Indoor and Outdoor,No,1,https://www.hardscapeunlimited.com/ | https://www.hardscapeunlimited.com/about-us | https://www.hardscapeunlimited.com/contact-us | https://www.hardscapeunlimited.com/services/game-court-services | https://www.hardscapeunlimited.com/services/game-court-services/basketball-courts | https://www.hardscapeunlimited.com/services/game-court-services/tennis-courts | https://www.hardscapeunlimited.com/services/game-court-services/volleyball-courts
MA-0218,MA-0218-A,Harvard University,65 N Harvard St,Boston,02163,MA,https://gocrimson.com/,gocrimson.com,Indoor and outdoor,Indoor and Outdoor,No,1,https://gocrimson.com/ | https://gocrimson.com/documents/2021/7/27/Harvard_Athletics_Brand_Identity_Guide.pdf | https://gocrimson.com/sports/2020/5/5/directions-home.aspx | https://gocrimson.com/sports/2024/9/13/facility-rentals.aspx | https://gocrimson.com/staff-directory | https://gocrimson.com/documents/2025/7/11/Harvard_Athletics_Strategic_Plan_Presentation_-_071125.pdf | https://gocrimson.com/sports/2021/10/30/harvard-athletics-community-and-team-culture-statement.aspx
MA-0219,MA-0219-A,Harvard University Recreation,,Cambridge,,MA,https://recreation.gocrimson.com/,recreation.gocrimson.com,Indoor and outdoor,Indoor and Outdoor,No,1,https://recreation.gocrimson.com/ | https://recreation.gocrimson.com/sports/2020/5/5/member-services-office-info.aspx | https://recreation.gocrimson.com/sports/2022/10/11/membership-information.aspx | https://recreation.gocrimson.com/sports/2021/8/11/membership-prices.aspx | https://recreation.gocrimson.com/sports/2022/10/12/friend-of-harvard-racquet-sports-sponsorship.aspx | https://recreation.gocrimson.com/staff-directory | https://recreation.gocrimson.com/sports/2020/5/5/about-us-general-policies.aspx
MA-0220,MA-0220-A,Haverhill High School (MA),,,,MA,https://www.haverhillhillies.com/,haverhillhillies.com,Indoor and outdoor,Indoor and Outdoor,No,1,https://www.haverhillhillies.com/ | https://www.haverhillhillies.com/inside-athletics/sports-medicine-concussion-injuries/ | https://www.haverhillhillies.com/nrh-concussion-management-plan/ | https://www.haverhillhillies.com/inside-athletics/staff-directory/ | https://www.haverhillhillies.com/inside-athletics/admission-prices/ | https://www.haverhillhillies.com/inside-athletics/facilities/
MA-0221,MA-0221-A,Hingham Recreation Department: Online Registration by MyRec.com Recreation Management Software,,Hingham,,MA,https://hinghamma.myrec.com/info/default.aspx,hinghamrec.com,Indoor and outdoor,Indoor and Outdoor,No,1,https://hinghamma.myrec.com/info/default.aspx | https://hinghamma.myrec.com/info/activities/default.aspx | https://hinghamma.myrec.com/info/facilities/default.aspx | https://hinghamma.myrec.com/info/contact/default.aspx
MA-0222,MA-0222-A,Hockomock Area YMCA,,Attleboro,,MA,https://www.hockymca.org/,hockymca.org,Indoor and outdoor,Indoor and Outdoor,No,1,https://www.hockymca.org/ | https://www.hockymca.org/ymca-membership/ | https://www.hockymca.org/youth-programs/ | https://www.hockymca.org/franklin-y-indoor-pool-renovation/ | https://www.hockymca.org/schools-out/
MA-0223,MA-0223-A,Home of Fitchburg State Falcons,130 North Street,Fitchburg,,MA,https://fitchburgfalcons.com/landing/index,fitchburgstate.edu,Indoor and outdoor,Indoor and Outdoor,Yes,3,https://fitchburgfalcons.com/landing/index | https://fitchburgfalcons.com/insideAthletics/alumni/index | https://fitchburgfalcons.com/insideAthletics/EADA_Reports/eada_25.pdf | https://fitchburgfalcons.com/insideAthletics/mission_statement | https://fitchburgfalcons.com/insideAthletics/directory/index | https://fitchburgfalcons.com/insideAthletics/Student_Employment/Student_Employment_Page
MA-0223,MA-0223-B,Home of Fitchburg State Falcons,1000 John Fitch Hwy,Fitchburg,01420,MA,https://fitchburgfalcons.com/landing/index,fitchburgstate.edu,Indoor and outdoor,Indoor and Outdoor,Yes,3,https://fitchburgfalcons.com/landing/index | https://fitchburgfalcons.com/insideAthletics/alumni/index | https://fitchburgfalcons.com/insideAthletics/EADA_Reports/eada_25.pdf | https://fitchburgfalcons.com/insideAthletics/mission_statement | https://fitchburgfalcons.com/insideAthletics/directory/index | https://fitchburgfalcons.com/insideAthletics/Student_Employment/Student_Employment_Page
MA-0223,MA-0223-C,Home of Fitchburg State Falcons,198 Townsend St,Fitchburg,01420,MA,https://fitchburgfalcons.com/landing/index,fitchburgstate.edu,Indoor and outdoor,Indoor and Outdoor,Yes,3,https://fitchburgfalcons.com/landing/index | https://fitchburgfalcons.com/insideAthletics/alumni/index | https://fitchburgfalcons.com/insideAthletics/EADA_Reports/eada_25.pdf | https://fitchburgfalcons.com/insideAthletics/mission_statement | https://fitchburgfalcons.com/insideAthletics/directory/index | https://fitchburgfalcons.com/insideAthletics/Student_Employment/Student_Employment_Page
MA-0224,MA-0224-A,HUB Sports Boston,,Watertown,,MA,https://hubsportsboston.com/,hubsportsboston.com,Indoor and outdoor,Indoor and Outdoor,No,1,https://hubsportsboston.com/ | https://hubsportsboston.com/careers | https://hubsportsboston.com/contact-us | https://hubsportsboston.com/indy-incentive-program
MA-0225,MA-0225-A,"Inflatables & Bounce House Rentals for Parties, Events & Celebrations",,Whitman,,MA,https://www.busybeejumpers.com/,busybeejumpers.com,Indoor and outdoor,Indoor and Outdoor,No,1,https://www.busybeejumpers.com/ | https://www.busybeejumpers.com/all_products/ | https://www.busybeejumpers.com/contact-us/ | https://www.busybeejumpers.com/about_us/
MA-0226,MA-0226-A,JCC Greater Boston,333 Nahanton Street,Newton,02459,MA,https://www.bostonjcc.org/,bostonjcc.org,Indoor and outdoor,Indoor and Outdoor,No,1,https://www.bostonjcc.org/ | https://www.bostonjcc.org/programs/ | https://www.bostonjcc.org/who-we-are/ | https://www.bostonjcc.org/program/group-fitness-classes/ | https://www.bostonjcc.org/program/diversity-equity-and-inclusion/ | https://www.bostonjcc.org/inquiry-form/
MA-0227,MA-0227-A,"JCCNS, Jewish Community Center of the North Shore",4 Community Road,Marblehead,,MA,https://jccns.org/,jccns.org,Indoor and outdoor,Indoor and Outdoor,No,1,https://jccns.org/ | https://jccns.org/membership-information/ | https://jccns.org/membership-information/guest-policies/ | https://jccns.org/about/email-sign-up/ | https://jccns.org/about/ | https://jccns.org/facility-hours-and-schedules/ | https://jccns.org/early-childhood/
MA-0228,MA-0228-A,Joust Beach Volleyball,,Norwood,,MA,https://joustbeachvolleyball.com/,joustbeachvolleyball.com,Indoor and outdoor,Indoor and Outdoor,No,1,https://joustbeachvolleyball.com/ | https://joustbeachvolleyball.com/about-us/ | https://joustbeachvolleyball.com/contact/
MA-0229,MA-0229-A,Kempton Pro Shop,60 Orchard Street,Watertown,,MA,https://www.kemptonproshops.com/,kemptonproshops.com,Indoor and outdoor,Indoor and Outdoor,Yes,4,https://www.kemptonproshops.com/ | https://www.kemptonproshops.com/blogs/the-top-tennis-courts-in-watertown-and-lexington
MA-0229,MA-0229-B,Kempton Pro Shop,485 Arsenal Street,Watertown,,MA,https://www.kemptonproshops.com/,kemptonproshops.com,Indoor and outdoor,Indoor and Outdoor,Yes,4,https://www.kemptonproshops.com/ | https://www.kemptonproshops.com/blogs/the-top-tennis-courts-in-watertown-and-lexington
MA-0229,MA-0229-C,Kempton Pro Shop,124 Watertown Street,Watertown,,MA,https://www.kemptonproshops.com/,kemptonproshops.com,Indoor and outdoor,Indoor and Outdoor,Yes,4,https://www.kemptonproshops.com/ | https://www.kemptonproshops.com/blogs/the-top-tennis-courts-in-watertown-and-lexington
MA-0229,MA-0229-D,Kempton Pro Shop,251 Waltham Street,Lexington,,MA,https://www.kemptonproshops.com/,kemptonproshops.com,Indoor and outdoor,Indoor and Outdoor,Yes,4,https://www.kemptonproshops.com/ | https://www.kemptonproshops.com/blogs/the-top-tennis-courts-in-watertown-and-lexington
MA-0230,MA-0230-A,Kingsbury Club,2 Ice House Road,Medfield,02052,MA,https://www.old.kingsburyclubmedfield.com/,kingsburyclubmedfield.com,Indoor and outdoor,Indoor and Outdoor,No,1,https://www.old.kingsburyclubmedfield.com/ | https://www.old.kingsburyclubmedfield.com/about | https://www.old.kingsburyclubmedfield.com/about/directory | https://www.old.kingsburyclubmedfield.com/about/directions | https://www.old.kingsburyclubmedfield.com/about/hours-of-operation | https://www.old.kingsburyclubmedfield.com/about/career-opportunities | https://www.old.kingsburyclubmedfield.com/about/contactus
MA-0231,MA-0231-A,Kingsbury Club & Spa,186 Summer St,Kingston,02364,MA,https://kingsburyclub.com/,kingsburyclub.com,Indoor and outdoor,Indoor and Outdoor,No,1,https://kingsburyclub.com/ | https://kingsburyclub.com/about-kingsbury-club-and-spa/ | https://kingsburyclub.com/monthly-memberships/ | https://kingsburyclub.com/racquet-staff/ | https://kingsburyclub.com/fitness-staff/ | https://kingsburyclub.com/aquatics-staff/
MA-0232,MA-0232-A,Kinship Farm,,Hamilton,,MA,https://kinshipfarm.org/,kinshipfarm.org,Indoor and outdoor,Indoor and Outdoor,No,1,https://kinshipfarm.org/ | https://kinshipfarm.org/pages/mission-purpose | https://kinshipfarm.org/pages/staff | https://kinshipfarm.org/pages/projects | https://kinshipfarm.org/pages/contact | https://kinshipfarm.org/pages/about-us | https://kinshipfarm.org/pages/north-shore
MA-0233,MA-0233-A,Lakeville Athletic Club,325 Bedford St.,Lakeville,,MA,https://lakevilleathleticclub.com/,lakevilleathleticclub.com,Indoor and outdoor,Indoor and Outdoor,No,1,https://lakevilleathleticclub.com/ | https://lakevilleathleticclub.com/tennis-programs.html | https://lakevilleathleticclub.com/tennis-membership.html | https://lakevilleathleticclub.com/contact-lakeville-athletic-club.html | https://lakevilleathleticclub.com/junior-tennis-programs.html | https://lakevilleathleticclub.com/adult-tennis-programs.html | https://lakevilleathleticclub.com/tennis-court-time.html
MA-0234,MA-0234-A,Lasell University,2000 1844 Commonwealth Ave.,Newton,02466,MA,https://laserpride.lasell.edu/landing/index,laserpride.lasell.edu,Indoor and outdoor,Indoor and Outdoor,No,1,https://laserpride.lasell.edu/landing/index | https://laserpride.lasell.edu/information/welcome | https://laserpride.lasell.edu/information/directory/index | https://laserpride.lasell.edu/information/facilities | https://laserpride.lasell.edu/information/Game_Day_Programs
MA-0235,MA-0235-A,Lexington United Soccer Club,,Lexington,,MA,https://lexingtonunited.org/,lexingtonunited.org,Indoor and outdoor,Indoor and Outdoor,No,1,https://lexingtonunited.org/ | https://lexingtonunited.org/about/ | https://lexingtonunited.org/contact/ | https://lexingtonunited.org/parental-guidelines/ | https://lexingtonunited.org/high-school-mentor-program/ | https://lexingtonunited.org/pro-staff/
MA-0236,MA-0236-A,LINX Camps,,Wellesley,,MA,https://www.linxcamps.com/,linxcamps.com,Indoor and outdoor,Indoor and Outdoor,No,1,https://www.linxcamps.com/ | https://www.linxcamps.com/contact/?script=contact | https://www.linxcamps.com/about | https://www.linxcamps.com/about/team | https://www.linxcamps.com/about/videos | https://www.linxcamps.com/about/fans2 | https://www.linxcamps.com/catalog
MA-0237,MA-0237-A,Longfellow Health Clubs,,,,MA,https://www.longfellowhealthclubs.com/,longfellowhealthclubs.com,Indoor and outdoor,Indoor and Outdoor,No,1,https://www.longfellowhealthclubs.com/ | https://www.longfellowhealthclubs.com/about | https://www.longfellowhealthclubs.com/programs | https://www.longfellowhealthclubs.com/programs/aquatics | https://www.longfellowhealthclubs.com/programs/wayland-health-club-aquatics | https://www.longfellowhealthclubs.com/programs/natick-health-club-aquatics | https://www.longfellowhealthclubs.com/programs/water-exercise
MA-0238,MA-0238-A,MAC By The Sea,,,,MA,https://macbythesea.com/,macbythesea.com,Indoor and outdoor,Indoor and Outdoor,No,1,https://macbythesea.com/ | https://macbythesea.com/membership/ | https://macbythesea.com/adult-programs/ | https://macbythesea.com/2026-2027-programs/ | https://macbythesea.com/junior-tennis-membership/ | https://macbythesea.com/mttc-summer-programs/ | https://macbythesea.com/mac-summer-tennis-program/
MA-0239,MA-0239-A,Macaroni KID North Shore,,Boston,,MA,https://northshorema.macaronikid.com/,macaronikid.com,Indoor and outdoor,Indoor and Outdoor,No,1,https://northshorema.macaronikid.com/ | https://northshorema.macaronikid.com/directory | https://northshorema.macaronikid.com/articles/68487d30bb4283437acaf7bc/10-august-2026-holidays-your-kids-will-get-excited-about | https://northshorema.macaronikid.com/about-certifikid | https://northshorema.macaronikid.com/about-pm | https://northshorema.macaronikid.com/about-us | https://northshorema.macaronikid.com/contact-us
MA-0240,MA-0240-A,Marshfield Recreation Department: Online Registration by MyRec.com Recreation Management Software,,Marshfield,,MA,https://marshfieldma.myrec.com/info/default.aspx,townofmarshfield.org,Indoor and outdoor,Indoor and Outdoor,No,1,https://marshfieldma.myrec.com/info/default.aspx | https://marshfieldma.myrec.com/info/activities/default.aspx | https://marshfieldma.myrec.com/info/facilities/default.aspx | https://marshfieldma.myrec.com/info/contact/default.aspx
MA-0241,MA-0241-A,Massachusetts Institute of Technology,,Cambridge,,MA,https://mitathletics.com/,mitathletics.com,Indoor and outdoor,Indoor and Outdoor,No,1,https://mitathletics.com/ | https://mitathletics.com/sports/2025/3/10/mit-athletics-quick-facts.aspx | https://mitathletics.com/staff-directory | https://mitathletics.com/sports/2025/8/21/athletics-communications.aspx | https://mitathletics.com/sports/2021/4/20/information-facilities-home.aspx | https://mitathletics.com/sports/2021/4/20/information-AboutDAPER-index.aspx | https://mitathletics.com/news/2026/8/12/general-vinny-coppola-named-assistant-manager-of-facility-events-and-rentals.aspx
MA-0242,MA-0242-A,Matz Collaborative,,Framingham,,MA,https://www.matzcollaborative.com/,matzcollaborative.com,Indoor and outdoor,Indoor and Outdoor,No,1,https://www.matzcollaborative.com/ | https://www.matzcollaborative.com/contact
MA-0243,MA-0243-A,Medford Recreation: Online Registration by MyRec.com Recreation Management Software,,Medford,,MA,https://medfordma.myrec.com/info/default.aspx,medford-ma.gov,Indoor and outdoor,Indoor and Outdoor,No,1,https://medfordma.myrec.com/info/default.aspx | https://medfordma.myrec.com/info/activities/default.aspx | https://medfordma.myrec.com/info/facilities/default.aspx | https://medfordma.myrec.com/info/contact/default.aspx
MA-0244,MA-0244-A,Merrimack College Athletics,,North Andover,,MA,https://merrimackathletics.com/,merrimackathletics.com,Indoor and outdoor,Indoor and Outdoor,No,1,https://merrimackathletics.com/ | https://merrimackathletics.com/staff-directory | https://merrimackathletics.com/facilities | https://merrimackathletics.com/socialaccounts.aspx | https://merrimackathletics.com/documents/2026/5/1/To_request_field_rentals.docx | https://merrimackathletics.com/news/2026/8/4/athletic-department-merrimack-athletics-announces-2026-hall-of-fame-class.aspx
MA-0245,MA-0245-A,MetroWest YMCA,,,,MA,https://www.metrowestymca.org/,metrowestymca.org,Indoor and outdoor,Indoor and Outdoor,No,1,https://www.metrowestymca.org/ | https://www.metrowestymca.org/programs/education-care-camp | https://www.metrowestymca.org/programs/education-care-camp/before-after-school | https://www.metrowestymca.org/programs/education-care-camp/enrichment | https://www.metrowestymca.org/programs/education-care-camp/school-vacation-programs | https://www.metrowestymca.org/programs | https://www.metrowestymca.org/programs/aquatics-swim
MA-0246,MA-0246-A,Middlesex School,,Concord,,MA,https://www.mxschool.edu/,mxschool.edu,Indoor and outdoor,Indoor and Outdoor,No,1,https://www.mxschool.edu/ | https://www.mxschool.edu/about | https://www.mxschool.edu/about/mission-history | https://www.mxschool.edu/about/directory | https://www.mxschool.edu/about/careers | https://www.mxschool.edu/about/leadership | https://www.mxschool.edu/about/trustees
MA-0247,MA-0247-A,Middlesex School Athletics,1400 Lowell Road,Concord,,MA,https://athletics.mxschool.edu/,athletics.mxschool.edu,Indoor and outdoor,Indoor and Outdoor,Yes,2,https://athletics.mxschool.edu/ | https://athletics.mxschool.edu/sports/2011/5/17/Our%20Program | https://athletics.mxschool.edu/staff-directory | https://athletics.mxschool.edu/facilities | https://athletics.mxschool.edu/news/2026/8/8/general-henriquez-named-athletics-operations-manager.aspx
MA-0247,MA-0247-B,Middlesex School Athletics,1400 Lowell Rd,Concord,01742,MA,https://athletics.mxschool.edu/,athletics.mxschool.edu,Indoor and outdoor,Indoor and Outdoor,Yes,2,https://athletics.mxschool.edu/ | https://athletics.mxschool.edu/sports/2011/5/17/Our%20Program | https://athletics.mxschool.edu/staff-directory | https://athletics.mxschool.edu/facilities | https://athletics.mxschool.edu/news/2026/8/8/general-henriquez-named-athletics-operations-manager.aspx
MA-0248,MA-0248-A,Minuteman Regional Vocational Technical High School,758 Marrett Road,Lexington,02421,MA,https://minuteman.org/,minuteman.org,Indoor and outdoor,Indoor and Outdoor,No,1,https://minuteman.org/ | https://minuteman.org/about-minuteman | https://minuteman.org/about-minuteman-home | https://minuteman.org/members-and-contact-information | https://minuteman.org/section-c-general-school-administra | https://minuteman.org/section-d-fiscal-management | https://minuteman.org/section-f-facilities-planning-and-d
MA-0249,MA-0249-A,Misselwood Events,376 Hale Street,Beverly,01915,MA,https://misselwood.endicott.edu/,endicott.edu,Indoor and outdoor,Indoor and Outdoor,Yes,2,https://misselwood.endicott.edu/ | https://misselwood.endicott.edu/about-misselwood | https://misselwood.endicott.edu/book-your-event/overnight-programs | https://misselwood.endicott.edu/contact-us | https://misselwood.endicott.edu/contact-us/misselwoods-location-directions | https://misselwood.endicott.edu/contact-us/request-information-about-misselwood
MA-0249,MA-0249-B,Misselwood Events,407 Hale Street,Beverly,01915,MA,https://misselwood.endicott.edu/,endicott.edu,Indoor and outdoor,Indoor and Outdoor,Yes,2,https://misselwood.endicott.edu/ | https://misselwood.endicott.edu/about-misselwood | https://misselwood.endicott.edu/book-your-event/overnight-programs | https://misselwood.endicott.edu/contact-us | https://misselwood.endicott.edu/contact-us/misselwoods-location-directions | https://misselwood.endicott.edu/contact-us/request-information-about-misselwood
MA-0250,MA-0250-A,Mouratoglou,,Boston,,MA,https://www.mouratoglou.com/,mouratoglou.com,Indoor and outdoor,Indoor and Outdoor,No,1,https://www.mouratoglou.com/ | https://www.mouratoglou.com/tennis-etudes/programme-sportif/ | https://www.mouratoglou.com/tennis-etudes/contact-tennis-etudes/ | https://www.mouratoglou.com/lacademie-mouratoglou/contact-infos-pratiques/
MA-0251,MA-0251-A,Mouratoglou Padel,,Malden,,MA,https://mouratogloupadel.com/,mouratogloupadel.com,Indoor and outdoor,Indoor and Outdoor,No,1,https://mouratogloupadel.com/ | https://mouratogloupadel.com/membership/ | https://mouratogloupadel.com/programs/
MA-0252,MA-0252-A,My Southborough,,,,MA,https://www.mysouthborough.com/,mysouthborough.com,Indoor and outdoor,Indoor and Outdoor,No,1,https://www.mysouthborough.com/ | https://www.mysouthborough.com/about-southborough/ | https://www.mysouthborough.com/about-southborough/town-departments-and-committees/ | https://www.mysouthborough.com/about-southborough/town-facilities-resources-and-fields/ | https://www.mysouthborough.com/about-southborough/schools-public-and-private/ | https://www.mysouthborough.com/about-southborough/clubs-and-organizations/
MA-0253,MA-0253-A,Natick Report,,Natick,,MA,https://www.natickreport.com/,natickreport.com,Indoor and outdoor,Indoor and Outdoor,No,1,https://www.natickreport.com/ | https://www.natickreport.com/about-natick-report/
MA-0254,MA-0254-A,NE-Storm,,Lynn,,MA,https://www.newenglandstorm.org/,newenglandstorm.org,Indoor and outdoor,Indoor and Outdoor,No,1,https://www.newenglandstorm.org/ | https://www.newenglandstorm.org/about-3 | https://www.newenglandstorm.org/copy-of-storm-staff | https://www.newenglandstorm.org/about-1 | https://www.newenglandstorm.org/about-5
MA-0255,MA-0255-A,Netresults Tennis,,Newton,,MA,https://www.netresultstennis.net/,netresultstennis.net,Indoor and outdoor,Indoor and Outdoor,No,1,https://www.netresultstennis.net/ | https://www.netresultstennis.net/about | https://www.netresultstennis.net/about/netresults-testimonials | https://www.netresultstennis.net/about/photo-gallery | https://www.netresultstennis.net/about/pro-shop | https://www.netresultstennis.net/about/private-tennis-instruction | https://www.netresultstennis.net/about/links
MA-0256,MA-0256-A,"New Bedford Parks, Recreation & Beaches: Online Registration by MyRec.com Recreation Management Software",,New Bedford,,MA,https://newbedfordma.myrec.com/info/default.aspx,newbedford-ma.gov,Indoor and outdoor,Indoor and Outdoor,No,1,https://newbedfordma.myrec.com/info/default.aspx | https://newbedfordma.myrec.com/info/facilities/default.aspx | https://newbedfordma.myrec.com/info/activities/default.aspx | https://newbedfordma.myrec.com/info/contact/default.aspx
MA-0257,MA-0257-A,"New England Property Management and Property Managers, New England Houses and Homes for Rent",,Danvers,,MA,https://www.mrsapts.com/,mrsapts.com,Indoor and outdoor,Indoor and Outdoor,No,1,https://www.mrsapts.com/ | https://www.mrsapts.com/new-england-homes-for-rent | https://www.mrsapts.com/new-england-commercial-rentals | https://www.mrsapts.com/new-england-property-management | https://www.mrsapts.com/about | https://www.mrsapts.com/contact
MA-0258,MA-0258-A,Newburyport Tennis Club,,Newburyport,,MA,https://newburyporttennisclub.com/,newburyporttennisclub.com,Indoor and outdoor,Indoor and Outdoor,No,1,https://newburyporttennisclub.com/ | https://newburyporttennisclub.com/about-us/ | https://newburyporttennisclub.com/programs/ | https://newburyporttennisclub.com/meet-the-pros/ | https://newburyporttennisclub.com/contact/
MA-0259,MA-0259-A,North Middlesex Regional School District,19 Main Street,Townsend,01469,MA,https://www.nmrsd.org/,nmrsd.org,Indoor and outdoor,Indoor and Outdoor,Yes,7,https://www.nmrsd.org/ | https://www.nmrsd.org/our-district/school-directory | https://www.nmrsd.org/our-district/staff-directory | https://www.nmrsd.org/our-district/quick-links/staff-links | https://www.nmrsd.org/our-district/facilityuse | https://www.nmrsd.org/our-district/facilityuse/scheduling-facility-use | https://www.nmrsd.org/our-district/facilityuse/facility-use-calendar
MA-0259,MA-0259-B,North Middlesex Regional School District,64 Brookline Street,Townsend,01469,MA,https://www.nmrsd.org/,nmrsd.org,Indoor and outdoor,Indoor and Outdoor,Yes,7,https://www.nmrsd.org/ | https://www.nmrsd.org/our-district/school-directory | https://www.nmrsd.org/our-district/staff-directory | https://www.nmrsd.org/our-district/quick-links/staff-links | https://www.nmrsd.org/our-district/facilityuse | https://www.nmrsd.org/our-district/facilityuse/scheduling-facility-use | https://www.nmrsd.org/our-district/facilityuse/facility-use-calendar
MA-0259,MA-0259-C,North Middlesex Regional School District,33 Chace Avenue,Pepperell,01463,MA,https://www.nmrsd.org/,nmrsd.org,Indoor and outdoor,Indoor and Outdoor,Yes,7,https://www.nmrsd.org/ | https://www.nmrsd.org/our-district/school-directory | https://www.nmrsd.org/our-district/staff-directory | https://www.nmrsd.org/our-district/quick-links/staff-links | https://www.nmrsd.org/our-district/facilityuse | https://www.nmrsd.org/our-district/facilityuse/scheduling-facility-use | https://www.nmrsd.org/our-district/facilityuse/facility-use-calendar
MA-0259,MA-0259-D,North Middlesex Regional School District,66 Brookline Street,Townsend,01469,MA,https://www.nmrsd.org/,nmrsd.org,Indoor and outdoor,Indoor and Outdoor,Yes,7,https://www.nmrsd.org/ | https://www.nmrsd.org/our-district/school-directory | https://www.nmrsd.org/our-district/staff-directory | https://www.nmrsd.org/our-district/quick-links/staff-links | https://www.nmrsd.org/our-district/facilityuse | https://www.nmrsd.org/our-district/facilityuse/scheduling-facility-use | https://www.nmrsd.org/our-district/facilityuse/facility-use-calendar
MA-0259,MA-0259-E,North Middlesex Regional School District,1 Whitcomb Street,Townsend,01469,MA,https://www.nmrsd.org/,nmrsd.org,Indoor and outdoor,Indoor and Outdoor,Yes,7,https://www.nmrsd.org/ | https://www.nmrsd.org/our-district/school-directory | https://www.nmrsd.org/our-district/staff-directory | https://www.nmrsd.org/our-district/quick-links/staff-links | https://www.nmrsd.org/our-district/facilityuse | https://www.nmrsd.org/our-district/facilityuse/scheduling-facility-use | https://www.nmrsd.org/our-district/facilityuse/facility-use-calendar
MA-0259,MA-0259-F,North Middlesex Regional School District,10 Hollis Street,Pepperell,01463,MA,https://www.nmrsd.org/,nmrsd.org,Indoor and outdoor,Indoor and Outdoor,Yes,7,https://www.nmrsd.org/ | https://www.nmrsd.org/our-district/school-directory | https://www.nmrsd.org/our-district/staff-directory | https://www.nmrsd.org/our-district/quick-links/staff-links | https://www.nmrsd.org/our-district/facilityuse | https://www.nmrsd.org/our-district/facilityuse/scheduling-facility-use | https://www.nmrsd.org/our-district/facilityuse/facility-use-calendar
MA-0259,MA-0259-G,North Middlesex Regional School District,911 Main Street,Ashby,01431,MA,https://www.nmrsd.org/,nmrsd.org,Indoor and outdoor,Indoor and Outdoor,Yes,7,https://www.nmrsd.org/ | https://www.nmrsd.org/our-district/school-directory | https://www.nmrsd.org/our-district/staff-directory | https://www.nmrsd.org/our-district/quick-links/staff-links | https://www.nmrsd.org/our-district/facilityuse | https://www.nmrsd.org/our-district/facilityuse/scheduling-facility-use | https://www.nmrsd.org/our-district/facilityuse/facility-use-calendar
MA-0260,MA-0260-A,North Shore Indoor Sports Centers for Kids,,Gloucester,,MA,https://northshorekid.com/,northshorekid.com,Indoor and outdoor,Indoor and Outdoor,No,1,https://northshorekid.com/ | https://northshorekid.com/promote-your-school-program-and-business | https://northshorekid.com/story/about-north-shore-kid | https://northshorekid.com/story/april-vacation-programs-ipswich-river-sanctuary | https://northshorekid.com/story/give-gift-membership | https://northshorekid.com/blog | https://northshorekid.com/directory/halibut-point-state-park
MA-0261,MA-0261-A,North Shore Tennis Club,98 Swampscott Road,Salem,,MA,https://www.nstennis.com/,nstennis.com,Indoor and outdoor,Indoor and Outdoor,Yes,2,https://www.nstennis.com/ | https://www.nstennis.com/membershipinfo | https://www.nstennis.com/membershipapplication | https://www.nstennis.com/contact | https://www.nstennis.com/staff | https://www.nstennis.com/facilities | https://www.nstennis.com/membershipfees
MA-0261,MA-0261-B,North Shore Tennis Club,2026 Northshore Tennis 98 Swampscott Road,Salem,01970,MA,https://www.nstennis.com/,nstennis.com,Indoor and outdoor,Indoor and Outdoor,Yes,2,https://www.nstennis.com/ | https://www.nstennis.com/membershipinfo | https://www.nstennis.com/membershipapplication | https://www.nstennis.com/contact | https://www.nstennis.com/staff | https://www.nstennis.com/facilities | https://www.nstennis.com/membershipfees
MA-0262,MA-0262-A,Ocean Edge Resort & Golf Club,2907 Main St,Brewster,02631,MA,https://www.oceanedge.com/,oceanedge.com,Indoor and outdoor,Indoor and Outdoor,Yes,2,https://www.oceanedge.com/ | https://www.oceanedge.com/golf/ocean-edge-membership | https://www.oceanedge.com/mansion-wellness-program | https://www.oceanedge.com/activities/biking-rentals | https://www.oceanedge.com/contact
MA-0262,MA-0262-B,Ocean Edge Resort & Golf Club,2907 Main Street,Brewster,02631,MA,https://www.oceanedge.com/,oceanedge.com,Indoor and outdoor,Indoor and Outdoor,Yes,2,https://www.oceanedge.com/ | https://www.oceanedge.com/golf/ocean-edge-membership | https://www.oceanedge.com/mansion-wellness-program | https://www.oceanedge.com/activities/biking-rentals | https://www.oceanedge.com/contact
MA-0263,MA-0263-A,Open Play Pickleball and Padel Club,,,,MA,https://openplayppc.com/,openplayppc.com,Indoor and outdoor,Indoor and Outdoor,No,1,https://openplayppc.com/ | https://openplayppc.com/founding-memberships-options | https://openplayppc.com/pickleball-options-checkout-funnel | https://openplayppc.com/padel-founding-membership-checkout-funnel-page | https://openplayppc.com/careers
MA-0264,MA-0264-A,Orchard Hills Athletic Club,537 8387 VISIT US 100 Duval Road,Lancaster,01523,MA,https://www.ohaclub.com/,ohaclub.com,Indoor and outdoor,Indoor and Outdoor,No,1,https://www.ohaclub.com/ | https://www.ohaclub.com/membership | https://www.ohaclub.com/facilities | https://www.ohaclub.com/contact | https://www.ohaclub.com/group-fitness
MA-0265,MA-0265-A,PadelCourtsNearMe,0 653 Summer St,Boston,02210,MA,https://www.padelcourtsnearme.us/,padelcourtsnearme.us,Indoor and outdoor,Indoor and Outdoor,Yes,7,https://www.padelcourtsnearme.us/ | https://www.padelcourtsnearme.us/courts/10by20-ft-lauderdale-fort-lauderdale-florida | https://www.padelcourtsnearme.us/courts/6-love-sports-miami-beach-florida | https://www.padelcourtsnearme.us/courts/access-padel-hillsborough-new-jersey | https://www.padelcourtsnearme.us/courts/alma-padel-glenview-illinois | https://www.padelcourtsnearme.us/courts/and-padel-oakland-new-jersey
MA-0265,MA-0265-B,PadelCourtsNearMe,25 Pier 4 Boulevard,Boston,02210,MA,https://www.padelcourtsnearme.us/,padelcourtsnearme.us,Indoor and outdoor,Indoor and Outdoor,Yes,7,https://www.padelcourtsnearme.us/ | https://www.padelcourtsnearme.us/courts/10by20-ft-lauderdale-fort-lauderdale-florida | https://www.padelcourtsnearme.us/courts/6-love-sports-miami-beach-florida | https://www.padelcourtsnearme.us/courts/access-padel-hillsborough-new-jersey | https://www.padelcourtsnearme.us/courts/alma-padel-glenview-illinois | https://www.padelcourtsnearme.us/courts/and-padel-oakland-new-jersey
MA-0265,MA-0265-C,PadelCourtsNearMe,9 653 Summer St,Boston,02210,MA,https://www.padelcourtsnearme.us/,padelcourtsnearme.us,Indoor and outdoor,Indoor and Outdoor,Yes,7,https://www.padelcourtsnearme.us/ | https://www.padelcourtsnearme.us/courts/10by20-ft-lauderdale-fort-lauderdale-florida | https://www.padelcourtsnearme.us/courts/6-love-sports-miami-beach-florida | https://www.padelcourtsnearme.us/courts/access-padel-hillsborough-new-jersey | https://www.padelcourtsnearme.us/courts/alma-padel-glenview-illinois | https://www.padelcourtsnearme.us/courts/and-padel-oakland-new-jersey
MA-0265,MA-0265-D,PadelCourtsNearMe,0 124 E Main St,Hopkinton,01748,MA,https://www.padelcourtsnearme.us/,padelcourtsnearme.us,Indoor and outdoor,Indoor and Outdoor,Yes,7,https://www.padelcourtsnearme.us/ | https://www.padelcourtsnearme.us/courts/10by20-ft-lauderdale-fort-lauderdale-florida | https://www.padelcourtsnearme.us/courts/6-love-sports-miami-beach-florida | https://www.padelcourtsnearme.us/courts/access-padel-hillsborough-new-jersey | https://www.padelcourtsnearme.us/courts/alma-padel-glenview-illinois | https://www.padelcourtsnearme.us/courts/and-padel-oakland-new-jersey
MA-0265,MA-0265-E,PadelCourtsNearMe,0 220 Rustcraft Rd,Dedham,02026,MA,https://www.padelcourtsnearme.us/,padelcourtsnearme.us,Indoor and outdoor,Indoor and Outdoor,Yes,7,https://www.padelcourtsnearme.us/ | https://www.padelcourtsnearme.us/courts/10by20-ft-lauderdale-fort-lauderdale-florida | https://www.padelcourtsnearme.us/courts/6-love-sports-miami-beach-florida | https://www.padelcourtsnearme.us/courts/access-padel-hillsborough-new-jersey | https://www.padelcourtsnearme.us/courts/alma-padel-glenview-illinois | https://www.padelcourtsnearme.us/courts/and-padel-oakland-new-jersey
MA-0265,MA-0265-F,PadelCourtsNearMe,653 Summer St,Boston,02210,MA,https://www.padelcourtsnearme.us/,padelcourtsnearme.us,Indoor and outdoor,Indoor and Outdoor,Yes,7,https://www.padelcourtsnearme.us/ | https://www.padelcourtsnearme.us/courts/10by20-ft-lauderdale-fort-lauderdale-florida | https://www.padelcourtsnearme.us/courts/6-love-sports-miami-beach-florida | https://www.padelcourtsnearme.us/courts/access-padel-hillsborough-new-jersey | https://www.padelcourtsnearme.us/courts/alma-padel-glenview-illinois | https://www.padelcourtsnearme.us/courts/and-padel-oakland-new-jersey
MA-0265,MA-0265-G,PadelCourtsNearMe,25 Pier 4 Boulevard,Boston,,MA,https://www.padelcourtsnearme.us/,padelcourtsnearme.us,Indoor and outdoor,Indoor and Outdoor,Yes,7,https://www.padelcourtsnearme.us/ | https://www.padelcourtsnearme.us/courts/10by20-ft-lauderdale-fort-lauderdale-florida | https://www.padelcourtsnearme.us/courts/6-love-sports-miami-beach-florida | https://www.padelcourtsnearme.us/courts/access-padel-hillsborough-new-jersey | https://www.padelcourtsnearme.us/courts/alma-padel-glenview-illinois | https://www.padelcourtsnearme.us/courts/and-padel-oakland-new-jersey
MA-0266,MA-0266-A,Pentucket Regional High School,,,,MA,https://hs.prsd.org/,prsd.org,Indoor and outdoor,Indoor and Outdoor,No,1,https://hs.prsd.org/ | https://hs.prsd.org/administration | https://hs.prsd.org/our-school/health-services-hs/meet-the-nurse-hs | https://hs.prsd.org/our-school/facilities-hs | https://hs.prsd.org/our-school/innovation-career-pathways-program | https://hs.prsd.org/families-hs/before-after-school-program-hs | https://hs.prsd.org/athletics
MA-0267,MA-0267-A,Pine Brook Country Club Home Page,42 Newton Street,Weston,02493,MA,https://www.pbccma.com/,pbccma.com,Indoor and outdoor,Indoor and Outdoor,No,1,https://www.pbccma.com/ | https://www.pbccma.com/about | https://www.pbccma.com/club/scripts/view/view_directions.asp | https://www.pbccma.com/join-our-team | https://www.pbccma.com/membership-inquiry/forms/membership-inquiry | https://www.pbccma.com/about/scorecard-1
MA-0268,MA-0268-A,Play Padel US,220 Rustcraft Road,Dedham,02026,MA,https://playpadelus.com/,playpadelus.com,Indoor and outdoor,Indoor and Outdoor,No,1,https://playpadelus.com/ | https://playpadelus.com/padel-courts | https://playpadelus.com/about | https://playpadelus.com/padel-courts/miami | https://playpadelus.com/padel-courts/austin | https://playpadelus.com/padel-courts/houston | https://playpadelus.com/padel-courts/san-diego
MA-0269,MA-0269-A,Playeasy,,Boston,,MA,https://www.playeasy.com/,playeasy.com,Indoor and outdoor,Indoor and Outdoor,No,1,https://www.playeasy.com/ | https://www.playeasy.com/facilities/b288ab3f-db1e-4086-974a-e3ee3acb0ec3 | https://www.playeasy.com/facilities/e3b5330d-74d0-424a-b6bb-43d6221d1b36 | https://www.playeasy.com/facilities/marketplace | https://www.playeasy.com/facilities/d5db31df-d573-4069-9e0c-8b26eb8cca64 | https://www.playeasy.com/facilities/317187ce-29c9-452d-88d3-b64ac16c6696 | https://www.playeasy.com/facilities/7ab7289c-95df-4641-8beb-3da4d3dab7a6
MA-0270,MA-0270-A,Plymouth Recreation: Online Registration by MyRec.com Recreation Management Software,,Plymouth,,MA,https://plymouthma.myrec.com/info/default.aspx,plymouth-ma.gov,Indoor and outdoor,Indoor and Outdoor,No,1,https://plymouthma.myrec.com/info/default.aspx | https://plymouthma.myrec.com/info/activities/default.aspx | https://plymouthma.myrec.com/info/facilities/default.aspx | https://plymouthma.myrec.com/info/contact/default.aspx
MA-0271,MA-0271-A,Plymouth State University,,Northborough,,MA,https://athletics.plymouth.edu/,athletics.plymouth.edu,Indoor and outdoor,Indoor and Outdoor,No,1,https://athletics.plymouth.edu/ | https://athletics.plymouth.edu/staff-directory | https://athletics.plymouth.edu/sports/2020/7/14/Athletics-Communications | https://athletics.plymouth.edu/sports/2020/7/14/Faculty-Mentor-Program | https://athletics.plymouth.edu/documents/2022/8/18/Plymouth_State_Athletics_NIL.pdf | https://athletics.plymouth.edu/sports/2020/9/23/digital-gameday-programs.aspx | https://athletics.plymouth.edu/facilities
MA-0272,MA-0272-A,Proctor Academy,,Boston,,MA,https://www.proctoracademy.org/,proctoracademy.org,Indoor and outdoor,Indoor and Outdoor,No,1,https://www.proctoracademy.org/ | https://www.proctoracademy.org/explore-proctor/school-leadership | https://www.proctoracademy.org/explore-proctor/campus-and-facilities | https://www.proctoracademy.org/explore-proctor/meet-faculty-and-staff | https://www.proctoracademy.org/admissions/meet-the-team | https://www.proctoracademy.org/student-life/student-leadership | https://www.proctoracademy.org/athletics
MA-0273,MA-0273-A,Randolph Community Programs: Online Registration by MyRec.com Recreation Management Software,,Randolph,,MA,https://randolphcommunity.myrec.com/info/default.aspx,randolphcommunity.myrec.com,Indoor and outdoor,Indoor and Outdoor,No,1,https://randolphcommunity.myrec.com/info/default.aspx | https://randolphcommunity.myrec.com/info/activities/default.aspx | https://randolphcommunity.myrec.com/info/facilities/default.aspx | https://randolphcommunity.myrec.com/info/contact/default.aspx
MA-0274,MA-0274-A,Reading Recreation Division: Online Registration by MyRec.com Recreation Management Software,16 Lowell Street,Reading,01867,MA,https://readingma.myrec.com/info/default.aspx,readingma.gov,Indoor and outdoor,Indoor and Outdoor,No,1,https://readingma.myrec.com/info/default.aspx | https://readingma.myrec.com/info/activities/default.aspx | https://readingma.myrec.com/info/facilities/default.aspx | https://readingma.myrec.com/info/contact/default.aspx
MA-0275,MA-0275-A,Real Boston FC,333 Winter St,Weston,02493,MA,https://realbostonfc.com/,realbostonfc.com,Indoor and outdoor,Indoor and Outdoor,No,1,https://realbostonfc.com/ | https://realbostonfc.com/about-us | https://realbostonfc.com/programs | https://realbostonfc.com/programs/fall-program | https://realbostonfc.com/programs/winter-program | https://realbostonfc.com/programs/spring-programs | https://realbostonfc.com/programs/summer-program
MA-0276,MA-0276-A,Rec,,Watertown,,MA,https://partner.rec.us/,partner.rec.us,Indoor and outdoor,Indoor and Outdoor,No,1,https://partner.rec.us/ | https://partner.rec.us/products/programming | https://partner.rec.us/products/memberships | https://partner.rec.us/products/facilities | https://partner.rec.us/careers | https://partner.rec.us/blog/every-community-is-different-your-courts-platform-should-be-too
MA-0277,MA-0277-A,Recreation Centre,,Lexington,,MA,https://www.jwhayden.org/,jwhayden.org,Indoor and outdoor,Indoor and Outdoor,No,1,https://www.jwhayden.org/ | https://www.jwhayden.org/about | https://www.jwhayden.org/programs | https://www.jwhayden.org/aquatics | https://www.jwhayden.org/skating | https://www.jwhayden.org/physical-education | https://www.jwhayden.org/summer-camp
MA-0278,MA-0278-A,Regan Family Pickleball,440 Rutherford Avenue,Boston,,MA,https://reganfamilypickleball.com/,reganfamilypickleball.com,Indoor and outdoor,Indoor and Outdoor,No,1,https://reganfamilypickleball.com/ | https://reganfamilypickleball.com/courts/ | https://reganfamilypickleball.com/about/ | https://reganfamilypickleball.com/courts/picklebos-charlestown/
MA-0279,MA-0279-A,Regis (Mass.),235 Wellesley St,Weston,02493,MA,https://goregispride.com/landing/index,goregispride.com,Indoor and outdoor,Indoor and Outdoor,No,1,https://goregispride.com/landing/index | https://goregispride.com/information/Facilities/Athletic_Facilities | https://goregispride.com/information/Facility_Availability | https://goregispride.com/information/directory/index | https://goregispride.com/information/Team_Mentoring | https://goregispride.com/general/2026-27/releases/20260811etjkfv
MA-0280,MA-0280-A,Regis College,,Weston,,MA,https://www.regiscollege.edu/,regiscollege.edu,Indoor and outdoor,Indoor and Outdoor,No,1,https://www.regiscollege.edu/ | https://www.regiscollege.edu/admission-and-aid/apply-regis/request-program-information | https://www.regiscollege.edu/academics/schools/theresa-wood-lavine-professional-studies-programs | https://www.regiscollege.edu/academics/fast-track-programs | https://www.regiscollege.edu/academics/special-programs | https://www.regiscollege.edu/academics/program-finder | https://www.regiscollege.edu/about-regis/regis-glance
MA-0281,MA-0281-A,Rentals & Reservations - MIT Recreation,,Cambridge,,MA,https://www.mitrecsports.com/,mitrecsports.com,Indoor and outdoor,Indoor and Outdoor,No,1,https://www.mitrecsports.com/ | https://www.mitrecsports.com/join/memberships/ | https://www.mitrecsports.com/join/member-amenities/ | https://www.mitrecsports.com/work-out/instructional-programs/ | https://www.mitrecsports.com/work-out/youth-programs/ | https://www.mitrecsports.com/visit/facility-hours/ | https://www.mitrecsports.com/visit/facilities-and-tours/
MA-0282,MA-0282-A,"Residential Backyard Basketball Court, Rinks & Putting Greens",0443 10 Ocean Avenue,Revere,02151,MA,https://360sportscapes.com/,360sportscapes.com,Indoor and outdoor,Indoor and Outdoor,No,1,https://360sportscapes.com/ | https://360sportscapes.com/contact-us/ | https://360sportscapes.com/about/ | https://360sportscapes.com/products/sportscapes/athletic-courts/ | https://360sportscapes.com/products/sportscapes/pickleball-court-installation-professionals/ | https://360sportscapes.com/products/sportscapes/bocce-court-installation/ | https://360sportscapes.com/products/sportscapes/shuffleboard-court/
MA-0283,MA-0283-A,Ridge Club,,Acton,,MA,https://ridgeptc.com/,ridgeptc.com,Indoor and outdoor,Indoor and Outdoor,No,1,https://ridgeptc.com/ | https://ridgeptc.com/membership/ | https://ridgeptc.com/court-rentals/ | https://ridgeptc.com/contact-us/
MA-0284,MA-0284-A,Riverbend School,,Natick,,MA,https://riverbendschool.org/,riverbendschool.org,Indoor and outdoor,Indoor and Outdoor,No,1,https://riverbendschool.org/ | https://riverbendschool.org/about-us/at-a-glance/ | https://riverbendschool.org/about-us/ | https://riverbendschool.org/about-us/faculty-staff/ | https://riverbendschool.org/about-us/our-campus/ | https://riverbendschool.org/about-us/strategic-plan/ | https://riverbendschool.org/about-us/diversity-equity-and-inclusion/
MA-0285,MA-0285-A,Rt.12 Pickle,,West Boylston,,MA,https://www.rt12pickle.com/,rt12pickle.com,Indoor and outdoor,Indoor and Outdoor,No,1,https://www.rt12pickle.com/ | https://www.rt12pickle.com/discounted-memberships | https://www.rt12pickle.com/memberships | https://www.rt12pickle.com/senior-programs | https://www.rt12pickle.com/about-us | https://www.rt12pickle.com/contact
MA-0286,MA-0286-A,School for Boys,350 Prospect Street,Belmont,,MA,https://www.belmonthill.org/,belmonthill.org,Indoor and outdoor,Indoor and Outdoor,No,1,https://www.belmonthill.org/ | https://www.belmonthill.org/about | https://www.belmonthill.org/about/welcome-from-our-head-of-school | https://www.belmonthill.org/about/welcome-from-our-head-of-school/defining-character | https://www.belmonthill.org/about/welcome-from-our-head-of-school/culture-working-together-accountability | https://www.belmonthill.org/about/welcome-from-our-head-of-school/excellence-a-curriculum-for-boys | https://www.belmonthill.org/about/welcome-from-our-head-of-school/exposure-the-co-curriculum
MA-0287,MA-0287-A,Ski Ward,1000 Main Street,Shrewsbury,01545,MA,https://skiward.com/,skiward.com,Indoor and outdoor,Indoor and Outdoor,Yes,2,https://skiward.com/ | https://skiward.com/mountain-info/about-us/ | https://skiward.com/mountain-info/contact-us/ | https://skiward.com/tickets-rentals/lift-tickets/ | https://skiward.com/tickets-rentals/rental-equipment/ | https://skiward.com/tickets-rentals/season-passes/ | https://skiward.com/lessons/vacation-week-programs/
MA-0287,MA-0287-B,Ski Ward,1000 Main St.,Shrewsbury,,MA,https://skiward.com/,skiward.com,Indoor and outdoor,Indoor and Outdoor,Yes,2,https://skiward.com/ | https://skiward.com/mountain-info/about-us/ | https://skiward.com/mountain-info/contact-us/ | https://skiward.com/tickets-rentals/lift-tickets/ | https://skiward.com/tickets-rentals/rental-equipment/ | https://skiward.com/tickets-rentals/season-passes/ | https://skiward.com/lessons/vacation-week-programs/
MA-0288,MA-0288-A,Soccer Asylum,,Paxton,,MA,https://soccerasylum.com/,soccerasylum.com,Indoor and outdoor,Indoor and Outdoor,No,1,https://soccerasylum.com/ | https://soccerasylum.com/soccer-training/ | https://soccerasylum.com/gym-memberships/ | https://soccerasylum.com/field-rentals/ | https://soccerasylum.com/contact/
MA-0289,MA-0289-A,South Shore Wolfpack Volleyball,,Pembroke,,MA,https://www.southshorewolfpackvolleyball.com/,southshorewolfpackvolleyball.com,Indoor and outdoor,Indoor and Outdoor,No,1,https://www.southshorewolfpackvolleyball.com/ | https://www.southshorewolfpackvolleyball.com/page/show/9533958-boys-program | https://www.southshorewolfpackvolleyball.com/youthprograms
MA-0290,MA-0290-A,South Shore YMCA,75 Mill Street,Hanover,02339,MA,https://ssymca.org/,ssymca.org,Indoor and outdoor,Indoor and Outdoor,Yes,7,https://ssymca.org/ | https://ssymca.org/contact/ | https://ssymca.org/membership-benefits/ | https://ssymca.org/membership-benefits/join-now/ | https://ssymca.org/membership-benefits/tour/ | https://ssymca.org/membership-benefits/types-rates/ | https://ssymca.org/membership-benefits/specials-promotions/
MA-0290,MA-0290-B,South Shore YMCA,8585 Hale Family YMCA Branch 79 Coddington Street,Quincy,02169,MA,https://ssymca.org/,ssymca.org,Indoor and outdoor,Indoor and Outdoor,Yes,7,https://ssymca.org/ | https://ssymca.org/contact/ | https://ssymca.org/membership-benefits/ | https://ssymca.org/membership-benefits/join-now/ | https://ssymca.org/membership-benefits/tour/ | https://ssymca.org/membership-benefits/types-rates/ | https://ssymca.org/membership-benefits/specials-promotions/
MA-0290,MA-0290-C,South Shore YMCA,75 Stowe Road,Sandwich,02563,MA,https://ssymca.org/,ssymca.org,Indoor and outdoor,Indoor and Outdoor,Yes,7,https://ssymca.org/ | https://ssymca.org/contact/ | https://ssymca.org/membership-benefits/ | https://ssymca.org/membership-benefits/join-now/ | https://ssymca.org/membership-benefits/tour/ | https://ssymca.org/membership-benefits/types-rates/ | https://ssymca.org/membership-benefits/specials-promotions/
MA-0290,MA-0290-D,South Shore YMCA,1075 Washington Street,Hanover,02339,MA,https://ssymca.org/,ssymca.org,Indoor and outdoor,Indoor and Outdoor,Yes,7,https://ssymca.org/ | https://ssymca.org/contact/ | https://ssymca.org/membership-benefits/ | https://ssymca.org/membership-benefits/join-now/ | https://ssymca.org/membership-benefits/tour/ | https://ssymca.org/membership-benefits/types-rates/ | https://ssymca.org/membership-benefits/specials-promotions/
MA-0290,MA-0290-E,South Shore YMCA,79 Coddington Street,Quincy,02169,MA,https://ssymca.org/,ssymca.org,Indoor and outdoor,Indoor and Outdoor,Yes,7,https://ssymca.org/ | https://ssymca.org/contact/ | https://ssymca.org/membership-benefits/ | https://ssymca.org/membership-benefits/join-now/ | https://ssymca.org/membership-benefits/tour/ | https://ssymca.org/membership-benefits/types-rates/ | https://ssymca.org/membership-benefits/specials-promotions/
MA-0290,MA-0290-F,South Shore YMCA,366 Palmer Street,Quincy,02169,MA,https://ssymca.org/,ssymca.org,Indoor and outdoor,Indoor and Outdoor,Yes,7,https://ssymca.org/ | https://ssymca.org/contact/ | https://ssymca.org/membership-benefits/ | https://ssymca.org/membership-benefits/join-now/ | https://ssymca.org/membership-benefits/tour/ | https://ssymca.org/membership-benefits/types-rates/ | https://ssymca.org/membership-benefits/specials-promotions/
MA-0290,MA-0290-G,South Shore YMCA,97 Mill St,Hanover,02339,MA,https://ssymca.org/,ssymca.org,Indoor and outdoor,Indoor and Outdoor,Yes,7,https://ssymca.org/ | https://ssymca.org/contact/ | https://ssymca.org/membership-benefits/ | https://ssymca.org/membership-benefits/join-now/ | https://ssymca.org/membership-benefits/tour/ | https://ssymca.org/membership-benefits/types-rates/ | https://ssymca.org/membership-benefits/specials-promotions/
MA-0291,MA-0291-A,Southborough Recreation Department: Online Registration by MyRec.com Recreation Management Software,,Southborough,,MA,https://southboroughma.myrec.com/info/default.aspx,southboroughma.com,Indoor and outdoor,Indoor and Outdoor,No,1,https://southboroughma.myrec.com/info/default.aspx | https://southboroughma.myrec.com/info/activities/default.aspx | https://southboroughma.myrec.com/info/facilities/default.aspx | https://southboroughma.myrec.com/info/contact/default.aspx
MA-0292,MA-0292-A,Sport Court,,Lynnfield,,MA,https://www.sportcourtma.com/,sportcourtma.com,Indoor and outdoor,Indoor and Outdoor,No,1,https://www.sportcourtma.com/ | https://www.sportcourtma.com/contact/ | https://www.sportcourtma.com/residential-backyard-court-builders/ | https://www.sportcourtma.com/commercial-court-builders/ | https://www.sportcourtma.com/commercial-court-builders/sourcewell/ | https://www.sportcourtma.com/commercial-court-builders/boys-and-girls-clubs/ | https://www.sportcourtma.com/commercial-court-builders/business-parks/
MA-0293,MA-0293-A,Sport Court Northeast,,North Andover,,MA,https://dgcourts.com/,dgcourts.com,Indoor and outdoor,Indoor and Outdoor,No,1,https://dgcourts.com/ | https://dgcourts.com/game-court-portfolio/ | https://dgcourts.com/before-after-game-court-renovations/ | https://dgcourts.com/sport-court-blog/ | https://dgcourts.com/wp-content/uploads/2023/10/backyard-basketball-court-installers-bedford-nh-02.jpg | https://dgcourts.com/wp-content/uploads/2023/10/bennington-vt-sport-court-installers-06.jpg | https://dgcourts.com/wp-content/uploads/2023/09/sport-court-installers-lee-nh-02.jpg
MA-0294,MA-0294-A,Sports Tek Athletic Surfaces,,Beverly,,MA,https://www.sportsteksurfaces.com/,sportsteksurfaces.com,Indoor and outdoor,Indoor and Outdoor,No,1,https://www.sportsteksurfaces.com/ | https://www.sportsteksurfaces.com/about-us/ | https://www.sportsteksurfaces.com/basketball-court-installaition/ | https://www.sportsteksurfaces.com/custom-courts/ | https://www.sportsteksurfaces.com/contact-us/
MA-0295,MA-0295-A,Springfield JCC,1160 Dickinson Street,Springfield,01108,MA,https://www.springfieldjcc.org/,springfieldjcc.org,Indoor and outdoor,Indoor and Outdoor,Yes,2,https://www.springfieldjcc.org/ | https://www.springfieldjcc.org/travel-programs | https://www.springfieldjcc.org/learn-about-membership-at-the-j | https://www.springfieldjcc.org/about | https://www.springfieldjcc.org/staff | https://www.springfieldjcc.org/youth-and-family | https://www.springfieldjcc.org/adults
MA-0295,MA-0295-B,Springfield JCC,594 Converse Street,Longmeadow,01106,MA,https://www.springfieldjcc.org/,springfieldjcc.org,Indoor and outdoor,Indoor and Outdoor,Yes,2,https://www.springfieldjcc.org/ | https://www.springfieldjcc.org/travel-programs | https://www.springfieldjcc.org/learn-about-membership-at-the-j | https://www.springfieldjcc.org/about | https://www.springfieldjcc.org/staff | https://www.springfieldjcc.org/youth-and-family | https://www.springfieldjcc.org/adults
MA-0296,MA-0296-A,Squashwest - Game On - Time for Sport!,,Acton,,MA,https://squashwest.com/,squashwest.com,Indoor and outdoor,Indoor and Outdoor,No,1,https://squashwest.com/ | https://squashwest.com/about-us-2/ | https://squashwest.com/our-team/ | https://squashwest.com/about-us-2/modernizing-squashwest/ | https://squashwest.com/membership/ | https://squashwest.com/member-programs/ | https://squashwest.com/about-us-2/fitness/
MA-0297,MA-0297-A,Starland,637 Washington St,Hanover,02339,MA,https://starlandsports.com/,starlandsports.com,Indoor and outdoor,Indoor and Outdoor,Yes,2,https://starlandsports.com/ | https://starlandsports.com/rec-program | https://starlandsports.com/about | https://starlandsports.com/about/photos | https://starlandsports.com/about/sponsorships | https://starlandsports.com/about/deals | https://starlandsports.com/about/donations
MA-0297,MA-0297-B,Starland,637 Washington Street,Hanover,02339,MA,https://starlandsports.com/,starlandsports.com,Indoor and outdoor,Indoor and Outdoor,Yes,2,https://starlandsports.com/ | https://starlandsports.com/rec-program | https://starlandsports.com/about | https://starlandsports.com/about/photos | https://starlandsports.com/about/sponsorships | https://starlandsports.com/about/deals | https://starlandsports.com/about/donations
MA-0298,MA-0298-A,Stoneham Recreation Department: Online Registration by MyRec.com Recreation Management Software,,Stoneham,,MA,https://stonehamma.myrec.com/info/default.aspx,stoneham-ma.gov,Indoor and outdoor,Indoor and Outdoor,No,1,https://stonehamma.myrec.com/info/default.aspx | https://stonehamma.myrec.com/info/activities/default.aspx | https://stonehamma.myrec.com/info/facilities/default.aspx | https://stonehamma.myrec.com/info/contact/default.aspx
MA-0299,MA-0299-A,"Summer at Brooks - Summer camp in North Andover, Massachusetts",,North Andover,,MA,https://summer.brooksschool.org/,brooksschool.org,Indoor and outdoor,Indoor and Outdoor,No,1,https://summer.brooksschool.org/ | https://summer.brooksschool.org/contact/ | https://summer.brooksschool.org/about/ | https://summer.brooksschool.org/about/our-story/ | https://summer.brooksschool.org/about/leadership/ | https://summer.brooksschool.org/about/before-and-after-care/
MA-0300,MA-0300-A,Teamworks Acton,,Canton,,MA,https://www.teamworksacton.com/,teamworksacton.com,Indoor and outdoor,Indoor and Outdoor,No,1,https://www.teamworksacton.com/ | https://www.teamworksacton.com/aboutus.aspx | https://www.teamworksacton.com/youthprogram.aspx | https://www.teamworksacton.com/vacationnightout.aspx | https://www.teamworksacton.com/meetthestaff.aspx | https://www.teamworksacton.com/rentalevents.aspx | https://www.teamworksacton.com/contactus.aspx
MA-0301,MA-0301-A,Teamworks Northboro,,Northborough,,MA,https://www.teamworksnorthboro.com/,teamworksnorthboro.com,Indoor and outdoor,Indoor and Outdoor,No,1,https://www.teamworksnorthboro.com/ | https://www.teamworksnorthboro.com/aboutus.aspx | https://www.teamworksnorthboro.com/youthprogram.aspx | https://www.teamworksnorthboro.com/vacationnightout.aspx | https://www.teamworksnorthboro.com/meetthestaff.aspx | https://www.teamworksnorthboro.com/rentalevents.aspx | https://www.teamworksnorthboro.com/contactus.aspx
MA-0302,MA-0302-A,Teamworks Seekonk,,Seekonk,,MA,https://www.teamworksseekonk.com/,teamworksseekonk.com,Indoor and outdoor,Indoor and Outdoor,No,1,https://www.teamworksseekonk.com/ | https://www.teamworksseekonk.com/aboutus.aspx | https://www.teamworksseekonk.com/youthprogram.aspx | https://www.teamworksseekonk.com/vacationnightout.aspx | https://www.teamworksseekonk.com/rentalevents.aspx | https://www.teamworksseekonk.com/contactus.aspx | https://www.teamworksseekonk.com/default.aspx
MA-0303,MA-0303-A,"Tennis & Swimming facility -North Easton, Massachusetts, Ma",153 Chestnut St,North Easton,02356,MA,https://www.eastontennisandswim.net/,eastontennisandswim.net,Indoor and outdoor,Indoor and Outdoor,No,1,https://www.eastontennisandswim.net/ | https://www.eastontennisandswim.net/about | https://www.eastontennisandswim.net/meet-the-staff | https://www.eastontennisandswim.net/our-facility | https://www.eastontennisandswim.net/contract-our-time | https://www.eastontennisandswim.net/court-time-and-fees | https://www.eastontennisandswim.net/membership
MA-0304,MA-0304-A,"Tennis court surfaces, tennis surfaces, and other sport surfaces home page",,Milford,,MA,https://www.novasports.com/,novasports.com,Indoor and outdoor,Indoor and Outdoor,No,1,https://www.novasports.com/ | https://www.novasports.com/locate-a-court/ | https://www.novasports.com/contact-us/ | https://www.novasports.com/company/about-us/ | https://www.novasports.com/company/pro-memberships/ | https://www.novasports.com/court-gallery-tennis/
MA-0305,MA-0305-A,TennisMatch.io,564 Hammond Street,Chestnut Hill,02467,MA,https://www.tennismatch.io/,tennismatch.io,Indoor and outdoor,Indoor and Outdoor,No,1,https://www.tennismatch.io/ | https://www.tennismatch.io/facilities | https://www.tennismatch.io/facilities/us/fl/orlando/us-fl-orlando-usta-national-campus | https://www.tennismatch.io/facilities/us/va/arlington/us-va-arlington-army-navy-country-club | https://www.tennismatch.io/facilities/us/ga/columbus/us-ga-columbus-cooper-creek-tennis-center | https://www.tennismatch.io/facilities/us/va/reston/us-va-reston-reston-association-tennis | https://www.tennismatch.io/facilities/us/fl/wesley-chapel/us-fl-wesley-chapel-saddlebrook-resort
MA-0306,MA-0306-A,The Cambridge School of Weston,45 Georgian Road,Weston,02493,MA,https://www.csw.org/,csw.org,Indoor and outdoor,Indoor and Outdoor,Yes,3,https://www.csw.org/ | https://www.csw.org/about | https://www.csw.org/about/who-we-are | https://www.csw.org/about/who-we-are/our-history | https://www.csw.org/about/leadership | https://www.csw.org/about/leadership/lises-lens | https://www.csw.org/about/diversity-equity-inclusion-and-belonging
MA-0306,MA-0306-B,The Cambridge School of Weston,45 Georgian Road,Weston,,MA,https://www.csw.org/,csw.org,Indoor and outdoor,Indoor and Outdoor,Yes,3,https://www.csw.org/ | https://www.csw.org/about | https://www.csw.org/about/who-we-are | https://www.csw.org/about/who-we-are/our-history | https://www.csw.org/about/leadership | https://www.csw.org/about/leadership/lises-lens | https://www.csw.org/about/diversity-equity-inclusion-and-belonging
MA-0306,MA-0306-C,The Cambridge School of Weston,25 45 Georgian Road,Weston,02493,MA,https://www.csw.org/,csw.org,Indoor and outdoor,Indoor and Outdoor,Yes,3,https://www.csw.org/ | https://www.csw.org/about | https://www.csw.org/about/who-we-are | https://www.csw.org/about/who-we-are/our-history | https://www.csw.org/about/leadership | https://www.csw.org/about/leadership/lises-lens | https://www.csw.org/about/diversity-equity-inclusion-and-belonging
MA-0307,MA-0307-A,The Mill Works,,Westford,,MA,https://millworkswestford.com/,millworkswestford.com,Indoor and outdoor,Indoor and Outdoor,No,1,https://millworkswestford.com/ | https://millworkswestford.com/programs | https://millworkswestford.com/memberships | https://millworkswestford.com/rentals | https://millworkswestford.com/about-us | https://millworkswestford.com/program-schedule | https://millworkswestford.com/programs/high-school-performance-program
MA-0308,MA-0308-A,The Neighborhood Club,,Newton,,MA,https://theneighborhoodclub.org/,theneighborhoodclub.org,Indoor and outdoor,Indoor and Outdoor,No,1,https://theneighborhoodclub.org/ | https://theneighborhoodclub.org/about/ | https://theneighborhoodclub.org/login/?redirect_to=https%3A%2F%2Ftheneighborhoodclub.org%2Fcontacts%2F | https://theneighborhoodclub.org/login/?redirect_to=https%3A%2F%2Ftheneighborhoodclub.org%2Fevents%2Frental-rules%2F | https://theneighborhoodclub.org/login/?redirect_to=https%3A%2F%2Ftheneighborhoodclub.org%2Fmember-directory%2F | https://theneighborhoodclub.org/login/?redirect_to=https%3A%2F%2Ftheneighborhoodclub.org%2Fracquets%2F
MA-0309,MA-0309-A,The Official Athletics Site of Suffolk University,148 Cambridge Street,Boston,02114,MA,https://gosuffolkrams.com/landing/index,gosuffolkrams.com,Indoor and outdoor,Indoor and Outdoor,No,1,https://gosuffolkrams.com/landing/index | https://gosuffolkrams.com/insideathletics/about_us | https://gosuffolkrams.com/hall_of_fame/about | https://gosuffolkrams.com/insideathletics/directory/index | https://gosuffolkrams.com/insideathletics/Supprt_Ram_Nation/Support_Ram_Nation | https://gosuffolkrams.com/insideathletics/Supprt_Ram_Nation/Coach_Nelson_Club/Coach_Nelson_Club
MA-0310,MA-0310-A,The Rashi School - A Reform Jewish Independent School,,Dedham,,MA,https://www.rashi.org/,rashi.org,Indoor and outdoor,Indoor and Outdoor,No,1,https://www.rashi.org/ | https://www.rashi.org/school-leadership/ | https://www.rashi.org/faculty-staff-directory/ | https://www.rashi.org/athletics/ | https://www.rashi.org/multigenerational-programming/ | https://www.rashi.org/student_elections_2026/ | https://www.rashi.org/welcome-to-rashi/
MA-0311,MA-0311-A,The Shrewsbury Club,3 Tennis Drive,Shrewsbury,01545,MA,https://shrewsburyclub.com/,shrewsburyclub.com,Indoor and outdoor,Indoor and Outdoor,Yes,2,https://shrewsburyclub.com/ | https://shrewsburyclub.com/youth-program-menu/ | https://shrewsburyclub.com/contact-us/ | https://shrewsburyclub.com/membership/ | https://shrewsburyclub.com/our-facilities/ | https://shrewsburyclub.com/adult-program-menu/ | https://shrewsburyclub.com/tennis-court-bookings/
MA-0311,MA-0311-B,The Shrewsbury Club,20 Contact Us The Shrewsbury Club 3 Tennis Drive,Shrewsbury,01545,MA,https://shrewsburyclub.com/,shrewsburyclub.com,Indoor and outdoor,Indoor and Outdoor,Yes,2,https://shrewsburyclub.com/ | https://shrewsburyclub.com/youth-program-menu/ | https://shrewsburyclub.com/contact-us/ | https://shrewsburyclub.com/membership/ | https://shrewsburyclub.com/our-facilities/ | https://shrewsburyclub.com/adult-program-menu/ | https://shrewsburyclub.com/tennis-court-bookings/
MA-0312,MA-0312-A,The Shrewsbury Club - Discover Central MA,311 Main Street,Worcester,01608,MA,https://www.discovercentralma.org/,discovercentralma.org,Indoor and outdoor,Indoor and Outdoor,No,1,https://www.discovercentralma.org/ | https://www.discovercentralma.org/about-us/ | https://www.discovercentralma.org/contact/ | https://www.discovercentralma.org/membership/
MA-0313,MA-0313-A,The Sportsmen's Tennis & Enrichment Center,950 Blue Hill Avenue,Dorchester,,MA,https://sportsmenstennis.org/,sportsmenstennis.org,Indoor and outdoor,Indoor and Outdoor,No,1,https://sportsmenstennis.org/ | https://sportsmenstennis.org/about/contact/ | https://sportsmenstennis.org/about/ | https://sportsmenstennis.org/about/our-history/ | https://sportsmenstennis.org/about/supporters/ | https://sportsmenstennis.org/membership/
MA-0314,MA-0314-A,The Thoreau Club,,Concord,,MA,https://thoreauclub.com/,thoreauclub.com,Indoor and outdoor,Indoor and Outdoor,No,1,https://thoreauclub.com/ | https://thoreauclub.com/membership/ | https://thoreauclub.com/membership/resources/ | https://thoreauclub.com/membership/benefits/ | https://thoreauclub.com/summer-membership-renewals/ | https://thoreauclub.com/tennis/adult/court-reserve/ | https://thoreauclub.com/tennis/junior/development-program/
MA-0315,MA-0315-A,The Thoreau Club Tennis Academy,,Concord,,MA,https://thethoreauclubtennisacademy.com/,thethoreauclubtennisacademy.com,Indoor and outdoor,Indoor and Outdoor,No,1,https://thethoreauclubtennisacademy.com/ | https://thethoreauclubtennisacademy.com/staff/ | https://thethoreauclubtennisacademy.com/junior-development-program/ | https://thethoreauclubtennisacademy.com/full-time-program/
MA-0316,MA-0316-A,Triangle Lawn Games - Boston | Affordable Yard Game Rentals in Boston,13 Morningside Dr,Beverly,01915,MA,https://www.bostonlawngames.com/,trianglelawngames.com,Indoor and outdoor,Indoor and Outdoor,No,1,https://www.bostonlawngames.com/ | https://www.bostonlawngames.com/contact-us/ | https://www.bostonlawngames.com/lawn-game-rentals-in-boston/ | https://www.bostonlawngames.com/cornhole-tournament-facilitation-in-boston/ | https://www.bostonlawngames.com/about-us/
MA-0317,MA-0317-A,Turner Hill Golf Club,,Ipswich,,MA,https://turnerhill.com/,turnerhill.com,Indoor and outdoor,Indoor and Outdoor,No,1,https://turnerhill.com/ | https://turnerhill.com/Golf/Practice_Facilities | https://turnerhill.com/Membership | https://turnerhill.com/Membership/Request_Information | https://turnerhill.com/About_Us/History | https://turnerhill.com/About_Us/Contact_Us
MA-0318,MA-0318-A,Tyngsboro Sports Center,,Tyngsboro,,MA,https://www.tyngsborosportscenter.com/,tyngsborosportscenter.com,Indoor and outdoor,Indoor and Outdoor,No,1,https://www.tyngsborosportscenter.com/ | https://www.tyngsborosportscenter.com/youth-programs | https://www.tyngsborosportscenter.com/about-tsc | https://www.tyngsborosportscenter.com/rentals | https://www.tyngsborosportscenter.com/programs-by-age | https://www.tyngsborosportscenter.com/membership-and-waiver | https://www.tyngsborosportscenter.com/partner-programs
MA-0319,MA-0319-A,USA Racquetball Homepage,,Attleboro,,MA,https://www.usaracquetball.com/,usaracquetball.com,Indoor and outdoor,Indoor and Outdoor,No,1,https://www.usaracquetball.com/ | https://www.usaracquetball.com/membership | https://www.usaracquetball.com/facility-partnership | https://www.usaracquetball.com/play/court-specification | https://www.usaracquetball.com/contact-us | https://www.usaracquetball.com/about/history | https://www.usaracquetball.com/about
MA-0320,MA-0320-A,USA Volleyball,,New Bedford,,MA,https://usavolleyball.org/,azregionvolleyball.org,Indoor and outdoor,Indoor and Outdoor,No,1,https://usavolleyball.org/ | https://usavolleyball.org/contact/ | https://usavolleyball.org/play/national-team-development-program/ | https://usavolleyball.org/membership/ | https://usavolleyball.org/play/about-sitting-volleyball/ | https://usavolleyball.org/play/national-team-development-program/beach-ntdp/ | https://usavolleyball.org/play/national-team-development-program/indoor-ntdp/
MA-0321,MA-0321-A,Valeo Futbol Club,125 Wells Ave,Newton,02459,MA,https://valeofc.com/,valeofc.com,Indoor and outdoor,Indoor and Outdoor,Yes,2,https://valeofc.com/ | https://valeofc.com/about-us/ | https://valeofc.com/program/ | https://valeofc.com/girls-program/ | https://valeofc.com/program-page-updated/ | https://valeofc.com/facilities-tours/ | https://valeofc.com/contact/
MA-0321,MA-0321-B,Valeo Futbol Club,125 Wells Avenue,Newton,,MA,https://valeofc.com/,valeofc.com,Indoor and outdoor,Indoor and Outdoor,Yes,2,https://valeofc.com/ | https://valeofc.com/about-us/ | https://valeofc.com/program/ | https://valeofc.com/girls-program/ | https://valeofc.com/program-page-updated/ | https://valeofc.com/facilities-tours/ | https://valeofc.com/contact/
MA-0322,MA-0322-A,Viking Sports,,Brookline,,MA,https://www.vikingcamps.com/,vikingcamps.com,Indoor and outdoor,Indoor and Outdoor,No,1,https://www.vikingcamps.com/ | https://www.vikingcamps.com/contact/ | https://www.vikingcamps.com/about/ | https://www.vikingcamps.com/about/employment-opportunities/ | https://www.vikingcamps.com/programs/ | https://www.vikingcamps.com/programs/program-type/summer-camp/ | https://www.vikingcamps.com/programs/program-type/school-vacation-camp/
MA-0323,MA-0323-A,Volo Sports,,,,MA,https://www.volosports.com/,volosports.com,Indoor and outdoor,Indoor and Outdoor,No,1,https://www.volosports.com/ | https://www.volosports.com/about-us | https://www.volosports.com/contact-us
MA-0324,MA-0324-A,Wakefield Recreation: Online Registration by MyRec.com Recreation Management Software,,Wakefield,,MA,https://wakefieldma.myrec.com/info/default.aspx,wakefieldma.myrec.com,Indoor and outdoor,Indoor and Outdoor,No,1,https://wakefieldma.myrec.com/info/default.aspx | https://wakefieldma.myrec.com/info/activities/default.aspx | https://wakefieldma.myrec.com/info/facilities/default.aspx | https://wakefieldma.myrec.com/info/contact/default.aspx | https://wakefieldma.myrec.com/info/activities/
MA-0325,MA-0325-A,Waverley Oaks Athletic Club,,Waltham,,MA,https://waverleyoaks.com/,waverleyoaks.com,Indoor and outdoor,Indoor and Outdoor,No,1,https://waverleyoaks.com/ | https://waverleyoaks.com/about/ | https://waverleyoaks.com/contact-us/ | https://waverleyoaks.com/staff-directory/ | https://waverleyoaks.com/membership/ | https://waverleyoaks.com/new-member-success-program/ | https://waverleyoaks.com/poolprograms/
MA-0326,MA-0326-A,Wayside Athletic Club,,Marlborough,,MA,https://www.waysideathleticclub.com/,waysideathleticclub.com,Indoor and outdoor,Indoor and Outdoor,No,1,https://www.waysideathleticclub.com/ | https://www.waysideathleticclub.com/about/ | https://www.waysideathleticclub.com/membership/ | https://www.waysideathleticclub.com/about/staff/ | https://www.waysideathleticclub.com/about/hours-directions/ | https://www.waysideathleticclub.com/about/work-at-wayside/
MA-0327,MA-0327-A,Welcome to Littleton Public Schools,36 King Street,Littleton,01460,MA,https://www.littletonps.org/,littletonps.org,Indoor and outdoor,Indoor and Outdoor,No,1,https://www.littletonps.org/ | https://www.littletonps.org/contact-us | https://www.littletonps.org/about-our-district/index | https://www.littletonps.org/about-our-district/district-news | https://www.littletonps.org/about-our-district/registration | https://www.littletonps.org/about-our-district/school-choice
MA-0328,MA-0328-A,Wellesley College,319 Speen Street,Natick,01760,MA,https://wellesleyblue.com/,wellesleyblue.com,Indoor and outdoor,Indoor and Outdoor,Yes,7,https://wellesleyblue.com/ | https://wellesleyblue.com/staff-directory | https://wellesleyblue.com/sports/2024/4/24/information-sahandbook-leadership-saac.aspx | https://wellesleyblue.com/facilities | https://wellesleyblue.com/sports/2024/4/24/information-facilities-hoursmembershippolicies.aspx | https://wellesleyblue.com/sports/2024/4/24/information-facilities-visitorsguide-index.aspx | https://wellesleyblue.com/sports/2024/5/28/history.aspx
MA-0328,MA-0328-B,Wellesley College,5000 Courtyard by Marriott 342 Speen St,Natick,01760,MA,https://wellesleyblue.com/,wellesleyblue.com,Indoor and outdoor,Indoor and Outdoor,Yes,7,https://wellesleyblue.com/ | https://wellesleyblue.com/staff-directory | https://wellesleyblue.com/sports/2024/4/24/information-sahandbook-leadership-saac.aspx | https://wellesleyblue.com/facilities | https://wellesleyblue.com/sports/2024/4/24/information-facilities-hoursmembershippolicies.aspx | https://wellesleyblue.com/sports/2024/4/24/information-facilities-visitorsguide-index.aspx | https://wellesleyblue.com/sports/2024/5/28/history.aspx
MA-0328,MA-0328-C,Wellesley College,8800 Sheraton Framingham 1657 Worcester Road,Framingham,01701,MA,https://wellesleyblue.com/,wellesleyblue.com,Indoor and outdoor,Indoor and Outdoor,Yes,7,https://wellesleyblue.com/ | https://wellesleyblue.com/staff-directory | https://wellesleyblue.com/sports/2024/4/24/information-sahandbook-leadership-saac.aspx | https://wellesleyblue.com/facilities | https://wellesleyblue.com/sports/2024/4/24/information-facilities-hoursmembershippolicies.aspx | https://wellesleyblue.com/sports/2024/4/24/information-facilities-visitorsguide-index.aspx | https://wellesleyblue.com/sports/2024/5/28/history.aspx
MA-0328,MA-0328-D,Wellesley College,2345 Commonwealth Avenue,Newton,02166,MA,https://wellesleyblue.com/,wellesleyblue.com,Indoor and outdoor,Indoor and Outdoor,Yes,7,https://wellesleyblue.com/ | https://wellesleyblue.com/staff-directory | https://wellesleyblue.com/sports/2024/4/24/information-sahandbook-leadership-saac.aspx | https://wellesleyblue.com/facilities | https://wellesleyblue.com/sports/2024/4/24/information-facilities-hoursmembershippolicies.aspx | https://wellesleyblue.com/sports/2024/4/24/information-facilities-visitorsguide-index.aspx | https://wellesleyblue.com/sports/2024/5/28/history.aspx
MA-0328,MA-0328-E,Wellesley College,1000 Embassy Suites by Hilton 550 Winter Street,Waltham,02154,MA,https://wellesleyblue.com/,wellesleyblue.com,Indoor and outdoor,Indoor and Outdoor,Yes,7,https://wellesleyblue.com/ | https://wellesleyblue.com/staff-directory | https://wellesleyblue.com/sports/2024/4/24/information-sahandbook-leadership-saac.aspx | https://wellesleyblue.com/facilities | https://wellesleyblue.com/sports/2024/4/24/information-facilities-hoursmembershippolicies.aspx | https://wellesleyblue.com/sports/2024/4/24/information-facilities-visitorsguide-index.aspx | https://wellesleyblue.com/sports/2024/5/28/history.aspx
MA-0328,MA-0328-F,Wellesley College,6767 Residence Inn by Marriott 259 Elm Street,Dedham,02026,MA,https://wellesleyblue.com/,wellesleyblue.com,Indoor and outdoor,Indoor and Outdoor,Yes,7,https://wellesleyblue.com/ | https://wellesleyblue.com/staff-directory | https://wellesleyblue.com/sports/2024/4/24/information-sahandbook-leadership-saac.aspx | https://wellesleyblue.com/facilities | https://wellesleyblue.com/sports/2024/4/24/information-facilities-hoursmembershippolicies.aspx | https://wellesleyblue.com/sports/2024/4/24/information-facilities-visitorsguide-index.aspx | https://wellesleyblue.com/sports/2024/5/28/history.aspx
MA-0328,MA-0328-G,Wellesley College,8300 Sweetgreen 180 Linden St,Wellesley,,MA,https://wellesleyblue.com/,wellesleyblue.com,Indoor and outdoor,Indoor and Outdoor,Yes,7,https://wellesleyblue.com/ | https://wellesleyblue.com/staff-directory | https://wellesleyblue.com/sports/2024/4/24/information-sahandbook-leadership-saac.aspx | https://wellesleyblue.com/facilities | https://wellesleyblue.com/sports/2024/4/24/information-facilities-hoursmembershippolicies.aspx | https://wellesleyblue.com/sports/2024/4/24/information-facilities-visitorsguide-index.aspx | https://wellesleyblue.com/sports/2024/5/28/history.aspx
MA-0329,MA-0329-A,Wellesley Country Club Home Page,,Wellesley,,MA,https://www.wellesleycc.com/,wellesleycc.com,Indoor and outdoor,Indoor and Outdoor,No,1,https://www.wellesleycc.com/ | https://www.wellesleycc.com/about-us | https://www.wellesleycc.com/about-us/employment-opportunities | https://www.wellesleycc.com/about-us/directions | https://www.wellesleycc.com/about-us/guest-information
MA-0330,MA-0330-A,West Suburban YMCA,276 Church St.,Newton,02458,MA,https://wsymca.org/,wsymca.org,Indoor and outdoor,Indoor and Outdoor,Yes,2,https://wsymca.org/ | https://wsymca.org/find-program | https://wsymca.org/fitness-programs | https://wsymca.org/facility-rentals | https://wsymca.org/adaptive-programs | https://wsymca.org/youth-fitness-programs
MA-0330,MA-0330-B,West Suburban YMCA,6050 135 Wells Ave.,Newton,02459,MA,https://wsymca.org/,wsymca.org,Indoor and outdoor,Indoor and Outdoor,Yes,2,https://wsymca.org/ | https://wsymca.org/find-program | https://wsymca.org/fitness-programs | https://wsymca.org/facility-rentals | https://wsymca.org/adaptive-programs | https://wsymca.org/youth-fitness-programs
MA-0331,MA-0331-A,Westboro Tennis & Swim Club Home Page,,Westborough,,MA,https://www.thewestboroclub.com/,thewestboroclub.com,Indoor and outdoor,Indoor and Outdoor,No,1,https://www.thewestboroclub.com/ | https://www.thewestboroclub.com/membership-join | https://www.thewestboroclub.com/fitness-wellness/basketball-court-schedule | https://www.thewestboroclub.com/membership-join/program-sign-up-page | https://www.thewestboroclub.com/membership-join/files | https://www.thewestboroclub.com/the-club/directions | https://www.thewestboroclub.com/the-club
MA-0332,MA-0332-A,Weymouth Club,75 Finnell Drive,Weymouth,,MA,https://www.weymouthclub.com/,weymouthclub.com,Indoor and outdoor,Indoor and Outdoor,No,1,https://www.weymouthclub.com/ | https://www.weymouthclub.com/membership/free-trial/ | https://www.weymouthclub.com/membership/ | https://www.weymouthclub.com/membership/membership-types/ | https://www.weymouthclub.com/membership/current-membership-specials/ | https://www.weymouthclub.com/swim/waves-swim-school/ | https://www.weymouthclub.com/junior-tennis/12-and-under-programs/
MA-0333,MA-0333-A,Wheaton College (MA),,Norton,,MA,https://wheatoncollegelyons.com/,wheatoncollegelyons.com,Indoor and outdoor,Indoor and Outdoor,No,1,https://wheatoncollegelyons.com/ | https://wheatoncollegelyons.com/staff-directory | https://wheatoncollegelyons.com/sports/2023/5/15/search.aspx | https://wheatoncollegelyons.com/sports/2023/5/15/information-facilities-hours.aspx | https://wheatoncollegelyons.com/facilities/balfour-natatorium/1 | https://wheatoncollegelyons.com/facilities/beard-field-house/2 | https://wheatoncollegelyons.com/facilities/clark-softball-field/3
MA-0334,MA-0334-A,Wightman Tennis Center,,Weston,,MA,https://www.wightmantennis.org/,wightmantennis.org,Indoor and outdoor,Indoor and Outdoor,No,1,https://www.wightmantennis.org/ | https://www.wightmantennis.org/membership.html | https://www.wightmantennis.org/contact-us.html | https://www.wightmantennis.org/tennis-programs.html | https://www.wightmantennis.org/meet-the-pros.html | https://www.wightmantennis.org/meet-the-coaches.html | https://www.wightmantennis.org/meet-the-trainers.html
MA-0335,MA-0335-A,Williams College,,Williamstown,,MA,https://ephsports.williams.edu/,ephsports.williams.edu,Indoor and outdoor,Indoor and Outdoor,No,1,https://ephsports.williams.edu/ | https://ephsports.williams.edu/staff-directory | https://ephsports.williams.edu/sports/2020/7/7/EPH-ATHLETIC-FIRSTS.aspx | https://ephsports.williams.edu/sports/2020/7/7/Faculty-Affiliate-Program.aspx | https://ephsports.williams.edu/sports/2020/7/7/Athletic-Facilities.aspx | https://ephsports.williams.edu/sports/2020/7/7/Directions-Athletic-Facilities.aspx | https://ephsports.williams.edu/sports/2026/2/5/2022-23-game-programs.aspx
MA-0336,MA-0336-A,"Woburn Racquet Club | Tennis Club, Tennis Lessons, Tennis Courts ...",9 Webster Street,Woburn,,MA,https://www.woburnracquetclub.com/,woburnracquetclub.com,Indoor and outdoor,Indoor and Outdoor,No,1,https://www.woburnracquetclub.com/ | https://www.woburnracquetclub.com/membership.html | https://www.woburnracquetclub.com/court-fees.html | https://www.woburnracquetclub.com/pickleball-membership.html | https://www.woburnracquetclub.com/group-activities.html | https://www.woburnracquetclub.com/junior-programs.html
MA-0337,MA-0337-A,Wolvesden Pembroke,,Pembroke,,MA,https://wolvesdenpembroke.com/,wolvesdenpembroke.com,Indoor and outdoor,Indoor and Outdoor,No,1,https://wolvesdenpembroke.com/
MA-0338,MA-0338-A,Wootown Volleyball,100 Elliott St,Haverhill,01830,MA,https://www.wootownvolleyball.com/,wootownvolleyball.com,Indoor and outdoor,Indoor and Outdoor,Yes,4,https://www.wootownvolleyball.com/ | https://www.wootownvolleyball.com/membership | https://www.wootownvolleyball.com/facilities | https://www.wootownvolleyball.com/contact
MA-0338,MA-0338-B,Wootown Volleyball,260 Summer St,Fitchburg,01420,MA,https://www.wootownvolleyball.com/,wootownvolleyball.com,Indoor and outdoor,Indoor and Outdoor,Yes,4,https://www.wootownvolleyball.com/ | https://www.wootownvolleyball.com/membership | https://www.wootownvolleyball.com/facilities | https://www.wootownvolleyball.com/contact
MA-0338,MA-0338-C,Wootown Volleyball,100 Game On Way,Fitchburg,01420,MA,https://www.wootownvolleyball.com/,wootownvolleyball.com,Indoor and outdoor,Indoor and Outdoor,Yes,4,https://www.wootownvolleyball.com/ | https://www.wootownvolleyball.com/membership | https://www.wootownvolleyball.com/facilities | https://www.wootownvolleyball.com/contact
MA-0338,MA-0338-D,Wootown Volleyball,75 Quarry Rd,Acton,01720,MA,https://www.wootownvolleyball.com/,wootownvolleyball.com,Indoor and outdoor,Indoor and Outdoor,Yes,4,https://www.wootownvolleyball.com/ | https://www.wootownvolleyball.com/membership | https://www.wootownvolleyball.com/facilities | https://www.wootownvolleyball.com/contact
MA-0339,MA-0339-A,Worcester JCC,,Worcester,,MA,https://www.worcesterjcc.org/,worcesterjcc.org,Indoor and outdoor,Indoor and Outdoor,No,1,https://www.worcesterjcc.org/ | https://www.worcesterjcc.org/membership | https://www.worcesterjcc.org/after-school-program | https://www.worcesterjcc.org/youth-teen-programs | https://www.worcesterjcc.org/summer-camps | https://www.worcesterjcc.org/about-us | https://www.worcesterjcc.org/forms/contact
MA-0340,MA-0340-A,WSTC,,Wayland,,MA,https://waylandswimandtennis.com/,waylandswimandtennis.com,Indoor and outdoor,Indoor and Outdoor,No,1,https://waylandswimandtennis.com/ | https://waylandswimandtennis.com/Contact_info | https://waylandswimandtennis.com/Tennis_Programs | https://waylandswimandtennis.com/Court-Reservations | https://waylandswimandtennis.com/About
MA-0341,MA-0341-A,XL Sports,,Weymouth,,MA,https://xlsportsconsultancy.com/,xlsportsconsultancy.com,Indoor and outdoor,Indoor and Outdoor,No,1,https://xlsportsconsultancy.com/ | https://xlsportsconsultancy.com/contact-us/ | https://xlsportsconsultancy.com/facilities/ | https://xlsportsconsultancy.com/about-us/ | https://xlsportsconsultancy.com/facilities/xl-sports-world/ | https://xlsportsconsultancy.com/facilities/xl-soccer-world-2/ | https://xlsportsconsultancy.com/facilities/xl-soccer-world/
MA-0342,MA-0342-A,YMCA of Greater Boston,,Needham,,MA,https://ymcaboston.org/,ymcaboston.org,Indoor and outdoor,Indoor and Outdoor,No,1,https://ymcaboston.org/ | https://ymcaboston.org/membership/ | https://ymcaboston.org/contact/ | https://ymcaboston.org/about-us/volunteer/ | https://ymcaboston.org/facility-rentals/ | https://ymcaboston.org/about-us/ | https://ymcaboston.org/facility-investments/
MA-0343,MA-0343-A,YMCA of the North Shore,,Beverly,,MA,https://www.northshoreymca.org/,northshoreymca.org,Indoor and outdoor,Indoor and Outdoor,No,1,https://www.northshoreymca.org/ | https://www.northshoreymca.org/membership/ | https://www.northshoreymca.org/specialty-memberships/ | https://www.northshoreymca.org/contact/ | https://www.northshoreymca.org/programs/ | https://www.northshoreymca.org/childcare/
MA-0344,MA-0344-A,YMCA Southcoast,276 Gulf Road,Dartmouth,02748,MA,https://ymcasouthcoast.org/,ymcasouthcoast.org,Indoor and outdoor,Indoor and Outdoor,Yes,15,https://ymcasouthcoast.org/ | https://ymcasouthcoast.org/membership/ | https://ymcasouthcoast.org/programs/ | https://ymcasouthcoast.org/programs/child-care-camps/ | https://ymcasouthcoast.org/programs/child-care-camps/early-learning-child-care/ | https://ymcasouthcoast.org/programs/child-care-camps/summer-day-camp/ | https://ymcasouthcoast.org/programs/child-care-camps/before-afterschool/
MA-0344,MA-0344-B,YMCA Southcoast,3361 FALL RIVER YMCA 199 North Main Street,Fall River,02720,MA,https://ymcasouthcoast.org/,ymcasouthcoast.org,Indoor and outdoor,Indoor and Outdoor,Yes,15,https://ymcasouthcoast.org/ | https://ymcasouthcoast.org/membership/ | https://ymcasouthcoast.org/programs/ | https://ymcasouthcoast.org/programs/child-care-camps/ | https://ymcasouthcoast.org/programs/child-care-camps/early-learning-child-care/ | https://ymcasouthcoast.org/programs/child-care-camps/summer-day-camp/ | https://ymcasouthcoast.org/programs/child-care-camps/before-afterschool/
MA-0344,MA-0344-C,YMCA Southcoast,7841 GLEASON FAMILY YMCA 33 Charge Pond Road,Wareham,02571,MA,https://ymcasouthcoast.org/,ymcasouthcoast.org,Indoor and outdoor,Indoor and Outdoor,Yes,15,https://ymcasouthcoast.org/ | https://ymcasouthcoast.org/membership/ | https://ymcasouthcoast.org/programs/ | https://ymcasouthcoast.org/programs/child-care-camps/ | https://ymcasouthcoast.org/programs/child-care-camps/early-learning-child-care/ | https://ymcasouthcoast.org/programs/child-care-camps/summer-day-camp/ | https://ymcasouthcoast.org/programs/child-care-camps/before-afterschool/
MA-0344,MA-0344-D,YMCA Southcoast,9622 MATTAPOISETT YMCA 38 Reservation Road,Mattapoisett,02739,MA,https://ymcasouthcoast.org/,ymcasouthcoast.org,Indoor and outdoor,Indoor and Outdoor,Yes,15,https://ymcasouthcoast.org/ | https://ymcasouthcoast.org/membership/ | https://ymcasouthcoast.org/programs/ | https://ymcasouthcoast.org/programs/child-care-camps/ | https://ymcasouthcoast.org/programs/child-care-camps/early-learning-child-care/ | https://ymcasouthcoast.org/programs/child-care-camps/summer-day-camp/ | https://ymcasouthcoast.org/programs/child-care-camps/before-afterschool/
MA-0344,MA-0344-E,YMCA Southcoast,4203 NEW BEDFORD YMCA 25 South Water Street,New Bedford,02740,MA,https://ymcasouthcoast.org/,ymcasouthcoast.org,Indoor and outdoor,Indoor and Outdoor,Yes,15,https://ymcasouthcoast.org/ | https://ymcasouthcoast.org/membership/ | https://ymcasouthcoast.org/programs/ | https://ymcasouthcoast.org/programs/child-care-camps/ | https://ymcasouthcoast.org/programs/child-care-camps/early-learning-child-care/ | https://ymcasouthcoast.org/programs/child-care-camps/summer-day-camp/ | https://ymcasouthcoast.org/programs/child-care-camps/before-afterschool/
MA-0344,MA-0344-F,YMCA Southcoast,271 Sharps Lot Road,Swansea,02777,MA,https://ymcasouthcoast.org/,ymcasouthcoast.org,Indoor and outdoor,Indoor and Outdoor,Yes,15,https://ymcasouthcoast.org/ | https://ymcasouthcoast.org/membership/ | https://ymcasouthcoast.org/programs/ | https://ymcasouthcoast.org/programs/child-care-camps/ | https://ymcasouthcoast.org/programs/child-care-camps/early-learning-child-care/ | https://ymcasouthcoast.org/programs/child-care-camps/summer-day-camp/ | https://ymcasouthcoast.org/programs/child-care-camps/before-afterschool/
MA-0344,MA-0344-G,YMCA Southcoast,9622 ASSOCIATION OFFICE 128 Union Street,New Bedford,02740,MA,https://ymcasouthcoast.org/,ymcasouthcoast.org,Indoor and outdoor,Indoor and Outdoor,Yes,15,https://ymcasouthcoast.org/ | https://ymcasouthcoast.org/membership/ | https://ymcasouthcoast.org/programs/ | https://ymcasouthcoast.org/programs/child-care-camps/ | https://ymcasouthcoast.org/programs/child-care-camps/early-learning-child-care/ | https://ymcasouthcoast.org/programs/child-care-camps/summer-day-camp/ | https://ymcasouthcoast.org/programs/child-care-camps/before-afterschool/
MA-0344,MA-0344-H,YMCA Southcoast,25 South Water Street,New Bedford,02740,MA,https://ymcasouthcoast.org/,ymcasouthcoast.org,Indoor and outdoor,Indoor and Outdoor,Yes,15,https://ymcasouthcoast.org/ | https://ymcasouthcoast.org/membership/ | https://ymcasouthcoast.org/programs/ | https://ymcasouthcoast.org/programs/child-care-camps/ | https://ymcasouthcoast.org/programs/child-care-camps/early-learning-child-care/ | https://ymcasouthcoast.org/programs/child-care-camps/summer-day-camp/ | https://ymcasouthcoast.org/programs/child-care-camps/before-afterschool/
MA-0344,MA-0344-I,YMCA Southcoast,38 Reservation Road,Mattapoisett,02739,MA,https://ymcasouthcoast.org/,ymcasouthcoast.org,Indoor and outdoor,Indoor and Outdoor,Yes,15,https://ymcasouthcoast.org/ | https://ymcasouthcoast.org/membership/ | https://ymcasouthcoast.org/programs/ | https://ymcasouthcoast.org/programs/child-care-camps/ | https://ymcasouthcoast.org/programs/child-care-camps/early-learning-child-care/ | https://ymcasouthcoast.org/programs/child-care-camps/summer-day-camp/ | https://ymcasouthcoast.org/programs/child-care-camps/before-afterschool/
MA-0344,MA-0344-J,YMCA Southcoast,33 Charge Pond Road,Wareham,02571,MA,https://ymcasouthcoast.org/,ymcasouthcoast.org,Indoor and outdoor,Indoor and Outdoor,Yes,15,https://ymcasouthcoast.org/ | https://ymcasouthcoast.org/membership/ | https://ymcasouthcoast.org/programs/ | https://ymcasouthcoast.org/programs/child-care-camps/ | https://ymcasouthcoast.org/programs/child-care-camps/early-learning-child-care/ | https://ymcasouthcoast.org/programs/child-care-camps/summer-day-camp/ | https://ymcasouthcoast.org/programs/child-care-camps/before-afterschool/
MA-0344,MA-0344-K,YMCA Southcoast,199 North Main Street,Fall River,,MA,https://ymcasouthcoast.org/,ymcasouthcoast.org,Indoor and outdoor,Indoor and Outdoor,Yes,15,https://ymcasouthcoast.org/ | https://ymcasouthcoast.org/membership/ | https://ymcasouthcoast.org/programs/ | https://ymcasouthcoast.org/programs/child-care-camps/ | https://ymcasouthcoast.org/programs/child-care-camps/early-learning-child-care/ | https://ymcasouthcoast.org/programs/child-care-camps/summer-day-camp/ | https://ymcasouthcoast.org/programs/child-care-camps/before-afterschool/
MA-0344,MA-0344-L,YMCA Southcoast,30 PM POTTER ELEMENTARY 185 Cross Road,North Dartmouth,02747,MA,https://ymcasouthcoast.org/,ymcasouthcoast.org,Indoor and outdoor,Indoor and Outdoor,Yes,15,https://ymcasouthcoast.org/ | https://ymcasouthcoast.org/membership/ | https://ymcasouthcoast.org/programs/ | https://ymcasouthcoast.org/programs/child-care-camps/ | https://ymcasouthcoast.org/programs/child-care-camps/early-learning-child-care/ | https://ymcasouthcoast.org/programs/child-care-camps/summer-day-camp/ | https://ymcasouthcoast.org/programs/child-care-camps/before-afterschool/
MA-0344,MA-0344-M,YMCA Southcoast,199 North Main Street,Fall River,02720,MA,https://ymcasouthcoast.org/,ymcasouthcoast.org,Indoor and outdoor,Indoor and Outdoor,Yes,15,https://ymcasouthcoast.org/ | https://ymcasouthcoast.org/membership/ | https://ymcasouthcoast.org/programs/ | https://ymcasouthcoast.org/programs/child-care-camps/ | https://ymcasouthcoast.org/programs/child-care-camps/early-learning-child-care/ | https://ymcasouthcoast.org/programs/child-care-camps/summer-day-camp/ | https://ymcasouthcoast.org/programs/child-care-camps/before-afterschool/
MA-0344,MA-0344-N,YMCA Southcoast,30 PM SIPPICAN ELEMENTARY SCHOOL 16 Spring Street,Marion,02738,MA,https://ymcasouthcoast.org/,ymcasouthcoast.org,Indoor and outdoor,Indoor and Outdoor,Yes,15,https://ymcasouthcoast.org/ | https://ymcasouthcoast.org/membership/ | https://ymcasouthcoast.org/programs/ | https://ymcasouthcoast.org/programs/child-care-camps/ | https://ymcasouthcoast.org/programs/child-care-camps/early-learning-child-care/ | https://ymcasouthcoast.org/programs/child-care-camps/summer-day-camp/ | https://ymcasouthcoast.org/programs/child-care-camps/before-afterschool/
MA-0344,MA-0344-O,YMCA Southcoast,247 Elm Street,New Bedford,02740,MA,https://ymcasouthcoast.org/,ymcasouthcoast.org,Indoor and outdoor,Indoor and Outdoor,Yes,15,https://ymcasouthcoast.org/ | https://ymcasouthcoast.org/membership/ | https://ymcasouthcoast.org/programs/ | https://ymcasouthcoast.org/programs/child-care-camps/ | https://ymcasouthcoast.org/programs/child-care-camps/early-learning-child-care/ | https://ymcasouthcoast.org/programs/child-care-camps/summer-day-camp/ | https://ymcasouthcoast.org/programs/child-care-camps/before-afterschool/
MA-0345,MA-0345-A,YWCA of Northeastern Massachusetts,200 Common Street,Lawrence,,MA,https://ywcanema.org/,ywcanema.org,Indoor and outdoor,Indoor and Outdoor,No,1,https://ywcanema.org/ | https://ywcanema.org/services/sexual-assault-program/ | https://ywcanema.org/residential-programs/ | https://ywcanema.org/services/single-resident-occupancy-program/ | https://ywcanema.org/services/enrichment-programs/ | https://ywcanema.org/services/advocacy-services/ | https://ywcanema.org/about/
MA-0346,MA-0346-A,"A Private Day School in Wellesley, MA",78 Benvenue Street,Wellesley,02482,MA,https://www.tenacrecds.org/,tenacrecds.org,Indoor,Confirmed Indoor,No,1,https://www.tenacrecds.org/ | https://www.tenacrecds.org/about | https://www.tenacrecds.org/about/welcome-from-head-of-school | https://www.tenacrecds.org/about/mission-and-philosophy | https://www.tenacrecds.org/about/diversity-equity-and-inclusion | https://www.tenacrecds.org/about/governance | https://www.tenacrecds.org/about/quick-facts | https://www.tenacrecds.org/about/meet-the-staff | https://www.tenacrecds.org/about/community-events | https://www.tenacrecds.org/about/facility-rentals | https://www.tenacrecds.org/about/history | https://www.tenacrecds.org/about/career-opportunities | https://www.tenacrecds.org/about/success-by-design
MA-0347,MA-0347-A,Austin Preparatory School,,,,MA,https://www.austinprep.org/,austinprep.org,Indoor and outdoor,Indoor and Outdoor,No,1,https://www.austinprep.org/ | https://www.austinprep.org/about-us/welcome | https://www.austinprep.org/about-us/our-history | https://www.austinprep.org/about-us/mission-inclusion | https://www.austinprep.org/about-us/board-of-trustees | https://www.austinprep.org/about-us/head-of-school | https://www.austinprep.org/about-us/school-news | https://www.austinprep.org/about-us/kaleidoscope-crew | https://www.austinprep.org/about-us/careers | https://www.austinprep.org/about-us/faculty-staff-directory | https://www.austinprep.org/about-us/faculty-development | https://www.austinprep.org/about-us/campus-map | https://www.austinprep.org/about-us/strategic-plan
MA-0348,MA-0348-A,Bridgewater St.,235 North Pearl Street,Brockton,,MA,https://bsubears.com/landing/index,bsubears.com,Indoor and outdoor,Indoor and Outdoor,Yes,4,https://bsubears.com/landing/index | https://bsubears.com/InsideAthletics/VisitingTeams/Index | https://bsubears.com/InsideAthletics/Facilities/Directions_to_BSC | https://bsubears.com/InsideAthletics/Facilities/great_hill_index | https://bsubears.com/Campus_Recreation/BearBike_Rental-index | https://bsubears.com/Campus_Recreation/Fitness/ThornburgFitCtr/facility_hours | https://bsubears.com/InsideAthletics/Facilities/BearPaw/Bear_Paw | https://bsubears.com/InsideAthletics/Facilities/Tinsley/NEW_Locker_Rooms/index | https://bsubears.com/InsideAthletics/Facilities/Tinsley/tinsley_index | https://www.bsubears.com/InsideAthletics/Facilities/AParkphotos/alumni_park_index | https://www.bsubears.com/InsideAthletics/Facilities/athletic_complex_index | https://www.bsubears.com/InsideAthletics/Facilities/kelly_gym_index
MA-0348,MA-0348-B,Bridgewater St.,34 Park Ave,Bridgewater,,MA,https://bsubears.com/landing/index,bsubears.com,Indoor and outdoor,Indoor and Outdoor,Yes,4,https://bsubears.com/landing/index | https://bsubears.com/InsideAthletics/VisitingTeams/Index | https://bsubears.com/InsideAthletics/Facilities/Directions_to_BSC | https://bsubears.com/InsideAthletics/Facilities/great_hill_index | https://bsubears.com/Campus_Recreation/BearBike_Rental-index | https://bsubears.com/Campus_Recreation/Fitness/ThornburgFitCtr/facility_hours | https://bsubears.com/InsideAthletics/Facilities/BearPaw/Bear_Paw | https://bsubears.com/InsideAthletics/Facilities/Tinsley/NEW_Locker_Rooms/index | https://bsubears.com/InsideAthletics/Facilities/Tinsley/tinsley_index | https://www.bsubears.com/InsideAthletics/Facilities/AParkphotos/alumni_park_index | https://www.bsubears.com/InsideAthletics/Facilities/athletic_complex_index | https://www.bsubears.com/InsideAthletics/Facilities/kelly_gym_index
MA-0348,MA-0348-C,Bridgewater St.,325 Plymouth Street,Bridgewater,,MA,https://bsubears.com/landing/index,bsubears.com,Indoor and outdoor,Indoor and Outdoor,Yes,4,https://bsubears.com/landing/index | https://bsubears.com/InsideAthletics/VisitingTeams/Index | https://bsubears.com/InsideAthletics/Facilities/Directions_to_BSC | https://bsubears.com/InsideAthletics/Facilities/great_hill_index | https://bsubears.com/Campus_Recreation/BearBike_Rental-index | https://bsubears.com/Campus_Recreation/Fitness/ThornburgFitCtr/facility_hours | https://bsubears.com/InsideAthletics/Facilities/BearPaw/Bear_Paw | https://bsubears.com/InsideAthletics/Facilities/Tinsley/NEW_Locker_Rooms/index | https://bsubears.com/InsideAthletics/Facilities/Tinsley/tinsley_index | https://www.bsubears.com/InsideAthletics/Facilities/AParkphotos/alumni_park_index | https://www.bsubears.com/InsideAthletics/Facilities/athletic_complex_index | https://www.bsubears.com/InsideAthletics/Facilities/kelly_gym_index
MA-0348,MA-0348-D,Bridgewater St.,200 Great Hill Drive,Bridgewater,,MA,https://bsubears.com/landing/index,bsubears.com,Indoor and outdoor,Indoor and Outdoor,Yes,4,https://bsubears.com/landing/index | https://bsubears.com/InsideAthletics/VisitingTeams/Index | https://bsubears.com/InsideAthletics/Facilities/Directions_to_BSC | https://bsubears.com/InsideAthletics/Facilities/great_hill_index | https://bsubears.com/Campus_Recreation/BearBike_Rental-index | https://bsubears.com/Campus_Recreation/Fitness/ThornburgFitCtr/facility_hours | https://bsubears.com/InsideAthletics/Facilities/BearPaw/Bear_Paw | https://bsubears.com/InsideAthletics/Facilities/Tinsley/NEW_Locker_Rooms/index | https://bsubears.com/InsideAthletics/Facilities/Tinsley/tinsley_index | https://www.bsubears.com/InsideAthletics/Facilities/AParkphotos/alumni_park_index | https://www.bsubears.com/InsideAthletics/Facilities/athletic_complex_index | https://www.bsubears.com/InsideAthletics/Facilities/kelly_gym_index
MA-0349,MA-0349-A,Brookline Tennis,,West Roxbury,,MA,https://www.brooklinetennis.com/,brooklinetennis.com,Indoor,Confirmed Indoor,No,1,https://www.brooklinetennis.com/ | https://www.brooklinetennis.com/about/ | https://www.brooklinetennis.com/about/staff/ | https://www.brooklinetennis.com/about/testimonials/ | https://www.brooklinetennis.com/faqs/
MA-0350,MA-0350-A,Cape Cod Academy,,Osterville,,MA,https://www.capecodacademy.org/,capecodacademy.org,Indoor and outdoor,Indoor and Outdoor,No,1,https://www.capecodacademy.org/ | https://www.capecodacademy.org/about | https://www.capecodacademy.org/about/overview | https://www.capecodacademy.org/about/history | https://www.capecodacademy.org/about/mission-values--priorities | https://www.capecodacademy.org/about/leadership--vision | https://www.capecodacademy.org/about/board-of-trustees | https://www.capecodacademy.org/about/faculty--staff | https://www.capecodacademy.org/about/belonging-at-cca | https://www.capecodacademy.org/about/campus | https://www.capecodacademy.org/about/parents-association | https://www.capecodacademy.org/about/employment | https://www.capecodacademy.org/about/news
MA-0351,MA-0351-A,Concord-Carlisle Regional School District,,,,MA,https://www.concordps.org/,concordps.org,Indoor and outdoor,Indoor and Outdoor,No,1,https://www.concordps.org/ | https://www.concordps.org/administration/finance-and-operations/facilities | https://www.concordps.org/administration/food-and-nutrition-services/parent-information-about-school-meals | https://www.concordps.org/deib/metco/faq | https://www.concordps.org/community-resources/community-use-and-building-rental | https://www.concordps.org/district-resources/school-hours | https://www.concordps.org/school-committee/amenities-building
MA-0352,MA-0352-A,First Design ( Pro Services ),40 Priscilla Ave,Norfolk,,MA,https://metrowestvbc.org/,metrowestvbc.org,Indoor,Confirmed Indoor,No,1,https://metrowestvbc.org/ | https://metrowestvbc.org/schedules/tournament-schedule/ | https://metrowestvbc.org/schedules/tournament-locations/ | https://metrowestvbc.org/schedules/tournament-directions/ | https://metrowestvbc.org/about-us/ | https://metrowestvbc.org/about-us/camps-and-clinics-2/ | https://metrowestvbc.org/about-us/coaches/ | https://metrowestvbc.org/about-us/the-club-director/ | https://metrowestvbc.org/about-us/team-rosters/ | https://metrowestvbc.org/about-us/additional-resources/
MA-0353,MA-0353-A,George Washington University Athletics,,,,MA,https://gwsports.com/,gwsports.com,Indoor and outdoor,Indoor and Outdoor,No,1,https://gwsports.com/ | https://gwsports.com/sports/womens-gymnastics | https://gwsports.com/sports/womens-gymnastics/schedule | https://gwsports.com/sports/womens-gymnastics/roster | https://gwsports.com/sports/2021/2/12/about-us | https://gwsports.com/sports/2026/5/5/mount-vernon-pool-membership | https://gwsports.com/sports/2025/6/23/digital-ticket-faq | https://gwsports.com/sports/2018/7/23/buffandbluefund-buff-and-blue-fund-html | https://gwsports.com/sports/2018/7/23/facilities-gewa-baskbl-facility-html | https://gwsports.com/sports/2018/7/23/facilities-gewa-vernon-facility-html | https://gwsports.com/sports/2018/7/23/facilities-gewa-basebl-facility-html | https://gwsports.com/form/28 | https://gwsports.com/sports/2018/7/23/facilities-smith-rental-html
MA-0354,MA-0354-A,Glen Urquhart School,,Beverly,,MA,https://www.gus.org/,gus.org,Indoor,Confirmed Indoor,No,1,https://www.gus.org/ | https://www.gus.org/about | https://www.gus.org/events/2026/9/21/wild-boar-classic-2026 | https://www.gus.org/facility-rentals
MA-0355,MA-0355-A,Lawrence Boys & Girls Club,136 Water Street,Lawrence,01841,MA,https://www.lawrencebgc.com/,lawrencebgc.com,Indoor,Confirmed Indoor,No,1,https://www.lawrencebgc.com/ | https://www.lawrencebgc.com/members/programs/ | https://www.lawrencebgc.com/members/join-the-club/ | https://www.lawrencebgc.com/locations/ | https://www.lawrencebgc.com/members/ | https://www.lawrencebgc.com/contact-us/rental-opportunities/
MA-0356,MA-0356-A,Methuen High School,,,,MA,https://www.methuenrangers.com/,methuen.k12.ma.us,Indoor,Confirmed Indoor,No,1,https://www.methuenrangers.com/ | https://www.methuenrangers.com/winter-sports/gymnastics/ | https://www.methuenrangers.com/winter-sports/gymnastics-girls/ | https://www.methuenrangers.com/winter-sports/indoor-track-boys/ | https://www.methuenrangers.com/winter-sports/indoor-track-girls/ | https://www.methuenrangers.com/mhs-athletics-golf-tournament-a-huge-success/
MA-0357,MA-0357-A,NYSC,,Boston,,MA,https://www.newyorksportsclubs.com/,newyorksportsclubs.com,Indoor,Confirmed Indoor,No,1,https://www.newyorksportsclubs.com/ | https://www.newyorksportsclubs.com/find-a-gym/ | https://www.newyorksportsclubs.com/new-member-programs/ | https://www.newyorksportsclubs.com/about-us/ | https://www.newyorksportsclubs.com/experiences
MA-0358,MA-0358-A,Pingree School,,,,MA,https://www.pingree.org/,pingree.org,Indoor and outdoor,Indoor and Outdoor,No,1,https://www.pingree.org/ | https://www.pingree.org/about | https://www.pingree.org/about/leadership | https://www.pingree.org/about/our-campus | https://www.pingree.org/about/careers | https://www.pingree.org/about/news | https://www.pingree.org/athletics/facilities | https://www.pingree.org/about/careers/fellowship | https://www.pingree.org/about/faculty-staff-directory | https://www.pingree.org/about/news/livestream | https://www.pingree.org/post-details/~board/homepage-news/post/salem-news-highlights-pingrees-new-girls-varsity-hockey-coach-michelle-roach | https://www.pingree.org/post-details/~board/homepage-news/post/class-of-2026-commits-to-collegiate-athletics | https://www.pingree.org/post-details/~board/homepage-news/post/winter-athletics-recap-20252026-1782910144710
MA-0359,MA-0359-A,Randolph High School (MA),,Randolph,,MA,https://www.bluedevilsathletics.com/,randolph.k12.ma.us,Indoor,Confirmed Indoor,No,1,https://www.bluedevilsathletics.com/ | https://www.bluedevilsathletics.com/hs-winter/boys-indoor-track-varsity/ | https://www.bluedevilsathletics.com/hs-winter/boys-indoor-track-jv/ | https://www.bluedevilsathletics.com/hs-winter/girls-indoor-track-varsity/ | https://www.bluedevilsathletics.com/hs-winter/girls-indoor-track-jv/
MA-0360,MA-0360-A,Scituate Youth Center,,Scituate,,MA,https://scituateyouthcenter.org/,scituateyouthcenter.org,Indoor,Confirmed Indoor,No,1,https://scituateyouthcenter.org/ | https://scituateyouthcenter.org/field-locations/
MA-0361,MA-0361-A,St. Sebastian's,1191 Greendale Avenue,Needham,02492,MA,https://www.stsebs.org/,stsebs.org,Indoor and outdoor,Indoor and Outdoor,No,1,https://www.stsebs.org/ | https://www.stsebs.org/about | https://www.stsebs.org/about/mission-history | https://www.stsebs.org/about/welcome | https://www.stsebs.org/about/school-leadership | https://www.stsebs.org/about/strategic-plan | https://www.stsebs.org/about/inclusion | https://www.stsebs.org/about/faculty-staff-directory | https://www.stsebs.org/about/campus | https://www.stsebs.org/about/news-media | https://www.stsebs.org/admissions/visit | https://www.stsebs.org/athletics/athletics-facilities | https://www.stsebs.org/arts/arts-facilities
MA-0362,MA-0362-A,Yankee.org USAV Yankee Volleyball Tournaments Boston New England,,Boston,,MA,https://yankee.org/,yankee.org,Indoor and outdoor,Indoor and Outdoor,No,1,https://yankee.org/ | https://yankee.org/memberships/login | https://yankee.org/tournaments | https://yankee.org/tournaments/upcoming-tournaments | https://yankee.org/tournaments/results | https://yankee.org/tournaments/directions | https://yankee.org/tournaments/tournament-directors | https://yankee.org/tournaments/td-guidelines | https://yankee.org/tournaments/yankee-championship-regional-guidelines | https://yankee.org/tournaments/usav-open | https://yankee.org/tournaments/scramble-tournaments | https://yankee.org/tournaments/yankee-picnic | https://yankee.org/tournaments/referee-tournament-report
