Facility ID,Location ID,Facility Name,Branch Street,Branch City,Branch ZIP,State,Website,Company Domain,Indoor Court Status,Qualification Status,Is Multi Location,Location Count,Source URLs
OH-0001,OH-0001-A,3N Sports,,Columbus,,OH,https://www.3nsports.com/,3nsports.com,Indoor,Confirmed Indoor,No,1,https://www.3nsports.com/ | https://www.3nsports.com/programs/ | https://www.3nsports.com/programs/basketball-training/ | https://www.3nsports.com/programs/weight-speed-and-agility-training/ | https://www.3nsports.com/shoot-a-way-rentals/ | https://www.3nsports.com/staff/ | https://www.3nsports.com/contact-us/
OH-0002,OH-0002-A,614 Futsal,4205 Clime Rd,Columbus,43228,OH,https://www.614futsal.com/,614futsal.com,Indoor,Confirmed Indoor,Yes,2,https://www.614futsal.com/ | https://www.614futsal.com/about
OH-0002,OH-0002-B,614 Futsal,5101 Swickard Woods Blvd,New Albany,43054,OH,https://www.614futsal.com/,614futsal.com,Indoor,Confirmed Indoor,Yes,2,https://www.614futsal.com/ | https://www.614futsal.com/about
OH-0003,OH-0003-A,AiR CiTY CHiX,1321 Research Park Dr.,Dayton,45432,OH,https://aircitychicks.com/,aircitychicks.com,Indoor,Confirmed Indoor,No,1,https://aircitychicks.com/ | http://www.aircitychicks.com/programs.htm | http://www.aircitychicks.com/staff.htm | https://aircitychicks.com/programs.htm | https://aircitychicks.com/staff.htm | https://www.aircitychicks.com/programs.htm
OH-0004,OH-0004-A,Akron Area YMCA Home Page,,Akron,,OH,https://www.akronymca.org/,akronymca.org,Indoor,Confirmed Indoor,No,1,https://www.akronymca.org/ | https://www.akronymca.org/programs/adult-fitness | https://www.akronymca.org/programs/adult-fitness/group-exercises-classes | https://www.akronymca.org/programs/adult-fitness/active-older-adults | https://www.akronymca.org/programs/wellness | https://www.akronymca.org/programs/wellness/weight-loss-program
OH-0005,OH-0005-A,All In One Sports Training Complex,,Columbus,,OH,https://allinon3sports.com/,allinon3sports.com,Indoor,Confirmed Indoor,No,1,https://allinon3sports.com/
OH-0006,OH-0006-A,"American Barbell Athletic Club | Gym, Training & Fitness in Canal Winchester, OH",,Canal Winchester,,OH,https://www.americanbarbellohio.com/,americanbarbellohio.com,Indoor,Confirmed Indoor,No,1,https://www.americanbarbellohio.com/ | https://www.americanbarbellohio.com/memberships-hours | https://www.americanbarbellohio.com/court-rentals | https://www.americanbarbellohio.com/contact | https://www.americanbarbellohio.com/home | https://www.americanbarbellohio.com/family-memberships
OH-0007,OH-0007-A,AMP Field House,,Oakwood Village,,OH,https://www.ampfieldhouse.com/,ampfieldhouse.com,Indoor,Confirmed Indoor,No,1,https://www.ampfieldhouse.com/
OH-0008,OH-0008-A,Anthony Wayne Local School District,9565 Bucher Road,Whitehouse,,OH,https://www.anthonywayneschools.org/,anthonywayneschools.org,Indoor,Confirmed Indoor,No,1,https://www.anthonywayneschools.org/ | https://www.anthonywayneschools.org/Contact | https://www.anthonywayneschools.org/About | https://www.anthonywayneschools.org/FacilitiesMasterPlan | https://www.anthonywayneschools.org/PreschoolProgram | https://www.anthonywayneschools.org/FacilitiesUseRequests
OH-0009,OH-0009-A,Ashland University Home,401 College Avenue,Ashland,44805,OH,https://www.ashland.edu/,ashland.edu,Indoor,Confirmed Indoor,No,1,https://www.ashland.edu/ | https://www.ashland.edu/academic-programs | https://www.ashland.edu/pre-professional-programs | https://www.ashland.edu/faculty-directory | https://www.ashland.edu/athletics | https://www.ashland.edu/about/university-calendars | https://www.ashland.edu/graduate-programs-tuition-fees
OH-0010,OH-0010-A,Aspire Sports,,Columbus,,OH,https://aspiresportsohio.com/,aspiresportsohio.com,Indoor,Confirmed Indoor,No,1,https://aspiresportsohio.com/ | https://aspiresportsohio.com/programs | https://aspiresportsohio.com/about | https://aspiresportsohio.com/youth/leagues | https://aspiresportsohio.com/youth | https://aspiresportsohio.com/adult
OH-0011,OH-0011-A,AVCA,,Columbus,,OH,https://www.avca.org/,avca.org,Indoor,Confirmed Indoor,No,1,https://www.avca.org/ | https://www.avca.org/polls-awards/polls/about-avca-polls/ | https://www.avca.org/polls-awards/awards-directory/ | https://www.avca.org/polls-awards/awards-directory/all-awards/ | https://www.avca.org/polls-awards/awards-directory/certificates/ | https://www.avca.org/resources-education/mentoring-program/ | https://www.avca.org/news-events/convention/
OH-0012,OH-0012-A,Avon Oaks Country Club,32300 Detroit Road,Avon,44011,OH,https://www.avonoakscc.com/,avonoakscc.com,Indoor,Confirmed Indoor,No,1,https://www.avonoakscc.com/ | https://www.avonoakscc.com/golf/golf/the-staff | https://www.avonoakscc.com/golf/avon-oaks-staff | https://www.avonoakscc.com/contact
OH-0013,OH-0013-A,Barber & Hoffman,,Cleveland,,OH,https://barberhoffman.com/,barberhoffman.com,Indoor,Confirmed Indoor,No,1,https://barberhoffman.com/ | https://barberhoffman.com/about-us/ | https://barberhoffman.com/contact/
OH-0014,OH-0014-A,Barcelona United,1449 Refugee Rd,Pickerington,43147,OH,https://barcelonaunited.net/,barcelonaunited.net,Indoor,Confirmed Indoor,Yes,2,https://barcelonaunited.net/ | https://barcelonaunited.net/club-info/contact-information-leadership-and-coaching-staff | https://barcelonaunited.net/club-info/coaching-staff-videos | https://barcelonaunited.net/programs | https://barcelonaunited.net/programs/summer-camps-and-summer-school-of-excellence | https://barcelonaunited.net/programs/goalkeeper-training | https://barcelonaunited.net/programs/youth-development-academy
OH-0014,OH-0014-B,Barcelona United,3506 Rohr Rd,Groveport,43125,OH,https://barcelonaunited.net/,barcelonaunited.net,Indoor,Confirmed Indoor,Yes,2,https://barcelonaunited.net/ | https://barcelonaunited.net/club-info/contact-information-leadership-and-coaching-staff | https://barcelonaunited.net/club-info/coaching-staff-videos | https://barcelonaunited.net/programs | https://barcelonaunited.net/programs/summer-camps-and-summer-school-of-excellence | https://barcelonaunited.net/programs/goalkeeper-training | https://barcelonaunited.net/programs/youth-development-academy
OH-0015,OH-0015-A,Barn Rental,,Ashville,,OH,https://www.thebarnrental.com/,thebarnrental.com,Indoor,Confirmed Indoor,No,1,https://www.thebarnrental.com/ | https://www.thebarnrental.com/about | https://www.thebarnrental.com/contact
OH-0016,OH-0016-A,Barrington Golf Club,,Aurora,,OH,https://barringtongolfclub.com/,barringtongolf.org,Indoor,Confirmed Indoor,No,1,https://barringtongolfclub.com/ | https://barringtongolfclub.com/become-a-member | https://barringtongolfclub.com/about-us | https://barringtongolfclub.com/contact-us | https://barringtongolfclub.com/golf
OH-0017,OH-0017-A,Basketball Shooting Machine,,Brunswick,,OH,https://www.drdishbasketball.com/,drdishbasketball.com,Indoor,Confirmed Indoor,No,1,https://www.drdishbasketball.com/ | https://www.drdishbasketball.com/upgrade | https://www.drdishbasketball.com/home/membership | https://www.drdishbasketball.com/facilities | https://www.drdishbasketball.com/facilities/products/fclty | https://www.drdishbasketball.com/facilities/products/fclty1 | https://www.drdishbasketball.com/facilities/featured
OH-0018,OH-0018-A,Bethel University (Ind),,,,OH,https://bupilots.com/,bupilots.com,Indoor,Confirmed Indoor,No,1,https://bupilots.com/ | https://bupilots.com/sports/2022/4/27/about-bu-athletics | https://bupilots.com/staff-directory | https://bupilots.com/sports/2022/4/27/salt | https://bupilots.com/documents/2025/10/9/Bethel_University_Athletics_NIL_policy__1_.pdf | https://bupilots.com/facilities | https://bupilots.com/facilities/amen-corner/9
OH-0019,OH-0019-A,Big Walnut SA,,Sunbury,,OH,https://bigwalnutsoccer.com/,bigwalnutsoccer.com,Indoor,Confirmed Indoor,No,1,https://bigwalnutsoccer.com/ | https://bigwalnutsoccer.com/gotsport/programs/ | https://bigwalnutsoccer.com/contact-us/ | https://bigwalnutsoccer.com/about/ | https://bigwalnutsoccer.com/gotsport_programs/program-89441/ | https://bigwalnutsoccer.com/gotsport_programs/program-89979/ | https://bigwalnutsoccer.com/gotsport_programs/program-89970/
OH-0020,OH-0020-A,Bounceland Mentor OH,,Mentor,,OH,https://bouncelandrentals.com/,bouncelandrentals.com,Indoor,Confirmed Indoor,No,1,https://bouncelandrentals.com/ | https://bouncelandrentals.com/rentals/ | https://bouncelandrentals.com/rentals/bounce-houses/ | https://bouncelandrentals.com/rentals/water-slides/ | https://bouncelandrentals.com/about-us/ | https://bouncelandrentals.com/contact-us/ | https://bouncelandrentals.com/rentals/bounce-houses/mega-rainbow-combo/
OH-0021,OH-0021-A,CAPS Fieldhouse,,,,OH,https://capsfieldhouse.com/,capsfieldhouse.com,Indoor,Confirmed Indoor,No,1,https://capsfieldhouse.com/ | https://capsfieldhouse.com/programs/youth/ | https://capsfieldhouse.com/programs/adult/ | https://capsfieldhouse.com/programs/training/ | https://capsfieldhouse.com/rentals/field-rentals/ | https://capsfieldhouse.com/rentals/birthday-parties/
OH-0022,OH-0022-A,Case Western Reserve University,10900 Euclid Ave.,Cleveland,44106,OH,https://case.edu/,case.edu,Indoor,Confirmed Indoor,No,1,https://case.edu/ | https://case.edu/admission/academics | https://case.edu/programs/ | https://case.edu/admission/academics/areas-study/performing-arts | https://case.edu/news/meet-four-students-who-received-graduate-research-fellowship-program-awards-us-national-science-foundation | https://case.edu/umc/about-us/contact-our-team
OH-0023,OH-0023-A,Cedar Point Sports Center,,Sandusky,,OH,https://cpsports.com/,cpsports.com,Indoor,Confirmed Indoor,No,1,https://cpsports.com/ | https://cpsports.com/cpsports/about/facility | https://cpsports.com/cpsports/about/jobs | https://cpsports.com/cpsports/about/courtside-cafe | https://cpsports.com/cpsports/about/frequently-asked-questions | https://cpsports.com/cpsports/contact
OH-0024,OH-0024-A,Cedarville University Athletics,,Cedarville,,OH,https://yellowjackets.cedarville.edu/,yellowjackets.cedarville.edu,Indoor,Confirmed Indoor,No,1,https://yellowjackets.cedarville.edu/ | https://yellowjackets.cedarville.edu/facilities | https://yellowjackets.cedarville.edu/staff-directory
OH-0025,OH-0025-A,Center Court Tennis Club - www.centercourttennisclub.com,,Broadview Heights,,OH,https://www.centercourttennisclub.com/pages/index.cfm?siteid=22333,centercourttennisclub.com,Indoor,Confirmed Indoor,No,1,https://www.centercourttennisclub.com/pages/index.cfm?siteid=22333
OH-0026,OH-0026-A,"Chardon High School (Chardon, OH) Athletics",,Chardon,,OH,https://www.chardonathletics.com/,chardonathletics.com,Indoor,Confirmed Indoor,No,1,https://www.chardonathletics.com/ | https://www.chardonathletics.com/facilities
OH-0027,OH-0027-A,"Cleveland Plays: Co-Ed Sports Leagues in Cleveland: Volleyball, Football, Basketball, Softball, Soccer, and many other team sports.",,,,OH,https://users.clevelandplays.com/,users.clevelandplays.com,Indoor,Confirmed Indoor,No,1,https://users.clevelandplays.com/ | https://users.clevelandplays.com/about | https://users.clevelandplays.com/contact
OH-0028,OH-0028-A,Cleveland State University,,Cleveland,,OH,https://csuvikings.com/,csuvikings.com,Indoor,Confirmed Indoor,No,1,https://csuvikings.com/ | https://csuvikings.com/facilities | https://csuvikings.com/sports/2024/5/10/FAR-Page.aspx | https://csuvikings.com/sports/2024/5/10/information-directory-Constituency-Page.aspx | https://csuvikings.com/sports/2024/5/10/general-2022-23-files-2023-24-Internships.aspx | https://csuvikings.com/staff-directory | https://csuvikings.com/sports/2024/8/20/athletics-counselor.aspx
OH-0029,OH-0029-A,Columbus FieldhouseUSA,,Columbus,,OH,https://columbus.fieldhouseusa.com/,columbus.fieldhouseusa.com,Indoor,Confirmed Indoor,No,1,https://columbus.fieldhouseusa.com/ | https://columbus.fieldhouseusa.com/sports/ | https://columbus.fieldhouseusa.com/contact/ | https://columbus.fieldhouseusa.com/about/ | https://columbus.fieldhouseusa.com/join/
OH-0030,OH-0030-A,COMMUNITY-B BASKETBALL COURT & INDOOR TURF FACILITY,9945 E. Washington Street,Chagrin Falls,,OH,https://community-b.com/index.html,community-b.com,Indoor,Confirmed Indoor,No,1,https://community-b.com/index.html | https://community-b.com/facility-photos--rates.html | https://community-b.com/about.html
OH-0031,OH-0031-A,Cookin,,Canton,,OH,https://cookinpickleballclub.com/,cookinpickleballclub.com,Indoor,Confirmed Indoor,No,1,https://cookinpickleballclub.com/
OH-0032,OH-0032-A,Cornerstone Athletic Center,,Columbus,,OH,https://www.cornerstoneathlete.com/,cornerstoneathlete.com,Indoor,Confirmed Indoor,No,1,https://www.cornerstoneathlete.com/ | https://www.cornerstoneathlete.com/aboutus | https://www.cornerstoneathlete.com/page/show/6597836-court-or-facility-rental
OH-0033,OH-0033-A,Courts 4 Sports,854 Reading Rd,Mason,45040,OH,https://masonsportscenter.com/,masonsportscenter.com,Indoor,Confirmed Indoor,No,1,https://masonsportscenter.com/ | https://masonsportscenter.com/explosion-athletics/ | https://masonsportscenter.com/facility-rentals/ | https://masonsportscenter.com/futsal/
OH-0034,OH-0034-A,Elevate Sports Training,,Dayton,,OH,https://www.elevatesportsdayton.com/,elevatesportsdayton.com,Indoor,Confirmed Indoor,No,1,https://www.elevatesportsdayton.com/ | https://www.elevatesportsdayton.com/team-4 | https://www.elevatesportsdayton.com/training
OH-0035,OH-0035-A,Elite Volleyball Training Center,,Plain City,,OH,https://elitevbtc.com/,elitevbtc.com,Indoor,Confirmed Indoor,No,1,https://elitevbtc.com/ | https://elitevbtc.com/club/staff-resources | https://elitevbtc.com/club/aboutus | https://elitevbtc.com/club/clubleadership | https://elitevbtc.com/club/facility | https://elitevbtc.com/club/contact
OH-0036,OH-0036-A,Email,,,,OH,https://camargoracquetclub.com/,camargoracquetclub.com,Indoor,Confirmed Indoor,No,1,https://camargoracquetclub.com/ | https://camargoracquetclub.com/club-info/contact-us/ | https://camargoracquetclub.com/club-info/pro-staff/ | https://camargoracquetclub.com/court-sheet/
OH-0037,OH-0037-A,Euclid City School District,651 East 222nd Street,Euclid,,OH,https://www.euclidschools.org/,euclidschools.org,Indoor,Confirmed Indoor,No,1,https://www.euclidschools.org/ | https://www.euclidschools.org/page/about-us | https://www.euclidschools.org/page/administration | https://www.euclidschools.org/page/facilities-and-site-usage | https://www.euclidschools.org/page/aspire-program | https://www.euclidschools.org/o/ecsd/page/onflo | https://www.euclidschools.org/o/ecsd/page/about-us
OH-0038,OH-0038-A,Euclid City Schools,,Brooklyn,,OH,https://euclidpanthers.org/,euclidpanthers.org,Indoor,Confirmed Indoor,No,1,https://euclidpanthers.org/ | https://euclidpanthers.org/staff-directory | https://euclidpanthers.org/facilities
OH-0039,OH-0039-A,Euclid Police,545 E 222nd St.,Euclid,44123,OH,https://euclidpd.org/,euclidpd.org,Indoor,Confirmed Indoor,Yes,3,https://euclidpd.org/ | https://euclidpd.org/department-directory/ | https://euclidpd.org/school-programs/ | https://euclidpd.org/pal-sports-program/ | https://euclidpd.org/coffee-with-a-cop/ | https://euclidpd.org/how-do-i/
OH-0039,OH-0039-B,Euclid Police,2026 Euclid Police Department - 545 E 222nd St.,Euclid,44123,OH,https://euclidpd.org/,euclidpd.org,Indoor,Confirmed Indoor,Yes,3,https://euclidpd.org/ | https://euclidpd.org/department-directory/ | https://euclidpd.org/school-programs/ | https://euclidpd.org/pal-sports-program/ | https://euclidpd.org/coffee-with-a-cop/ | https://euclidpd.org/how-do-i/
OH-0039,OH-0039-C,Euclid Police,1234 545 E 222nd St.,Euclid,44123,OH,https://euclidpd.org/,euclidpd.org,Indoor,Confirmed Indoor,Yes,3,https://euclidpd.org/ | https://euclidpd.org/department-directory/ | https://euclidpd.org/school-programs/ | https://euclidpd.org/pal-sports-program/ | https://euclidpd.org/coffee-with-a-cop/ | https://euclidpd.org/how-do-i/
OH-0040,OH-0040-A,Flying Fives Fieldhouse,,Groveport,,OH,https://flyingfivesfieldhouse.com/,flyingfives.com,Indoor,Confirmed Indoor,No,1,https://flyingfivesfieldhouse.com/
OH-0041,OH-0041-A,Gahanna Sports Factory LLC,,Gahanna,,OH,https://www.gahannasportsfactoryllc.com/,gahannasportsfactoryllc.com,Indoor,Confirmed Indoor,No,1,https://www.gahannasportsfactoryllc.com/ | https://www.gahannasportsfactoryllc.com/about | https://www.gahannasportsfactoryllc.com/our-team | https://www.gahannasportsfactoryllc.com/contact | https://www.gahannasportsfactoryllc.com/all-league-pass-membership
OH-0042,OH-0042-A,Granville Recreation District,,,,OH,https://granvillerec.recdesk.com/Community/Home,granvillerec.recdesk.com,Indoor,Confirmed Indoor,No,1,https://granvillerec.recdesk.com/Community/Home | https://granvillerec.recdesk.com/Community/Program | https://granvillerec.recdesk.com/Community/Facility
OH-0043,OH-0043-A,Greater Columbus Sports Commission,155 W. Nationwide Blvd.,Columbus,43215,OH,https://www.columbussports.org/,columbussports.org,Indoor,Confirmed Indoor,Yes,7,https://www.columbussports.org/ | https://www.columbussports.org/about-us/ | https://www.columbussports.org/facilities/
OH-0043,OH-0043-B,Greater Columbus Sports Commission,400 N. High St.,Columbus,43215,OH,https://www.columbussports.org/,columbussports.org,Indoor,Confirmed Indoor,Yes,7,https://www.columbussports.org/ | https://www.columbussports.org/about-us/ | https://www.columbussports.org/facilities/
OH-0043,OH-0043-C,Greater Columbus Sports Commission,330 Huntington Park Lane,Columbus,43215,OH,https://www.columbussports.org/,columbussports.org,Indoor,Confirmed Indoor,Yes,7,https://www.columbussports.org/ | https://www.columbussports.org/about-us/ | https://www.columbussports.org/facilities/
OH-0043,OH-0043-D,Greater Columbus Sports Commission,325 Greenlawn Ave.,Columbus,43223,OH,https://www.columbussports.org/,columbussports.org,Indoor,Confirmed Indoor,Yes,7,https://www.columbussports.org/ | https://www.columbussports.org/about-us/ | https://www.columbussports.org/facilities/
OH-0043,OH-0043-E,Greater Columbus Sports Commission,411 Woody Hayes Dr.,Columbus,43210,OH,https://www.columbussports.org/,columbussports.org,Indoor,Confirmed Indoor,Yes,7,https://www.columbussports.org/ | https://www.columbussports.org/about-us/ | https://www.columbussports.org/facilities/
OH-0043,OH-0043-F,Greater Columbus Sports Commission,555 Borror Dr.,Columbus,43210,OH,https://www.columbussports.org/,columbussports.org,Indoor,Confirmed Indoor,Yes,7,https://www.columbussports.org/ | https://www.columbussports.org/about-us/ | https://www.columbussports.org/facilities/
OH-0043,OH-0043-G,Greater Columbus Sports Commission,96 Columbus Crew Way,Columbus,43215,OH,https://www.columbussports.org/,columbussports.org,Indoor,Confirmed Indoor,Yes,7,https://www.columbussports.org/ | https://www.columbussports.org/about-us/ | https://www.columbussports.org/facilities/
OH-0044,OH-0044-A,Greater Columbus Volleyball Club,,Columbus,,OH,https://www.gcvolleyballclub.org/,gcvolleyballclub.org,Indoor,Confirmed Indoor,No,1,https://www.gcvolleyballclub.org/ | https://www.gcvolleyballclub.org/page/show/3613789-about-us | https://www.gcvolleyballclub.org/page/show/6561302-gcvc-coaches-and-leadership-staff | https://www.gcvolleyballclub.org/page/show/3613938-cornerstone-athletic-center
OH-0045,OH-0045-A,Indoor Soccer Practice & Training Programs,,Cincinnati,,OH,https://www.tocafootball.com/,tocafootball.com,Indoor,Confirmed Indoor,No,1,https://www.tocafootball.com/ | https://www.tocafootball.com/venue-field-rental | https://www.tocafootball.com/about | https://www.tocafootball.com/contact-us | https://www.tocafootball.com/membership-cancellation
OH-0046,OH-0046-A,Jefferson Golf and Country Club,,Blacklick,,OH,https://jeffersoncountryclub.com/,jeffersoncountryclub.com,Indoor,Confirmed Indoor,No,1,https://jeffersoncountryclub.com/ | https://jeffersoncountryclub.com/Membership | https://jeffersoncountryclub.com/Membership/Membership_Inquiry | https://jeffersoncountryclub.com/Membership/Membership_Open_House | https://jeffersoncountryclub.com/About_Us
OH-0047,OH-0047-A,Junior Volleyball Association,,Columbus,,OH,https://jvavolleyball.org/,jvavolleyball.org,Indoor,Confirmed Indoor,No,1,https://jvavolleyball.org/ | https://jvavolleyball.org/membership/ | https://jvavolleyball.org/about/ | https://jvavolleyball.org/about/staff-board-of-directors/ | https://jvavolleyball.org/about/staff-board-of-directors/from-the-jva-executive-director/ | https://jvavolleyball.org/about/staff-board-of-directors/updates/
OH-0048,OH-0048-A,Kidslinked,,Columbus,,OH,https://kidslinked.com/,kidslinked.com,Indoor,Confirmed Indoor,No,1,https://kidslinked.com/ | https://kidslinked.com/Home/Contact | https://kidslinked.com/Home/About
OH-0049,OH-0049-A,kingdom,,Franklin,,OH,https://www.kingdomindoorsports.com/,kingdomsportscenter.com,Indoor,Confirmed Indoor,No,1,https://www.kingdomindoorsports.com/ | https://www.kingdomindoorsports.com/about-us
OH-0050,OH-0050-A,Launchpad Tennis,,,,OH,https://www.launchpadtennis.com/,launchpadtennis.com,Indoor,Confirmed Indoor,No,1,https://www.launchpadtennis.com/ | https://www.launchpadtennis.com/membership | https://www.launchpadtennis.com/court-time | https://www.launchpadtennis.com/junior-courses
OH-0051,OH-0051-A,Match Point Pickleball Club,350 McCormick Blvd,Columbus,43213,OH,https://matchpointpickleballclub.com/,matchpointpickleballclub.com,Indoor,Confirmed Indoor,Yes,3,https://matchpointpickleballclub.com/ | https://matchpointpickleballclub.com/programs | https://matchpointpickleballclub.com/reserve-a-court | https://matchpointpickleballclub.com/memberships | https://matchpointpickleballclub.com/indoor-pickleball-courts-columbus | https://matchpointpickleballclub.com/about | https://matchpointpickleballclub.com/book-pickleball-court-columbus
OH-0051,OH-0051-B,Match Point Pickleball Club,350 McCormick Blvd,Columbus,,OH,https://matchpointpickleballclub.com/,matchpointpickleballclub.com,Indoor,Confirmed Indoor,Yes,3,https://matchpointpickleballclub.com/ | https://matchpointpickleballclub.com/programs | https://matchpointpickleballclub.com/reserve-a-court | https://matchpointpickleballclub.com/memberships | https://matchpointpickleballclub.com/indoor-pickleball-courts-columbus | https://matchpointpickleballclub.com/about | https://matchpointpickleballclub.com/book-pickleball-court-columbus
OH-0051,OH-0051-C,Match Point Pickleball Club,7 AM to 10 PM every day at 350 McCormick Blvd,Columbus,,OH,https://matchpointpickleballclub.com/,matchpointpickleballclub.com,Indoor,Confirmed Indoor,Yes,3,https://matchpointpickleballclub.com/ | https://matchpointpickleballclub.com/programs | https://matchpointpickleballclub.com/reserve-a-court | https://matchpointpickleballclub.com/memberships | https://matchpointpickleballclub.com/indoor-pickleball-courts-columbus | https://matchpointpickleballclub.com/about | https://matchpointpickleballclub.com/book-pickleball-court-columbus
OH-0052,OH-0052-A,Mayfield Village Racquet Club,,Mayfield,,OH,https://mvrclub.com/,mvrclub.com,Indoor,Confirmed Indoor,No,1,https://mvrclub.com/ | https://mvrclub.com/about | https://mvrclub.com/junior-court-time | https://mvrclub.com/membership | https://mvrclub.com/unlimited-programs | https://mvrclub.com/contact
OH-0053,OH-0053-A,McCarthy Consulting LLC,2023 CONTACT US 84 West Riverglen Drive,Worthington,43085,OH,https://www.mccarthyconsultingllc.net/,mccarthyconsultingllc.net,Indoor,Confirmed Indoor,Yes,2,https://www.mccarthyconsultingllc.net/ | https://www.mccarthyconsultingllc.net/aboutus | https://www.mccarthyconsultingllc.net/contact-us
OH-0053,OH-0053-B,McCarthy Consulting LLC,84 West Riverglen Drive,Worthington,43085,OH,https://www.mccarthyconsultingllc.net/,mccarthyconsultingllc.net,Indoor,Confirmed Indoor,Yes,2,https://www.mccarthyconsultingllc.net/ | https://www.mccarthyconsultingllc.net/aboutus | https://www.mccarthyconsultingllc.net/contact-us
OH-0054,OH-0054-A,Mill Run,,Hilliard,,OH,https://mill-run.com/,mill-run.com,Indoor,Confirmed Indoor,No,1,https://mill-run.com/
OH-0055,OH-0055-A,Mintonette Sports,1400 Polaris Parkway,Columbus,43240,OH,https://mintonettesports.com/landing/index,mintonettesports.com,Indoor,Confirmed Indoor,No,1,https://mintonettesports.com/landing/index | https://mintonettesports.com/teams/staff/all | https://mintonettesports.com/fieldhouseUSA/index | https://mintonettesports.com/about_us/index | https://mintonettesports.com/gen/contact | https://mintonettesports.com/fieldhouseUSA/rent | https://mintonettesports.com/fieldhouseUSA/contact
OH-0056,OH-0056-A,"NEO Sports Plant, Euclid, OH",,,,OH,https://neosportsplant.ezleagues.ezfacility.com/,neosportsplant.com,Indoor,Confirmed Indoor,No,1,https://neosportsplant.ezleagues.ezfacility.com/ | https://neosportsplant.ezleagues.ezfacility.com/about_us.aspx | https://neosportsplant.ezleagues.ezfacility.com/contact_us.aspx
OH-0057,OH-0057-A,"New Albany, Ohio Economic Development",,New Albany,,OH,https://newalbanybusiness.org/,newalbanybusiness.org,Indoor,Confirmed Indoor,No,1,https://newalbanybusiness.org/ | https://newalbanybusiness.org/living-local/ten-things-to-know-about-new-albany/ | https://newalbanybusiness.org/contact/ | http://newalbanybusiness.org/news/2025/12/hims-hers-plans-to-expand-operations-in-the-columbus-region-with-new-facility-and-400-jobs/
OH-0058,OH-0058-A,New Lexington Athletics,2549 Panther Drive,New Lexington,,OH,https://www.newlexsports.org/,newlexsports.org,Indoor,Confirmed Indoor,No,1,https://www.newlexsports.org/ | https://www.newlexsports.org/facilities.aspx | https://www.newlexsports.org/staffdirectory.aspx | https://www.newlexsports.org/orangeblackboosters.aspx
OH-0059,OH-0059-A,NIU Athletics,,,,OH,https://niuhuskies.com/,niuhuskies.com,Indoor,Confirmed Indoor,No,1,https://niuhuskies.com/ | https://niuhuskies.com/staff-directory | https://niuhuskies.com/sports/2024/7/22/athletics-counseling.aspx | https://niuhuskies.com/sports/2016/6/13/facilities-chessick-center-html.aspx | https://niuhuskies.com/sports/2016/6/13/facilities-hs-html.aspx | https://niuhuskies.com/sports/2016/6/13/facilities-bsb-html.aspx | https://niuhuskies.com/sports/2016/6/13/facilities-vec-html.aspx
OH-0060,OH-0060-A,Normandy,,,,OH,https://normandy.bigteams.com/,normandy.bigteams.com,Indoor,Confirmed Indoor,No,1,https://normandy.bigteams.com/ | https://normandy.bigteams.com/main/otherad/contentID/57289459 | https://normandy.bigteams.com/main/contact | https://normandy.bigteams.com/main/otherad/contentID/57165752 | https://normandy.bigteams.com/main/otherad/contentID/57165753 | https://normandy.bigteams.com/main/otherad/contentID/57167493
OH-0061,OH-0061-A,North Canton Racquet Club,,,,OH,https://northcantonracquetclub.com/index.html,northcantonracquetclub.com,Indoor,Confirmed Indoor,No,1,https://northcantonracquetclub.com/index.html | https://northcantonracquetclub.com/junior-tennis-programs.html | https://northcantonracquetclub.com/rates-programs-and-court-reservations.html
OH-0062,OH-0062-A,North FC,1965 Recreation Lane,Avon,,OH,https://www.north-fc.com/,north-fc.com,Indoor,Confirmed Indoor,No,1,https://www.north-fc.com/ | https://www.north-fc.com/about-us | https://www.north-fc.com/north-fc-leadership | https://www.north-fc.com/fields
OH-0063,OH-0063-A,"North Olmsted (North Olmsted, OH)",,North Olmsted,,OH,https://www.northolmstedeagles.org/,nolmsted.org,Indoor,Confirmed Indoor,No,1,https://www.northolmstedeagles.org/ | https://www.northolmstedeagles.org/directory | https://www.northolmstedeagles.org/facilities
OH-0064,OH-0064-A,North Ridge Racket and Paddle,5475 Mills Creek Ln,North Ridgeville,44039,OH,https://www.nrrackets.com/,nrrackets.com,Indoor,Confirmed Indoor,Yes,2,https://www.nrrackets.com/ | https://www.nrrackets.com/programs?category=&search=&view=grid
OH-0064,OH-0064-B,North Ridge Racket and Paddle,2114 5475 Mills Creek Ln,North Ridgeville,44039,OH,https://www.nrrackets.com/,nrrackets.com,Indoor,Confirmed Indoor,Yes,2,https://www.nrrackets.com/ | https://www.nrrackets.com/programs?category=&search=&view=grid
OH-0065,OH-0065-A,Oakwood Village,24800 Broadway Avenue,Oakwood Village,44146,OH,https://www.oakwoodvillageoh.com/,oakwoodvillageoh.com,Indoor,Confirmed Indoor,Yes,3,https://www.oakwoodvillageoh.com/ | https://www.oakwoodvillageoh.com/contact-us/ | https://www.oakwoodvillageoh.com/government/village-council/ | https://www.oakwoodvillageoh.com/departments/mayors-court/ | https://www.oakwoodvillageoh.com/community-center-rental/ | https://www.oakwoodvillageoh.com/community-park-rental/
OH-0065,OH-0065-B,Oakwood Village,23035 Broadway Ave,Oakwood,44146,OH,https://www.oakwoodvillageoh.com/,oakwoodvillageoh.com,Indoor,Confirmed Indoor,Yes,3,https://www.oakwoodvillageoh.com/ | https://www.oakwoodvillageoh.com/contact-us/ | https://www.oakwoodvillageoh.com/government/village-council/ | https://www.oakwoodvillageoh.com/departments/mayors-court/ | https://www.oakwoodvillageoh.com/community-center-rental/ | https://www.oakwoodvillageoh.com/community-park-rental/
OH-0065,OH-0065-C,Oakwood Village,23035 Broadway Avenue,Oakwood Village,44146,OH,https://www.oakwoodvillageoh.com/,oakwoodvillageoh.com,Indoor,Confirmed Indoor,Yes,3,https://www.oakwoodvillageoh.com/ | https://www.oakwoodvillageoh.com/contact-us/ | https://www.oakwoodvillageoh.com/government/village-council/ | https://www.oakwoodvillageoh.com/departments/mayors-court/ | https://www.oakwoodvillageoh.com/community-center-rental/ | https://www.oakwoodvillageoh.com/community-park-rental/
OH-0066,OH-0066-A,Ohio Soccer Moms and Dads,,Canal Winchester,,OH,https://soccermomsanddads.com/,soccermomsanddads.com,Indoor,Confirmed Indoor,No,1,https://soccermomsanddads.com/ | https://soccermomsanddads.com/about/
OH-0067,OH-0067-A,Old School Marketplace,,Lima,,OH,https://www.oldschoolmarketplace.com/,oldschoolmarketplace.com,Indoor,Confirmed Indoor,No,1,https://www.oldschoolmarketplace.com/ | https://www.oldschoolmarketplace.com/gym-rental-info | https://www.oldschoolmarketplace.com/payments | https://www.oldschoolmarketplace.com/contact
OH-0068,OH-0068-A,Open Gym Basketball | - Apex Sports Zone,,Elida,,OH,https://apexsportszone.com/,apexsportszone.com,Indoor,Confirmed Indoor,No,1,https://apexsportszone.com/ | https://apexsportszone.com/rentals/ | https://apexsportszone.com/programs/schedule/ | https://apexsportszone.com/contact-us/
OH-0069,OH-0069-A,Otterbein University,1 South Grove Street,Westerville,,OH,https://www.otterbein.edu/,otterbein.edu,Indoor,Confirmed Indoor,No,1,https://www.otterbein.edu/ | https://www.otterbein.edu/about/ | https://www.otterbein.edu/about/careers/ | https://www.otterbein.edu/about/mission-vision-values/ | https://www.otterbein.edu/about/history-of-otterbein/ | https://www.otterbein.edu/about/consumer-information/ | https://www.otterbein.edu/about/campus-map-directions/
OH-0070,OH-0070-A,Paddle Taps,535 Lakeview Plaza Blvd,Worthington,43085,OH,https://pbtaps.com/,pbtaps.com,Indoor,Confirmed Indoor,No,1,https://pbtaps.com/ | https://pbtaps.com/join | https://pbtaps.com/instructors
OH-0071,OH-0071-A,Padel Square. Indoor Padel & Pickleball Courts -,,Garfield Heights,,OH,https://padel-square.com/,padel-square.com,Indoor,Confirmed Indoor,No,1,https://padel-square.com/ | https://padel-square.com/home/membership/
OH-0072,OH-0072-A,Parkland College Athletics,,Perrysburg,,OH,https://athletics.parkland.edu/,athletics.parkland.edu,Indoor,Confirmed Indoor,No,1,https://athletics.parkland.edu/ | https://athletics.parkland.edu/staff-directory | https://athletics.parkland.edu/facilities | https://athletics.parkland.edu/documents/2023/7/24/athletics_branding_guide_FINAL.pdf
OH-0073,OH-0073-A,Platform Tennis League,,,,OH,https://www.platformtennisleague.com/,platformtennisleague.com,Indoor,Confirmed Indoor,No,1,https://www.platformtennisleague.com/ | https://www.platformtennisleague.com/about.html | https://www.platformtennisleague.com/contact.html
OH-0074,OH-0074-A,Premier Academy,,Maumee,,OH,https://www.premiervolleyball.com/,premiervolleyball.com,Indoor,Confirmed Indoor,No,1,https://www.premiervolleyball.com/ | https://www.premiervolleyball.com/about | https://www.premiervolleyball.com/contacts | https://www.premiervolleyball.com/facility-rules-waiver
OH-0075,OH-0075-A,Racquet Club of Columbus,1100 Bethel Road,Columbus,43220,OH,https://racquetclub1.com/,racquetclub1.com,Indoor,Confirmed Indoor,No,1,https://racquetclub1.com/ | https://racquetclub1.com/about-rcc/ | https://racquetclub1.com/programs/ | https://racquetclub1.com/programs/adults/ | https://racquetclub1.com/programs/juniors/ | https://racquetclub1.com/sportsfacilities/membership-form/ | https://racquetclub1.com/our-team/
OH-0076,OH-0076-A,Reading Jr/Sr High School,,,,OH,https://readingbluedevilathletics.com/,readingschools.org,Indoor,Confirmed Indoor,No,1,https://readingbluedevilathletics.com/
OH-0077,OH-0077-A,Recreation Department,13701 Lake Ave,Lakewood,44107,OH,https://recreation.lakewoodcityschools.org/,recreation.lakewoodcityschools.org,Indoor,Confirmed Indoor,No,1,https://recreation.lakewoodcityschools.org/ | https://recreation.lakewoodcityschools.org/youth-athletics | https://recreation.lakewoodcityschools.org/adult-athletics | https://recreation.lakewoodcityschools.org/locations/fitness-facility-indoor-track | https://recreation.lakewoodcityschools.org/about-us | https://recreation.lakewoodcityschools.org/parents-students
OH-0078,OH-0078-A,Rental Information - Force Sports,,,,OH,https://www.force-sports.com/,force-sports.com,Indoor,Confirmed Indoor,No,1,https://www.force-sports.com/ | https://www.force-sports.com/Default.aspx
OH-0079,OH-0079-A,Rentals at Grace,,Pickerington,,OH,https://www.rentalsatgrace.cc/,gracefellowship.cc,Indoor,Confirmed Indoor,No,1,https://www.rentalsatgrace.cc/ | https://www.rentalsatgrace.cc/facility-coordinators | https://www.rentalsatgrace.cc/facility-use-agreement | https://www.rentalsatgrace.cc/meet-the-team | https://www.rentalsatgrace.cc/contact
OH-0080,OH-0080-A,REP Fieldhouse,,Columbus,,OH,https://www.repfieldhouse.com/,repfieldhouse.com,Indoor,Confirmed Indoor,No,1,https://www.repfieldhouse.com/ | https://www.repfieldhouse.com/memberships | https://www.repfieldhouse.com/memberships/rep-hoops | https://www.repfieldhouse.com/programs | https://www.repfieldhouse.com/programs/clinics | https://www.repfieldhouse.com/programs/baseball-classes | https://www.repfieldhouse.com/programs/open-play
OH-0081,OH-0081-A,Ross County YMCA,,Chillicothe,,OH,https://www.sciotovalleyymca.org/,rosscountyymca.org,Indoor,Confirmed Indoor,No,1,https://www.sciotovalleyymca.org/ | https://www.sciotovalleyymca.org/leadership | https://www.sciotovalleyymca.org/join
OH-0082,OH-0082-A,RSC Athletics,3223 Tschopp Rd,Lancaster,43130,OH,https://rscathletics.com/,rscathletics.com,Indoor,Confirmed Indoor,No,1,https://rscathletics.com/ | https://rscathletics.com/basketball | https://rscathletics.com/baseball | https://rscathletics.com/basketball/expansion | https://rscathletics.com/basketball/programs | https://rscathletics.com/membership | https://rscathletics.com/contact
OH-0083,OH-0083-A,Salem Community Center,,Salem,,OH,https://salemcommunitycenter.com/,salemcommunitycenter.com,Indoor,Confirmed Indoor,No,1,https://salemcommunitycenter.com/ | https://salemcommunitycenter.com/join.html | https://salemcommunitycenter.com/membership-benefits.html | https://salemcommunitycenter.com/insurance-memberships.html | https://salemcommunitycenter.com/youth-programs.html | https://salemcommunitycenter.com/rentals.html | https://salemcommunitycenter.com/sport-rentals.html
OH-0084,OH-0084-A,Scioto,,Powell,,OH,https://www.sciotoreserve.com/,sciotoreserve.com,Indoor,Confirmed Indoor,No,1,https://www.sciotoreserve.com/ | https://www.sciotoreserve.com/Default.aspx
OH-0085,OH-0085-A,SGPckle -,,Worthington,,OH,https://sgpckle.com/,sgpckle.com,Indoor,Confirmed Indoor,No,1,https://sgpckle.com/ | https://sgpckle.com/contact/ | https://sgpckle.com/book-a-court/
OH-0086,OH-0086-A,Shaker Badminton Club,,,,OH,https://shakerbadminton.blogspot.com/,shakerbadminton.blogspot.com,Indoor,Confirmed Indoor,No,1,https://shakerbadminton.blogspot.com/ | https://shakerbadminton.blogspot.com/p/contact-us.html
OH-0087,OH-0087-A,Shenanigan's Sports Hall,9053 4631 Main Avenue,Ashtabula,,OH,https://www.shenanigansashtabula.com/,shenanigansashtabula.com,Indoor,Confirmed Indoor,No,1,https://www.shenanigansashtabula.com/ | https://www.shenanigansashtabula.com/contact
OH-0088,OH-0088-A,Sidney-Shelby County YMCA home page,300 E. Parkwood Street,Sidney,45365,OH,https://sidney-ymca.org/,sidney-ymca.org,Indoor,Confirmed Indoor,No,1,https://sidney-ymca.org/ | https://sidney-ymca.org/programs | https://sidney-ymca.org/staff-board | https://sidney-ymca.org/about-us | https://sidney-ymca.org/facility-rentals | https://sidney-ymca.org/membership | https://sidney-ymca.org/contact
OH-0089,OH-0089-A,Smitty,,Steubenville,,OH,https://smittysport.com/,smittysport.com,Indoor,Confirmed Indoor,No,1,https://smittysport.com/ | https://smittysport.com/contact/
OH-0090,OH-0090-A,Southwest Volleyball Club,,Parma,,OH,https://www.southwestvolleyballclub.com/,southwestvolleyballclub.com,Indoor,Confirmed Indoor,No,1,https://www.southwestvolleyballclub.com/ | https://www.southwestvolleyballclub.com/coachingstaff
OH-0091,OH-0091-A,Speed Strength Systems,,Chesterland,,OH,https://speedstrength.com/,speedstrength.com,Indoor,Confirmed Indoor,No,1,https://speedstrength.com/ | https://speedstrength.com/about/ | https://speedstrength.com/our-programs/ | https://speedstrength.com/contact-us/ | http://speedstrength.com/our-programs/
OH-0092,OH-0092-A,Spooky Nook Sports,,Hamilton,,OH,https://www.spookynooksports.com/,spookynooksports.com,Indoor,Confirmed Indoor,No,1,https://www.spookynooksports.com/ | https://www.spookynooksports.com/manheim/about/about-the-nook/careers
OH-0093,OH-0093-A,Springside Athletic Club,,Akron,,OH,https://www.springsideathleticclub.com/,springsideathleticclub.com,Indoor,Confirmed Indoor,No,1,https://www.springsideathleticclub.com/ | https://www.springsideathleticclub.com/tennis-2 | https://www.springsideathleticclub.com/about | https://www.springsideathleticclub.com/contact
OH-0094,OH-0094-A,Summit Construction,,Akron,,OH,https://www.summitconstruction.com/,summitconstruction.com,Indoor,Confirmed Indoor,No,1,https://www.summitconstruction.com/ | https://www.summitconstruction.com/contact | https://www.summitconstruction.com/about | https://www.summitconstruction.com/leadership | https://www.summitconstruction.com/project/lancaster-city-schools-baseball-fields-new-facility
OH-0095,OH-0095-A,Sunward Steel Buildings,,Chardon,,OH,https://sunwardsteel.com/,sunwardsteel.com,Indoor,Confirmed Indoor,No,1,https://sunwardsteel.com/ | https://sunwardsteel.com/colorado/golden/spyderco-manufacturing-facility/ | https://sunwardsteel.com/colorado/parker/indoor-tennis-facility/ | https://sunwardsteel.com/new-hampshire/seabrook/prefabricated-steel-cold-storage-facility/ | https://sunwardsteel.com/canada/alberta/whitecourt/shop-and-commercial-office/ | https://sunwardsteel.com/canada/alberta/whitecourt/steel-shop-building-kit/ | https://sunwardsteel.com/connecticut/orange/prefabricated-metal-shop-and-shipping-facility/
OH-0096,OH-0096-A,Tennis Columbus,2800 Walker Rd,Hilliard,43026,OH,https://tenniscolumbus.com/,tenniscolumbus.com,Indoor,Confirmed Indoor,No,1,https://tenniscolumbus.com/ | https://tenniscolumbus.com/thanks/partner_flow | https://tenniscolumbus.com/Columbus-Tennis-Courts | https://tenniscolumbus.com/partner-program | https://tenniscolumbus.com/thanks/partner_flow.htm | https://tenniscolumbus.com/Columbus-Tennis-Lessons | https://tenniscolumbus.com/info/contact-email
OH-0097,OH-0097-A,TENNIS OHIO,,Columbus,,OH,https://www.tennisohio.com/,tennisohio.com,Indoor,Confirmed Indoor,No,1,https://www.tennisohio.com/ | https://www.tennisohio.com/store/p1/Membership.html | https://www.tennisohio.com/facility.html | https://www.tennisohio.com/kasstennisacademy.html | https://www.tennisohio.com/tennis-development.html
OH-0098,OH-0098-A,The Athletic Club Of Columbus,136 E Broad St,Columbus,43215,OH,https://accolumbus.com/,accolumbus.com,Indoor,Confirmed Indoor,No,1,https://accolumbus.com/ | https://accolumbus.com/about-us | https://accolumbus.com/our-team | https://accolumbus.com/membership | https://accolumbus.com/athletics-wellness | https://accolumbus.com/web/pages/about-us | https://accolumbus.com/web/pages/athletics-wellness
OH-0099,OH-0099-A,The Courts CLE,,,,OH,https://www.thecourtscle.com/,thecourtscle.com,Indoor,Confirmed Indoor,No,1,https://www.thecourtscle.com/ | https://www.thecourtscle.com/court-rental | https://www.thecourtscle.com/meet-the-team | https://www.thecourtscle.com/pickleball-rentals
OH-0100,OH-0100-A,The Edge,,Twinsburg,,OH,https://www.theedgetwinsburg.org/,theedgetwinsburg.org,Indoor,Confirmed Indoor,No,1,https://www.theedgetwinsburg.org/ | https://www.theedgetwinsburg.org/about | https://www.theedgetwinsburg.org/contact | https://www.theedgetwinsburg.org/rentals | https://www.theedgetwinsburg.org/leadership-development-opportunites
OH-0101,OH-0101-A,The Gym Atlas,,Cincinnati,,OH,https://thegymatlas.com/,thegymatlas.com,Indoor,Confirmed Indoor,No,1,https://thegymatlas.com/ | https://thegymatlas.com/about | https://thegymatlas.com/contact
OH-0102,OH-0102-A,The Indoor Tennis Club,,,,OH,https://indoortennisclub.com/,indoortennisclub.com,Indoor,Confirmed Indoor,No,1,https://indoortennisclub.com/
OH-0103,OH-0103-A,THE PLAYERS CLUB,,Hilliard,,OH,https://www.tpctennis.com/,tpctennis.com,Indoor,Confirmed Indoor,No,1,https://www.tpctennis.com/ | https://www.tpctennis.com/membership.html | https://www.tpctennis.com/programs.html | https://www.tpctennis.com/contact-us.html | https://www.tpctennis.com/junior-tennis-programs.html | https://www.tpctennis.com/admin-staff.html
OH-0104,OH-0104-A,The Sports Plant,,Euclid,,OH,https://thesportsplantcle.com/,thesportsplantcle.com,Indoor,Confirmed Indoor,No,1,https://thesportsplantcle.com/ | https://thesportsplantcle.com/volleyball/hard-court/ | https://thesportsplantcle.com/volleyball/hard-court/tournaments/ | https://thesportsplantcle.com/volleyball/sand-court/ | https://thesportsplantcle.com/volleyball/sand-court/sand-leagues/ | https://thesportsplantcle.com/volleyball/sand-court/sand-tournaments/ | https://thesportsplantcle.com/youth-basketball/xxi-youth-programs/
OH-0105,OH-0105-A,Travel Sports,,Cincinnati,,OH,https://volleyball.travelsports.com/,travelsports.com,Indoor,Confirmed Indoor,No,1,https://volleyball.travelsports.com/ | https://volleyball.travelsports.com/tournaments/king-and-queen-of-the-court | https://volleyball.travelsports.com/tournaments/juniors-queen-of-the-court | https://volleyball.travelsports.com/facilities/laytonsville-elementary-school | https://volleyball.travelsports.com/facilities/berry-college-kay-williams-field | https://volleyball.travelsports.com/facilities/pierce-college-gym | https://volleyball.travelsports.com/facilities/barry-university-sb-buccaneer-field
OH-0106,OH-0106-A,TriHealth,,Cincinnati,,OH,https://www.trihealth.com/,trihealth.com,Indoor,Confirmed Indoor,No,1,https://www.trihealth.com/ | https://www.trihealth.com/about-trihealth/contact-trihealth | https://www.trihealth.com/about-trihealth/volunteer | https://www.trihealth.com/about-trihealth/contact-trihealth/direct-interpreter-access-lines | https://www.trihealth.com/research-and-education/medical-library-services-for-physicians-and-staff | https://www.trihealth.com/research-and-education/graduate-medical-education/residency-programs | https://www.trihealth.com/research-and-education/graduate-medical-education/fellowship-programs
OH-0107,OH-0107-A,UNION COUNTY FAMILY YMCA,,Marysville,,OH,https://unioncountyymca.org/,unioncountyymca.org,Indoor,Confirmed Indoor,No,1,https://unioncountyymca.org/ | https://unioncountyymca.org/about-us/ | https://unioncountyymca.org/contact-us/ | https://unioncountyymca.org/join/
OH-0108,OH-0108-A,UPFL,,Cleveland,,OH,https://ummahleague.com/,ummahleague.com,Indoor,Confirmed Indoor,No,1,https://ummahleague.com/
OH-0109,OH-0109-A,Urban Community School,4909 Lorain Avenue,Cleveland,44102,OH,https://urbancommunityschool.org/,urbancommunityschool.org,Indoor,Confirmed Indoor,Yes,3,https://urbancommunityschool.org/ | https://urbancommunityschool.org/who-we-are | https://urbancommunityschool.org/facilities | https://urbancommunityschool.org/contact-us | https://urbancommunityschool.org/religion-program | https://urbancommunityschool.org/early-childhood-program | https://urbancommunityschool.org/athletics
OH-0109,OH-0109-B,Urban Community School,8441 for more information. 4909 Lorain Avenue,Cleveland,44102,OH,https://urbancommunityschool.org/,urbancommunityschool.org,Indoor,Confirmed Indoor,Yes,3,https://urbancommunityschool.org/ | https://urbancommunityschool.org/who-we-are | https://urbancommunityschool.org/facilities | https://urbancommunityschool.org/contact-us | https://urbancommunityschool.org/religion-program | https://urbancommunityschool.org/early-childhood-program | https://urbancommunityschool.org/athletics
OH-0109,OH-0109-C,Urban Community School,8330 x153. 4909 Lorain Avenue,Cleveland,44102,OH,https://urbancommunityschool.org/,urbancommunityschool.org,Indoor,Confirmed Indoor,Yes,3,https://urbancommunityschool.org/ | https://urbancommunityschool.org/who-we-are | https://urbancommunityschool.org/facilities | https://urbancommunityschool.org/contact-us | https://urbancommunityschool.org/religion-program | https://urbancommunityschool.org/early-childhood-program | https://urbancommunityschool.org/athletics
OH-0110,OH-0110-A,WAC,,Cincinnati,,OH,https://www.westerntfc.com/,westerntfc.com,Indoor,Confirmed Indoor,No,1,https://www.westerntfc.com/ | https://www.westerntfc.com/about-us | https://www.westerntfc.com/live | https://www.westerntfc.com/rentals | https://www.westerntfc.com/staff | https://www.westerntfc.com/membership | https://www.westerntfc.com/trial-membership
OH-0111,OH-0111-A,Wedgewood Golf & Country Club,,Powell,,OH,https://wedgewoodgolfcc.com/,wedgewoodgolfcc.com,Indoor,Confirmed Indoor,No,1,https://wedgewoodgolfcc.com/ | https://wedgewoodgolfcc.com/Family_Traditions/Junior_Programs | https://wedgewoodgolfcc.com/Family_Traditions/Junior_Programs/Junior_Camp_Sign_Up_(3) | https://wedgewoodgolfcc.com/Membership | https://wedgewoodgolfcc.com/Membership/Membership_Information | https://wedgewoodgolfcc.com/About | https://wedgewoodgolfcc.com/About/Contact_Us
OH-0112,OH-0112-A,Westwood Fieldhouse,,Hilliard,,OH,https://westwoodfieldhouse.com/,westwoodfieldhouse.com,Indoor,Confirmed Indoor,No,1,https://westwoodfieldhouse.com/ | https://westwoodfieldhouse.com/about/ | https://westwoodfieldhouse.com/reserve/ | https://westwoodfieldhouse.com/programming/ | https://westwoodfieldhouse.com/contact/
OH-0113,OH-0113-A,Willoughby Pickleball,,,,OH,https://willoughbypickleball.com/,willoughbypickleball.com,Indoor,Confirmed Indoor,No,1,https://willoughbypickleball.com/
OH-0114,OH-0114-A,Woodside Event Center at St. Michael,,Broadview Heights,,OH,https://www.woodsideeventcenter.com/,woodsideeventcenter.com,Indoor,Confirmed Indoor,No,1,https://www.woodsideeventcenter.com/ | https://www.woodsideeventcenter.com/gymnasium-rentals | https://www.woodsideeventcenter.com/about-us | https://www.woodsideeventcenter.com/contact
OH-0115,OH-0115-A,WSYX,,Columbus,,OH,https://abc6onyourside.com/,abc6onyourside.com,Indoor,Confirmed Indoor,No,1,https://abc6onyourside.com/ | https://abc6onyourside.com/station | https://abc6onyourside.com/station/contact | https://abc6onyourside.com/station/schedule | https://abc6onyourside.com/news/local/man-accused-of-shooting-at-law-enforcement-officers-appears-in-court-for-sentencing | https://abc6onyourside.com/news/local/upper-arlington-curbside-chipping-program-begins-residents-urged-to-keep-debris-clear | https://abc6onyourside.com/news/local/water-damage-forces-closures-at-the-franklin-county-municipal-court-building-juvenile-domestic-relations-courthouse-floors-water-damage-repairs
OH-0116,OH-0116-A,YMCA of Greater Cleveland,1501 Euclid Ave.,Cleveland,44115,OH,https://www.clevelandymca.org/,clevelandymca.org,Indoor,Confirmed Indoor,No,1,https://www.clevelandymca.org/ | https://www.clevelandymca.org/locations/french-creek-family-ymca/about/ | https://www.clevelandymca.org/locations/french-creek-family-ymca/programs/ | https://www.clevelandymca.org/locations/garrettsville-family-ymca/about/ | https://www.clevelandymca.org/locations/garrettsville-family-ymca/programs/ | https://www.clevelandymca.org/locations/geauga-family-ymca/about/ | https://www.clevelandymca.org/locations/geauga-family-ymca/programs/
OH-0117,OH-0117-A,YMCA of Greater Dayton,,Dayton,,OH,https://www.daytonymca.org/,daytonymca.org,Indoor,Confirmed Indoor,No,1,https://www.daytonymca.org/ | https://www.daytonymca.org/programs/fitness-classes | https://www.daytonymca.org/programs/boot-camp | https://www.daytonymca.org/programs/cardio-fitness-classes | https://www.daytonymca.org/programs/cardio-kick | https://www.daytonymca.org/programs/cardio-strength-combo
OH-0118,OH-0118-A,YMCA of Greater Toledo,,,,OH,https://www.ymcatoledo.org/,ymcatoledo.org,Indoor,Confirmed Indoor,No,1,https://www.ymcatoledo.org/ | https://www.ymcatoledo.org/who-we-are-2 | https://www.ymcatoledo.org/membership | https://www.ymcatoledo.org/programs | https://www.ymcatoledo.org/youth-programs-2 | https://www.ymcatoledo.org/family-programs | https://www.ymcatoledo.org/programs/187/specialty-sports-camps
OH-0119,OH-0119-A,YMCA of Lancaster,,Lancaster,,OH,https://ymcalancaster.org/,ymcalancaster.org,Indoor,Confirmed Indoor,No,1,https://ymcalancaster.org/ | https://ymcalancaster.org/contact/ | https://ymcalancaster.org/programs/ | https://ymcalancaster.org/programs/gymnastics/ | https://ymcalancaster.org/programs/cheer/ | https://ymcalancaster.org/programs/gymninja/
OH-0120,OH-0120-A,YMCA of Western Stark County Homepage,,Massillon,,OH,https://weststarky.org/,weststarky.org,Indoor,Confirmed Indoor,No,1,https://weststarky.org/ | https://weststarky.org/membership | https://weststarky.org/membership-guide | https://weststarky.org/regional | https://weststarky.org/nationwide-membership | https://weststarky.org/newsletter-signup
OH-0121,OH-0121-A,Access Jewish Cleveland,1516 Warrensville Center Road,Cleveland Heights,44121,OH,https://www.accessjewishcleveland.org/,accessjewishcleveland.org,Indoor and outdoor,Indoor and Outdoor,Yes,9,https://www.accessjewishcleveland.org/ | https://www.accessjewishcleveland.org/about-access-jewish-cleveland/ | https://www.accessjewishcleveland.org/contact-us/ | https://www.accessjewishcleveland.org/category/schools-adult-programs | https://www.accessjewishcleveland.org/jewish-life/
OH-0121,OH-0121-B,Access Jewish Cleveland,1971 Lyndway Road,South Euclid,44121,OH,https://www.accessjewishcleveland.org/,accessjewishcleveland.org,Indoor and outdoor,Indoor and Outdoor,Yes,9,https://www.accessjewishcleveland.org/ | https://www.accessjewishcleveland.org/about-access-jewish-cleveland/ | https://www.accessjewishcleveland.org/contact-us/ | https://www.accessjewishcleveland.org/category/schools-adult-programs | https://www.accessjewishcleveland.org/jewish-life/
OH-0121,OH-0121-C,Access Jewish Cleveland,2 MORE Get Directions 1700 S. Taylor Road,Cleveland Heights,,OH,https://www.accessjewishcleveland.org/,accessjewishcleveland.org,Indoor and outdoor,Indoor and Outdoor,Yes,9,https://www.accessjewishcleveland.org/ | https://www.accessjewishcleveland.org/about-access-jewish-cleveland/ | https://www.accessjewishcleveland.org/contact-us/ | https://www.accessjewishcleveland.org/category/schools-adult-programs | https://www.accessjewishcleveland.org/jewish-life/
OH-0121,OH-0121-D,Access Jewish Cleveland,27501 Fairmount Blvd.,Pepper Pike,44124,OH,https://www.accessjewishcleveland.org/,accessjewishcleveland.org,Indoor and outdoor,Indoor and Outdoor,Yes,9,https://www.accessjewishcleveland.org/ | https://www.accessjewishcleveland.org/about-access-jewish-cleveland/ | https://www.accessjewishcleveland.org/contact-us/ | https://www.accessjewishcleveland.org/category/schools-adult-programs | https://www.accessjewishcleveland.org/jewish-life/
OH-0121,OH-0121-E,Access Jewish Cleveland,25400 Fairmount Blvd.,Beachwood,,OH,https://www.accessjewishcleveland.org/,accessjewishcleveland.org,Indoor and outdoor,Indoor and Outdoor,Yes,9,https://www.accessjewishcleveland.org/ | https://www.accessjewishcleveland.org/about-access-jewish-cleveland/ | https://www.accessjewishcleveland.org/contact-us/ | https://www.accessjewishcleveland.org/category/schools-adult-programs | https://www.accessjewishcleveland.org/jewish-life/
OH-0121,OH-0121-F,Access Jewish Cleveland,800 East Summit Street,Kent,,OH,https://www.accessjewishcleveland.org/,accessjewishcleveland.org,Indoor and outdoor,Indoor and Outdoor,Yes,9,https://www.accessjewishcleveland.org/ | https://www.accessjewishcleveland.org/about-access-jewish-cleveland/ | https://www.accessjewishcleveland.org/contact-us/ | https://www.accessjewishcleveland.org/category/schools-adult-programs | https://www.accessjewishcleveland.org/jewish-life/
OH-0121,OH-0121-G,Access Jewish Cleveland,10900 Euclid Ave.,Cleveland,,OH,https://www.accessjewishcleveland.org/,accessjewishcleveland.org,Indoor and outdoor,Indoor and Outdoor,Yes,9,https://www.accessjewishcleveland.org/ | https://www.accessjewishcleveland.org/about-access-jewish-cleveland/ | https://www.accessjewishcleveland.org/contact-us/ | https://www.accessjewishcleveland.org/category/schools-adult-programs | https://www.accessjewishcleveland.org/jewish-life/
OH-0121,OH-0121-H,Access Jewish Cleveland,27575 Shaker Boulevard,Pepper Pike,,OH,https://www.accessjewishcleveland.org/,accessjewishcleveland.org,Indoor and outdoor,Indoor and Outdoor,Yes,9,https://www.accessjewishcleveland.org/ | https://www.accessjewishcleveland.org/about-access-jewish-cleveland/ | https://www.accessjewishcleveland.org/contact-us/ | https://www.accessjewishcleveland.org/category/schools-adult-programs | https://www.accessjewishcleveland.org/jewish-life/
OH-0121,OH-0121-I,Access Jewish Cleveland,1 MORE Get Directions 26500 Shaker Blvd.,Beachwood,,OH,https://www.accessjewishcleveland.org/,accessjewishcleveland.org,Indoor and outdoor,Indoor and Outdoor,Yes,9,https://www.accessjewishcleveland.org/ | https://www.accessjewishcleveland.org/about-access-jewish-cleveland/ | https://www.accessjewishcleveland.org/contact-us/ | https://www.accessjewishcleveland.org/category/schools-adult-programs | https://www.accessjewishcleveland.org/jewish-life/
OH-0122,OH-0122-A,Ardent Communities,5522 Villa Rose Dr.,Powell,43065,OH,https://www.ardentcommunities.com/,ardentpm.com,Indoor and outdoor,Indoor and Outdoor,Yes,3,https://www.ardentcommunities.com/ | https://www.ardentcommunities.com/about-our-company/schedule-a-tour | https://www.ardentcommunities.com/about-our-company/promotions | https://www.ardentcommunities.com/about-our-company | https://www.ardentcommunities.com/about-our-company/contact-us
OH-0122,OH-0122-B,Ardent Communities,7490 Greylock Forest Ave,Powell,43065,OH,https://www.ardentcommunities.com/,ardentpm.com,Indoor and outdoor,Indoor and Outdoor,Yes,3,https://www.ardentcommunities.com/ | https://www.ardentcommunities.com/about-our-company/schedule-a-tour | https://www.ardentcommunities.com/about-our-company/promotions | https://www.ardentcommunities.com/about-our-company | https://www.ardentcommunities.com/about-our-company/contact-us
OH-0122,OH-0122-C,Ardent Communities,1000 Kenmore Crossing Blvd.,Marysville,43040,OH,https://www.ardentcommunities.com/,ardentpm.com,Indoor and outdoor,Indoor and Outdoor,Yes,3,https://www.ardentcommunities.com/ | https://www.ardentcommunities.com/about-our-company/schedule-a-tour | https://www.ardentcommunities.com/about-our-company/promotions | https://www.ardentcommunities.com/about-our-company | https://www.ardentcommunities.com/about-our-company/contact-us
OH-0123,OH-0123-A,Ashland University,,Ashland,,OH,https://goashlandeagles.com/,goashlandeagles.com,Indoor and outdoor,Indoor and Outdoor,No,1,https://goashlandeagles.com/ | https://goashlandeagles.com/facilities | https://goashlandeagles.com/sports/2023/2/20/facility-reservations.aspx | https://goashlandeagles.com/staff-directory | https://goashlandeagles.com/documents/2021/8/10/Ashland_University_Mascot_Rental__Appearance_Request_Form.pdf
OH-0124,OH-0124-A,Athletics,,,,OH,https://athletics.beachwoodschools.org/,athletics.beachwoodschools.org,Indoor and outdoor,Indoor and Outdoor,No,1,https://athletics.beachwoodschools.org/ | https://athletics.beachwoodschools.org/about-us/mission-goals | https://athletics.beachwoodschools.org/about-us/athletic-director | https://athletics.beachwoodschools.org/coach-staff-directory | https://athletics.beachwoodschools.org/about-us/sports-programs | https://athletics.beachwoodschools.org/about-us/eligibility | https://athletics.beachwoodschools.org/about-us/directions-to-beachwood
OH-0125,OH-0125-A,Baldwin Wallace University,,Berea,,OH,https://www.bw.edu/,bw.edu,Indoor and outdoor,Indoor and Outdoor,No,1,https://www.bw.edu/ | https://www.bw.edu/faculty-staff/ | https://www.bw.edu/about/ | https://www.bw.edu/about/president/ | https://www.bw.edu/academics/graduate/ | https://www.bw.edu/student-life/ | https://www.bw.edu/student-life/service-leadership/
OH-0126,OH-0126-A,"Belmont Country Club, OH",,Perrysburg,,OH,https://thebelmontcountryclub.com/,thebelmontcountryclub.com,Indoor and outdoor,Indoor and Outdoor,No,1,https://thebelmontcountryclub.com/ | https://thebelmontcountryclub.com/About_Us | https://thebelmontcountryclub.com/About_Us/Our_History | https://thebelmontcountryclub.com/About_Us/Contact_Us | https://thebelmontcountryclub.com/Membership_(1)
OH-0127,OH-0127-A,Bexley Recreation & Parks Department: Online Registration by MyRec.com Recreation Management Software,,Bexley,,OH,https://bexleyoh.myrec.com/info/default.aspx,bexley.org,Indoor and outdoor,Indoor and Outdoor,No,1,https://bexleyoh.myrec.com/info/default.aspx | https://bexleyoh.myrec.com/info/activities/default.aspx | https://bexleyoh.myrec.com/info/activities/search.aspx | https://bexleyoh.myrec.com/info/facilities/default.aspx | https://bexleyoh.myrec.com/info/contact/default.aspx | https://bexleyoh.myrec.com/info/dept/default.aspx
OH-0128,OH-0128-A,Bluffton Family YMCA,,Bluffton,,OH,https://blufftonymca.net/,blufftonymca.net,Indoor and outdoor,Indoor and Outdoor,No,1,https://blufftonymca.net/ | https://blufftonymca.net/programs/ | https://blufftonymca.net/contact-us/ | https://blufftonymca.net/before-school-program-2023-2024/ | https://blufftonymca.net/youth-programs-2/ | https://blufftonymca.net/pickle-ball-program-2/ | https://blufftonymca.net/rentals/
OH-0129,OH-0129-A,"Bounce House Rentals in Boardman, OH",,Boardman,,OH,https://www.confettieventrental.com/,confettieventrental.com,Indoor and outdoor,Indoor and Outdoor,No,1,https://www.confettieventrental.com/ | https://www.confettieventrental.com/contact_us/ | https://www.confettieventrental.com/about_us/ | https://www.confettieventrental.com/weather_policies/ | https://www.confettieventrental.com/items/15_caution_wet_or_dry_inflatable_slide_rental__thrills_and_fun_for_any_event!/ | https://www.confettieventrental.com/items/skee_ball_inflatable_rental/ | https://www.confettieventrental.com/category/bounce_houses/
OH-0130,OH-0130-A,Canton Akron United SC,,Canton,,OH,https://www.cantonakronunited.com/,cantonakronunited.com,Indoor and outdoor,Indoor and Outdoor,No,1,https://www.cantonakronunited.com/ | https://www.cantonakronunited.com/staff | https://www.cantonakronunited.com/pip | https://www.cantonakronunited.com/facilities | https://www.cantonakronunited.com/the-force-difference
OH-0131,OH-0131-A,Capital University,2360 East Mound Street,Columbus,43209,OH,https://athletics.capital.edu/,athletics.capital.edu,Indoor and outdoor,Indoor and Outdoor,Yes,2,https://athletics.capital.edu/ | https://athletics.capital.edu/index.aspx | https://athletics.capital.edu/staff-directory | https://athletics.capital.edu/sports/2020/3/16/hof.aspx | https://athletics.capital.edu/documents/2021/11/9/athletics_celebratory_signing_form_21_22.pdf | https://athletics.capital.edu/sports/2020/3/16/athletics-severeweather | https://athletics.capital.edu/documents/2026/6/3/Capital_Athletics_Visitor_Guide_Aug2025.pdf
OH-0131,OH-0131-B,Capital University,276 S Nelson Road,Columbus,43205,OH,https://athletics.capital.edu/,athletics.capital.edu,Indoor and outdoor,Indoor and Outdoor,Yes,2,https://athletics.capital.edu/ | https://athletics.capital.edu/index.aspx | https://athletics.capital.edu/staff-directory | https://athletics.capital.edu/sports/2020/3/16/hof.aspx | https://athletics.capital.edu/documents/2021/11/9/athletics_celebratory_signing_form_21_22.pdf | https://athletics.capital.edu/sports/2020/3/16/athletics-severeweather | https://athletics.capital.edu/documents/2026/6/3/Capital_Athletics_Visitor_Guide_Aug2025.pdf
OH-0132,OH-0132-A,Chagrin Valley Racquet Club,,Chagrin Falls,,OH,https://cvrclub.com/,cvrclub.com,Indoor and outdoor,Indoor and Outdoor,No,1,https://cvrclub.com/ | https://cvrclub.com/about | https://cvrclub.com/staff | https://cvrclub.com/membership
OH-0133,OH-0133-A,Cincinnati Open,,Cincinnati,,OH,https://cincinnatiopen.com/,cincinnatiopen.com,Indoor and outdoor,Indoor and Outdoor,No,1,https://cincinnatiopen.com/ | https://cincinnatiopen.com/about/ | https://cincinnatiopen.com/about/about-the-tournament/ | https://cincinnatiopen.com/about/campus-transformation/ | https://cincinnatiopen.com/about/community/ | https://cincinnatiopen.com/about/partners-landing/ | https://cincinnatiopen.com/about/past-champions/
OH-0134,OH-0134-A,Cleveland Force,,Rocky River,,OH,https://www.clevelandforcesc.com/,clevelandforcesc.com,Indoor and outdoor,Indoor and Outdoor,No,1,https://www.clevelandforcesc.com/ | https://www.clevelandforcesc.com/staff | https://www.clevelandforcesc.com/USLW-staff | https://www.clevelandforcesc.com/usl2-staff | https://www.clevelandforcesc.com/training-programs | https://www.clevelandforcesc.com/training | https://www.clevelandforcesc.com/the-force-difference
OH-0135,OH-0135-A,Cleveland Premier Pickleball Club,,,,OH,https://clevelandpremierpickleball.com/,clevelandpremierpickleball.com,Indoor and outdoor,Indoor and Outdoor,No,1,https://clevelandpremierpickleball.com/ | https://clevelandpremierpickleball.com/play/
OH-0136,OH-0136-A,Cleveland Skating Club,,Shaker Heights,,OH,https://clevelandskatingclub.org/,clevelandskatingclub.org,Indoor and outdoor,Indoor and Outdoor,No,1,https://clevelandskatingclub.org/ | https://clevelandskatingclub.org/history-mission | https://clevelandskatingclub.org/membership | https://clevelandskatingclub.org/athletics | https://clevelandskatingclub.org/hours-and-contact-info | https://clevelandskatingclub.org/membership-info
OH-0137,OH-0137-A,Cleveland Soccer Institute,27200 Emery Road,Cleveland,44128,OH,https://clevelandsoccerinstitute.com/,clevelandsoccerinstitute.com,Indoor and outdoor,Indoor and Outdoor,No,1,https://clevelandsoccerinstitute.com/ | https://clevelandsoccerinstitute.com/about-csi
OH-0138,OH-0138-A,Colby College,,Cleveland,,OH,https://colbyathletics.com/,colbyathletics.com,Indoor and outdoor,Indoor and Outdoor,No,1,https://colbyathletics.com/ | https://colbyathletics.com/sports/2020/8/24/colby-athletics-mission.aspx | https://colbyathletics.com/sports/2022/2/2/leadership-speaker-series.aspx | https://colbyathletics.com/staff-directory | https://colbyathletics.com/sports/2021/2/19/meet-the-peak-team | https://colbyathletics.com/sports/2020/5/28/inside-athletics-Strength-and-Conditioning.aspx | https://colbyathletics.com/sports/2020/10/8/harold-alfond-athletics-and-recreation-center
OH-0139,OH-0139-A,Columbus on the Cheap,,Columbus,,OH,https://www.columbusonthecheap.com/,columbusonthecheap.com,Indoor and outdoor,Indoor and Outdoor,No,1,https://www.columbusonthecheap.com/ | https://www.columbusonthecheap.com/about/
OH-0140,OH-0140-A,columbusfutsal,,,,OH,https://www.columbusfutsal.us/,columbusfutsal.us,Indoor and outdoor,Indoor and Outdoor,No,1,https://www.columbusfutsal.us/ | https://www.columbusfutsal.us/aboutus | https://www.columbusfutsal.us/staff | https://www.columbusfutsal.us/academy
OH-0141,OH-0141-A,Community Resources & Events,4 2088 South Arlington Road,Akron,44306,OH,https://www.austintowntwp.com/,austintowntwp.com,Indoor and outdoor,Indoor and Outdoor,Yes,6,https://www.austintowntwp.com/ | https://www.austintowntwp.com/administration | https://www.austintowntwp.com/fire-department | https://www.austintowntwp.com/zoning | https://www.austintowntwp.com/park | https://www.austintowntwp.com/road | https://www.austintowntwp.com/police
OH-0141,OH-0141-B,Community Resources & Events,92 Ohltown Road,Austintown,44515,OH,https://www.austintowntwp.com/,austintowntwp.com,Indoor and outdoor,Indoor and Outdoor,Yes,6,https://www.austintowntwp.com/ | https://www.austintowntwp.com/administration | https://www.austintowntwp.com/fire-department | https://www.austintowntwp.com/zoning | https://www.austintowntwp.com/park | https://www.austintowntwp.com/road | https://www.austintowntwp.com/police
OH-0141,OH-0141-C,Community Resources & Events,92 Ohltown Road,Austintown,,OH,https://www.austintowntwp.com/,austintowntwp.com,Indoor and outdoor,Indoor and Outdoor,Yes,6,https://www.austintowntwp.com/ | https://www.austintowntwp.com/administration | https://www.austintowntwp.com/fire-department | https://www.austintowntwp.com/zoning | https://www.austintowntwp.com/park | https://www.austintowntwp.com/road | https://www.austintowntwp.com/police
OH-0141,OH-0141-D,Community Resources & Events,92 Ohltown Rd,Austintown,44515,OH,https://www.austintowntwp.com/,austintowntwp.com,Indoor and outdoor,Indoor and Outdoor,Yes,6,https://www.austintowntwp.com/ | https://www.austintowntwp.com/administration | https://www.austintowntwp.com/fire-department | https://www.austintowntwp.com/zoning | https://www.austintowntwp.com/park | https://www.austintowntwp.com/road | https://www.austintowntwp.com/police
OH-0141,OH-0141-E,Community Resources & Events,4 6000 Mahoning Avenue,Austintown,44515,OH,https://www.austintowntwp.com/,austintowntwp.com,Indoor and outdoor,Indoor and Outdoor,Yes,6,https://www.austintowntwp.com/ | https://www.austintowntwp.com/administration | https://www.austintowntwp.com/fire-department | https://www.austintowntwp.com/zoning | https://www.austintowntwp.com/park | https://www.austintowntwp.com/road | https://www.austintowntwp.com/police
OH-0141,OH-0141-F,Community Resources & Events,120 Market Street,Youngstown,44503,OH,https://www.austintowntwp.com/,austintowntwp.com,Indoor and outdoor,Indoor and Outdoor,Yes,6,https://www.austintowntwp.com/ | https://www.austintowntwp.com/administration | https://www.austintowntwp.com/fire-department | https://www.austintowntwp.com/zoning | https://www.austintowntwp.com/park | https://www.austintowntwp.com/road | https://www.austintowntwp.com/police
OH-0142,OH-0142-A,Countryside YMCA,1699 Deerfield Road,Lebanon,45036,OH,https://countrysideymca.org/,countrysideymca.org,Indoor and outdoor,Indoor and Outdoor,Yes,3,https://countrysideymca.org/ | https://countrysideymca.org/employment-opportunities/ | https://countrysideymca.org/annual-campaign/ | https://countrysideymca.org/gyms-courts-tracks/ | https://countrysideymca.org/insurance-paid-memberships/ | https://countrysideymca.org/foster-kinship-care-memberships/ | https://countrysideymca.org/membership-guide/
OH-0142,OH-0142-B,Countryside YMCA,1618 Deerfield Rd,Lebanon,45036,OH,https://countrysideymca.org/,countrysideymca.org,Indoor and outdoor,Indoor and Outdoor,Yes,3,https://countrysideymca.org/ | https://countrysideymca.org/employment-opportunities/ | https://countrysideymca.org/annual-campaign/ | https://countrysideymca.org/gyms-courts-tracks/ | https://countrysideymca.org/insurance-paid-memberships/ | https://countrysideymca.org/foster-kinship-care-memberships/ | https://countrysideymca.org/membership-guide/
OH-0142,OH-0142-C,Countryside YMCA,6246 Turning Leaf Way,Maineville,45039,OH,https://countrysideymca.org/,countrysideymca.org,Indoor and outdoor,Indoor and Outdoor,Yes,3,https://countrysideymca.org/ | https://countrysideymca.org/employment-opportunities/ | https://countrysideymca.org/annual-campaign/ | https://countrysideymca.org/gyms-courts-tracks/ | https://countrysideymca.org/insurance-paid-memberships/ | https://countrysideymca.org/foster-kinship-care-memberships/ | https://countrysideymca.org/membership-guide/
OH-0143,OH-0143-A,CourtsApp,,Columbus,,OH,https://courtsapp.com/,courtsapp.com,Indoor and outdoor,Indoor and Outdoor,No,1,https://courtsapp.com/ | https://courtsapp.com/facilities/ny/new-york/sportime-randalls-island | https://courtsapp.com/facilities/ny/eastchester/sportime-lake-isle | https://courtsapp.com/facilities/ny/atlantic-beach/abc-morales-tennis-pickleball | https://courtsapp.com/facilities/ny/mamaroneck/sportime-harbor-island | https://courtsapp.com/facilities/ny/port-washington/sportime-port-washington | https://courtsapp.com/facilities/ny/lynbrook/sportime-lynbrook-tennis
OH-0144,OH-0144-A,CSU Rec Center,,,,OH,https://csurec.com/,csurec.com,Indoor and outdoor,Indoor and Outdoor,No,1,https://csurec.com/ | https://csurec.com/membership/ | https://csurec.com/membership/corporate-partnerships/ | https://csurec.com/membership/guest-passes/ | https://csurec.com/membership/member-faq/ | https://csurec.com/rentals/ | https://csurec.com/rentals/rental-rates/
OH-0145,OH-0145-A,Dayton Local,1001 E. 2nd Street,Dayton,45402,OH,https://www.daytonlocal.com/,daytonlocal.com,Indoor and outdoor,Indoor and Outdoor,No,1,https://www.daytonlocal.com/ | https://www.daytonlocal.com/directory/craft-beer/ | https://www.daytonlocal.com/directory/food-trucks/ | https://www.daytonlocal.com/directory/ | https://www.daytonlocal.com/directory/art-galleries/ | https://www.daytonlocal.com/directory/bowling/ | https://www.daytonlocal.com/directory/golf/
OH-0146,OH-0146-A,Deer Creek State Park Lodge,,Mt. Sterling,,OH,https://www.deercreekparklodge.com/,deercreekparklodge.com,Indoor and outdoor,Indoor and Outdoor,No,1,https://www.deercreekparklodge.com/ | https://www.deercreekparklodge.com/about | https://www.deercreekparklodge.com/contact-us
OH-0147,OH-0147-A,Defiance College,991 Webster Street,Defiance,43512,OH,https://defianceathletics.com/landing/index,defiance.edu,Indoor and outdoor,Indoor and Outdoor,No,1,https://defianceathletics.com/landing/index | https://defianceathletics.com/information/directory/index | https://defianceathletics.com/information/index | https://defianceathletics.com/information/salt | https://defianceathletics.com/information/facilities/index | https://defianceathletics.com/information/facilities/auglaize/index
OH-0148,OH-0148-A,"Destination Dayton, OH",,Dayton,,OH,https://www.destinationdayton.org/,destinationdayton.org,Indoor and outdoor,Indoor and Outdoor,No,1,https://www.destinationdayton.org/ | https://www.destinationdayton.org/about/ | https://www.destinationdayton.org/contact/
OH-0149,OH-0149-A,Destination Hilliard,,Hilliard,,OH,https://www.destinationhilliard.org/,destinationhilliard.org,Indoor and outdoor,Indoor and Outdoor,No,1,https://www.destinationhilliard.org/ | https://www.destinationhilliard.org/about | https://www.destinationhilliard.org/contact | https://www.destinationhilliard.org/category/event-rentals | https://www.destinationhilliard.org/business-directory
OH-0150,OH-0150-A,Discover Clermont County,,Goshen,,OH,https://discoverclermont.com/,discoverclermont.com,Indoor and outdoor,Indoor and Outdoor,No,1,https://discoverclermont.com/ | https://discoverclermont.com/media/news-updates/clermont-county-awarded-america-250-ohio-communities-grant-for-storytelling-and-education-programs | https://discoverclermont.com/media/news-updates/miami-township-to-host-ribbon-cutting-ceremony-and-community-celebration-for-new-outdoor-fitness-court-and-america-250-mural | https://discoverclermont.com/about-us | https://discoverclermont.com/staff
OH-0151,OH-0151-A,Discover Cleveland,,Avon,,OH,https://www.thewestsidebuzz.com/,thewestsidebuzz.com,Indoor and outdoor,Indoor and Outdoor,No,1,https://www.thewestsidebuzz.com/ | https://www.thewestsidebuzz.com/about | https://www.thewestsidebuzz.com/contact-us
OH-0152,OH-0152-A,Dublin Dental Care,,Dublin,,OH,https://www.dublindentalcareohio.com/,dublindentalcareohio.com,Indoor and outdoor,Indoor and Outdoor,No,1,https://www.dublindentalcareohio.com/ | https://www.dublindentalcareohio.com/meet-team/ | https://www.dublindentalcareohio.com/new-patients/dublin-dental-cares-in-house-membership-program/ | https://www.dublindentalcareohio.com/contact-us/ | https://www.dublindentalcareohio.com/meet-team/dr-roland-pagniano-jr/
OH-0153,OH-0153-A,Elysium Tennis,7637C Commerce Place,Plain City,43064,OH,https://elysiumtennis.com/,elysiumtennis.com,Indoor and outdoor,Indoor and Outdoor,No,1,https://elysiumtennis.com/ | https://elysiumtennis.com/about-us | https://elysiumtennis.com/programs | https://elysiumtennis.com/programs/adult-tennis | https://elysiumtennis.com/programs/junior-tennis | https://elysiumtennis.com/programs/utr | https://elysiumtennis.com/programs/pickleball
OH-0154,OH-0154-A,Erie Pickleball,,Mentor,,OH,https://www.eriepickle.com/,eriepickle.com,Indoor and outdoor,Indoor and Outdoor,No,1,https://www.eriepickle.com/ | https://www.eriepickle.com/programs | https://www.eriepickle.com/memberships | https://www.eriepickle.com/about | https://www.eriepickle.com/reserve | https://www.eriepickle.com/programs/classes | https://www.eriepickle.com/programs/tournaments
OH-0155,OH-0155-A,Events and Conferences,,Columbus,,OH,https://slec.osu.edu/,slec.osu.edu,Indoor and outdoor,Indoor and Outdoor,No,1,https://slec.osu.edu/ | https://slec.osu.edu/about-us | https://slec.osu.edu/about-us/our-team | https://slec.osu.edu/about-us/employment | https://slec.osu.edu/about-us/campus-map-parking | https://slec.osu.edu/about-us/sponsorship | https://slec.osu.edu/about-us/sponsorship/campus-activations
OH-0156,OH-0156-A,EXCEL Volleyball,3855 Reed Rd,Upper Arlington,43220,OH,https://www.excelvb.net/,excelvb.net,Indoor and outdoor,Indoor and Outdoor,Yes,2,https://www.excelvb.net/ | https://www.excelvb.net/all-skills-training-program | https://www.excelvb.net/dublin-programs | https://www.excelvb.net/gahanna-programs | https://www.excelvb.net/developmental-program | https://www.excelvb.net/hilliard-programs | https://www.excelvb.net/new-albany-programs
OH-0156,OH-0156-B,EXCEL Volleyball,1280 Goodale Blvd,Grandview Heights,43212,OH,https://www.excelvb.net/,excelvb.net,Indoor and outdoor,Indoor and Outdoor,Yes,2,https://www.excelvb.net/ | https://www.excelvb.net/all-skills-training-program | https://www.excelvb.net/dublin-programs | https://www.excelvb.net/gahanna-programs | https://www.excelvb.net/developmental-program | https://www.excelvb.net/hilliard-programs | https://www.excelvb.net/new-albany-programs
OH-0157,OH-0157-A,Exclusive Cleveland Pickleball Courts: Private Party Venues in Cleveland With Pickleball Membership Options,,Broadview Heights,,OH,https://thepickleclubcle.com/,thepickleclubcle.com,Indoor and outdoor,Indoor and Outdoor,No,1,https://thepickleclubcle.com/ | https://thepickleclubcle.com/about/ | https://thepickleclubcle.com/membership/ | https://thepickleclubcle.com/contact-us/
OH-0158,OH-0158-A,Fayette County Family YMCA,,House,,OH,https://faycoymca.org/,faycoymca.org,Indoor and outdoor,Indoor and Outdoor,No,1,https://faycoymca.org/ | https://faycoymca.org/membership/ | https://faycoymca.org/our-facility/ | https://faycoymca.org/leadership-staff/ | https://faycoymca.org/membership/corporate/ | https://faycoymca.org/membership/insurance/
OH-0159,OH-0159-A,Final Third Foundation,11 Final Third Foundation 2404 E Main Street,Columbus,43209,OH,https://www.finalthirdfoundation.org/,finalthirdfoundation.org,Indoor and outdoor,Indoor and Outdoor,Yes,3,https://www.finalthirdfoundation.org/ | https://www.finalthirdfoundation.org/school-based-programs | https://www.finalthirdfoundation.org/contact-us-1 | https://www.finalthirdfoundation.org/about-us | https://www.finalthirdfoundation.org/academy | https://www.finalthirdfoundation.org/our-team
OH-0159,OH-0159-B,Final Third Foundation,2404 E Main Street,Columbus,43209,OH,https://www.finalthirdfoundation.org/,finalthirdfoundation.org,Indoor and outdoor,Indoor and Outdoor,Yes,3,https://www.finalthirdfoundation.org/ | https://www.finalthirdfoundation.org/school-based-programs | https://www.finalthirdfoundation.org/contact-us-1 | https://www.finalthirdfoundation.org/about-us | https://www.finalthirdfoundation.org/academy | https://www.finalthirdfoundation.org/our-team
OH-0159,OH-0159-C,Final Third Foundation,6653 Final Third Foundation 2404 E Main Street,Columbus,43209,OH,https://www.finalthirdfoundation.org/,finalthirdfoundation.org,Indoor and outdoor,Indoor and Outdoor,Yes,3,https://www.finalthirdfoundation.org/ | https://www.finalthirdfoundation.org/school-based-programs | https://www.finalthirdfoundation.org/contact-us-1 | https://www.finalthirdfoundation.org/about-us | https://www.finalthirdfoundation.org/academy | https://www.finalthirdfoundation.org/our-team
OH-0160,OH-0160-A,Find Padel Courts Near Me,,Garfield Heights,,OH,https://www.padelmapusa.com/,padelmapusa.com,Indoor and outdoor,Indoor and Outdoor,No,1,https://www.padelmapusa.com/ | https://www.padelmapusa.com/courts | https://www.padelmapusa.com/about-padel-sport | https://www.padelmapusa.com/list-your-court | https://www.padelmapusa.com/courts/pulse-padel-hub-north-miami | https://www.padelmapusa.com/city/miami-fl | https://www.padelmapusa.com/courts/cube-padel-houston
OH-0161,OH-0161-A,Fischer Homes,,Columbus,,OH,https://www.fischerhomes.com/,fischerhomes.com,Indoor and outdoor,Indoor and Outdoor,No,1,https://www.fischerhomes.com/ | https://www.fischerhomes.com/energywise-program/ | https://www.fischerhomes.com/about/ | https://www.fischerhomes.com/contact-us/
OH-0162,OH-0162-A,Flannagan's,,Columbus,,OH,https://flannagans.com/,flannagans.com,Indoor and outdoor,Indoor and Outdoor,No,1,https://flannagans.com/ | https://flannagans.com/volleyball/open-play-volleyball/ | https://flannagans.com/contact-us/
OH-0163,OH-0163-A,Gender Road Christian Church,,Canal Winchester,,OH,https://genderroadcc.com/,churchspring.com,Indoor and outdoor,Indoor and Outdoor,No,1,https://genderroadcc.com/ | http://genderroadcc.com/about-grcc/ | http://genderroadcc.com/about-grcc/leadership/ | http://genderroadcc.com/about-grcc/connect/ | http://genderroadcc.com/about-grcc/contact-us/ | http://genderroadcc.com/about-grcc/spaces-for-rent/
OH-0164,OH-0164-A,Global Pickleball Network,,Groveport,,OH,https://www.globalpickleball.network/,globalpickleball.network,Indoor and outdoor,Indoor and Outdoor,No,1,https://www.globalpickleball.network/ | https://www.globalpickleball.network/pickleball-court-reservation-software | https://www.globalpickleball.network/network/home/4280-the-courts-at-pebble-creek | https://www.globalpickleball.network/index.php | https://www.globalpickleball.network/pickleball-partners/partners/profile-page/login?return=aHR0cHM6Ly93d3cuZ2xvYmFscGlja2xlYmFsbC5uZXR3b3JrL3BpY2tsZWJhbGwtY291cnRzL3N1Ym1pdC1hLWNvdXJ0 | https://www.globalpickleball.network/about-us | https://www.globalpickleball.network/pickleball-courts/courts
OH-0165,OH-0165-A,Heart and Sole Futsal,,,,OH,https://www.heartandsolefutsal.com/,heartandsolefutsal.com,Indoor and outdoor,Indoor and Outdoor,No,1,https://www.heartandsolefutsal.com/ | https://www.heartandsolefutsal.com/training | https://www.heartandsolefutsal.com/page/show/3961632-heart-and-sole-coaches-and-administration | https://www.heartandsolefutsal.com/page/show/3961637-about-otto-orf-and-heart-and-sole | https://www.heartandsolefutsal.com/page/show/3961632-coaches-and-staff
OH-0166,OH-0166-A,Home [www.primetimefieldhouse.com],,Middletown,,OH,https://primetimefieldhouse.com/,primetimefieldhouse.com,Indoor and outdoor,Indoor and Outdoor,No,1,https://primetimefieldhouse.com/
OH-0167,OH-0167-A,Hope Ignites Northeastern Ohio,9619 Garfield Blvd,Garfield Heights,44125,OH,https://hopeignitesneo.org/,hopeignites.org,Indoor and outdoor,Indoor and Outdoor,Yes,2,https://hopeignitesneo.org/ | https://hopeignitesneo.org/about/ | https://hopeignitesneo.org/programs/ | https://hopeignitesneo.org/beinvolved/
OH-0167,OH-0167-B,Hope Ignites Northeastern Ohio,9438 Dorothy Ave,Garfield Heights,44125,OH,https://hopeignitesneo.org/,hopeignites.org,Indoor and outdoor,Indoor and Outdoor,Yes,2,https://hopeignitesneo.org/ | https://hopeignitesneo.org/about/ | https://hopeignitesneo.org/programs/ | https://hopeignitesneo.org/beinvolved/
OH-0168,OH-0168-A,IVA Performance,8535 Tanglewood Square,Chagrin Falls,44023,OH,https://www.ivaohio.com/,ivaohio.com,Indoor and outdoor,Indoor and Outdoor,No,1,https://www.ivaohio.com/ | https://www.ivaohio.com/contact | https://www.ivaohio.com/memberships | https://www.ivaohio.com/the-court | https://www.ivaohio.com/our-story
OH-0169,OH-0169-A,JCC of Greater Columbus,,Columbus,,OH,https://columbusjcc.org/,columbusjcc.org,Indoor and outdoor,Indoor and Outdoor,No,1,https://columbusjcc.org/ | https://columbusjcc.org/contact-us/ | https://columbusjcc.org/about-us/ | https://columbusjcc.org/programguide/ | https://columbusjcc.org/pickleballprograms/ | https://columbusjcc.org/fitness-programs/ | https://columbusjcc.org/pickleballreservations/
OH-0170,OH-0170-A,JCC of Youngstown,505 Gypsy Lane,Youngstown,44504,OH,https://www.jccyoungstown.org/,jewishyoungstown.org,Indoor and outdoor,Indoor and Outdoor,Yes,2,https://www.jccyoungstown.org/ | https://www.jccyoungstown.org/aboutus/hours-directions | https://www.jccyoungstown.org/forms/contact-us | https://www.jccyoungstown.org/facilityrentals | https://www.jccyoungstown.org/membership | https://www.jccyoungstown.org/aboutus | https://www.jccyoungstown.org/index.php
OH-0170,OH-0170-B,JCC of Youngstown,3245 Logan Way,Youngstown,44505,OH,https://www.jccyoungstown.org/,jewishyoungstown.org,Indoor and outdoor,Indoor and Outdoor,Yes,2,https://www.jccyoungstown.org/ | https://www.jccyoungstown.org/aboutus/hours-directions | https://www.jccyoungstown.org/forms/contact-us | https://www.jccyoungstown.org/facilityrentals | https://www.jccyoungstown.org/membership | https://www.jccyoungstown.org/aboutus | https://www.jccyoungstown.org/index.php
OH-0171,OH-0171-A,John Carroll University Athletics,,University Heights,,OH,https://jcusports.com/,jcusports.com,Indoor and outdoor,Indoor and Outdoor,No,1,https://jcusports.com/ | https://jcusports.com/sports/2007/8/29/About%20JCU%20Athletics.aspx | https://jcusports.com/sports/2010/11/11/GEN_1111101043.aspx | https://jcusports.com/staff-directory | https://jcusports.com/sports/2007/11/28/Facilities%20at%20John%20Carroll.aspx | https://jcusports.com/sports/2023/8/31/2022-gameday-programs.aspx | https://jcusports.com/sports/2007/9/11/BlueGold
OH-0172,OH-0172-A,"Kenston High School (Chagrin Falls, OH) Athletics",37545 Detroit Rd,Avon,44011,OH,https://www.kenstonathletics.com/,kenstonapps.org,Indoor and outdoor,Indoor and Outdoor,Yes,4,https://www.kenstonathletics.com/ | https://www.kenstonathletics.com/directory | https://www.kenstonathletics.com/athletics-job-opportunities | https://www.kenstonathletics.com/facilities
OH-0172,OH-0172-B,"Kenston High School (Chagrin Falls, OH) Athletics",26000 Lorain Rd,North Olmsted,44070,OH,https://www.kenstonathletics.com/,kenstonapps.org,Indoor and outdoor,Indoor and Outdoor,Yes,4,https://www.kenstonathletics.com/ | https://www.kenstonathletics.com/directory | https://www.kenstonathletics.com/athletics-job-opportunities | https://www.kenstonathletics.com/facilities
OH-0172,OH-0172-C,"Kenston High School (Chagrin Falls, OH) Athletics",33185 Bainbridge Rd,Solon,44139,OH,https://www.kenstonathletics.com/,kenstonapps.org,Indoor and outdoor,Indoor and Outdoor,Yes,4,https://www.kenstonathletics.com/ | https://www.kenstonathletics.com/directory | https://www.kenstonathletics.com/athletics-job-opportunities | https://www.kenstonathletics.com/facilities
OH-0172,OH-0172-D,"Kenston High School (Chagrin Falls, OH) Athletics",136 E. Bagley Road,Berea,44017,OH,https://www.kenstonathletics.com/,kenstonapps.org,Indoor and outdoor,Indoor and Outdoor,Yes,4,https://www.kenstonathletics.com/ | https://www.kenstonathletics.com/directory | https://www.kenstonathletics.com/athletics-job-opportunities | https://www.kenstonathletics.com/facilities
OH-0173,OH-0173-A,Kirtland Country Club,,Willoughby,,OH,https://kirtlandcc.org/,kirtlandcc.org,Indoor and outdoor,Indoor and Outdoor,No,1,https://kirtlandcc.org/ | https://kirtlandcc.org/About_Us | https://kirtlandcc.org/login.aspx?ReturnUrl=%2fStaff-Directory
OH-0174,OH-0174-A,KTC/Quail,4565 Gateway Circle,Kettering,45440,OH,https://www.ktcquail.com/,ktcquail.com,Indoor and outdoor,Indoor and Outdoor,Yes,2,https://www.ktcquail.com/ | https://www.ktcquail.com/facilities | https://www.ktcquail.com/membership
OH-0174,OH-0174-B,KTC/Quail,4225 Brown Road,Dayton,45440,OH,https://www.ktcquail.com/,ktcquail.com,Indoor and outdoor,Indoor and Outdoor,Yes,2,https://www.ktcquail.com/ | https://www.ktcquail.com/facilities | https://www.ktcquail.com/membership
OH-0175,OH-0175-A,Lake Erie Vacations & Getaways,125 E. Water St.,Sandusky,44870,OH,https://www.shoresandislands.com/,shoresandislands.com,Indoor and outdoor,Indoor and Outdoor,No,1,https://www.shoresandislands.com/ | https://www.shoresandislands.com/about-us/ | https://www.shoresandislands.com/places-to-stay/vacation-rentals/
OH-0176,OH-0176-A,"Lakeland Community College: Kirtland, Ohio",7700 Clocktower Drive,Kirtland,44094,OH,https://lakelandcc.edu/,lakelandcc.edu,Indoor and outdoor,Indoor and Outdoor,No,1,https://lakelandcc.edu/ | https://lakelandcc.edu/web/about/lakeland | https://lakelandcc.edu/web/about/campus-health | https://lakelandcc.edu/web/about/human-resources-departments | https://lakelandcc.edu/web/about/location-direction | https://lakelandcc.edu/web/about/annual-report
OH-0177,OH-0177-A,LaTuchie Tennis Center,,Stow,,OH,https://latuchietennis.com/,latuchietennis.com,Indoor and outdoor,Indoor and Outdoor,No,1,https://latuchietennis.com/ | https://latuchietennis.com/about-us | https://latuchietennis.com/membership | https://latuchietennis.com/contact
OH-0178,OH-0178-A,LifeWorks Fitness,,Middleburg Heights,,OH,https://lifeworksfitness.net/,lifeworksfitness.net,Indoor and outdoor,Indoor and Outdoor,No,1,https://lifeworksfitness.net/ | https://lifeworksfitness.net/wellness/programs/ | https://lifeworksfitness.net/membership/club-overview/ | https://lifeworksfitness.net/membership/join-now/ | https://lifeworksfitness.net/membership/policies/ | https://lifeworksfitness.net/membership/lifeworks-app/ | https://lifeworksfitness.net/membership/join-now/index.html
OH-0179,OH-0179-A,Lost Nation Sports Park,,Willoughby,,OH,https://lostnationsports.com/,lostnationsports.com,Indoor and outdoor,Indoor and Outdoor,No,1,https://lostnationsports.com/ | https://lostnationsports.com/about-us/our-facilities/lost-nation-west/ | https://lostnationsports.com/about-us/our-facilities/lost-nation-east/ | https://lostnationsports.com/adult-program/ | https://lostnationsports.com/adult-program/flag-football/ | https://lostnationsports.com/adult-program/basketball/ | https://lostnationsports.com/adult-program/soccer/
OH-0180,OH-0180-A,Major Arena Soccer League,,,,OH,https://www.maslsoccer.com/,maslsoccer.com,Indoor and outdoor,Indoor and Outdoor,No,1,https://www.maslsoccer.com/ | https://www.maslsoccer.com/about | https://www.maslsoccer.com/staff | https://www.maslsoccer.com/contact | https://www.maslsoccer.com/media-contacts
OH-0181,OH-0181-A,Mandel JCC,26001 South Woodland Road,Beachwood,44122,OH,https://mandeljcc.org/,mandeljcc.org,Indoor and outdoor,Indoor and Outdoor,No,1,https://mandeljcc.org/ | https://mandeljcc.org/Programs | https://mandeljcc.org/Contact-and-Hours | https://mandeljcc.org/About-Us | https://mandeljcc.org/Contacts-and-Board | https://mandeljcc.org/Membership
OH-0182,OH-0182-A,Metro Parks - Central Ohio Park System,1069 W Main Street,Westerville,43081,OH,https://www.metroparks.net/,metroparks.net,Indoor and outdoor,Indoor and Outdoor,No,1,https://www.metroparks.net/ | https://www.metroparks.net/about-us/ | https://www.metroparks.net/about-us/board-meetings/ | https://www.metroparks.net/about-us/careers/ | https://www.metroparks.net/about-us/contract-bidding/ | https://www.metroparks.net/about-us/finance/ | https://www.metroparks.net/about-us/natural-resource-management/
OH-0183,OH-0183-A,Miami University,,Oxford,,OH,https://miamioh.edu/,miamioh.edu,Indoor and outdoor,Indoor and Outdoor,No,1,https://miamioh.edu/ | https://miamioh.edu/life-at-miami/parent-family-programs/ | https://miamioh.edu/academic-programs/ | https://miamioh.edu/athletics-recreation/ | https://miamioh.edu/admission-aid/majors-minors-programs/ | https://miamioh.edu/academic-programs/resources-services/academic-advising.html | https://miamioh.edu/academic-programs/miami-plan/
OH-0184,OH-0184-A,Miami Valley Hunt & Polo Club,2465 Keystone Club Dr.,Dayton,45439,OH,https://daytonpoloclub.org/,daytonpoloclub.org,Indoor and outdoor,Indoor and Outdoor,No,1,https://daytonpoloclub.org/ | https://daytonpoloclub.org/whoweare | https://daytonpoloclub.org/Contact | https://daytonpoloclub.org/Rental-FAQ
OH-0185,OH-0185-A,Mount Sterling Community Center,,Mt. Sterling,,OH,https://mountsterlingcc.org/,mountsterlingcc.org,Indoor and outdoor,Indoor and Outdoor,No,1,https://mountsterlingcc.org/ | https://mountsterlingcc.org/summeryouthprogram/ | https://mountsterlingcc.org/building-room-rental/ | https://mountsterlingcc.org/contact/ | https://mountsterlingcc.org/gallery/reptile-adventure-summer-lunch-program
OH-0186,OH-0186-A,Naval Academy Athletics,,Youngstown,,OH,https://navysports.com/,navysports.com,Indoor and outdoor,Indoor and Outdoor,No,1,https://navysports.com/ | https://navysports.com/sports/2023/1/4/2023-BlueNGold-Referral-Program.aspx | https://navysports.com/sports/2018/5/23/supportnavy-game-programs-html | https://navysports.com/documents/2026/6/22/2026_Navy_Athletics_Sponsorship_Intro_Deck_June.pdf | https://navysports.com/sports/2018/5/23/supportnavy-game-programs-html.aspx | https://navysports.com/facilities | https://navysports.com/sports/2019/6/7/facility-rentals.aspx
OH-0187,OH-0187-A,NewAlbany,,New Albany,,OH,https://www.nacc.com/,nacc.com,Indoor and outdoor,Indoor and Outdoor,No,1,https://www.nacc.com/
OH-0188,OH-0188-A,Nutter Center,3640 Colonel Glenn Hwy,Dayton,45435,OH,https://www.nuttercenter.com/,nuttercenter.com,Indoor and outdoor,Indoor and Outdoor,Yes,2,https://www.nuttercenter.com/ | https://www.nuttercenter.com/rental-spaces | https://www.nuttercenter.com/arena-information/staff-directory | https://www.nuttercenter.com/rental-spaces/arena | https://www.nuttercenter.com/rental-spaces/luxury-suites | https://www.nuttercenter.com/rental-spaces/mclin-gym | https://www.nuttercenter.com/rental-spaces/parking-lots
OH-0188,OH-0188-B,Nutter Center,3640 Colonel Glenn Hwy.,Dayton,45435,OH,https://www.nuttercenter.com/,nuttercenter.com,Indoor and outdoor,Indoor and Outdoor,Yes,2,https://www.nuttercenter.com/ | https://www.nuttercenter.com/rental-spaces | https://www.nuttercenter.com/arena-information/staff-directory | https://www.nuttercenter.com/rental-spaces/arena | https://www.nuttercenter.com/rental-spaces/luxury-suites | https://www.nuttercenter.com/rental-spaces/mclin-gym | https://www.nuttercenter.com/rental-spaces/parking-lots
OH-0189,OH-0189-A,Ohio State,,Columbus,,OH,https://ohiostatebuckeyes.com/,ohiostatebuckeyes.com,Indoor and outdoor,Indoor and Outdoor,No,1,https://ohiostatebuckeyes.com/ | https://ohiostatebuckeyes.com/sports/2024/11/8/athletics-communications | https://ohiostatebuckeyes.com/feature/the-eugene-d-smith-leadership-institute | https://ohiostatebuckeyes.com/sports/2018/6/1/brick-program | https://ohiostatebuckeyes.com/staff-directory | https://ohiostatebuckeyes.com/sports/2024/2/15/rental-information | https://ohiostatebuckeyes.com/sports/2024/5/7/facilities
OH-0190,OH-0190-A,Ohio University,,Athens,,OH,https://www.ohio.edu/,ohio.edu,Indoor and outdoor,Indoor and Outdoor,No,1,https://www.ohio.edu/ | https://www.ohio.edu/employees | https://www.ohio.edu/directory/ | https://www.ohio.edu/contact | https://www.ohio.edu/about | https://www.ohio.edu/about/history-traditions | https://www.ohio.edu/building-directory
OH-0191,OH-0191-A,Ohio Wesleyan University,,Delaware,,OH,https://owu.edu/,owu.edu,Indoor and outdoor,Indoor and Outdoor,No,1,https://owu.edu/ | https://www.owu.edu/faculty-and-staff/ | https://www.owu.edu/about/ | https://www.owu.edu/about/fast-facts/ | https://www.owu.edu/about/mission-aims/ | https://www.owu.edu/about/history-traditions/ | https://www.owu.edu/about/diversity/
OH-0192,OH-0192-A,Ohio Wesleyan University Athletics,,,,OH,https://battlingbishops.com/,battlingbishops.com,Indoor and outdoor,Indoor and Outdoor,No,1,https://battlingbishops.com/ | https://battlingbishops.com/staff-directory | https://battlingbishops.com/sports/2017/1/5/About%20the%20NCAC.aspx | https://battlingbishops.com/sports/2026/7/28/facility-hours.aspx
OH-0193,OH-0193-A,Olympic Indoor Tennis Club,3480 Indianola Ave.,Columbus,43214,OH,https://olympicindoor.com/,olympicindoor.com,Indoor and outdoor,Indoor and Outdoor,No,1,https://olympicindoor.com/ | https://olympicindoor.com/component/content/article/21-court-rentals | https://olympicindoor.com/contact-us | https://olympicindoor.com/programs/junior-tennis | https://olympicindoor.com/programs/junior-tennis/junior-tennis-overview | https://olympicindoor.com/programs/junior-tennis/vortex-junior-drill-program | https://olympicindoor.com/programs/junior-tennis/14-under-programs
OH-0194,OH-0194-A,Outdoorsy,,Columbus,,OH,https://www.outdoorsy.com/,outdoorsy.com,Indoor and outdoor,Indoor and Outdoor,No,1,https://www.outdoorsy.com/ | https://www.outdoorsy.com/rv-info/one-way-rv-rental | https://www.outdoorsy.com/rv-search | https://www.outdoorsy.com/rv-rental/mount-desert_me/2022_escape-trailer_escape-trailer-trailer_364515-listing | https://www.outdoorsy.com/rv-rental/trenton_me/2021_coachmen_apex-nano_378631-listing | https://www.outdoorsy.com/rv-rental/trenton_me/2018_thor_four-winds_462767-listing
OH-0195,OH-0195-A,PadelCourtsNearMe,3804 Church Street,Cincinnati,,OH,https://www.padelcourtsnearme.us/,padelcourtsnearme.us,Indoor and outdoor,Indoor and Outdoor,Yes,2,https://www.padelcourtsnearme.us/ | https://www.padelcourtsnearme.us/courts/10by20-ft-lauderdale-fort-lauderdale-florida | https://www.padelcourtsnearme.us/courts/6-love-sports-miami-beach-florida | https://www.padelcourtsnearme.us/courts/access-padel-hillsborough-new-jersey | https://www.padelcourtsnearme.us/courts/alma-padel-glenview-illinois | https://www.padelcourtsnearme.us/courts/and-padel-oakland-new-jersey
OH-0195,OH-0195-B,PadelCourtsNearMe,5700 Transportation Boulevard,Garfield Heights,,OH,https://www.padelcourtsnearme.us/,padelcourtsnearme.us,Indoor and outdoor,Indoor and Outdoor,Yes,2,https://www.padelcourtsnearme.us/ | https://www.padelcourtsnearme.us/courts/10by20-ft-lauderdale-fort-lauderdale-florida | https://www.padelcourtsnearme.us/courts/6-love-sports-miami-beach-florida | https://www.padelcourtsnearme.us/courts/access-padel-hillsborough-new-jersey | https://www.padelcourtsnearme.us/courts/alma-padel-glenview-illinois | https://www.padelcourtsnearme.us/courts/and-padel-oakland-new-jersey
OH-0196,OH-0196-A,Party/Event Rentals,,Columbus,,OH,https://www.columbusparties.com/,columbusparties.com,Indoor and outdoor,Indoor and Outdoor,No,1,https://www.columbusparties.com/ | https://www.columbusparties.com/about | https://www.columbusparties.com/casino-party-rentals-columbus-ohio | https://www.columbusparties.com/event-equipment-tent-rentals-columbus-ohio | https://www.columbusparties.com/inflatables-rentals-columbus-ohio-bounce-rentals | https://www.columbusparties.com/carnival-ride-rentals-columbus-ohio | https://www.columbusparties.com/amusement-game-rentals-ohio
OH-0197,OH-0197-A,Payne & Tompkins Design,,Chardon,,OH,https://www.payne-tompkins.com/,payne-tompkins.com,Indoor and outdoor,Indoor and Outdoor,No,1,https://www.payne-tompkins.com/ | https://www.payne-tompkins.com/about | https://www.payne-tompkins.com/about/team | https://www.payne-tompkins.com/about/careers | https://www.payne-tompkins.com/about/your-experience | https://www.payne-tompkins.com/contact
OH-0198,OH-0198-A,Perrysburg Tennis Center,1750 Progress Drive,Perrysburg,43551,OH,https://www.perrysburgtenniscenter.com/,perrysburgtenniscenter.com,Indoor and outdoor,Indoor and Outdoor,Yes,2,https://www.perrysburgtenniscenter.com/ | https://www.perrysburgtenniscenter.com/about-ptc | https://www.perrysburgtenniscenter.com/tennis-staff | https://www.perrysburgtenniscenter.com/adult-program | https://www.perrysburgtenniscenter.com/junior-program-for-20262027 | https://www.perrysburgtenniscenter.com/adult-tennis-101-beginner-program | https://www.perrysburgtenniscenter.com/memberships
OH-0198,OH-0198-B,Perrysburg Tennis Center,17 PERRYSBURG TENNIS CENTER 1750 Progress Drive,Perrysburg,43551,OH,https://www.perrysburgtenniscenter.com/,perrysburgtenniscenter.com,Indoor and outdoor,Indoor and Outdoor,Yes,2,https://www.perrysburgtenniscenter.com/ | https://www.perrysburgtenniscenter.com/about-ptc | https://www.perrysburgtenniscenter.com/tennis-staff | https://www.perrysburgtenniscenter.com/adult-program | https://www.perrysburgtenniscenter.com/junior-program-for-20262027 | https://www.perrysburgtenniscenter.com/adult-tennis-101-beginner-program | https://www.perrysburgtenniscenter.com/memberships
OH-0199,OH-0199-A,Pickle & Chill,,Columbus,,OH,https://pickleandchill.com/,pickleandchill.com,Indoor and outdoor,Indoor and Outdoor,No,1,https://pickleandchill.com/ | https://pickleandchill.com/about | https://pickleandchill.com/contact
OH-0200,OH-0200-A,"Pickleball & Padel Courts, Verified",33625 Pin Oak Parkway,Avon Lake,44012,OH,https://thecourtscout.com/,thecourtscout.com,Indoor and outdoor,Indoor and Outdoor,Yes,2,https://thecourtscout.com/ | https://thecourtscout.com/search/ | https://thecourtscout.com/pickleball/court/united-states/texas/pflugerville/pickleland-pflugerville | https://thecourtscout.com/pickleball/court/united-states/texas/san-antonio/fit-high-performance-pickleball-san-antonio | https://thecourtscout.com/pickleball/court/united-states/maryland/baltimore/sos-pickleball-baltimore | https://thecourtscout.com/pickleball/court/united-states/maryland/baltimore/sos-pickleball-baltimore-md
OH-0200,OH-0200-B,"Pickleball & Padel Courts, Verified",7620 33625 Pin Oak Parkway,Avon Lake,44012,OH,https://thecourtscout.com/,thecourtscout.com,Indoor and outdoor,Indoor and Outdoor,Yes,2,https://thecourtscout.com/ | https://thecourtscout.com/search/ | https://thecourtscout.com/pickleball/court/united-states/texas/pflugerville/pickleland-pflugerville | https://thecourtscout.com/pickleball/court/united-states/texas/san-antonio/fit-high-performance-pickleball-san-antonio | https://thecourtscout.com/pickleball/court/united-states/maryland/baltimore/sos-pickleball-baltimore | https://thecourtscout.com/pickleball/court/united-states/maryland/baltimore/sos-pickleball-baltimore-md
OH-0201,OH-0201-A,pickleballplay365.org,,Mentor,,OH,https://pickleballplay365.org/,pickleballplay365.org,Indoor and outdoor,Indoor and Outdoor,No,1,https://pickleballplay365.org/ | https://pickleballplay365.org/court-schedule/ | https://pickleballplay365.org/about/ | https://pickleballplay365.org/contact/
OH-0202,OH-0202-A,Pinnacle Sports,313 Medina Rd,Medina,44256,OH,https://pinnaclesports.org/,pinnaclesports.org,Indoor and outdoor,Indoor and Outdoor,Yes,2,https://pinnaclesports.org/ | https://pinnaclesports.org/facility-and-rentals/ | https://pinnaclesports.org/about/ | https://pinnaclesports.org/contact/ | https://pinnaclesports.org/about/careers/ | https://pinnaclesports.org/about/sponsorship/
OH-0202,OH-0202-B,Pinnacle Sports,0616 313 Medina Rd,Medina,44256,OH,https://pinnaclesports.org/,pinnaclesports.org,Indoor and outdoor,Indoor and Outdoor,Yes,2,https://pinnaclesports.org/ | https://pinnaclesports.org/facility-and-rentals/ | https://pinnaclesports.org/about/ | https://pinnaclesports.org/contact/ | https://pinnaclesports.org/about/careers/ | https://pinnaclesports.org/about/sponsorship/
OH-0203,OH-0203-A,Play Padel US,3804 Church Street,Cincinnati,45244,OH,https://playpadelus.com/,playpadelus.com,Indoor and outdoor,Indoor and Outdoor,Yes,2,https://playpadelus.com/ | https://playpadelus.com/padel-courts | https://playpadelus.com/about | https://playpadelus.com/padel-courts/miami | https://playpadelus.com/padel-courts/austin | https://playpadelus.com/padel-courts/houston | https://playpadelus.com/padel-courts/san-diego
OH-0203,OH-0203-B,Play Padel US,5700 Transportation Boulevard,Garfield Heights,44125,OH,https://playpadelus.com/,playpadelus.com,Indoor and outdoor,Indoor and Outdoor,Yes,2,https://playpadelus.com/ | https://playpadelus.com/padel-courts | https://playpadelus.com/about | https://playpadelus.com/padel-courts/miami | https://playpadelus.com/padel-courts/austin | https://playpadelus.com/padel-courts/houston | https://playpadelus.com/padel-courts/san-diego
OH-0204,OH-0204-A,Playeasy,601 N B St.,Hamilton,45013,OH,https://www.playeasy.com/,playeasy.com,Indoor and outdoor,Indoor and Outdoor,No,1,https://www.playeasy.com/ | https://www.playeasy.com/facilities/marketplace | https://www.playeasy.com/facilities/d5db31df-d573-4069-9e0c-8b26eb8cca64 | https://www.playeasy.com/facilities/317187ce-29c9-452d-88d3-b64ac16c6696 | https://www.playeasy.com/facilities/7ab7289c-95df-4641-8beb-3da4d3dab7a6 | https://www.playeasy.com/facilities/8a1d02b4-273e-4d89-a69b-a6973eb7318f | https://www.playeasy.com/facilities/62ba5fd1-eaee-4d93-ac5a-4940e8fd2a38
OH-0205,OH-0205-A,Playground World - Celebrating 35 Years of Family Fun,1000 Morrison Rd.,Gahanna,43230,OH,https://playgroundworld.com/,pgworld.com,Indoor and outdoor,Indoor and Outdoor,No,1,https://playgroundworld.com/ | https://playgroundworld.com/about-us/ | https://playgroundworld.com/contact-us/
OH-0206,OH-0206-A,Putnam County YMCA,,Ottawa,,OH,https://putnamymca.org/,putnamymca.org,Indoor and outdoor,Indoor and Outdoor,No,1,https://putnamymca.org/ | https://putnamymca.org/membership/ | https://putnamymca.org/programs/ | https://putnamymca.org/programs/aquatics/ | https://putnamymca.org/programs/fitness/ | https://putnamymca.org/programs/fitness/fitness-class-descriptions/ | https://putnamymca.org/programs/fitness/red-cross-classes/
OH-0207,OH-0207-A,Recreational Sports,855 Woody Hayes Drive,Columbus,43210,OH,https://recsports.osu.edu/,recsports.osu.edu,Indoor and outdoor,Indoor and Outdoor,Yes,7,https://recsports.osu.edu/ | https://recsports.osu.edu/about-us | https://recsports.osu.edu/about-us/new-to-campus | https://recsports.osu.edu/about-us/employment | https://recsports.osu.edu/about-us/employment/student-employment | https://recsports.osu.edu/about-us/employment/student-employment/administrative-operations | https://recsports.osu.edu/about-us/employment/student-employment/aquatics
OH-0207,OH-0207-B,Recreational Sports,2151 Neil Ave,Columbus,43210,OH,https://recsports.osu.edu/,recsports.osu.edu,Indoor and outdoor,Indoor and Outdoor,Yes,7,https://recsports.osu.edu/ | https://recsports.osu.edu/about-us | https://recsports.osu.edu/about-us/new-to-campus | https://recsports.osu.edu/about-us/employment | https://recsports.osu.edu/about-us/employment/student-employment | https://recsports.osu.edu/about-us/employment/student-employment/administrative-operations | https://recsports.osu.edu/about-us/employment/student-employment/aquatics
OH-0207,OH-0207-C,Recreational Sports,175 W. 11th Ave.,Columbus,43210,OH,https://recsports.osu.edu/,recsports.osu.edu,Indoor and outdoor,Indoor and Outdoor,Yes,7,https://recsports.osu.edu/ | https://recsports.osu.edu/about-us | https://recsports.osu.edu/about-us/new-to-campus | https://recsports.osu.edu/about-us/employment | https://recsports.osu.edu/about-us/employment/student-employment | https://recsports.osu.edu/about-us/employment/student-employment/administrative-operations | https://recsports.osu.edu/about-us/employment/student-employment/aquatics
OH-0207,OH-0207-D,Recreational Sports,149 W. Lane Ave,Columbus,43210,OH,https://recsports.osu.edu/,recsports.osu.edu,Indoor and outdoor,Indoor and Outdoor,Yes,7,https://recsports.osu.edu/ | https://recsports.osu.edu/about-us | https://recsports.osu.edu/about-us/new-to-campus | https://recsports.osu.edu/about-us/employment | https://recsports.osu.edu/about-us/employment/student-employment | https://recsports.osu.edu/about-us/employment/student-employment/administrative-operations | https://recsports.osu.edu/about-us/employment/student-employment/aquatics
OH-0207,OH-0207-E,Recreational Sports,1790 Cannon Dr.,Columbus,43210,OH,https://recsports.osu.edu/,recsports.osu.edu,Indoor and outdoor,Indoor and Outdoor,Yes,7,https://recsports.osu.edu/ | https://recsports.osu.edu/about-us | https://recsports.osu.edu/about-us/new-to-campus | https://recsports.osu.edu/about-us/employment | https://recsports.osu.edu/about-us/employment/student-employment | https://recsports.osu.edu/about-us/employment/student-employment/administrative-operations | https://recsports.osu.edu/about-us/employment/student-employment/aquatics
OH-0207,OH-0207-F,Recreational Sports,1966 Coffey Road,Columbus,43210,OH,https://recsports.osu.edu/,recsports.osu.edu,Indoor and outdoor,Indoor and Outdoor,Yes,7,https://recsports.osu.edu/ | https://recsports.osu.edu/about-us | https://recsports.osu.edu/about-us/new-to-campus | https://recsports.osu.edu/about-us/employment | https://recsports.osu.edu/about-us/employment/student-employment | https://recsports.osu.edu/about-us/employment/student-employment/administrative-operations | https://recsports.osu.edu/about-us/employment/student-employment/aquatics
OH-0207,OH-0207-G,Recreational Sports,337 Annie and John Glenn Ave,Columbus,43210,OH,https://recsports.osu.edu/,recsports.osu.edu,Indoor and outdoor,Indoor and Outdoor,Yes,7,https://recsports.osu.edu/ | https://recsports.osu.edu/about-us | https://recsports.osu.edu/about-us/new-to-campus | https://recsports.osu.edu/about-us/employment | https://recsports.osu.edu/about-us/employment/student-employment | https://recsports.osu.edu/about-us/employment/student-employment/administrative-operations | https://recsports.osu.edu/about-us/employment/student-employment/aquatics
OH-0208,OH-0208-A,Shadow Valley Tennis,,Maumee,,OH,https://www.shadowvalleyclub.com/,shadowvalleyclub.com,Indoor and outdoor,Indoor and Outdoor,No,1,https://www.shadowvalleyclub.com/ | https://www.shadowvalleyclub.com/membership | https://www.shadowvalleyclub.com/meet-the-team
OH-0209,OH-0209-A,Shaw JCC of Akron,,Akron,,OH,https://www.shawjcc.org/,shawjcc.org,Indoor and outdoor,Indoor and Outdoor,No,1,https://www.shawjcc.org/ | https://www.shawjcc.org/join-us | https://www.shawjcc.org/meet-our-staff | https://www.shawjcc.org/join/membership_rates | https://www.shawjcc.org/perks-program | https://www.shawjcc.org/join/membership-policies | https://www.shawjcc.org/courts
OH-0210,OH-0210-A,SPIRE Academy,,Geneva,,OH,https://www.spireacademy.com/,spireacademy.com,Indoor and outdoor,Indoor and Outdoor,No,1,https://www.spireacademy.com/ | https://www.spireacademy.com/about-us/ | https://www.spireacademy.com/about-us/leadership/ | https://www.spireacademy.com/about-us/student-stories/ | https://www.spireacademy.com/about-us/press-kit/ | https://www.spireacademy.com/about-us/partnerships/ | https://www.spireacademy.com/academy/academy-cleveland-program/
OH-0211,OH-0211-A,Sport Fitness and Health Program,,Columbus,,OH,https://sfhp.ehe.osu.edu/,sfhp.ehe.osu.edu,Indoor and outdoor,Indoor and Outdoor,No,1,https://sfhp.ehe.osu.edu/ | https://sfhp.ehe.osu.edu/facilities/ | https://sfhp.ehe.osu.edu/featured-course-stress-management/
OH-0212,OH-0212-A,Sports Imports,,Worthington,,OH,https://www.sportsimports.com/,sportsimports.com,Indoor and outdoor,Indoor and Outdoor,No,1,https://www.sportsimports.com/ | https://www.sportsimports.com/volleyball-equipment-solutions-and-court-design/ | https://www.sportsimports.com/volleyball-court-dimensions/ | https://www.sportsimports.com/contact-us/ | https://www.sportsimports.com/about/ | https://www.sportsimports.com/about/causes/
OH-0213,OH-0213-A,Sports Monster Columbus,,Columbus,,OH,http://columbus.sportsmonster.net/,sportsmonster.net,Indoor and outdoor,Indoor and Outdoor,No,1,http://columbus.sportsmonster.net/ | http://columbus.sportsmonster.net/page/About | https://columbusmonster.leaguelab.com/page/Contact | https://columbusmonster.leaguelab.com/page/Staff
OH-0214,OH-0214-A,SportScape Builders,,Marysville,,OH,https://www.sportscapebuilders.com/,teamsportscape.com,Indoor and outdoor,Indoor and Outdoor,No,1,https://www.sportscapebuilders.com/ | https://www.sportscapebuilders.com/copy-of-residential-facility-types-2 | https://www.sportscapebuilders.com/copy-of-residential-facility-types | https://www.sportscapebuilders.com/about-sportscape-builders | https://www.sportscapebuilders.com/contact
OH-0215,OH-0215-A,SportsOhio,,Dublin,,OH,https://sportsohio.org/,sportsohio.org,Indoor and outdoor,Indoor and Outdoor,No,1,https://sportsohio.org/ | https://sportsohio.org/play/featured-events-programs/speed-school/ | https://sportsohio.org/play/programs/ | https://sportsohio.org/play/programs/adult-leagues/ | https://sportsohio.org/play/programs/tournaments/ | https://sportsohio.org/play/programs/youth-development/ | https://sportsohio.org/play/featured-events-programs/
OH-0216,OH-0216-A,Sportworks Design,,West Chester,,OH,https://www.sportworksdesign.com/,sportworksdesign.com,Indoor and outdoor,Indoor and Outdoor,No,1,https://www.sportworksdesign.com/ | https://www.sportworksdesign.com/sport-facility-design/ | https://www.sportworksdesign.com/about-sportworks-design/ | https://www.sportworksdesign.com/contact/ | https://www.sportworksdesign.com/contact/join-our-list-2/
OH-0217,OH-0217-A,St. Charles Borromeo Church,,,,OH,https://stcharlesonline.org/,stcharlesonline.org,Indoor and outdoor,Indoor and Outdoor,No,1,https://stcharlesonline.org/
OH-0218,OH-0218-A,Streetsboro City Schools,9000 Kirby Lane,Streetsboro,44241,OH,https://www.scsrockets.org/,scsrockets.org,Indoor and outdoor,Indoor and Outdoor,Yes,5,https://www.scsrockets.org/ | https://www.scsrockets.org/page/district-contact-information | https://www.scsrockets.org/page/leadership-team | https://www.scsrockets.org/page/rent-our-facilities | https://www.scsrockets.org/o/scs/page/staff-contact | https://www.scsrockets.org/events
OH-0218,OH-0218-B,Streetsboro City Schools,1951 Annalane Dr.,Streetsboro,44241,OH,https://www.scsrockets.org/,scsrockets.org,Indoor and outdoor,Indoor and Outdoor,Yes,5,https://www.scsrockets.org/ | https://www.scsrockets.org/page/district-contact-information | https://www.scsrockets.org/page/leadership-team | https://www.scsrockets.org/page/rent-our-facilities | https://www.scsrockets.org/o/scs/page/staff-contact | https://www.scsrockets.org/events
OH-0218,OH-0218-C,Streetsboro City Schools,8685 Streetsboro Middle School 1900 Annalane Dr.,Streetsboro,44241,OH,https://www.scsrockets.org/,scsrockets.org,Indoor and outdoor,Indoor and Outdoor,Yes,5,https://www.scsrockets.org/ | https://www.scsrockets.org/page/district-contact-information | https://www.scsrockets.org/page/leadership-team | https://www.scsrockets.org/page/rent-our-facilities | https://www.scsrockets.org/o/scs/page/staff-contact | https://www.scsrockets.org/events
OH-0218,OH-0218-D,Streetsboro City Schools,1895 Annalane Dr.,Streetsboro,44241,OH,https://www.scsrockets.org/,scsrockets.org,Indoor and outdoor,Indoor and Outdoor,Yes,5,https://www.scsrockets.org/ | https://www.scsrockets.org/page/district-contact-information | https://www.scsrockets.org/page/leadership-team | https://www.scsrockets.org/page/rent-our-facilities | https://www.scsrockets.org/o/scs/page/staff-contact | https://www.scsrockets.org/events
OH-0218,OH-0218-E,Streetsboro City Schools,8955 Kirby Lane,Streetsboro,44241,OH,https://www.scsrockets.org/,scsrockets.org,Indoor and outdoor,Indoor and Outdoor,Yes,5,https://www.scsrockets.org/ | https://www.scsrockets.org/page/district-contact-information | https://www.scsrockets.org/page/leadership-team | https://www.scsrockets.org/page/rent-our-facilities | https://www.scsrockets.org/o/scs/page/staff-contact | https://www.scsrockets.org/events
OH-0219,OH-0219-A,SuperGames,6580 Huntley Rd,Columbus,43229,OH,https://supergames.org/,supergames.org,Indoor and outdoor,Indoor and Outdoor,No,1,https://supergames.org/ | https://supergames.org/your-event/corporate/ | https://supergames.org/why-supergames/attraction-inflatable-rentals/ | https://supergames.org/why-supergames/staffing/ | https://supergames.org/about-us/ | https://supergames.org/about-us/super-scoop/ | https://supergames.org/about-us/employment/
OH-0220,OH-0220-A,T3 Performance,1965 Recreation Lane,Avon,44011,OH,https://t3athlete.com/,t3athlete.com,Indoor and outdoor,Indoor and Outdoor,Yes,3,https://t3athlete.com/ | https://t3athlete.com/gym-membership | https://t3athlete.com/contact | https://t3athlete.com/rentals | https://t3athlete.com/courts
OH-0220,OH-0220-B,T3 Performance,44122 2105 Silver Maple Way,Lorain,44053,OH,https://t3athlete.com/,t3athlete.com,Indoor and outdoor,Indoor and Outdoor,Yes,3,https://t3athlete.com/ | https://t3athlete.com/gym-membership | https://t3athlete.com/contact | https://t3athlete.com/rentals | https://t3athlete.com/courts
OH-0220,OH-0220-C,T3 Performance,1945 Recreation Lane,Avon,,OH,https://t3athlete.com/,t3athlete.com,Indoor and outdoor,Indoor and Outdoor,Yes,3,https://t3athlete.com/ | https://t3athlete.com/gym-membership | https://t3athlete.com/contact | https://t3athlete.com/rentals | https://t3athlete.com/courts
OH-0221,OH-0221-A,TennisMatch.io,5460 Courseview Drive,Mason,45040,OH,https://www.tennismatch.io/,tennismatch.io,Indoor and outdoor,Indoor and Outdoor,No,1,https://www.tennismatch.io/ | https://www.tennismatch.io/facilities | https://www.tennismatch.io/facilities/us/fl/orlando/us-fl-orlando-usta-national-campus | https://www.tennismatch.io/facilities/us/va/arlington/us-va-arlington-army-navy-country-club | https://www.tennismatch.io/facilities/us/ga/columbus/us-ga-columbus-cooper-creek-tennis-center | https://www.tennismatch.io/facilities/us/va/reston/us-va-reston-reston-association-tennis | https://www.tennismatch.io/facilities/us/fl/wesley-chapel/us-fl-wesley-chapel-saddlebrook-resort
OH-0222,OH-0222-A,Terrace Park Country Club Home,5341 South Milford Road,Milford,45150,OH,https://www.terraceparkcc.com/,terraceparkcc.com,Indoor and outdoor,Indoor and Outdoor,No,1,https://www.terraceparkcc.com/ | https://www.terraceparkcc.com/about | https://www.terraceparkcc.com/membership/2-for-1-initiation-fee | https://www.terraceparkcc.com/contact-and-directions | https://www.terraceparkcc.com/membership/membership-categories
OH-0223,OH-0223-A,THE ARMORY,880 Kinnear Road,Columbus,,OH,https://www.wearethearmory.com/,wearethearmory.com,Indoor and outdoor,Indoor and Outdoor,No,1,https://www.wearethearmory.com/ | https://www.wearethearmory.com/fitness | https://www.wearethearmory.com/court-rental | https://www.wearethearmory.com/about | https://www.wearethearmory.com/contact | https://www.wearethearmory.com/membership
OH-0224,OH-0224-A,The Club at Harper,,Cincinnati,,OH,https://www.clubatharperspoint.com/,clubatharperspoint.com,Indoor and outdoor,Indoor and Outdoor,No,1,https://www.clubatharperspoint.com/ | https://www.clubatharperspoint.com/about-us/ | https://www.clubatharperspoint.com/tennis-club/meet-the-pros/ | https://www.clubatharperspoint.com/tennis-club/junior-tennis/ | https://www.clubatharperspoint.com/tennis-club/junior-tennis/go-program/ | https://www.clubatharperspoint.com/tennis-club/adult-tennis/ | https://www.clubatharperspoint.com/tennis-club/courts/
OH-0225,OH-0225-A,The Courtz at Lakewood,,Lexington,,OH,https://www.lakewoodrc.com/,lakewoodrc.com,Indoor and outdoor,Indoor and Outdoor,No,1,https://www.lakewoodrc.com/ | https://www.lakewoodrc.com/aboutlrc | https://www.lakewoodrc.com/membership
OH-0226,OH-0226-A,The Lakewood Country Club OH,,Westlake,,OH,https://lakewoodcountryclub.com/,lakewoodcountryclub.com,Indoor and outdoor,Indoor and Outdoor,No,1,https://lakewoodcountryclub.com/ | https://lakewoodcountryclub.com/About/History | https://lakewoodcountryclub.com/About/Staff | https://lakewoodcountryclub.com/About/Careers | https://lakewoodcountryclub.com/Membership | https://lakewoodcountryclub.com/Lifestyle/Culinary
OH-0227,OH-0227-A,Towpath Tennis Center,,Akron,,OH,https://towpathtennis.com/,towpathtennis.com,Indoor and outdoor,Indoor and Outdoor,No,1,https://towpathtennis.com/ | https://towpathtennis.com/membership/ | https://towpathtennis.com/court-fees/ | https://towpathtennis.com/adult-programs/ | https://towpathtennis.com/junior-programs-tennis-pathway/ | https://towpathtennis.com/junior-programs-red/
OH-0228,OH-0228-A,"Travel Butler County, Ohio",,West Chester,,OH,https://www.travelbutlercounty.com/,travelbutlercounty.com,Indoor and outdoor,Indoor and Outdoor,No,1,https://www.travelbutlercounty.com/ | https://www.travelbutlercounty.com/visitors/about-butler-county | https://www.travelbutlercounty.com/visitors/contact-us | https://www.travelbutlercounty.com/about-us
OH-0229,OH-0229-A,Twos Athletic Club - Toledo Tennis and Fitness,,toledo,,OH,https://www.twosathleticclub.com/,twosathleticclub.com,Indoor and outdoor,Indoor and Outdoor,No,1,https://www.twosathleticclub.com/ | https://www.twosathleticclub.com/new-page-4 | https://www.twosathleticclub.com/paddle-tennis-court | https://www.twosathleticclub.com/indoor-tennis-courts | https://www.twosathleticclub.com/pickleball-courts | https://www.twosathleticclub.com/membership-rates-1
OH-0230,OH-0230-A,University School Athletics Home University School Athletics,,Shaker Heights,,OH,https://athletics.us.edu/,us.edu,Indoor and outdoor,Indoor and Outdoor,No,1,https://athletics.us.edu/ | https://athletics.us.edu/about | https://athletics.us.edu/facilities | https://athletics.us.edu/athletics-donation | https://athletics.us.edu/news-detail
OH-0231,OH-0231-A,USA Racquetball Homepage,,Maumee,,OH,https://www.usaracquetball.com/,usaracquetball.com,Indoor and outdoor,Indoor and Outdoor,No,1,https://www.usaracquetball.com/ | https://www.usaracquetball.com/membership | https://www.usaracquetball.com/facility-partnership | https://www.usaracquetball.com/play/court-specification | https://www.usaracquetball.com/contact-us | https://www.usaracquetball.com/about/history | https://www.usaracquetball.com/about
OH-0232,OH-0232-A,USA Volleyball,,Harrod,,OH,https://usavolleyball.org/,azregionvolleyball.org,Indoor and outdoor,Indoor and Outdoor,No,1,https://usavolleyball.org/ | https://usavolleyball.org/contact/ | https://usavolleyball.org/play/national-team-development-program/ | https://usavolleyball.org/membership/ | https://usavolleyball.org/play/about-sitting-volleyball/ | https://usavolleyball.org/play/national-team-development-program/beach-ntdp/ | https://usavolleyball.org/play/national-team-development-program/indoor-ntdp/
OH-0233,OH-0233-A,Warren County | Ohio,,Mason,,OH,https://www.ohioslargestplayground.com/,ohioslargestplayground.com,Indoor and outdoor,Indoor and Outdoor,No,1,https://www.ohioslargestplayground.com/ | https://www.ohioslargestplayground.com/about-us/ | https://www.ohioslargestplayground.com/sports/facilities/warren-county-sports-park/
OH-0234,OH-0234-A,Welcome to Ohio,,Columbus,,OH,https://ohio.org/,ohio.org,Indoor and outdoor,Indoor and Outdoor,No,1,https://ohio.org/ | https://ohio.org/where-to-stay/cabin-rentals | https://ohio.org/where-to-stay/convention-meeting-facilities | https://ohio.org/home/industry/joint-marketing | https://ohio.org/home/about-us | https://ohio.org/home/media-resources/contact-us
OH-0235,OH-0235-A,Western Reserve Academy,,Akron,,OH,https://reserveathletics.com/,reserveathletics.com,Indoor and outdoor,Indoor and Outdoor,No,1,https://reserveathletics.com/ | https://reserveathletics.com/staff-directory | https://reserveathletics.com/facilities/murdough-athletic-center/16 | https://reserveathletics.com/sports/2024/8/21/outdoor-facilities.aspx
OH-0236,OH-0236-A,Western Reserve Racquet and Fitness Club,,Streetsboro,,OH,https://wrrfc.com/,wrrfc.com,Indoor and outdoor,Indoor and Outdoor,No,1,https://wrrfc.com/ | https://wrrfc.com/tennis/tennis-staff-test/ | https://wrrfc.com/fitness/fitness-staff/ | https://wrrfc.com/memberships/ | https://wrrfc.com/about/ | https://wrrfc.com/contact/
OH-0237,OH-0237-A,Westlake Soccer Association - League USA,,Westlake,,OH,https://westlakesoccer.org/,westlakesoccer.org,Indoor and outdoor,Indoor and Outdoor,No,1,https://westlakesoccer.org/ | https://westlakesoccer.org/about-us/ | https://westlakesoccer.org/about-us/wsa-meeting-minutes/ | https://westlakesoccer.org/college-scholarship/ | https://westlakesoccer.org/contact-us/
OH-0238,OH-0238-A,WherePickleball,,Vienna,,OH,https://wherepickleball.com/,wherepickleball.com,Indoor and outdoor,Indoor and Outdoor,No,1,https://wherepickleball.com/ | https://wherepickleball.com/courts | https://wherepickleball.com/submit-court | https://wherepickleball.com/blog/build-pickleball-court-home-diy-guide | https://wherepickleball.com/blog/pickleball-court-surfaces-guide | https://wherepickleball.com/courts/alabama
OH-0239,OH-0239-A,wickertree,,Columbus,,OH,https://wickertree.com/,wickertree.com,Indoor and outdoor,Indoor and Outdoor,No,1,https://wickertree.com/ | https://wickertree.com/contact.html | https://wickertree.com/about_us.html | https://wickertree.com/adult_tennis_programs.html | https://wickertree.com/junior_tennis_programs.html | https://wickertree.com/Summer_camp.html | https://wickertree.com/staff.html
OH-0240,OH-0240-A,Woodlands Backyard,668 Grandview Ave,Columbus,,OH,https://www.woodlandsbackyard.com/,woodlandsbackyard.com,Indoor and outdoor,Indoor and Outdoor,No,1,https://www.woodlandsbackyard.com/
OH-0241,OH-0241-A,YMCA of NCO,750 Scholl Rd,Mansfield,44907,OH,https://www.ymcanco.org/,ymcanco.org,Indoor and outdoor,Indoor and Outdoor,Yes,2,https://www.ymcanco.org/ | https://www.ymcanco.org/membership | https://www.ymcanco.org/leadership | https://www.ymcanco.org/rentals | https://www.ymcanco.org/contact | https://www.ymcanco.org/banner-program | https://www.ymcanco.org/adult-sports-and-programs
OH-0241,OH-0241-B,YMCA of NCO,111 W Smiley Rd,Shelby,44875,OH,https://www.ymcanco.org/,ymcanco.org,Indoor and outdoor,Indoor and Outdoor,Yes,2,https://www.ymcanco.org/ | https://www.ymcanco.org/membership | https://www.ymcanco.org/leadership | https://www.ymcanco.org/rentals | https://www.ymcanco.org/contact | https://www.ymcanco.org/banner-program | https://www.ymcanco.org/adult-sports-and-programs
OH-0242,OH-0242-A,"YMCA of Youngstown - Membership, Fitness, Classes and Youth Sports",,,,OH,https://ymcayo.org/,youngstownymca.org,Indoor and outdoor,Indoor and Outdoor,No,1,https://ymcayo.org/ | https://ymcayo.org/faskidz/ | https://ymcayo.org/chronic-disease-prevention-program/ | https://ymcayo.org/arts-humanities/ | https://ymcayo.org/membership-benefits/ | https://ymcayo.org/membership-rates/
OH-0243,OH-0243-A,Academy Volleyball Cleveland -,5725 Canal Rd,Valley View,44125,OH,https://avcvolleyball.com/,avcvolleyball.com,Indoor,Confirmed Indoor,No,1,https://avcvolleyball.com/ | https://avcvolleyball.com/about-avc/ | https://avcvolleyball.com/about-the-academy/ | https://avcvolleyball.com/player-parent-handbook/ | https://avcvolleyball.com/open-gyms/ | https://avcvolleyball.com/tournament-schedules/
OH-0244,OH-0244-A,Best Concert Venue in Dayton Ohio,65 Millard Drive,Franklin,45005,OH,https://jdlegends.com/,jdlegends.com,Indoor and outdoor,Indoor and Outdoor,No,1,https://jdlegends.com/ | https://jdlegends.com/faq.html | https://jdlegends.com/indoorvenue_gallery.html | https://jdlegends.com/concert-faq.html | https://jdlegends.com/about-us.html
OH-0245,OH-0245-A,Cleveland Pickleball,,Cleveland,,OH,https://www.clevelandpickleball.com/,clevelandpickleball.com,Indoor,Confirmed Indoor,No,1,https://www.clevelandpickleball.com/ | https://www.clevelandpickleball.com/placestoplay | https://www.clevelandpickleball.com/aboutus | https://www.clevelandpickleball.com/featuredproducts
OH-0246,OH-0246-A,Findlay Family YMCA,300 E. Lincoln Street,Findlay,,OH,https://www.findlayymca.org/,findlayymca.org,Indoor and outdoor,Indoor and Outdoor,Yes,2,https://www.findlayymca.org/ | https://www.findlayymca.org/programs/gymnastics-judo-ballet | https://www.findlayymca.org/faqs | https://www.findlayymca.org/membership-types | https://www.findlayymca.org/corporate-membership | https://www.findlayymca.org/insurance-based-membership | https://www.findlayymca.org/event-rentals-and-parties | https://www.findlayymca.org/program-registration-amilia | https://www.findlayymca.org/locations-overview | https://www.findlayymca.org/locations/downtown-branch
OH-0246,OH-0246-B,Findlay Family YMCA,300 E Lincoln St,Findlay,45840,OH,https://www.findlayymca.org/,findlayymca.org,Indoor and outdoor,Indoor and Outdoor,Yes,2,https://www.findlayymca.org/ | https://www.findlayymca.org/programs/gymnastics-judo-ballet | https://www.findlayymca.org/faqs | https://www.findlayymca.org/membership-types | https://www.findlayymca.org/corporate-membership | https://www.findlayymca.org/insurance-based-membership | https://www.findlayymca.org/event-rentals-and-parties | https://www.findlayymca.org/program-registration-amilia | https://www.findlayymca.org/locations-overview | https://www.findlayymca.org/locations/downtown-branch
OH-0247,OH-0247-A,Force Volleyball Club,34650 Melinz Pkwy,Eastlake,44095,OH,https://www.forcevolleyballclub.com/,forcevolleyballclub.com,Indoor and outdoor,Indoor and Outdoor,No,1,https://www.forcevolleyballclub.com/ | https://www.forcevolleyballclub.com/about-us | https://www.forcevolleyballclub.com/tryouts-open-gyms | https://www.forcevolleyballclub.com/youth-4v4-tournaments | https://www.forcevolleyballclub.com/summer-beach-tournaments | https://www.forcevolleyballclub.com/boys-tryouts---open-gyms | https://www.forcevolleyballclub.com/resources | https://www.forcevolleyballclub.com/faqs | https://www.forcevolleyballclub.com/teams-starting-strong
OH-0248,OH-0248-A,HarrisonWildcats.net,,,,OH,https://www.harrisonwildcats.net/,harrisonwildcats.net,Indoor,Confirmed Indoor,No,1,https://www.harrisonwildcats.net/ | https://www.harrisonwildcats.net/media/High_School_Gymnasium | https://www.harrisonwildcats.net/media/Tennis_Courts | https://www.harrisonwildcats.net/event/varsity-tennis-vs-wilmington_tournament/2026/8/15
OH-0249,OH-0249-A,Jump Start Sports Website,,,,OH,https://www.jumpstartsports.com/locations/cleveland-west,jumpstartsports.com,Indoor,Confirmed Indoor,No,1,https://www.jumpstartsports.com/locations/cleveland-west | https://www.jumpstartsports.com/locations | https://www.jumpstartsports.com/faq
OH-0250,OH-0250-A,Oak Hills Athletics,3200 Ebenezer Rd,Cincinnati,45248,OH,https://www.oakhillssports.com/,oakhillssports.com,Indoor,Confirmed Indoor,Yes,6,https://www.oakhillssports.com/ | https://www.oakhillssports.com/about-us | https://www.oakhillssports.com/locations | https://www.oakhillssports.com/about-us/facilities-16
OH-0250,OH-0250-B,Oak Hills Athletics,3200 Ebenezer Road,Cincinnati,45248,OH,https://www.oakhillssports.com/,oakhillssports.com,Indoor,Confirmed Indoor,Yes,6,https://www.oakhillssports.com/ | https://www.oakhillssports.com/about-us | https://www.oakhillssports.com/locations | https://www.oakhillssports.com/about-us/facilities-16
OH-0250,OH-0250-C,Oak Hills Athletics,6345 Rapid Run Rd,Cincinnati,45233,OH,https://www.oakhillssports.com/,oakhillssports.com,Indoor,Confirmed Indoor,Yes,6,https://www.oakhillssports.com/ | https://www.oakhillssports.com/about-us | https://www.oakhillssports.com/locations | https://www.oakhillssports.com/about-us/facilities-16
OH-0250,OH-0250-D,Oak Hills Athletics,3900 Race Rd,Cincinnati,45211,OH,https://www.oakhillssports.com/,oakhillssports.com,Indoor,Confirmed Indoor,Yes,6,https://www.oakhillssports.com/ | https://www.oakhillssports.com/about-us | https://www.oakhillssports.com/locations | https://www.oakhillssports.com/about-us/facilities-16
OH-0250,OH-0250-E,Oak Hills Athletics,6383 Glenway Ave,Cincinnati,45211,OH,https://www.oakhillssports.com/,oakhillssports.com,Indoor,Confirmed Indoor,Yes,6,https://www.oakhillssports.com/ | https://www.oakhillssports.com/about-us | https://www.oakhillssports.com/locations | https://www.oakhillssports.com/about-us/facilities-16
OH-0250,OH-0250-F,Oak Hills Athletics,5027 Delhi Rd,Cincinnati,45238,OH,https://www.oakhillssports.com/,oakhillssports.com,Indoor,Confirmed Indoor,Yes,6,https://www.oakhillssports.com/ | https://www.oakhillssports.com/about-us | https://www.oakhillssports.com/locations | https://www.oakhillssports.com/about-us/facilities-16
OH-0251,OH-0251-A,Rocket Arena,,Cleveland,,OH,https://www.rocketarena.com/,rocketarena.com,Indoor,Confirmed Indoor,No,1,https://www.rocketarena.com/ | https://www.rocketarena.com/about/insider | https://www.rocketarena.com/plan-your-visit | https://www.rocketarena.com/plan-your-visit/directions-parking | https://www.rocketarena.com/plan-your-visit/directions-parking/lazparking | https://www.rocketarena.com/plan-your-visit/transportation | https://www.rocketarena.com/plan-your-visit/dining | https://www.rocketarena.com/plan-your-visit/nearby-restaurants | https://www.rocketarena.com/plan-your-visit/nearby-hotels | https://www.rocketarena.com/plan-your-visit/teamshop | https://www.rocketarena.com/plan-your-visit/gateway-district | https://www.rocketarena.com/guest-experience/faqs | https://www.rocketarena.com/about
OH-0252,OH-0252-A,"Shaker Heights High School (Shaker Heights, OH) Athletics",,Shaker Heights,,OH,https://www.raidersofshaker.org/,raidersofshaker.org,Indoor,Confirmed Indoor,No,1,https://www.raidersofshaker.org/ | https://www.raidersofshaker.org/sport/gymnastics/coed | https://www.raidersofshaker.org/sport/indoor%20track%20and%20field/boys | https://www.raidersofshaker.org/sport/indoor%20track%20and%20field/girls
OH-0253,OH-0253-A,St. Charles Preparatory School,2010 East Broad Street,Columbus,43209,OH,https://www.stcharlesprep.org/,stcharlesprep.org,Indoor and outdoor,Indoor and Outdoor,Yes,3,https://www.stcharlesprep.org/ | https://www.stcharlesprep.org/about | https://www.stcharlesprep.org/about/welcome-from-the-principal | https://www.stcharlesprep.org/about/we-are-st-charles | https://www.stcharlesprep.org/about/at-a-glance | https://www.stcharlesprep.org/about/faculty-and-staff | https://www.stcharlesprep.org/about/contact-and-directions | https://www.stcharlesprep.org/about/the-story-of-st-charles | https://www.stcharlesprep.org/admissions/visit-our-campus | https://www.stcharlesprep.org/athletics/facilities | https://www.stcharlesprep.org/facilities-rental
OH-0253,OH-0253-B,St. Charles Preparatory School,90 N. Nelson Rd,Columbus,43219,OH,https://www.stcharlesprep.org/,stcharlesprep.org,Indoor and outdoor,Indoor and Outdoor,Yes,3,https://www.stcharlesprep.org/ | https://www.stcharlesprep.org/about | https://www.stcharlesprep.org/about/welcome-from-the-principal | https://www.stcharlesprep.org/about/we-are-st-charles | https://www.stcharlesprep.org/about/at-a-glance | https://www.stcharlesprep.org/about/faculty-and-staff | https://www.stcharlesprep.org/about/contact-and-directions | https://www.stcharlesprep.org/about/the-story-of-st-charles | https://www.stcharlesprep.org/admissions/visit-our-campus | https://www.stcharlesprep.org/athletics/facilities | https://www.stcharlesprep.org/facilities-rental
OH-0253,OH-0253-C,St. Charles Preparatory School,1820 E. Long St.,Columbus,43203,OH,https://www.stcharlesprep.org/,stcharlesprep.org,Indoor and outdoor,Indoor and Outdoor,Yes,3,https://www.stcharlesprep.org/ | https://www.stcharlesprep.org/about | https://www.stcharlesprep.org/about/welcome-from-the-principal | https://www.stcharlesprep.org/about/we-are-st-charles | https://www.stcharlesprep.org/about/at-a-glance | https://www.stcharlesprep.org/about/faculty-and-staff | https://www.stcharlesprep.org/about/contact-and-directions | https://www.stcharlesprep.org/about/the-story-of-st-charles | https://www.stcharlesprep.org/admissions/visit-our-campus | https://www.stcharlesprep.org/athletics/facilities | https://www.stcharlesprep.org/facilities-rental
OH-0254,OH-0254-A,WhirlyBall Cleveland,,Bedford Heights,,OH,https://whirlyballcleveland.com/,whirlyballcleveland.com,Indoor,Confirmed Indoor,No,1,https://whirlyballcleveland.com/ | https://whirlyballcleveland.com/pricing | https://whirlyballcleveland.com/drone-tour | https://whirlyballcleveland.com/before-you-book
