Facility ID,Facility Name,Website,City,State,Facility Type,Sports Offered,Indoor Court Status,Qualification Status,Indoor Evidence,Number of Courts,Court Count Notes,Decision Maker First Name,Decision Maker Last Name,Decision Maker Full Name,Decision Maker Title,Company Domain,Published Direct Email,Shared Facility Email,Guessed Email 1,Guessed Email 2,Guessed Email 3,Guessed Email 4,Guessed Email 5,Guessed Email 6,Emails Found,Research Notes,Source URLs
OH-REVIEW-0001,Ace Pickleball Club,https://www.acepickleballclub.com/,Solon,OH,Pickleball Club,pickleball,Unclear,Needs Review,Court sport confirmed on the facility site; no explicit indoor or outdoor statement found on the crawled pages. Needs a human check of the website or a call before outreach.,,,,,,,acepickleballclub.com,,,,,,,,,0,"Court sports and paid access found, but indoor/outdoor not stated. OH location evidence: address. No decision maker found on public pages. No court count stated by a reliable source; left blank. Paid access signals present (membership/rental/program).",https://www.acepickleballclub.com/ | https://www.acepickleballclub.com/championships | https://www.acepickleballclub.com/contact
OH-REVIEW-0002,Adrenaline Volleyball Club,https://www.adrenalinevbclub.com/,,OH,Private Club,volleyball,Unclear,Needs Review,Court sport confirmed on the facility site; no explicit indoor or outdoor statement found on the crawled pages. Needs a human check of the website or a call before outreach.,,,,,,,adrenalinevbclub.com,,,,,,,,,0,"Court sports and paid access found, but indoor/outdoor not stated. OH location evidence: mention. No decision maker found on public pages. No court count stated by a reliable source; left blank. Paid access signals present (membership/rental/program).",https://www.adrenalinevbclub.com/ | https://www.adrenalinevbclub.com/page/show/5352774-about-us
OH-REVIEW-0003,Advancement Academy Volleyball Club,https://advancementacademy.sportngin.com/,Lewis Center,OH,School,volleyball,Unclear,Needs Review,Court sport confirmed on the facility site; no explicit indoor or outdoor statement found on the crawled pages. Needs a human check of the website or a call before outreach.,6,f the Ohio Valley Region (OVR) of USA Volleyball. The A2 girls program practices out of a 6 court facility in Lewis Center called the A2 Sports Gardens. We hope you can find what you are,,,,,advancementacademy.sportngin.com,,,,,,,,,0,"Court sports and paid access found, but indoor/outdoor not stated. OH location evidence: address. No decision maker found on public pages. Paid access signals present (membership/rental/program).",https://advancementacademy.sportngin.com/ | https://advancementacademy.sportngin.com/aboutus | https://advancementacademy.sportngin.com/facilities | https://advancementacademy.sportngin.com/page/show/6200840-contact-us
OH-REVIEW-0004,Apex Volleyball Training Center,https://www.apexvbtc.com/,,OH,Private Club,volleyball,Unclear,Needs Review,Court sport confirmed on the facility site; no explicit indoor or outdoor statement found on the crawled pages. Needs a human check of the website or a call before outreach.,,,,,,,apexvbtc.com,,,,,,,,,4,"Court sports and paid access found, but indoor/outdoor not stated. OH location evidence: phone. No decision maker found on public pages. No court count stated by a reliable source; left blank. Paid access signals present (membership/rental/program).",https://www.apexvbtc.com/ | https://www.apexvbtc.com/custom_pages/135850/apex-staff | https://www.apexvbtc.com/staff_pages/127174/our-staff | https://www.apexvbtc.com/custom_pages/138780/join-our-team
OH-REVIEW-0005,Athlete Headquarters,https://www.athleteheadquarters.com/,Sylvania,OH,Private Club,basketball; volleyball,Unclear,Needs Review,Court sport confirmed on the facility site; no explicit indoor or outdoor statement found on the crawled pages. Needs a human check of the website or a call before outreach.,,,,,,,athleteheadquarters.com,athletehq.austin@gmail.com,,,,,,,,1,"Court sports and paid access found, but indoor/outdoor not stated. OH location evidence: address. No decision maker found on public pages. No court count stated by a reliable source; left blank. Paid access signals present (membership/rental/program).",https://www.athleteheadquarters.com/ | https://www.athleteheadquarters.com/page/show/5882562-about
OH-REVIEW-0006,Athletic Performance Training Center,https://aptcstrength.com/,Youngstown,OH,Unknown,basketball; volleyball,Unclear,Needs Review,Court sport confirmed on the facility site; no explicit indoor or outdoor statement found on the crawled pages. Needs a human check of the website or a call before outreach.,,,,,,,aptcstrength.com,blebo3@yahoo.com,admin@aptcstrength.com,,,,,,,2,"Court sports and paid access found, but indoor/outdoor not stated. OH location evidence: address. No decision maker found on public pages. No court count stated by a reliable source; left blank. Paid access signals present (membership/rental/program).",https://aptcstrength.com/ | https://aptcstrength.com/about-us/ | https://aptcstrength.com/facility/ | https://aptcstrength.com/programs-and-pricing/ | https://aptcstrength.com/contact-us/
OH-REVIEW-0007,Beachwood Recreation Association,https://www.beachwoodrec.org/,,OH,Private Club,pickleball; tennis,Unclear,Needs Review,Court sport confirmed on the facility site; no explicit indoor or outdoor statement found on the crawled pages. Needs a human check of the website or a call before outreach.,,,,,,,beachwoodrec.org,,membership@beachwoodrec.org,,,,,,,12,"Court sports and paid access found, but indoor/outdoor not stated. OH location evidence: phone. No decision maker found on public pages. No court count stated by a reliable source; left blank. Paid access signals present (membership/rental/program).",https://www.beachwoodrec.org/ | https://www.beachwoodrec.org/contact/ | https://www.beachwoodrec.org/membership/manage-account/ | https://www.beachwoodrec.org/about/ | https://www.beachwoodrec.org/about/board-of-directors/ | https://www.beachwoodrec.org/about/bylaws/ | https://www.beachwoodrec.org/about/rules-regulations/
OH-REVIEW-0008,BestProsInTown,https://www.bestprosintown.com/,,OH,Unknown,basketball,Unclear,Needs Review,Court sport confirmed on the facility site; no explicit indoor or outdoor statement found on the crawled pages. Needs a human check of the website or a call before outreach.,,,,,,,bestprosintown.com,press@bestprosintown.com,support@bestprosintown.com,,,,,,,2,"Court sports and paid access found, but indoor/outdoor not stated. OH location evidence: mention. No decision maker found on public pages. No court count stated by a reliable source; left blank. Paid access signals present (membership/rental/program).",https://www.bestprosintown.com/ | https://www.bestprosintown.com/blog/why-local-businesses-need-google-business-profile/ | https://www.bestprosintown.com/about.php | https://www.bestprosintown.com/contact.php
OH-REVIEW-0009,Borromeo Seminary | Catholic Diocese of Cleveland,https://borromeoseminary.org/,Wickliffe,OH,College / University,tennis; basketball; racquetball,Unclear,Needs Review,Court sport confirmed on the facility site; no explicit indoor or outdoor statement found on the crawled pages. Needs a human check of the website or a call before outreach.,2,"rights reserved. | Website design by Ten10 Design LLC Human Formation - Borromeo Seminary Two basketball courts, two racquetball courts, two soccer fields, a tennis court ... Wickliffe, OH 44092 (440)",Rector,Andrew,Rector Andrew,President,borromeoseminary.org,,,rector@borromeoseminary.org,rector.andrew@borromeoseminary.org,rectorandrew@borromeoseminary.org,randrew@borromeoseminary.org,r.andrew@borromeoseminary.org,rectora@borromeoseminary.org,2,"Court sports and paid access found, but indoor/outdoor not stated. OH location evidence: address. Paid access signals present (membership/rental/program). Guessed emails are UNVERIFIED pattern permutations - not published addresses.",https://borromeoseminary.org/ | https://borromeoseminary.org/about-us/history/ | https://borromeoseminary.org/about-us/ | https://borromeoseminary.org/academics/college-program/ | https://borromeoseminary.org/academics/college-program/course-descriptions/ | https://borromeoseminary.org/academics/philosophy/program-for-priestly-formation/ | https://borromeoseminary.org/academics/college-program/faculty/
OH-REVIEW-0010,Brookside Golf & Country Club,https://brooksidegcc.com/,Columbus,OH,Country Club,pickleball; tennis,Unclear,Needs Review,Court sport confirmed on the facility site; no explicit indoor or outdoor statement found on the crawled pages. Needs a human check of the website or a call before outreach.,3,"e state~of~the~art Athletic Facility houses a fitness center, five Har~Tru tennis courts, three Pickleball courts, two platform tennis courts, a Z~shaped Olympic size swimming pool, and a year-round golf",Laurie,Steller,Laurie Steller,Director of Membership,brooksidegcc.com,laurie@brooksidegcc.com,,,,,,,,2,"Court sports and paid access found, but indoor/outdoor not stated. OH location evidence: address. Paid access signals present (membership/rental/program).",https://brooksidegcc.com/ | https://brooksidegcc.com/Membership | https://brooksidegcc.com/About_Us | https://brooksidegcc.com/About_Us/Map_Directions | https://brooksidegcc.com/About_Us/Employment | https://brooksidegcc.com/Membership_Banquets
OH-REVIEW-0011,Bryant & Stratton College - Ohio,https://ohio.bscbobcats.com/landing/index,,OH,College / University,basketball,Unclear,Needs Review,Court sport confirmed on the facility site; no explicit indoor or outdoor statement found on the crawled pages. Needs a human check of the website or a call before outreach.,,,Dwayne,Morrow,Dwayne Morrow,Athletic Director,bryantstratton.edu,dmorrow@bryantstratton.edu,,,,,,,,11,"Court sports found, but indoor/outdoor not stated. OH location evidence: phone. No court count stated by a reliable source; left blank.",https://ohio.bscbobcats.com/landing/index | https://ohio.bscbobcats.com/information/directory/index | https://ohio.bscbobcats.com/media/New_Logos/New_Logos
OH-REVIEW-0012,BTY Training,https://www.btytraining.com/,Marysville,OH,College / University,basketball; volleyball,Unclear,Needs Review,Court sport confirmed on the facility site; no explicit indoor or outdoor statement found on the crawled pages. Needs a human check of the website or a call before outreach.,,,,,,,btytraining.com,,info@btytraining.com,,,,,,,3,"Court sports and paid access found, but indoor/outdoor not stated. OH location evidence: address. No decision maker found on public pages. No court count stated by a reliable source; left blank. Paid access signals present (membership/rental/program).",https://www.btytraining.com/ | https://www.btytraining.com/our-story | https://www.btytraining.com/our-team | https://www.btytraining.com/contact-us | https://www.btytraining.com/court-or-cage-rentals | https://www.btytraining.com/basketball-shooting-membership
OH-REVIEW-0013,Buckeye Volleyball Club,https://buckeyevb.wpenginepowered.com/,Columbus,OH,Private Club,volleyball,Unclear,Needs Review,Court sport confirmed on the facility site; no explicit indoor or outdoor statement found on the crawled pages. Needs a human check of the website or a call before outreach.,,,,,,,buckeyevolleyballclub.com,lauren@buckeyevolleyballclub.com,,,,,,,,2,"Court sports found, but indoor/outdoor not stated. OH location evidence: address. No decision maker found on public pages. No court count stated by a reliable source; left blank.",https://buckeyevb.wpenginepowered.com/
OH-REVIEW-0014,Canal Winchester Joi,https://www.cwrecreation.com/,Canal Winchester,OH,Unknown,tennis; basketball; volleyball,Unclear,Needs Review,Court sport confirmed on the facility site; no explicit indoor or outdoor statement found on the crawled pages. Needs a human check of the website or a call before outreach.,,,,,,,cwrecreation.com,,,,,,,,,4,"Court sports and paid access found, but indoor/outdoor not stated. OH location evidence: address. No decision maker found on public pages. No court count stated by a reliable source; left blank. Paid access signals present (membership/rental/program).",https://www.cwrecreation.com/ | https://www.cwrecreation.com/about-7 | https://www.cwrecreation.com/about-us | https://www.cwrecreation.com/youth-calendar | https://www.cwrecreation.com/adult-programs | https://www.cwrecreation.com/coaching-incentive-program | https://www.cwrecreation.com/about-1
OH-REVIEW-0015,"Carlisle High School (Carlisle, OH) Athletics",https://www.carlisleathletics.org/,Carlisle,OH,School,tennis; volleyball,Unclear,Needs Review,Court sport confirmed on the facility site; no explicit indoor or outdoor statement found on the crawled pages. Needs a human check of the website or a call before outreach.,,,,,,,carlisleathletics.org,,,,,,,,,0,"Court sports found, but indoor/outdoor not stated. OH location evidence: address. No decision maker found on public pages. No court count stated by a reliable source; left blank.",https://www.carlisleathletics.org/
OH-REVIEW-0016,Carrollton Exempted Village Schools,https://www.carrolltonschools.org/,Carrollton,OH,School,basketball; volleyball,Unclear,Needs Review,Court sport confirmed on the facility site; no explicit indoor or outdoor statement found on the crawled pages. Needs a human check of the website or a call before outreach.,,,,,,,carrolltonschools.org,,,,,,,,,42,"Court sports and paid access found, but indoor/outdoor not stated. OH location evidence: address. No decision maker found on public pages. No court count stated by a reliable source; left blank. Paid access signals present (membership/rental/program).",https://www.carrolltonschools.org/ | https://www.carrolltonschools.org/page/administrative-contacts | https://www.carrolltonschools.org/page/athletics-homepage | https://www.carrolltonschools.org/staff | https://www.carrolltonschools.org/page/staff-links | https://www.carrolltonschools.org/o/cevs/page/administrative-contacts
OH-REVIEW-0017,Centerville Elks Basketball,https://www.centervillebasketball.com/,,OH,School,basketball,Unclear,Needs Review,Court sport confirmed on the facility site; no explicit indoor or outdoor statement found on the crawled pages. Needs a human check of the website or a call before outreach.,,,,,,,centervillebasketball.com,,,,,,,,,0,"Court sports and paid access found, but indoor/outdoor not stated. OH location evidence: phone. No decision maker found on public pages. No court count stated by a reliable source; left blank. Paid access signals present (membership/rental/program).",https://www.centervillebasketball.com/ | https://www.centervillebasketball.com/page/show/1898071-coaching-staff | https://www.centervillebasketball.com/page/show/1898080-coaching-staff | https://www.centervillebasketball.com/page/show/2174598-standards-of-performance
OH-REVIEW-0018,Centerville Hustle Basketball Club,https://www.centervillehustle.org/,Centerville,OH,College / University,basketball,Unclear,Needs Review,Court sport confirmed on the facility site; no explicit indoor or outdoor statement found on the crawled pages. Needs a human check of the website or a call before outreach.,,,,,,,centervillehustle.org,board@centervillehustle.org,,,,,,,,1,"Court sports and paid access found, but indoor/outdoor not stated. OH location evidence: address. No decision maker found on public pages. No court count stated by a reliable source; left blank. Paid access signals present (membership/rental/program).",https://www.centervillehustle.org/ | https://www.centervillehustle.org/aboutus
OH-REVIEW-0019,Chagrin Valley Country Club,https://www.cvcclub.com/,,OH,Country Club,pickleball; tennis,Unclear,Needs Review,Court sport confirmed on the facility site; no explicit indoor or outdoor statement found on the crawled pages. Needs a human check of the website or a call before outreach.,,,,,,,cvcclub.com,ckalister@cvcclub.com,,,,,,,,1,"Court sports and paid access found, but indoor/outdoor not stated. OH location evidence: zip. No decision maker found on public pages. No court count stated by a reliable source; left blank. Paid access signals present (membership/rental/program).",https://www.cvcclub.com/ | https://www.cvcclub.com/web/pages/about-us | https://www.cvcclub.com/web/pages/membership | https://www.cvcclub.com/web/pages/contact-us
OH-REVIEW-0020,Chikovani Basketball Academy,https://www.chikovanibasketball.com/,Canfield,OH,School,basketball,Unclear,Needs Review,Court sport confirmed on the facility site; no explicit indoor or outdoor statement found on the crawled pages. Needs a human check of the website or a call before outreach.,,,,,,,chikovanibasketball.com,chikovanibasketball@gmail.com,,,,,,,,1,"Court sports and paid access found, but indoor/outdoor not stated. OH location evidence: address. No decision maker found on public pages. No court count stated by a reliable source; left blank. Paid access signals present (membership/rental/program).",https://www.chikovanibasketball.com/ | https://www.chikovanibasketball.com/programs | https://www.chikovanibasketball.com/about | https://www.chikovanibasketball.com/cancel
OH-REVIEW-0021,Cincinnati Squash Racquets Association,https://www.cincysquash.com/,,OH,Racquet / Tennis Club,squash,Unclear,Needs Review,Court sport confirmed on the facility site; no explicit indoor or outdoor statement found on the crawled pages. Needs a human check of the website or a call before outreach.,25,"nnaticc.com. Cost is $10 Read more → October 6, 2025 Save The Dates for 25/26 season With 25 squash courts in the Greater Cincinnati area, we are excited to see squash grow in Southern Ohio Read m",,,,,cincinnaticc.com,squash@cincinnaticc.com,,,,,,,,1,"Court sports and paid access found, but indoor/outdoor not stated. OH location evidence: mention. No decision maker found on public pages. Paid access signals present (membership/rental/program).",https://www.cincysquash.com/ | https://www.cincysquash.com/membership | https://www.cincysquash.com/contact
OH-REVIEW-0022,CLE Squash,https://www.clevelandsquash.com/,Cleveland,OH,Racquet / Tennis Club,squash,Unclear,Needs Review,Court sport confirmed on the facility site; no explicit indoor or outdoor statement found on the crawled pages. Needs a human check of the website or a call before outreach.,,,,,,,clevelandsquash.com,,,,,,,,,0,"Court sports and paid access found, but indoor/outdoor not stated. OH location evidence: address. No decision maker found on public pages. No court count stated by a reliable source; left blank. Paid access signals present (membership/rental/program).",https://www.clevelandsquash.com/ | https://www.clevelandsquash.com/usc-fundraiser-info | https://www.clevelandsquash.com/our-story | https://www.clevelandsquash.com/urban-squash-cleveland
OH-REVIEW-0023,Cleveland Athletic Academy,https://clevelandathleticacademy.com/,Painesville,OH,School,basketball; volleyball,Unclear,Needs Review,Court sport confirmed on the facility site; no explicit indoor or outdoor statement found on the crawled pages. Needs a human check of the website or a call before outreach.,,,,,,,clevelandathleticacademy.com,,,,,,,,,2,"Court sports and paid access found, but indoor/outdoor not stated. OH location evidence: address. No decision maker found on public pages. No court count stated by a reliable source; left blank. Paid access signals present (membership/rental/program).",https://clevelandathleticacademy.com/ | https://clevelandathleticacademy.com/training-programs | https://clevelandathleticacademy.com/staff | https://clevelandathleticacademy.com/facility | https://clevelandathleticacademy.com/contact
OH-REVIEW-0024,Cleveland Metroparks,https://www.clevelandmetroparks.com/,Cleveland,OH,Unknown,volleyball,Unclear,Needs Review,Court sport confirmed on the facility site; no explicit indoor or outdoor statement found on the crawled pages. Needs a human check of the website or a call before outreach.,,,Bruce,Rinker,Bruce Rinker,President,clevelandmetroparks.com,,,bruce@clevelandmetroparks.com,bruce.rinker@clevelandmetroparks.com,brucerinker@clevelandmetroparks.com,brinker@clevelandmetroparks.com,b.rinker@clevelandmetroparks.com,brucer@clevelandmetroparks.com,1,"Court sports and paid access found, but indoor/outdoor not stated. OH location evidence: address. No court count stated by a reliable source; left blank. Paid access signals present (membership/rental/program). Guessed emails are UNVERIFIED pattern permutations - not published addresses.",https://www.clevelandmetroparks.com/ | https://www.clevelandmetroparks.com/about/cleveland-metroparks-organization/history | https://www.clevelandmetroparks.com/about/cleveland-metroparks-organization/mission-and-core-goals | https://www.clevelandmetroparks.com/about/planning-design | https://www.clevelandmetroparks.com/about/cleveland-metroparks-organization/cleveland-metroparks-leadership-team | https://www.clevelandmetroparks.com/about/cleveland-metroparks-organization/board-of-park-commissioners | https://www.clevelandmetroparks.com/about/cleveland-metroparks-organization/community-impact
OH-REVIEW-0025,Cleveland Tennis Community,https://tenniscleveland.com/,Cleveland,OH,Racquet / Tennis Club,tennis,Unclear,Needs Review,Court sport confirmed on the facility site; no explicit indoor or outdoor statement found on the crawled pages. Needs a human check of the website or a call before outreach.,6,"- (CSU) Medical Mutual TC 2005 Chester Ave., Cleveland OH 44114 1,350 Matches Played Here 6 Courts Lighted Tennis Club Fee Cleveland - Brush HS 4875 Glenlyn Rd., Cleveland OH 44124 26 Matc",,,,,tenniscleveland.com,tenniscleveland@gmail.com,,,,,,,,1,"Court sports and paid access found, but indoor/outdoor not stated. OH location evidence: address. No decision maker found on public pages. Paid access signals present (membership/rental/program).",https://tenniscleveland.com/ | https://tenniscleveland.com/thanks/partner_flow | https://tenniscleveland.com/Cleveland-Tennis-Courts | https://tenniscleveland.com/partner-program | https://tenniscleveland.com/thanks/partner_flow.htm | https://tenniscleveland.com/Cleveland-Tennis-Lessons | https://tenniscleveland.com/info/contact-email
OH-REVIEW-0026,Cleveland Volleyball Company,https://www.clevelandvolleyballcompany.com/,Avon,OH,College / University,volleyball,Unclear,Needs Review,Court sport confirmed on the facility site; no explicit indoor or outdoor statement found on the crawled pages. Needs a human check of the website or a call before outreach.,3,"UALIFIERS (2025) GET IN TOUCH WITH CVC CONTACT US Name: Email: Phone: Message: LOCATIONS T3 Volleyball Courts 1945 Recreation Ln. Avon, OH 44011 CONTACT US Jenn Larrick - Director: jlarrick@cleveland",,,,,clevelandvolleyballcompany.com,jlarrick@clevelandvolleyballcompany.com,,,,,,,,1,"Court sports and paid access found, but indoor/outdoor not stated. OH location evidence: address. No decision maker found on public pages. Paid access signals present (membership/rental/program).",https://www.clevelandvolleyballcompany.com/ | https://www.clevelandvolleyballcompany.com/about-us | https://www.clevelandvolleyballcompany.com/2027-coaching-staff
OH-REVIEW-0027,Cleveland Wave VBC,https://www.clevelandwavevolleyball.com/,Brunswick,OH,Private Club,volleyball,Unclear,Needs Review,Court sport confirmed on the facility site; no explicit indoor or outdoor statement found on the crawled pages. Needs a human check of the website or a call before outreach.,,,Brittany,Centorbi,Brittany Centorbi,Club Director,clevelandwavevolleyball.com,,,brittany@clevelandwavevolleyball.com,brittany.centorbi@clevelandwavevolleyball.com,brittanycentorbi@clevelandwavevolleyball.com,bcentorbi@clevelandwavevolleyball.com,b.centorbi@clevelandwavevolleyball.com,brittanyc@clevelandwavevolleyball.com,1,"Court sports and paid access found, but indoor/outdoor not stated. OH location evidence: address. No court count stated by a reliable source; left blank. Paid access signals present (membership/rental/program). Guessed emails are UNVERIFIED pattern permutations - not published addresses.",https://www.clevelandwavevolleyball.com/ | https://www.clevelandwavevolleyball.com/meet-the-directors | https://www.clevelandwavevolleyball.com/wave-events | https://www.clevelandwavevolleyball.com/youthprogram | https://www.clevelandwavevolleyball.com/meet-the-coaches
OH-REVIEW-0028,Clinton County Barracudas,https://clintoncounty.swimtopia.com/,Wilmington,OH,Racquet / Tennis Club,tennis,Unclear,Needs Review,Court sport confirmed on the facility site; no explicit indoor or outdoor statement found on the crawled pages. Needs a human check of the website or a call before outreach.,,,,,,,clintoncounty.swimtopia.com,clintoncountycudas@gmail.com,,,,,,,,1,"Court sports and paid access found, but indoor/outdoor not stated. OH location evidence: address. No decision maker found on public pages. No court count stated by a reliable source; left blank. Paid access signals present (membership/rental/program).",https://clintoncounty.swimtopia.com/ | https://clintoncounty.swimtopia.com/about | https://clintoncounty.swimtopia.com/contact-us
OH-REVIEW-0029,Clinton Swim and Tennis Club,https://www.clintonswimtennisclub.com/,Wilmington,OH,Racquet / Tennis Club,tennis; volleyball,Unclear,Needs Review,Court sport confirmed on the facility site; no explicit indoor or outdoor statement found on the crawled pages. Needs a human check of the website or a call before outreach.,,,Nicole,Corbin,Nicole Corbin,President,clintonswimtennisclub.com,,,nicole@clintonswimtennisclub.com,nicole.corbin@clintonswimtennisclub.com,nicolecorbin@clintonswimtennisclub.com,ncorbin@clintonswimtennisclub.com,n.corbin@clintonswimtennisclub.com,nicolec@clintonswimtennisclub.com,1,"Court sports and paid access found, but indoor/outdoor not stated. OH location evidence: address. No court count stated by a reliable source; left blank. Paid access signals present (membership/rental/program). Guessed emails are UNVERIFIED pattern permutations - not published addresses.",https://www.clintonswimtennisclub.com/ | https://www.clintonswimtennisclub.com/about-us.php | https://www.clintonswimtennisclub.com/contact-us.php
OH-REVIEW-0030,Club Management,https://www.club-mgmt.com/clubmanagement/library/,South Euclid,OH,Country Club,tennis; badminton,Unclear,Needs Review,Court sport confirmed on the facility site; no explicit indoor or outdoor statement found on the crawled pages. Needs a human check of the website or a call before outreach.,,,,,,,club-mgmt.com,,,,,,,,,0,"Court sports and paid access found, but indoor/outdoor not stated. OH location evidence: address. No decision maker found on public pages. No court count stated by a reliable source; left blank. Paid access signals present (membership/rental/program).",https://www.club-mgmt.com/clubmanagement/library/
OH-REVIEW-0031,Columbus Country Club Home Page,https://www.columbuscc.com/,Columbus,OH,Country Club,pickleball; tennis,Unclear,Needs Review,Court sport confirmed on the facility site; no explicit indoor or outdoor statement found on the crawled pages. Needs a human check of the website or a call before outreach.,2,"l Ohio. All of CCC's 2017 Tennis Staff ... ... tennis courts, two platform tennis courts, two pickleball courts, and world-class golf. With a vibrant calendar full of golf, dining, and social events, y",Patrick,Gibbons,Patrick Gibbons,General Manager,columbuscc.com,,info@columbuscc.com,patrick@columbuscc.com,patrick.gibbons@columbuscc.com,patrickgibbons@columbuscc.com,pgibbons@columbuscc.com,p.gibbons@columbuscc.com,patrickg@columbuscc.com,1,"Court sports and paid access found, but indoor/outdoor not stated. OH location evidence: address. Paid access signals present (membership/rental/program). Guessed emails are UNVERIFIED pattern permutations - not published addresses.",https://www.columbuscc.com/ | https://www.columbuscc.com/about-us | https://www.columbuscc.com/membership
OH-REVIEW-0032,Core Basketball Training,https://www.corebasketballtraining.com/core-basketballncv4kkks33594255,Westerville,OH,College / University,basketball,Unclear,Needs Review,Court sport confirmed on the facility site; no explicit indoor or outdoor statement found on the crawled pages. Needs a human check of the website or a call before outreach.,,,,,,,corebasketballtraining.com,,,,,,,,,3,"Court sports and paid access found, but indoor/outdoor not stated. OH location evidence: address. No decision maker found on public pages. No court count stated by a reliable source; left blank. Paid access signals present (membership/rental/program).",https://www.corebasketballtraining.com/core-basketballncv4kkks33594255
OH-REVIEW-0033,Cptf,https://www.cleptf.org/,Cleveland,OH,School,tennis,Unclear,Needs Review,Court sport confirmed on the facility site; no explicit indoor or outdoor statement found on the crawled pages. Needs a human check of the website or a call before outreach.,,,David,Bebout,David Bebout,President,cleptf.org,david@cleptf.org,info@cleptf.org,,,,,,,17,"Court sports and paid access found, but indoor/outdoor not stated. OH location evidence: address. No court count stated by a reliable source; left blank. Paid access signals present (membership/rental/program).",https://www.cleptf.org/ | https://www.cleptf.org/about-us
OH-REVIEW-0034,CWRU Badminton,https://badminton.mystrikingly.com/,Cleveland,OH,Private Club,badminton,Unclear,Needs Review,Court sport confirmed on the facility site; no explicit indoor or outdoor statement found on the crawled pages. Needs a human check of the website or a call before outreach.,,,Alvin,Huang,Alvin Huang,President,badminton.mystrikingly.com,,,alvin@badminton.mystrikingly.com,alvin.huang@badminton.mystrikingly.com,alvinhuang@badminton.mystrikingly.com,ahuang@badminton.mystrikingly.com,a.huang@badminton.mystrikingly.com,alvinh@badminton.mystrikingly.com,0,"Court sports and paid access found, but indoor/outdoor not stated. OH location evidence: address. No court count stated by a reliable source; left blank. Paid access signals present (membership/rental/program). Guessed emails are UNVERIFIED pattern permutations - not published addresses.",https://badminton.mystrikingly.com/
OH-REVIEW-0035,Dayton Squash Center,https://daytonsquashcenter.com/,Miamisburg,OH,Racquet / Tennis Club,squash,Unclear,Needs Review,Court sport confirmed on the facility site; no explicit indoor or outdoor statement found on the crawled pages. Needs a human check of the website or a call before outreach.,,,,,,,daytonsquashcenter.com,daytonsquash@gmail.com,,,,,,,,1,"Court sports and paid access found, but indoor/outdoor not stated. OH location evidence: address. No decision maker found on public pages. No court count stated by a reliable source; left blank. Paid access signals present (membership/rental/program).",https://daytonsquashcenter.com/ | https://daytonsquashcenter.com/contact-us | https://daytonsquashcenter.com/programming | https://daytonsquashcenter.com/membership
OH-REVIEW-0036,Diaz Tennis,https://diaztennis.org/,,OH,Racquet / Tennis Club,tennis,Unclear,Needs Review,Court sport confirmed on the facility site; no explicit indoor or outdoor statement found on the crawled pages. Needs a human check of the website or a call before outreach.,,,,,,,diaztennis.org,,,,,,,,,0,"Court sports and paid access found, but indoor/outdoor not stated. OH location evidence: mention. No decision maker found on public pages. No court count stated by a reliable source; left blank. Paid access signals present (membership/rental/program).",https://diaztennis.org/ | https://diaztennis.org/about | https://diaztennis.org/contact
OH-REVIEW-0037,Discover Shaker Heights City School District,https://www.shaker.org/,,OH,School,tennis; basketball; volleyball,Unclear,Needs Review,Court sport confirmed on the facility site; no explicit indoor or outdoor statement found on the crawled pages. Needs a human check of the website or a call before outreach.,,,,,,,shaker.org,,,,,,,,,0,"Court sports and paid access found, but indoor/outdoor not stated. OH location evidence: phone. No decision maker found on public pages. No court count stated by a reliable source; left blank. Paid access signals present (membership/rental/program).",https://www.shaker.org/ | https://www.shaker.org/the-shaker-experience/athletics | https://www.shaker.org/connect-with-us/staff-directory | https://www.shaker.org/staff-intranet | https://www.shaker.org/all-news/posts-details/~board/district-news-homepage/post/students-win-recognition-on-national-latin-exam | https://www.shaker.org/all-news/posts-details/~board/district-news-homepage/post/darrl-smalls-appointed-as-district-safety-security-supervisor-beginning-july-1 | https://www.shaker.org/all-news/posts-details/~board/district-news-homepage/post/bus-driver-fred-taylor-retires-after-33-years-of-service
OH-REVIEW-0038,DiscoverGyms,https://discovergyms.com/,,OH,Health Club,basketball,Unclear,Needs Review,Court sport confirmed on the facility site; no explicit indoor or outdoor statement found on the crawled pages. Needs a human check of the website or a call before outreach.,,,,,,,discovergyms.com,,,,,,,,,0,"Court sports and paid access found, but indoor/outdoor not stated. OH location evidence: mention. No decision maker found on public pages. No court count stated by a reliable source; left blank. Paid access signals present (membership/rental/program).",https://discovergyms.com/
OH-REVIEW-0039,District Profile - clay local schools,https://www.claylocalschools.org/,Portsmouth,OH,School,tennis; basketball; volleyball,Unclear,Needs Review,Court sport confirmed on the facility site; no explicit indoor or outdoor statement found on the crawled pages. Needs a human check of the website or a call before outreach.,,,,,,,claylocalschools.org,,,,,,,,,3,"Court sports and paid access found, but indoor/outdoor not stated. OH location evidence: address. No decision maker found on public pages. No court count stated by a reliable source; left blank. Paid access signals present (membership/rental/program).",https://www.claylocalschools.org/ | https://www.claylocalschools.org/athletics | https://www.claylocalschools.org/athletics/clay-hs-championships | https://www.claylocalschools.org/athletics/clay-hall-of-fame | https://www.claylocalschools.org/athletics/cheerleaders | https://www.claylocalschools.org/athletics/cross-country | https://www.claylocalschools.org/athletics/hs-golf
OH-REVIEW-0040,Eastside Volleyball Club,https://eastsidevbc.com/,Lithopolis,OH,Private Club,volleyball,Unclear,Needs Review,Court sport confirmed on the facility site; no explicit indoor or outdoor statement found on the crawled pages. Needs a human check of the website or a call before outreach.,,,,,,,eastsidevbc.com,lnfn@aol.com,,,,,,,,1,"Court sports found, but indoor/outdoor not stated. OH location evidence: address. No decision maker found on public pages. No court count stated by a reliable source; left blank.",https://eastsidevbc.com/ | https://eastsidevbc.com/club/whoweare | https://eastsidevbc.com/club/facility | https://eastsidevbc.com/club/contact | https://eastsidevbc.com/club/eastsideathletics
OH-REVIEW-0041,"Equipment & Party Rentals in Chesterland, Chardon & Middlefield OH",https://ccmrental.com/,Chardon,OH,Unknown,volleyball,Unclear,Needs Review,Court sport confirmed on the facility site; no explicit indoor or outdoor statement found on the crawled pages. Needs a human check of the website or a call before outreach.,,,,,,,ccmrental.com,,,,,,,,,0,"Court sports and paid access found, but indoor/outdoor not stated. OH location evidence: address. No decision maker found on public pages. No court count stated by a reliable source; left blank. Paid access signals present (membership/rental/program).",https://ccmrental.com/ | https://ccmrental.com/equipment-rentals | https://ccmrental.com/party-rentals | https://ccmrental.com/about-us | https://ccmrental.com/contact-us | https://ccmrental.com/rental-resources
OH-REVIEW-0042,Estates on Main,https://www.estatesonmain.com/,Columbus,OH,School,basketball,Unclear,Needs Review,Court sport confirmed on the facility site; no explicit indoor or outdoor statement found on the crawled pages. Needs a human check of the website or a call before outreach.,,,,,,,estatesonmain.com,,,,,,,,,0,"Court sports and paid access found, but indoor/outdoor not stated. OH location evidence: address. No decision maker found on public pages. No court count stated by a reliable source; left blank. Paid access signals present (membership/rental/program).",https://www.estatesonmain.com/ | https://www.estatesonmain.com/availability
OH-REVIEW-0043,Executive Arrangements,https://executivearrangements.com/,,OH,College / University,tennis,Unclear,Needs Review,Court sport confirmed on the facility site; no explicit indoor or outdoor statement found on the crawled pages. Needs a human check of the website or a call before outreach.,,,Margy,Judd,Margy Judd,President,executivearrangements.com,,,margy@executivearrangements.com,margy.judd@executivearrangements.com,margyjudd@executivearrangements.com,mjudd@executivearrangements.com,m.judd@executivearrangements.com,margyj@executivearrangements.com,0,"Court sports and paid access found, but indoor/outdoor not stated. OH location evidence: phone. No court count stated by a reliable source; left blank. Paid access signals present (membership/rental/program). Guessed emails are UNVERIFIED pattern permutations - not published addresses.",https://executivearrangements.com/ | https://executivearrangements.com/about-us/ | https://executivearrangements.com/our-team/chicago/ | https://executivearrangements.com/our-team/cleveland/ | https://executivearrangements.com/our-team/columbus/ | https://executivearrangements.com/contact-us/
OH-REVIEW-0044,Firebirds Wood Fired Grill,https://firebirdsrestaurants.com/,,OH,Private Club,squash,Unclear,Needs Review,Court sport confirmed on the facility site; no explicit indoor or outdoor statement found on the crawled pages. Needs a human check of the website or a call before outreach.,,,,,,,firebirdsrestaurants.com,,,,,,,,,0,"Court sports and paid access found, but indoor/outdoor not stated. OH location evidence: mention. No decision maker found on public pages. No court count stated by a reliable source; left blank. Paid access signals present (membership/rental/program).",https://firebirdsrestaurants.com/ | https://firebirdsrestaurants.com/loyalty-program | https://firebirdsrestaurants.com/contact-us | https://firebirdsrestaurants.com/about-us
OH-REVIEW-0045,GOAT Futsal,https://www.goatfutsal.com/,,OH,Unknown,futsal,Unclear,Needs Review,Court sport confirmed on the facility site; no explicit indoor or outdoor statement found on the crawled pages. Needs a human check of the website or a call before outreach.,,,,,,,goatfutsal.com,,info@goatfutsal.com,,,,,,,1,"Court sports and paid access found, but indoor/outdoor not stated. OH location evidence: phone. No decision maker found on public pages. No court count stated by a reliable source; left blank. Paid access signals present (membership/rental/program).",https://www.goatfutsal.com/
OH-REVIEW-0046,Great Lakes Futsal,https://www.greatlakesfutsal.com/,,OH,Private Club,futsal,Unclear,Needs Review,Court sport confirmed on the facility site; no explicit indoor or outdoor statement found on the crawled pages. Needs a human check of the website or a call before outreach.,,,,,,,greatlakesfutsal.com,,info@greatlakesfutsal.com,,,,,,,1,"Court sports found, but indoor/outdoor not stated. OH location evidence: phone. No decision maker found on public pages. No court count stated by a reliable source; left blank.",https://www.greatlakesfutsal.com/ | https://www.greatlakesfutsal.com/home | https://www.greatlakesfutsal.com/programs
OH-REVIEW-0047,H O O P S Academy,https://www.hoopsacademybasketball.com/,Delaware,OH,College / University,basketball,Unclear,Needs Review,Court sport confirmed on the facility site; no explicit indoor or outdoor statement found on the crawled pages. Needs a human check of the website or a call before outreach.,,,,,,,hoopsacademytraining.com,,info@hoopsacademytraining.com,,,,,,,1,"Court sports and paid access found, but indoor/outdoor not stated. OH location evidence: address. No decision maker found on public pages. No court count stated by a reliable source; left blank. Paid access signals present (membership/rental/program).",https://www.hoopsacademybasketball.com/ | https://www.hoopsacademybasketball.com/about-1 | https://www.hoopsacademybasketball.com/pricing-plans/list | https://www.hoopsacademybasketball.com/book-online | https://www.hoopsacademybasketball.com/blank-3
OH-REVIEW-0048,Hoop Guru,https://hoopguru.com/,Strongsville,OH,College / University,pickleball; basketball; volleyball,Unclear,Needs Review,Court sport confirmed on the facility site; no explicit indoor or outdoor statement found on the crawled pages. Needs a human check of the website or a call before outreach.,,,,,,,hoopguru.com,,,,,,,,,0,"Court sports and paid access found, but indoor/outdoor not stated. OH location evidence: address. No decision maker found on public pages. No court count stated by a reliable source; left blank. Paid access signals present (membership/rental/program).",https://hoopguru.com/ | https://hoopguru.com/about-us | https://hoopguru.com/swish-365
OH-REVIEW-0049,HoopTech,https://htperformancecenter.com/,,OH,College / University,basketball,Unclear,Needs Review,Court sport confirmed on the facility site; no explicit indoor or outdoor statement found on the crawled pages. Needs a human check of the website or a call before outreach.,,,,,,,hooptech.com,,team@hooptech.com,,,,,,,1,"Court sports and paid access found, but indoor/outdoor not stated. OH location evidence: mention. No decision maker found on public pages. No court count stated by a reliable source; left blank. Paid access signals present (membership/rental/program).",https://htperformancecenter.com/ | https://htperformancecenter.com/training-program/ | https://htperformancecenter.com/facility/
OH-REVIEW-0050,HUNTSMAN ELITE,https://www.huntsmanelite.com/,Springfield,OH,College / University,basketball,Unclear,Needs Review,Court sport confirmed on the facility site; no explicit indoor or outdoor statement found on the crawled pages. Needs a human check of the website or a call before outreach.,,,,,,,huntsmanelite.com,huntsmanelite@gmail.com,,,,,,,,1,"Court sports and paid access found, but indoor/outdoor not stated. OH location evidence: address. No decision maker found on public pages. No court count stated by a reliable source; left blank. Paid access signals present (membership/rental/program).",https://www.huntsmanelite.com/ | https://www.huntsmanelite.com/staff | https://www.huntsmanelite.com/contact
OH-REVIEW-0051,IgniteVolleyball.org,https://www.ignitevolleyball.org/,Twinsburg,OH,YMCA / JCC,volleyball,Unclear,Needs Review,Court sport confirmed on the facility site; no explicit indoor or outdoor statement found on the crawled pages. Needs a human check of the website or a call before outreach.,,,,,,,ignitevolleyball.org,,,,,,,,,0,"Court sports and paid access found, but indoor/outdoor not stated. OH location evidence: address. No decision maker found on public pages. No court count stated by a reliable source; left blank. Paid access signals present (membership/rental/program).",https://www.ignitevolleyball.org/ | https://www.ignitevolleyball.org/alternate-staff-page | https://www.ignitevolleyball.org/contact
OH-REVIEW-0052,"Indian Hill Swim, Dive & Tennis Club",https://www.ihclub.com/,Cincinnati,OH,Racquet / Tennis Club,pickleball; tennis; basketball,Unclear,Needs Review,Court sport confirmed on the facility site; no explicit indoor or outdoor statement found on the crawled pages. Needs a human check of the website or a call before outreach.,4,"ng pool, a recreational pool with 2 diving boards and a shallow entry, and baby pool. Our 4 tennis courts are clay (Har-Tru) and new in 2023, 3 Pickleball courts. We also offer a play area featur",,,,,ihclub.com,,info@ihclub.com,,,,,,,4,"Court sports and paid access found, but indoor/outdoor not stated. OH location evidence: address. No decision maker found on public pages. Paid access signals present (membership/rental/program).",https://www.ihclub.com/ | https://www.ihclub.com/contact/ | https://www.ihclub.com/membership/manage-account/ | https://www.ihclub.com/club-info/facilities/ | https://www.ihclub.com/our-staff/ | https://www.ihclub.com/membership/membership-types-and-dues/
OH-REVIEW-0053,Inspire CLE Volleyball,https://www.inspireclevolleyball.com/,Strongsville,OH,School,volleyball,Unclear,Needs Review,Court sport confirmed on the facility site; no explicit indoor or outdoor statement found on the crawled pages. Needs a human check of the website or a call before outreach.,,,,,,,inspireclevolleyball.com,,info@inspireclevolleyball.com,,,,,,,1,"Court sports and paid access found, but indoor/outdoor not stated. OH location evidence: address. No decision maker found on public pages. No court count stated by a reliable source; left blank. Paid access signals present (membership/rental/program).",https://www.inspireclevolleyball.com/ | https://www.inspireclevolleyball.com/aboutus
OH-REVIEW-0054,Jackson Area Family Activities Center,https://www.jafac.org/,Jackson,OH,Unknown,pickleball; basketball; volleyball,Unclear,Needs Review,Court sport confirmed on the facility site; no explicit indoor or outdoor statement found on the crawled pages. Needs a human check of the website or a call before outreach.,,,,,,,jafac.org,,,,,,,,,0,"Court sports and paid access found, but indoor/outdoor not stated. OH location evidence: address. No decision maker found on public pages. No court count stated by a reliable source; left blank. Paid access signals present (membership/rental/program).",https://www.jafac.org/ | https://www.jafac.org/about | https://www.jafac.org/contact
OH-REVIEW-0055,Johnson Skills Acade,https://www.johnsonskillsacademy.com/,London,OH,School,basketball,Unclear,Needs Review,Court sport confirmed on the facility site; no explicit indoor or outdoor statement found on the crawled pages. Needs a human check of the website or a call before outreach.,,,,,,,johnsonskillsacademy.com,imjustmatt2@gmail.com,,,,,,,,1,"Court sports and paid access found, but indoor/outdoor not stated. OH location evidence: address. No decision maker found on public pages. No court count stated by a reliable source; left blank. Paid access signals present (membership/rental/program).",https://www.johnsonskillsacademy.com/
OH-REVIEW-0056,Just Hoops Columbus -,https://justhoops.com/,Powell,OH,School,basketball,Unclear,Needs Review,Court sport confirmed on the facility site; no explicit indoor or outdoor statement found on the crawled pages. Needs a human check of the website or a call before outreach.,,,,,,,justhoops.com,,info@justhoops.com,,,,,,,3,"Court sports and paid access found, but indoor/outdoor not stated. OH location evidence: address. No decision maker found on public pages. No court count stated by a reliable source; left blank. Paid access signals present (membership/rental/program).",https://justhoops.com/ | https://justhoops.com/memberships/ | https://justhoops.com/reserve-a-court/ | https://justhoops.com/about/ | https://justhoops.com/contact/
OH-REVIEW-0057,Kinsale,https://www.golfkinsale.com/,Powell,OH,Country Club,pickleball; tennis,Unclear,Needs Review,Court sport confirmed on the facility site; no explicit indoor or outdoor statement found on the crawled pages. Needs a human check of the website or a call before outreach.,,,,,,,golfkinsale.com,,,,,,,,,0,"Court sports and paid access found, but indoor/outdoor not stated. OH location evidence: address. No decision maker found on public pages. No court count stated by a reliable source; left blank. Paid access signals present (membership/rental/program).",https://www.golfkinsale.com/ | https://www.golfkinsale.com/Default.aspx
OH-REVIEW-0058,Lake Erie College,https://www.lec.edu/,Painesville,OH,College / University,basketball,Unclear,Needs Review,Court sport confirmed on the facility site; no explicit indoor or outdoor statement found on the crawled pages. Needs a human check of the website or a call before outreach.,,,,,,,lec.edu,,,,,,,,,104,"Court sports and paid access found, but indoor/outdoor not stated. OH location evidence: address. No decision maker found on public pages. No court count stated by a reliable source; left blank. Paid access signals present (membership/rental/program).",https://www.lec.edu/ | https://www.lec.edu/about-lake-erie-college | https://www.lec.edu/faculty-directory | https://www.lec.edu/pa | https://www.lec.edu/partnerprograms | https://www.lec.edu/honors-program | https://www.lec.edu/career-and-professional-advancement-programs
OH-REVIEW-0059,Layne Volleyball,https://www.laynevolleyballclub.com/,Grafton,OH,School,volleyball,Unclear,Needs Review,Court sport confirmed on the facility site; no explicit indoor or outdoor statement found on the crawled pages. Needs a human check of the website or a call before outreach.,,,,,,,laynevolleyballclub.com,,,,,,,,,1,"Court sports and paid access found, but indoor/outdoor not stated. OH location evidence: address. No decision maker found on public pages. No court count stated by a reliable source; left blank. Paid access signals present (membership/rental/program).",https://www.laynevolleyballclub.com/ | https://www.laynevolleyballclub.com/about-5 | https://www.laynevolleyballclub.com/coaches-1 | https://www.laynevolleyballclub.com/about-3
OH-REVIEW-0060,Licking Heights Local School District,https://www.lhschools.org/,Pataskala,OH,School,volleyball,Unclear,Needs Review,Court sport confirmed on the facility site; no explicit indoor or outdoor statement found on the crawled pages. Needs a human check of the website or a call before outreach.,,,,,,,lhschools.org,,,,,,,,,3,"Court sports and paid access found, but indoor/outdoor not stated. OH location evidence: address. No decision maker found on public pages. No court count stated by a reliable source; left blank. Paid access signals present (membership/rental/program).",https://www.lhschools.org/ | https://www.lhschools.org/AboutUs.aspx | https://www.lhschools.org/Facilities.aspx | https://www.lhschools.org/protected/GeneralError.aspx?aspxerrorpath=/protected/ArticleView.aspx | https://www.lhschools.org/Staff.aspx
OH-REVIEW-0061,Login,https://columbuscc.clubhouseonline-e3.com/,Columbus,OH,Country Club,tennis,Unclear,Needs Review,Court sport confirmed on the facility site; no explicit indoor or outdoor statement found on the crawled pages. Needs a human check of the website or a call before outreach.,,,,,,,columbuscc.clubhouseonline-e3.com,,,,,,,,,1,"Court sports and paid access found, but indoor/outdoor not stated. OH location evidence: address. No decision maker found on public pages. No court count stated by a reliable source; left blank. Paid access signals present (membership/rental/program). Third-party email removed (not on facility domain).",https://columbuscc.clubhouseonline-e3.com/
OH-REVIEW-0062,"M14Hoops - Mason, OH",https://mason.m14hoops.com/,,OH,College / University,basketball,Unclear,Needs Review,Court sport confirmed on the facility site; no explicit indoor or outdoor statement found on the crawled pages. Needs a human check of the website or a call before outreach.,4,"under Nick Daniels. Facilities: Opened our first Aurora facility in 2018 (39,200 sq. ft., 4 courts). Expanded less than a year later to 53,000 sq. ft. with 6 courts. Growth: M14 Chicagolan",,,,,m14hoops.com,masoninfo@m14hoops.com,,,,,,,,1,"Court sports and paid access found, but indoor/outdoor not stated. OH location evidence: phone. No decision maker found on public pages. Paid access signals present (membership/rental/program).",https://mason.m14hoops.com/ | https://mason.m14hoops.com/about/ | https://mason.m14hoops.com/about/a-message-from-founder/ | https://mason.m14hoops.com/about/m14-staff/ | https://mason.m14hoops.com/about/parent-testimonials/ | https://mason.m14hoops.com/about/documentary/
OH-REVIEW-0063,Marshfield Clinic Health System YMCA,https://mfldymca.org/,,OH,YMCA / JCC,tennis; basketball; volleyball; squash; racquetball; handball,Unclear,Needs Review,Court sport confirmed on the facility site; no explicit indoor or outdoor statement found on the crawled pages. Needs a human check of the website or a call before outreach.,,,John,Nystrom,John Nystrom,President,mfldymca.org,,,john@mfldymca.org,john.nystrom@mfldymca.org,johnnystrom@mfldymca.org,jnystrom@mfldymca.org,j.nystrom@mfldymca.org,johnn@mfldymca.org,15,"Court sports and paid access found, but indoor/outdoor not stated. OH location evidence: address. No court count stated by a reliable source; left blank. Paid access signals present (membership/rental/program). Guessed emails are UNVERIFIED pattern permutations - not published addresses.",https://mfldymca.org/ | http://mfldymca.org/about_us/ | https://mfldymca.org/about_us/history.php | https://mfldymca.org/about_us/history_national.php | https://mfldymca.org/about_us/message_ceo.php | https://mfldymca.org/about_us/in_the_news.php | https://mfldymca.org/about_us/annual_report.php
OH-REVIEW-0064,Mentor Public Schools,https://www.mentorschools.net/,Mentor,OH,School,tennis; basketball,Unclear,Needs Review,Court sport confirmed on the facility site; no explicit indoor or outdoor statement found on the crawled pages. Needs a human check of the website or a call before outreach.,,,,,,,mentorschools.net,,,,,,,,,0,"Court sports and paid access found, but indoor/outdoor not stated. OH location evidence: address. No decision maker found on public pages. No court count stated by a reliable source; left blank. Paid access signals present (membership/rental/program).",https://www.mentorschools.net/ | https://www.mentorschools.net/apps/staff/ | https://www.mentorschools.net/apps/contact/
OH-REVIEW-0065,Mid Ohio Volleyball Academy,https://www.midohiovolleyballacademy.com/,Mount Gilead,OH,School,basketball; volleyball,Unclear,Needs Review,Court sport confirmed on the facility site; no explicit indoor or outdoor statement found on the crawled pages. Needs a human check of the website or a call before outreach.,3,"id Ohio Volleyball Academy Our Facilities - Mid Ohio Volleyball Academy This facility has three volleyball courts, a batting cage and portable basketball hoops. This facility can be rented for birthday p",,,,,midohiovolleyballacademy.com,midohiovolleyballacademy@gmail.com,,,,,,,,1,"Court sports and paid access found, but indoor/outdoor not stated. OH location evidence: address. No decision maker found on public pages. Paid access signals present (membership/rental/program).",https://www.midohiovolleyballacademy.com/ | https://www.midohiovolleyballacademy.com/aboutus
OH-REVIEW-0066,Mojo USA,https://mojo-usa.com/,Chillicothe,OH,Unknown,basketball; volleyball,Unclear,Needs Review,Court sport confirmed on the facility site; no explicit indoor or outdoor statement found on the crawled pages. Needs a human check of the website or a call before outreach.,,,,,,,mojo-usa.com,,,,,,,,,2,"Court sports and paid access found, but indoor/outdoor not stated. OH location evidence: address. No decision maker found on public pages. No court count stated by a reliable source; left blank. Paid access signals present (membership/rental/program).",https://mojo-usa.com/ | https://mojo-usa.com/pages/about-us/ | https://mojo-usa.com/pages/contact-us/ | https://mojo-usa.com/find-your-teams-apparel/ | https://mojo-usa.com/product/temp-tshirt-program/
OH-REVIEW-0067,My Site,https://www.ohiobasketballtraining.com/,,OH,Unknown,basketball,Unclear,Needs Review,Court sport confirmed on the facility site; no explicit indoor or outdoor statement found on the crawled pages. Needs a human check of the website or a call before outreach.,,,,,,,ohiobasketballtraining.com,ohiobasketballtraining@gmail.com,,,,,,,,1,"Court sports and paid access found, but indoor/outdoor not stated. OH location evidence: phone. No decision maker found on public pages. No court count stated by a reliable source; left blank. Paid access signals present (membership/rental/program).",https://www.ohiobasketballtraining.com/
OH-REVIEW-0068,mysite,https://www.roguevolley.com/,Columbus,OH,College / University,volleyball,Unclear,Needs Review,Court sport confirmed on the facility site; no explicit indoor or outdoor statement found on the crawled pages. Needs a human check of the website or a call before outreach.,4,"cility Rogue Volleyball operates its own facility in Gahanna. This expansive venue boasts four courts, offering our members year-round training opportunities. With this facility, Rogue can ta",Teri,Moll,Teri Moll,Director of Operations,roguevolley.com,,,teri@roguevolley.com,teri.moll@roguevolley.com,terimoll@roguevolley.com,tmoll@roguevolley.com,t.moll@roguevolley.com,terim@roguevolley.com,12,"Court sports and paid access found, but indoor/outdoor not stated. OH location evidence: address. Paid access signals present (membership/rental/program). Guessed emails are UNVERIFIED pattern permutations - not published addresses.",https://www.roguevolley.com/ | https://www.roguevolley.com/about-us | https://www.roguevolley.com/staff | https://www.roguevolley.com/contact-us
OH-REVIEW-0069,NBC Sports,https://www.nbcsports.com/,,OH,Unknown,tennis; basketball,Unclear,Needs Review,Court sport confirmed on the facility site; no explicit indoor or outdoor statement found on the crawled pages. Needs a human check of the website or a call before outreach.,,,Outside,Linebacker,Outside Linebacker,Owner,nbcsports.com,,,outside@nbcsports.com,outside.linebacker@nbcsports.com,outsidelinebacker@nbcsports.com,olinebacker@nbcsports.com,o.linebacker@nbcsports.com,outsidel@nbcsports.com,1,"Court sports and paid access found, but indoor/outdoor not stated. OH location evidence: mention. No court count stated by a reliable source; left blank. Paid access signals present (membership/rental/program). Guessed emails are UNVERIFIED pattern permutations - not published addresses.",https://www.nbcsports.com/ | https://www.nbcsports.com/fantasy/football/player-news/2026-08-14/bucs-very-optimistic-about-egbuka-toe-for-week-1 | https://www.nbcsports.com/rotoworld-bet-staff | https://www.nbcsports.com/rotoworld-staff
OH-REVIEW-0070,Near West Recreation,https://nearwestrecreation.teamsnapsites.com/,Cleveland,OH,Unknown,tennis; basketball; volleyball; squash,Unclear,Needs Review,Court sport confirmed on the facility site; no explicit indoor or outdoor statement found on the crawled pages. Needs a human check of the website or a call before outreach.,,,,,,,nearwestrecreation.teamsnapsites.com,,,,,,,,,0,"Court sports and paid access found, but indoor/outdoor not stated. OH location evidence: address. No decision maker found on public pages. No court count stated by a reliable source; left blank. Paid access signals present (membership/rental/program).",https://nearwestrecreation.teamsnapsites.com/ | https://nearwestrecreation.teamsnapsites.com/sports/otherprograms/ | https://nearwestrecreation.teamsnapsites.com/about-us/ | https://nearwestrecreation.teamsnapsites.com/about-us/staff/ | https://nearwestrecreation.teamsnapsites.com/about-us/locations/ | https://nearwestrecreation.teamsnapsites.com/about-us/contact-us/
OH-REVIEW-0071,New Albany Links Golf Club,https://www.newalbanylinks.com/,New Albany,OH,Private Club,pickleball; tennis,Unclear,Needs Review,Court sport confirmed on the facility site; no explicit indoor or outdoor statement found on the crawled pages. Needs a human check of the website or a call before outreach.,,,Luke,Bowersock,Luke Bowersock,General Manager,newalbanylinks.com,,,luke@newalbanylinks.com,luke.bowersock@newalbanylinks.com,lukebowersock@newalbanylinks.com,lbowersock@newalbanylinks.com,l.bowersock@newalbanylinks.com,lukeb@newalbanylinks.com,0,"Court sports and paid access found, but indoor/outdoor not stated. OH location evidence: address. No court count stated by a reliable source; left blank. Paid access signals present (membership/rental/program). Guessed emails are UNVERIFIED pattern permutations - not published addresses.",https://www.newalbanylinks.com/ | https://www.newalbanylinks.com/social-membership/ | https://www.newalbanylinks.com/private-lessons-programs-2/ | https://www.newalbanylinks.com/junior-programming/ | https://www.newalbanylinks.com/contact-us/ | https://www.newalbanylinks.com/staff-directory/
OH-REVIEW-0072,New Baltimore Commun,https://www.newbaltimorecc.org/,Alliance,OH,Country Club,basketball; volleyball,Unclear,Needs Review,Court sport confirmed on the facility site; no explicit indoor or outdoor statement found on the crawled pages. Needs a human check of the website or a call before outreach.,,,,,,,newbaltimorecc.org,newbaltimorechurch@gmail.com,,,,,,,,1,"Court sports and paid access found, but indoor/outdoor not stated. OH location evidence: address. No decision maker found on public pages. No court count stated by a reliable source; left blank. Paid access signals present (membership/rental/program).",https://www.newbaltimorecc.org/ | https://www.newbaltimorecc.org/who-we-are
OH-REVIEW-0073,"New London High School (New London, OH) Athletics",https://www.nlathletics.net/,New London,OH,School,basketball; volleyball,Unclear,Needs Review,Court sport confirmed on the facility site; no explicit indoor or outdoor statement found on the crawled pages. Needs a human check of the website or a call before outreach.,,,Tom,Howell,Tom Howell,Athletic Director,newlondon.k12.oh.us,thowell@newlondon.k12.oh.us,,,,,,,,31,"Court sports and paid access found, but indoor/outdoor not stated. OH location evidence: address. No court count stated by a reliable source; left blank. Paid access signals present (membership/rental/program).",https://www.nlathletics.net/ | https://www.nlathletics.net/directory | https://www.nlathletics.net/facilities
OH-REVIEW-0074,Next Volleyball,https://nextvolleyball.com/,,OH,College / University,volleyball,Unclear,Needs Review,Court sport confirmed on the facility site; no explicit indoor or outdoor statement found on the crawled pages. Needs a human check of the website or a call before outreach.,,,,,,,nextvolleyball.com,,info@nextvolleyball.com,,,,,,,3,"Court sports and paid access found, but indoor/outdoor not stated. OH location evidence: phone. No decision maker found on public pages. No court count stated by a reliable source; left blank. Paid access signals present (membership/rental/program).",https://nextvolleyball.com/ | https://nextvolleyball.com/about-next/ | https://nextvolleyball.com/contact/
OH-REVIEW-0075,Next Volleyball Club,https://www.nextvolleyballclub.com/,Sunbury,OH,Private Club,volleyball,Unclear,Needs Review,Court sport confirmed on the facility site; no explicit indoor or outdoor statement found on the crawled pages. Needs a human check of the website or a call before outreach.,,,,,,,nextvolleyballclub.com,,,,,,,,,0,"Court sports found, but indoor/outdoor not stated. OH location evidence: address. No decision maker found on public pages. No court count stated by a reliable source; left blank.",https://www.nextvolleyballclub.com/ | https://www.nextvolleyballclub.com/page/show/7559945-home-for-our-teams-during-the-2024-25-season | https://www.nextvolleyballclub.com/aboutus
OH-REVIEW-0076,"Nonprofit Organizations, 501c3 Lookup, and Form 990 Search",https://www.taxexemptworld.com/,,OH,Unknown,tennis; basketball; futsal,Unclear,Needs Review,Court sport confirmed on the facility site; no explicit indoor or outdoor statement found on the crawled pages. Needs a human check of the website or a call before outreach.,,,,,,,taxexemptworld.com,,,,,,,,,0,"Court sports and paid access found, but indoor/outdoor not stated. OH location evidence: mention. No decision maker found on public pages. No court count stated by a reliable source; left blank. Paid access signals present (membership/rental/program).",https://www.taxexemptworld.com/ | https://www.taxexemptworld.com/about.asp | https://www.taxexemptworld.com/contact.asp | https://www.taxexemptworld.com/directory/sports-non-profit-organizations.asp | https://www.taxexemptworld.com/non-profit-organization-directory-by-county.asp | https://www.taxexemptworld.com/non-profit-organization-directory-by-zip-code.asp
OH-REVIEW-0077,NORTHEAST OHIO YOUTH ELITE,https://www.neoyouthelite.com/,Cleveland,OH,College / University,basketball,Unclear,Needs Review,Court sport confirmed on the facility site; no explicit indoor or outdoor statement found on the crawled pages. Needs a human check of the website or a call before outreach.,,,,,,,neoyouthelite.com,neoyouthelite@gmail.com,,,,,,,,1,"Court sports and paid access found, but indoor/outdoor not stated. OH location evidence: address. No decision maker found on public pages. No court count stated by a reliable source; left blank. Paid access signals present (membership/rental/program).",https://www.neoyouthelite.com/ | https://www.neoyouthelite.com/about.html | https://www.neoyouthelite.com/contact-us.html
OH-REVIEW-0078,Northern Kentucky University Athletics,https://nkunorse.com/,Dayton,OH,College / University,tennis; basketball; volleyball,Unclear,Needs Review,Court sport confirmed on the facility site; no explicit indoor or outdoor statement found on the crawled pages. Needs a human check of the website or a call before outreach.,,,,,,,nkunorse.com,,,,,,,,,0,"Court sports and paid access found, but indoor/outdoor not stated. OH location evidence: address. No decision maker found on public pages. No court count stated by a reliable source; left blank. Paid access signals present (membership/rental/program).",https://nkunorse.com/ | https://nkunorse.com/sports/2025/10/27/nku-athletics-mobile-ticket-access-transfer-guide.aspx | https://nkunorse.com/staff-directory | https://nkunorse.com/facilities | https://nkunorse.com/sports/2014/11/5/AthleticCommunications.aspx
OH-REVIEW-0079,NorthStar Golf Club,https://thenorthstargolfclub.com/,Sunbury,OH,School,pickleball; tennis,Unclear,Needs Review,Court sport confirmed on the facility site; no explicit indoor or outdoor statement found on the crawled pages. Needs a human check of the website or a call before outreach.,,,Lauren,Prochaska,Lauren Prochaska,General Manager,thenorthstargolfclub.com,lauren@thenorthstargolfclub.com,info@thenorthstargolfclub.com,,,,,,,17,"Court sports and paid access found, but indoor/outdoor not stated. OH location evidence: address. No court count stated by a reliable source; left blank. Paid access signals present (membership/rental/program).",https://thenorthstargolfclub.com/ | https://thenorthstargolfclub.com/course-details/ | https://thenorthstargolfclub.com/contact/ | https://thenorthstargolfclub.com/premier-columbus-golf-membership/
OH-REVIEW-0080,Northwest Swim Club,https://nwswimclub.org/,Columbus,OH,Private Club,tennis,Unclear,Needs Review,Court sport confirmed on the facility site; no explicit indoor or outdoor statement found on the crawled pages. Needs a human check of the website or a call before outreach.,,,Alicia,McAuliffe,Alicia McAuliffe,President,nwswimclub.org,,,alicia@nwswimclub.org,alicia.mcauliffe@nwswimclub.org,aliciamcauliffe@nwswimclub.org,amcauliffe@nwswimclub.org,a.mcauliffe@nwswimclub.org,aliciam@nwswimclub.org,1,"Court sports and paid access found, but indoor/outdoor not stated. OH location evidence: address. No court count stated by a reliable source; left blank. Paid access signals present (membership/rental/program). Guessed emails are UNVERIFIED pattern permutations - not published addresses.",https://nwswimclub.org/ | https://nwswimclub.org/membership-info-16/ | https://nwswimclub.org/about-us-16/ | https://nwswimclub.org/board-meetings-2414/ | https://nwswimclub.org/contact/ | https://nwswimclub.org/shop/
OH-REVIEW-0081,Ohio Soccer Association,https://ohio-soccer.org/,Brunswick,OH,School,futsal,Unclear,Needs Review,Court sport confirmed on the facility site; no explicit indoor or outdoor statement found on the crawled pages. Needs a human check of the website or a call before outreach.,,,,,,,ohio-soccer.org,tturner@ohio-soccer.org,office@ohio-soccer.org,,,,,,,2,"Court sports and paid access found, but indoor/outdoor not stated. OH location evidence: address. No decision maker found on public pages. No court count stated by a reliable source; left blank. Paid access signals present (membership/rental/program).",https://ohio-soccer.org/ | https://ohio-soccer.org/contact/ | https://ohio-soccer.org/about/ | https://ohio-soccer.org/admin/grassroots-administration/host-a-coaching-course/ | https://ohio-soccer.org/admin/programs/ | https://ohio-soccer.org/admin/competitive-administration/ | https://ohio-soccer.org/admin/grassroots-administration/
OH-REVIEW-0082,Ohio Valley Volleyball Company,https://www.ohiovalleyvolleyballco.com/,,OH,College / University,volleyball,Unclear,Needs Review,Court sport confirmed on the facility site; no explicit indoor or outdoor statement found on the crawled pages. Needs a human check of the website or a call before outreach.,,,Rosemary,Williams,Rosemary Williams,Club Director,ohiovalleyvolleyballco.com,rosemarysusanwilliams@gmail.com,,,,,,,,52,"Court sports and paid access found, but indoor/outdoor not stated. OH location evidence: phone. No court count stated by a reliable source; left blank. Paid access signals present (membership/rental/program).",https://www.ohiovalleyvolleyballco.com/ | https://www.ohiovalleyvolleyballco.com/custom_pages/112956/ovvc-practice-facili | https://www.ohiovalleyvolleyballco.com/custom_pages/4242/payments | https://www.ohiovalleyvolleyballco.com/custom_pages/146840/north-program | https://www.ohiovalleyvolleyballco.com/staff_pages/25163/riley-schenk-staff | https://www.ohiovalleyvolleyballco.com/staff_pages/27416/coaching-staff
OH-REVIEW-0083,OHSAA,https://www.ohsaa.org/,Columbus,OH,School,tennis; basketball; volleyball,Unclear,Needs Review,Court sport confirmed on the facility site; no explicit indoor or outdoor statement found on the crawled pages. Needs a human check of the website or a call before outreach.,,,,,,,ohsaa.org,,,,,,,,,6,"Court sports and paid access found, but indoor/outdoor not stated. OH location evidence: address. No decision maker found on public pages. No court count stated by a reliable source; left blank. Paid access signals present (membership/rental/program).",https://www.ohsaa.org/ | https://www.ohsaa.org/AboutOHSAA | https://www.ohsaa.org/Contact-Us | https://www.ohsaa.org/AED | https://www.ohsaa.org/Officiating/Staff | https://www.ohsaa.org/about/BOD | https://www.ohsaa.org/AboutOHSAA/CircleOfChampions
OH-REVIEW-0084,OPVC,https://www.ohiopremiervc.com/,Cincinnati,OH,College / University,volleyball,Unclear,Needs Review,Court sport confirmed on the facility site; no explicit indoor or outdoor statement found on the crawled pages. Needs a human check of the website or a call before outreach.,8,"ollege More OUR FACILITY PROUD TO CALL RGSA HOME! 54,000 square foot facility, enough for 8 volleyball courts. Air conditioned for comfortable activity summer through winter. Retractable ceiling curt",Ginger,Hineline,Ginger Hineline,Founder,ohiopremiervc.com,ginger@ohiopremiervc.com,,,,,,,,2,"Court sports and paid access found, but indoor/outdoor not stated. OH location evidence: address. Paid access signals present (membership/rental/program).",https://www.ohiopremiervc.com/ | https://www.ohiopremiervc.com/boys-pretryout-programs | https://www.ohiopremiervc.com/facility
OH-REVIEW-0085,Padua Franciscan,https://www.paduafranciscan.com/,Parma,OH,College / University,tennis; basketball; volleyball,Unclear,Needs Review,Court sport confirmed on the facility site; no explicit indoor or outdoor statement found on the crawled pages. Needs a human check of the website or a call before outreach.,,,,,,,paduafranciscan.com,,,,,,,,,14,"Court sports and paid access found, but indoor/outdoor not stated. OH location evidence: address. No decision maker found on public pages. No court count stated by a reliable source; left blank. Paid access signals present (membership/rental/program).",https://www.paduafranciscan.com/ | https://www.paduafranciscan.com/athletics | https://www.paduafranciscan.com/about/welcome-to-padua | https://www.paduafranciscan.com/about/inside-padua/overview | https://www.paduafranciscan.com/admissions/international-amp-foreign-exchange-program | https://www.paduafranciscan.com/academics/academic-programs | https://www.paduafranciscan.com/faith-spirituality/campus-ministry-program
OH-REVIEW-0086,Painesville Township,https://painesvilletwp.com/,Painesville Twp,OH,Unknown,pickleball,Unclear,Needs Review,Court sport confirmed on the facility site; no explicit indoor or outdoor statement found on the crawled pages. Needs a human check of the website or a call before outreach.,2,"one: (440) 352-1443; Fax: (440) ... Jun 6, 2013 · Pickleball Painesville Township now has two pickleball courts located at Clyde C. Hadden Park. Clyde C. Hadden Park is located at 105 Everett Road 2026",,,,,painesvilletwp.com,,,,,,,,,15,"Court sports and paid access found, but indoor/outdoor not stated. OH location evidence: address. No decision maker found on public pages. Paid access signals present (membership/rental/program).",https://painesvilletwp.com/ | https://painesvilletwp.com/contact-the-fire-department/ | https://painesvilletwp.com/juvenile-fire-setter-program/ | https://painesvilletwp.com/smoke-detector-program/ | https://painesvilletwp.com/about/ | https://painesvilletwp.com/About/ | https://painesvilletwp.com/hometown-heroes-banner-program/
OH-REVIEW-0087,Parma City School District,https://www.parmacityschools.org/,,OH,College / University,tennis; basketball; volleyball,Unclear,Needs Review,Court sport confirmed on the facility site; no explicit indoor or outdoor statement found on the crawled pages. Needs a human check of the website or a call before outreach.,,,Chris,Medaglia,Chris Medaglia,Athletic Director,parmacityschools.org,medagliac@parmacityschools.org,,,,,,,,17,"Court sports and paid access found, but indoor/outdoor not stated. OH location evidence: phone. No court count stated by a reliable source; left blank. Paid access signals present (membership/rental/program).",https://www.parmacityschools.org/ | https://www.parmacityschools.org/our-district/community-information/for-the-community | https://www.parmacityschools.org/our-district/departments/athletics | https://www.parmacityschools.org/our-district/departments/athletics/high-school-athletic-schedules-and-sites | https://www.parmacityschools.org/our-district/departments/athletics/middle-school-athletics | https://www.parmacityschools.org/our-district/departments/athletics/athletic-eligibility-general | https://www.parmacityschools.org/our-district/departments/athletics/ticket-prices
OH-REVIEW-0088,Pathway Church Strongsville Ohio,https://www.onthepathway.org/,Strongsville,OH,School,basketball; volleyball,Unclear,Needs Review,Court sport confirmed on the facility site; no explicit indoor or outdoor statement found on the crawled pages. Needs a human check of the website or a call before outreach.,,,,,,,onthepathway.org,,info@onthepathway.org,,,,,,,1,"Court sports and paid access found, but indoor/outdoor not stated. OH location evidence: address. No decision maker found on public pages. No court count stated by a reliable source; left blank. Paid access signals present (membership/rental/program).",https://www.onthepathway.org/ | https://www.onthepathway.org/about-us | https://www.onthepathway.org/staff-leaders | https://www.onthepathway.org/rentals
OH-REVIEW-0089,"Perry High School (Perry, OH) Athletics",https://www.perrypirates.com/,Perry,OH,School,tennis; basketball; volleyball,Unclear,Needs Review,Court sport confirmed on the facility site; no explicit indoor or outdoor statement found on the crawled pages. Needs a human check of the website or a call before outreach.,,,,,,,perrypirates.com,,,,,,,,,0,"Court sports found, but indoor/outdoor not stated. OH location evidence: address. No decision maker found on public pages. No court count stated by a reliable source; left blank.",https://www.perrypirates.com/ | https://www.perrypirates.com/facilities
OH-REVIEW-0090,Perry Local Schools,https://perry-lake.org/,Perry,OH,School,tennis; basketball; volleyball,Unclear,Needs Review,Court sport confirmed on the facility site; no explicit indoor or outdoor statement found on the crawled pages. Needs a human check of the website or a call before outreach.,,,,,,,perry-lake.org,,,,,,,,,250,"Court sports and paid access found, but indoor/outdoor not stated. OH location evidence: address. No decision maker found on public pages. No court count stated by a reliable source; left blank. Paid access signals present (membership/rental/program).",https://perry-lake.org/ | https://perry-lake.org/about-home | https://www.perrypirates.com/ | https://perry-lake.org/who-we-are | https://perry-lake.org/directory | https://perry-lake.org/facilitiespac-home | https://perry-lake.org/contact-us
OH-REVIEW-0091,Phoenix Volleyball Club,https://phoenixvb.sportngin.com/,Copley,OH,School,volleyball,Unclear,Needs Review,Court sport confirmed on the facility site; no explicit indoor or outdoor statement found on the crawled pages. Needs a human check of the website or a call before outreach.,,,,,,,phoenixvb.sportngin.com,,,,,,,,,0,"Court sports and paid access found, but indoor/outdoor not stated. OH location evidence: address. No decision maker found on public pages. No court count stated by a reliable source; left blank. Paid access signals present (membership/rental/program).",https://phoenixvb.sportngin.com/ | https://phoenixvb.sportngin.com/aboutus | https://phoenixvb.sportngin.com/page/show/8026633-boys-program | https://phoenixvb.sportngin.com/page/show/8026641-girls-program | https://phoenixvb.sportngin.com/leadership
OH-REVIEW-0092,Pickerington Area Soccer Association,https://pasasoccer.org/,,OH,School,tennis,Unclear,Needs Review,Court sport confirmed on the facility site; no explicit indoor or outdoor statement found on the crawled pages. Needs a human check of the website or a call before outreach.,,,,,,,pasasoccer.org,,,,,,,,,0,"Court sports and paid access found, but indoor/outdoor not stated. OH location evidence: mention. No decision maker found on public pages. No court count stated by a reliable source; left blank. Paid access signals present (membership/rental/program).",https://pasasoccer.org/ | https://pasasoccer.org/our-programs | https://pasasoccer.org/our-programs/u4-division | https://pasasoccer.org/our-programs/u6-division | https://pasasoccer.org/our-programs/u8-division | https://pasasoccer.org/our-programs/u10-division | https://pasasoccer.org/our-programs/u12-division
OH-REVIEW-0093,Platform Tennis,https://platformtenniszone.com/,Columbus,OH,Racquet / Tennis Club,pickleball; tennis,Unclear,Needs Review,Court sport confirmed on the facility site; no explicit indoor or outdoor statement found on the crawled pages. Needs a human check of the website or a call before outreach.,2,eed The Lakes' total on Court 2 to win the title. Both the 3.0 and 3.5 Leagues field just two courts. The 3.0 League is new this year and Swim & Racquet-MP won the first 3.0 title. S&R hoste,,,,,platformtenniszone.com,,,,,,,,,3,"Court sports and paid access found, but indoor/outdoor not stated. OH location evidence: address. No decision maker found on public pages. Paid access signals present (membership/rental/program).",https://platformtenniszone.com/ | https://platformtenniszone.com/pt_playerlist.php | https://platformtenniszone.com/pt_reserve.php | https://platformtenniszone.com/images_pt/supporting/scc_new_facility_20191130.jpg | https://platformtenniszone.com/pt_leagueinfo.php
OH-REVIEW-0094,Play It Again Sports,https://playitagainsports.com/,,OH,Unknown,pickleball; tennis; basketball; squash,Unclear,Needs Review,Court sport confirmed on the facility site; no explicit indoor or outdoor statement found on the crawled pages. Needs a human check of the website or a call before outreach.,,,,,,,playitagainsports.com,pias-corporate-operations@playitagainsports.com,,,,,,,,1,"Court sports and paid access found, but indoor/outdoor not stated. OH location evidence: mention. No decision maker found on public pages. No court count stated by a reliable source; left blank. Paid access signals present (membership/rental/program).",https://playitagainsports.com/ | https://playitagainsports.com/about | https://playitagainsports.com/contact-us/
OH-REVIEW-0095,PRIDE Soccer Club,https://pridesoccerclub.com/,Canal Winchester,OH,College / University,basketball; volleyball; futsal,Unclear,Needs Review,Court sport confirmed on the facility site; no explicit indoor or outdoor statement found on the crawled pages. Needs a human check of the website or a call before outreach.,,,Jeff,Krigbaum,Jeff Krigbaum,Executive Director,pridesoccerclub.com,jeffkrigbaum@pridesoccerclub.com,,,,,,,,8,"Court sports and paid access found, but indoor/outdoor not stated. OH location evidence: address. No court count stated by a reliable source; left blank. Paid access signals present (membership/rental/program).",https://pridesoccerclub.com/ | https://pridesoccerclub.com/about-1 | https://pridesoccerclub.com/about-1/coaching_staff | https://pridesoccerclub.com/about-1/our_club | https://pridesoccerclub.com/about-1/contact
OH-REVIEW-0096,Recplanet.com,https://recplanet.com/,,OH,Unknown,tennis; volleyball,Unclear,Needs Review,Court sport confirmed on the facility site; no explicit indoor or outdoor statement found on the crawled pages. Needs a human check of the website or a call before outreach.,,,,,,,recplanet.com,iceyt1981@gmail.com,,,,,,,,1,"Court sports and paid access found, but indoor/outdoor not stated. OH location evidence: mention. No decision maker found on public pages. No court count stated by a reliable source; left blank. Paid access signals present (membership/rental/program).",https://recplanet.com/ | https://recplanet.com/about-us | https://recplanet.com/ga/jefferson/jackson-county-courthouse-greenspace
OH-REVIEW-0097,Revere Local School District,https://www.revereschools.org/,Richfield,OH,School,tennis; volleyball,Unclear,Needs Review,Court sport confirmed on the facility site; no explicit indoor or outdoor statement found on the crawled pages. Needs a human check of the website or a call before outreach.,,,,,,,revereschools.org,,,,,,,,,0,"Court sports and paid access found, but indoor/outdoor not stated. OH location evidence: address. No decision maker found on public pages. No court count stated by a reliable source; left blank. Paid access signals present (membership/rental/program).",https://www.revereschools.org/ | https://www.revereschools.org/about | https://www.revereschools.org/about/revere-history | https://www.revereschools.org/about/vision-of-a-minuteman | https://www.revereschools.org/about/vision-of-a-minuteman/creates-solutions | https://www.revereschools.org/about/vision-of-a-minuteman/demonstrates-a-learners-mindset | https://www.revereschools.org/about/vision-of-a-minuteman/embodies-confidence-empathy
OH-REVIEW-0098,RockCity Eastside Cleveland Volleyball,https://rockcityvolleyball.com/,Mentor,OH,Private Club,volleyball,Unclear,Needs Review,Court sport confirmed on the facility site; no explicit indoor or outdoor statement found on the crawled pages. Needs a human check of the website or a call before outreach.,,,,,,,rockcityvolleyball.com,,info@rockcityvolleyball.com,,,,,,,1,"Court sports found, but indoor/outdoor not stated. OH location evidence: address. No decision maker found on public pages. No court count stated by a reliable source; left blank.",https://rockcityvolleyball.com/ | https://rockcityvolleyball.com/club/aboutus | https://rockcityvolleyball.com/club/our-staff | https://rockcityvolleyball.com/club/our-facilities | https://rockcityvolleyball.com/club/contact-us
OH-REVIEW-0099,Rocky Fork Hunt and Country Club,https://rockyforkhcc.com/,Gahanna,OH,Country Club,tennis,Unclear,Needs Review,Court sport confirmed on the facility site; no explicit indoor or outdoor statement found on the crawled pages. Needs a human check of the website or a call before outreach.,,,,,,,rockyforkhcc.com,,,,,,,,,0,"Court sports and paid access found, but indoor/outdoor not stated. OH location evidence: address. No decision maker found on public pages. No court count stated by a reliable source; left blank. Paid access signals present (membership/rental/program).",https://rockyforkhcc.com/ | https://rockyforkhcc.com/Guest_Information/About_Us
OH-REVIEW-0100,Rolling Hills Swim and Tennis Club,https://rhstc.com/,Fairfield,OH,Racquet / Tennis Club,pickleball; tennis; volleyball,Unclear,Needs Review,Court sport confirmed on the facility site; no explicit indoor or outdoor statement found on the crawled pages. Needs a human check of the website or a call before outreach.,,,,,,,rhstc.com,,,,,,,,,9,"Court sports and paid access found, but indoor/outdoor not stated. OH location evidence: address. No decision maker found on public pages. No court count stated by a reliable source; left blank. Paid access signals present (membership/rental/program).",https://rhstc.com/ | https://rhstc.com/about/ | https://rhstc.com/membership-with-payment-plans/ | https://rhstc.com/contact/
OH-REVIEW-0101,Roughriders Official Athletic Website,https://www.westjeffersonathletics.com/,West Jefferson,OH,School,volleyball,Unclear,Needs Review,Court sport confirmed on the facility site; no explicit indoor or outdoor statement found on the crawled pages. Needs a human check of the website or a call before outreach.,,,,,,,westjeffersonathletics.com,,,,,,,,,0,"Court sports found, but indoor/outdoor not stated. OH location evidence: address. No decision maker found on public pages. No court count stated by a reliable source; left blank.",https://www.westjeffersonathletics.com/
OH-REVIEW-0102,ryzeathletics,https://www.ryzeathletics.com/,Columbus,OH,Health Club,basketball,Unclear,Needs Review,Court sport confirmed on the facility site; no explicit indoor or outdoor statement found on the crawled pages. Needs a human check of the website or a call before outreach.,,,,,,,ryzeathletics.com,,,,,,,,,7,"Court sports and paid access found, but indoor/outdoor not stated. OH location evidence: address. No decision maker found on public pages. No court count stated by a reliable source; left blank. Paid access signals present (membership/rental/program).",https://www.ryzeathletics.com/ | https://www.ryzeathletics.com/about-us | https://www.ryzeathletics.com/staff | https://www.ryzeathletics.com/basketball-gym-memberships | https://www.ryzeathletics.com/turf-rental | https://www.ryzeathletics.com/contact
OH-REVIEW-0103,Seattle Sports,https://sports.mynorthwest.com/,,OH,School,basketball,Unclear,Needs Review,Court sport confirmed on the facility site; no explicit indoor or outdoor statement found on the crawled pages. Needs a human check of the website or a call before outreach.,,,,,,,mynorthwest.com,feedback@mynorthwest.com,,,,,,,,1,"Court sports and paid access found, but indoor/outdoor not stated. OH location evidence: mention. No decision maker found on public pages. No court count stated by a reliable source; left blank. Paid access signals present (membership/rental/program).",https://sports.mynorthwest.com/ | https://sports.mynorthwest.com/contact-us
OH-REVIEW-0104,Senior Center,https://www.pickeringtonseniorcenter.org/,Pickerington,OH,Unknown,volleyball,Unclear,Needs Review,Court sport confirmed on the facility site; no explicit indoor or outdoor statement found on the crawled pages. Needs a human check of the website or a call before outreach.,,,Bill,Cook,Bill Cook,President,pickeringtonseniorcenter.org,,,bill@pickeringtonseniorcenter.org,bill.cook@pickeringtonseniorcenter.org,billcook@pickeringtonseniorcenter.org,bcook@pickeringtonseniorcenter.org,b.cook@pickeringtonseniorcenter.org,billc@pickeringtonseniorcenter.org,0,"Court sports and paid access found, but indoor/outdoor not stated. OH location evidence: address. No court count stated by a reliable source; left blank. Paid access signals present (membership/rental/program). Guessed emails are UNVERIFIED pattern permutations - not published addresses.",https://www.pickeringtonseniorcenter.org/ | https://www.pickeringtonseniorcenter.org/about-1 | https://www.pickeringtonseniorcenter.org/about-2 | https://www.pickeringtonseniorcenter.org/about-6
OH-REVIEW-0105,SERVE Volleyball,https://www.dg-serve.com/,Garrettsville,OH,Private Club,volleyball,Unclear,Needs Review,Court sport confirmed on the facility site; no explicit indoor or outdoor statement found on the crawled pages. Needs a human check of the website or a call before outreach.,,,,,,,dgvolleyball.com,,info@dgvolleyball.com,,,,,,,1,"Court sports and paid access found, but indoor/outdoor not stated. OH location evidence: address. No decision maker found on public pages. No court count stated by a reliable source; left blank. Paid access signals present (membership/rental/program).",https://www.dg-serve.com/ | https://www.dg-serve.com/coaches | https://www.dg-serve.com/about | https://www.dg-serve.com/contact
OH-REVIEW-0106,Smash Park Entertainment Group,https://smashpark.com/,Westerville,OH,Unknown,pickleball; basketball,Unclear,Needs Review,Court sport confirmed on the facility site; no explicit indoor or outdoor statement found on the crawled pages. Needs a human check of the website or a call before outreach.,,,,,,,smashpark.com,,,,,,,,,0,"Court sports and paid access found, but indoor/outdoor not stated. OH location evidence: address. No decision maker found on public pages. No court count stated by a reliable source; left blank. Paid access signals present (membership/rental/program).",https://smashpark.com/ | https://smashpark.com/contact-us/ | https://smashpark.com/about/
OH-REVIEW-0107,SOAR Fitness Systems,https://soarofcolumbus.com/,Lewis Center,OH,College / University,basketball; volleyball,Unclear,Needs Review,Court sport confirmed on the facility site; no explicit indoor or outdoor statement found on the crawled pages. Needs a human check of the website or a call before outreach.,,,Mike,Kozak,Mike Kozak,Owner,soarofcolumbus.com,mikekozak03@gmail.com,,,,,,,,1,"Court sports and paid access found, but indoor/outdoor not stated. OH location evidence: address. No court count stated by a reliable source; left blank. Paid access signals present (membership/rental/program).",https://soarofcolumbus.com/ | https://soarofcolumbus.com/location.html | https://soarofcolumbus.com/index.html | https://soarofcolumbus.com/staffMikeKozak.html
OH-REVIEW-0108,South Western City Schools,https://www.swcsd.us/,Grove City,OH,College / University,basketball,Unclear,Needs Review,Court sport confirmed on the facility site; no explicit indoor or outdoor statement found on the crawled pages. Needs a human check of the website or a call before outreach.,,,Mandy,Bealer,Mandy Bealer,Executive Director,swcsd.us,,info@swcsd.us,mandy@swcsd.us,mandy.bealer@swcsd.us,mandybealer@swcsd.us,mbealer@swcsd.us,m.bealer@swcsd.us,mandyb@swcsd.us,1,"Court sports and paid access found, but indoor/outdoor not stated. OH location evidence: address. No court count stated by a reliable source; left blank. Paid access signals present (membership/rental/program). Guessed emails are UNVERIFIED pattern permutations - not published addresses.",https://www.swcsd.us/ | https://www.swcsd.us/AboutOurDistrict.aspx | https://www.swcsd.us/Athletics.aspx | https://www.swcsd.us/Before-andAfter-SchoolPrograms.aspx
OH-REVIEW-0109,SpiritVBC,https://www.spiritvbc.com/,Elyria,OH,Private Club,basketball; volleyball,Unclear,Needs Review,Court sport confirmed on the facility site; no explicit indoor or outdoor statement found on the crawled pages. Needs a human check of the website or a call before outreach.,63,Personal Training For questions or to sign up please contact Stephanie Skacan at 330-635-2063 Court Rentals Volleyball Court Rentals $45 per hour/per court. Basketball Court Rentals $55 per,Ryan,Varndell,Ryan Varndell,Owner,spiritvbc.com,ryan.varndell@spiritvbc.com,admin@spiritvbc.com,,,,,,,4,"Court sports and paid access found, but indoor/outdoor not stated. OH location evidence: address. Paid access signals present (membership/rental/program).",https://www.spiritvbc.com/ | https://www.spiritvbc.com/camps | https://www.spiritvbc.com/about-us | https://www.spiritvbc.com/camps-inseason
OH-REVIEW-0110,St. Anthony Of Padua School,https://stanthonyofpaduaschool.org/,Parma,OH,School,basketball,Unclear,Needs Review,Court sport confirmed on the facility site; no explicit indoor or outdoor statement found on the crawled pages. Needs a human check of the website or a call before outreach.,,,,,,,stanthonyofpaduaschool.org,officestanthony@yahoo.com,,,,,,,,1,"Court sports and paid access found, but indoor/outdoor not stated. OH location evidence: address. No decision maker found on public pages. No court count stated by a reliable source; left blank. Paid access signals present (membership/rental/program).",https://stanthonyofpaduaschool.org/
OH-REVIEW-0111,St. Helen Catholic Church,https://www.sthelen.com/,Newbury,OH,School,basketball,Unclear,Needs Review,Court sport confirmed on the facility site; no explicit indoor or outdoor statement found on the crawled pages. Needs a human check of the website or a call before outreach.,,,,,,,sthelen.com,,,,,,,,,15,"Court sports and paid access found, but indoor/outdoor not stated. OH location evidence: address. No decision maker found on public pages. No court count stated by a reliable source; left blank. Paid access signals present (membership/rental/program).",https://www.sthelen.com/ | https://www.sthelen.com/meet-the-parish-staff.html
OH-REVIEW-0112,Step Up Basketball Academy,https://stepupbasketballacademy.com/,,OH,College / University,basketball,Unclear,Needs Review,Court sport confirmed on the facility site; no explicit indoor or outdoor statement found on the crawled pages. Needs a human check of the website or a call before outreach.,,,Cindy,Martin,Cindy Martin,Owner,stepupbasketballacademy.com,,info@stepupbasketballacademy.com,cindy@stepupbasketballacademy.com,cindy.martin@stepupbasketballacademy.com,cindymartin@stepupbasketballacademy.com,cmartin@stepupbasketballacademy.com,c.martin@stepupbasketballacademy.com,cindym@stepupbasketballacademy.com,1,"Court sports and paid access found, but indoor/outdoor not stated. OH location evidence: mention. No court count stated by a reliable source; left blank. Paid access signals present (membership/rental/program). Guessed emails are UNVERIFIED pattern permutations - not published addresses.",https://stepupbasketballacademy.com/ | https://stepupbasketballacademy.com/coaching-staff | https://stepupbasketballacademy.com/contact | https://stepupbasketballacademy.com/register
OH-REVIEW-0113,Student Activities,https://activities.osu.edu/,Columbus,OH,College / University,squash,Unclear,Needs Review,Court sport confirmed on the facility site; no explicit indoor or outdoor statement found on the crawled pages. Needs a human check of the website or a call before outreach.,,,,,,,activities.osu.edu,,,,,,,,,3,"Court sports and paid access found, but indoor/outdoor not stated. OH location evidence: address. No decision maker found on public pages. No court count stated by a reliable source; left blank. Paid access signals present (membership/rental/program).",https://activities.osu.edu/ | https://activities.osu.edu/about | https://activities.osu.edu/about/mission-and-vision | https://activities.osu.edu/about/student-activity-fee | https://activities.osu.edu/about/staff | https://activities.osu.edu/about/student-employment | https://activities.osu.edu/involvement/student-organizations/kbkcenter
OH-REVIEW-0114,"Sunbury, OH",https://sunburyohio.org/,Sunbury,OH,Unknown,basketball,Unclear,Needs Review,Court sport confirmed on the facility site; no explicit indoor or outdoor statement found on the crawled pages. Needs a human check of the website or a call before outreach.,,,,,,,sunburyohio.org,,,,,,,,,30,"Court sports and paid access found, but indoor/outdoor not stated. OH location evidence: address. No decision maker found on public pages. No court count stated by a reliable source; left blank. Paid access signals present (membership/rental/program).",https://sunburyohio.org/ | https://sunburyohio.org/31/About-Sunbury | https://sunburyohio.org/m/directory
OH-REVIEW-0115,Sunrise Courts,https://sunrise-courts.com/,,OH,Unknown,squash; racquetball,Unclear,Needs Review,Court sport confirmed on the facility site; no explicit indoor or outdoor statement found on the crawled pages. Needs a human check of the website or a call before outreach.,30,"es Barre, PA. He loves the fine details of installing a court and has worked on more than 30 squash courts since then. ZACH GRANGER Shop Manager Zach has been working with Jordan for six years now",Jordan,Aldrich,Jordan Aldrich,Founder,sunrisecreations.net,,info@sunrisecreations.net,jordan@sunrisecreations.net,jordan.aldrich@sunrisecreations.net,jordanaldrich@sunrisecreations.net,jaldrich@sunrisecreations.net,j.aldrich@sunrisecreations.net,jordana@sunrisecreations.net,1,"Court sports and paid access found, but indoor/outdoor not stated. OH location evidence: mention. Paid access signals present (membership/rental/program). Guessed emails are UNVERIFIED pattern permutations - not published addresses.",https://sunrise-courts.com/ | https://sunrise-courts.com/about | https://sunrise-courts.com/contact | https://sunrise-courts.com/products-and-services
OH-REVIEW-0116,Sunshine Communities,https://www.sunshine.org/,Maumee,OH,Health Club,basketball,Unclear,Needs Review,Court sport confirmed on the facility site; no explicit indoor or outdoor statement found on the crawled pages. Needs a human check of the website or a call before outreach.,,,Toledo,District,Toledo District,President,sunshine.org,,info@sunshine.org,toledo@sunshine.org,toledo.district@sunshine.org,toledodistrict@sunshine.org,tdistrict@sunshine.org,t.district@sunshine.org,toledod@sunshine.org,1,"Court sports and paid access found, but indoor/outdoor not stated. OH location evidence: address. No court count stated by a reliable source; left blank. Paid access signals present (membership/rental/program). Guessed emails are UNVERIFIED pattern permutations - not published addresses.",https://www.sunshine.org/ | https://www.sunshine.org/about-us | https://www.sunshine.org/leadership | https://www.sunshine.org/services/ventilator-program | https://www.sunshine.org/contact-us
OH-REVIEW-0117,Swim and Racquet,https://swimandracquet.com/,Upper Arlington,OH,Racquet / Tennis Club,pickleball; tennis,Unclear,Needs Review,Court sport confirmed on the facility site; no explicit indoor or outdoor statement found on the crawled pages. Needs a human check of the website or a call before outreach.,6,swimming pool with 13′ dive bay Safe children’s pool 10 clay and 3 hard tennis courts and 6 pickleball courts Tennis leagues and clinics available for all skill levels 2 heated platform tennis courts,,,,,swimandracquet.com,gm@swimandracquet.com,office@swimandracquet.com,,,,,,,2,"Court sports and paid access found, but indoor/outdoor not stated. OH location evidence: address. No decision maker found on public pages. Paid access signals present (membership/rental/program).",https://swimandracquet.com/ | https://swimandracquet.com/about/ | https://swimandracquet.com/membership/
OH-REVIEW-0118,Swish365,https://swish365.com/,North Canton,OH,Unknown,basketball,Unclear,Needs Review,Court sport confirmed on the facility site; no explicit indoor or outdoor statement found on the crawled pages. Needs a human check of the website or a call before outreach.,7,"faster with consistent, game-speed repetitions. 500+ Shots per session 26+ Shooting zones 7 Courts available 2 Dribbling simulators Explore Our Facilities HOW IT WORKS Get started in three",,,,,swish365.com,,info@swish365.com,,,,,,,6,"Court sports and paid access found, but indoor/outdoor not stated. OH location evidence: address. No decision maker found on public pages. Paid access signals present (membership/rental/program).",https://swish365.com/ | https://swish365.com/memberships | https://swish365.com/about | https://swish365.com/contact | https://swish365.com/locations | https://swish365.com/register
OH-REVIEW-0119,The Country Club (OH) Home Page,https://www.thecountryclub.com/,Pepper Pike,OH,Country Club,pickleball; tennis,Unclear,Needs Review,Court sport confirmed on the facility site; no explicit indoor or outdoor statement found on the crawled pages. Needs a human check of the website or a call before outreach.,4,"ypically a fall/winter/spring sport, paddle tennis is alive and well at The Country Club. Four courts with upgraded state of the art LED ... Paddle Tennis. Typically a fall/winter/spring spor",,,,,thecountryclub.com,obruno@thecountryclub.com,,,,,,,,1,"Court sports and paid access found, but indoor/outdoor not stated. OH location evidence: address. No decision maker found on public pages. Paid access signals present (membership/rental/program).",https://www.thecountryclub.com/ | https://www.thecountryclub.com/public/directions | https://www.thecountryclub.com/public | https://www.thecountryclub.com/membership
OH-REVIEW-0120,The Hoop Vault,https://www.thehoopvault.com/,Hilliard,OH,Unknown,basketball,Unclear,Needs Review,Court sport confirmed on the facility site; no explicit indoor or outdoor statement found on the crawled pages. Needs a human check of the website or a call before outreach.,,,,,,,thehoopvault.com,thehoopvaultllc@gmail.com,,,,,,,,1,"Court sports and paid access found, but indoor/outdoor not stated. OH location evidence: address. No decision maker found on public pages. No court count stated by a reliable source; left blank. Paid access signals present (membership/rental/program).",https://www.thehoopvault.com/ | https://www.thehoopvault.com/memberships | https://www.thehoopvault.com/court-rentals | https://www.thehoopvault.com/contact-9
OH-REVIEW-0121,The Lakes Golf and Country Club,https://lakesclub.com/,Westerville,OH,Country Club,tennis,Unclear,Needs Review,Court sport confirmed on the facility site; no explicit indoor or outdoor statement found on the crawled pages. Needs a human check of the website or a call before outreach.,,,,,,,lakesclub.com,,,,,,,,,0,"Court sports and paid access found, but indoor/outdoor not stated. OH location evidence: address. No decision maker found on public pages. No court count stated by a reliable source; left blank. Paid access signals present (membership/rental/program).",https://lakesclub.com/
OH-REVIEW-0122,The Official Circleville Pumpkin Show Website,https://pumpkinshow.com/,Circleville,OH,Unknown,squash,Unclear,Needs Review,Court sport confirmed on the facility site; no explicit indoor or outdoor statement found on the crawled pages. Needs a human check of the website or a call before outreach.,,,,,,,pumpkinshow.com,,info@pumpkinshow.com,,,,,,,1,"Court sports and paid access found, but indoor/outdoor not stated. OH location evidence: address. No decision maker found on public pages. No court count stated by a reliable source; left blank. Paid access signals present (membership/rental/program).",https://pumpkinshow.com/ | https://pumpkinshow.com/contact/
OH-REVIEW-0123,The Pickle Hut Llc,https://www.thepicklehutlancaster.com/,Lancaster,OH,Pickleball Club,pickleball,Unclear,Needs Review,Court sport confirmed on the facility site; no explicit indoor or outdoor statement found on the crawled pages. Needs a human check of the website or a call before outreach.,,,,,,,thepicklehutlancaster.com,picklehut110@outlook.com,,,,,,,,1,"Court sports and paid access found, but indoor/outdoor not stated. OH location evidence: address. No decision maker found on public pages. No court count stated by a reliable source; left blank. Paid access signals present (membership/rental/program).",https://www.thepicklehutlancaster.com/ | https://www.thepicklehutlancaster.com/about | https://www.thepicklehutlancaster.com/membership
OH-REVIEW-0124,The Pickle Shack,https://pickleshack.com/,Delaware,OH,Pickleball Club,pickleball,Unclear,Needs Review,Court sport confirmed on the facility site; no explicit indoor or outdoor statement found on the crawled pages. Needs a human check of the website or a call before outreach.,,,,,,,pickleshack.com,,,,,,,,,0,"Court sports and paid access found, but indoor/outdoor not stated. OH location evidence: address. No decision maker found on public pages. No court count stated by a reliable source; left blank. Paid access signals present (membership/rental/program).",https://pickleshack.com/
OH-REVIEW-0125,Thomas Worthington Boys Basketball,https://www.twhshoops.com/,,OH,School,basketball,Unclear,Needs Review,Court sport confirmed on the facility site; no explicit indoor or outdoor statement found on the crawled pages. Needs a human check of the website or a call before outreach.,,,,,,,twhshoops.com,,,,,,,,,7,"Court sports and paid access found, but indoor/outdoor not stated. OH location evidence: mention. No decision maker found on public pages. No court count stated by a reliable source; left blank. Paid access signals present (membership/rental/program).",https://www.twhshoops.com/ | https://www.twhshoops.com/about/coaches | https://www.twhshoops.com/about/rebounders | https://www.twhshoops.com/about/sponsors
OH-REVIEW-0126,TNBA,https://tnbabasketball.com/,Brook Park,OH,School,basketball,Unclear,Needs Review,Court sport confirmed on the facility site; no explicit indoor or outdoor statement found on the crawled pages. Needs a human check of the website or a call before outreach.,,,Jorge,Castro,Jorge Castro,Program Director,tnbabasketball.com,,,jorge@tnbabasketball.com,jorge.castro@tnbabasketball.com,jorgecastro@tnbabasketball.com,jcastro@tnbabasketball.com,j.castro@tnbabasketball.com,jorgec@tnbabasketball.com,0,"Court sports and paid access found, but indoor/outdoor not stated. OH location evidence: address. No court count stated by a reliable source; left blank. Paid access signals present (membership/rental/program). Guessed emails are UNVERIFIED pattern permutations - not published addresses.",https://tnbabasketball.com/ | https://tnbabasketball.com/about-us/ | https://tnbabasketball.com/training-staff/ | https://tnbabasketball.com/contact-us/
OH-REVIEW-0127,Towne Properties,https://www.towneproperties.com/,Columbus,OH,Private Club,tennis,Unclear,Needs Review,Court sport confirmed on the facility site; no explicit indoor or outdoor statement found on the crawled pages. Needs a human check of the website or a call before outreach.,,,,,,,towneproperties.com,,,,,,,,,0,"Court sports found, but indoor/outdoor not stated. OH location evidence: address. No decision maker found on public pages. No court count stated by a reliable source; left blank.",https://www.towneproperties.com/
OH-REVIEW-0128,Train4Freedom.com,https://train4freedom.com/,Newark,OH,School,pickleball; basketball; volleyball,Unclear,Needs Review,Court sport confirmed on the facility site; no explicit indoor or outdoor statement found on the crawled pages. Needs a human check of the website or a call before outreach.,,,,,,,train4freedom.com,,,,,,,,,1,"Court sports and paid access found, but indoor/outdoor not stated. OH location evidence: address. No decision maker found on public pages. No court count stated by a reliable source; left blank. Paid access signals present (membership/rental/program).",https://train4freedom.com/ | https://train4freedom.com/rental/ | https://train4freedom.com/about/
OH-REVIEW-0129,"University of Cincinnati: Founder of Co-op, Leader in Co-op",https://www.uc.edu/,Cincinnati,OH,College / University,basketball,Unclear,Needs Review,Court sport confirmed on the facility site; no explicit indoor or outdoor statement found on the crawled pages. Needs a human check of the website or a call before outreach.,,,Neville,Pinto,Neville Pinto,President,uc.edu,,,neville@uc.edu,neville.pinto@uc.edu,nevillepinto@uc.edu,npinto@uc.edu,n.pinto@uc.edu,nevillep@uc.edu,5,"Court sports and paid access found, but indoor/outdoor not stated. OH location evidence: address. No court count stated by a reliable source; left blank. Paid access signals present (membership/rental/program). Guessed emails are UNVERIFIED pattern permutations - not published addresses.",https://www.uc.edu/ | https://www.uc.edu/about.html | https://www.uc.edu/majors-programs.html | https://www.uc.edu/about/accessibility.html | https://www.uc.edu/about/accessibility/about.html | https://www.uc.edu/about/accessibility/grievance.html | https://www.uc.edu/about/digital-accessibility.html
OH-REVIEW-0130,Urban Squash Cleveland - Empowering Cleveland,https://urbansquashcleveland.org/,Cleveland,OH,Racquet / Tennis Club,squash,Unclear,Needs Review,Court sport confirmed on the facility site; no explicit indoor or outdoor statement found on the crawled pages. Needs a human check of the website or a call before outreach.,,,,,,,urbansquashcleveland.org,,,,,,,,,0,"Court sports and paid access found, but indoor/outdoor not stated. OH location evidence: address. No decision maker found on public pages. No court count stated by a reliable source; left blank. Paid access signals present (membership/rental/program).",https://urbansquashcleveland.org/
OH-REVIEW-0131,Valley Youth Organization,https://readingvyo.com/,Reading,OH,Unknown,basketball; volleyball,Unclear,Needs Review,Court sport confirmed on the facility site; no explicit indoor or outdoor statement found on the crawled pages. Needs a human check of the website or a call before outreach.,,,,,,,readingvyo.com,,,,,,,,,0,"Court sports and paid access found, but indoor/outdoor not stated. OH location evidence: address. No decision maker found on public pages. No court count stated by a reliable source; left blank. Paid access signals present (membership/rental/program).",https://readingvyo.com/
OH-REVIEW-0132,Victory Sports Park,https://www.victoryparkohio.com/,North Ridgeville,OH,Unknown,volleyball,Unclear,Needs Review,Court sport confirmed on the facility site; no explicit indoor or outdoor statement found on the crawled pages. Needs a human check of the website or a call before outreach.,,,,,,,victoryparkohio.com,,info@victoryparkohio.com,,,,,,,1,"Court sports and paid access found, but indoor/outdoor not stated. OH location evidence: address. No decision maker found on public pages. No court count stated by a reliable source; left blank. Paid access signals present (membership/rental/program).",https://www.victoryparkohio.com/ | https://www.victoryparkohio.com/about-us | https://www.victoryparkohio.com/field-rentals
OH-REVIEW-0133,Wapakoneta City Schools,https://www.wapak.org/,Wapakoneta,OH,School,tennis,Unclear,Needs Review,Court sport confirmed on the facility site; no explicit indoor or outdoor statement found on the crawled pages. Needs a human check of the website or a call before outreach.,,,,,,,wapak.org,,,,,,,,,0,"Court sports and paid access found, but indoor/outdoor not stated. OH location evidence: address. No decision maker found on public pages. No court count stated by a reliable source; left blank. Paid access signals present (membership/rental/program).",https://www.wapak.org/
OH-REVIEW-0134,Westlake City School District,https://www.wlake.org/,Westlake,OH,School,basketball,Unclear,Needs Review,Court sport confirmed on the facility site; no explicit indoor or outdoor statement found on the crawled pages. Needs a human check of the website or a call before outreach.,,,Jennifer,Dougherty,Jennifer Dougherty,President,wlake.org,,,jennifer@wlake.org,jennifer.dougherty@wlake.org,jenniferdougherty@wlake.org,jdougherty@wlake.org,j.dougherty@wlake.org,jenniferd@wlake.org,4,"Court sports and paid access found, but indoor/outdoor not stated. OH location evidence: address. No court count stated by a reliable source; left blank. Paid access signals present (membership/rental/program). Guessed emails are UNVERIFIED pattern permutations - not published addresses.",https://www.wlake.org/ | https://www.wlake.org/about-us | https://www.wlake.org/athletics | https://www.wlake.org/staff | https://www.wlake.org/about-us/alumni | https://www.wlake.org/about-us/annual-notices | https://www.wlake.org/about-us/campus-map
OH-REVIEW-0135,Women,https://www.womenshealthmag.com/,,OH,Unknown,volleyball,Unclear,Needs Review,Court sport confirmed on the facility site; no explicit indoor or outdoor statement found on the crawled pages. Needs a human check of the website or a call before outreach.,,,,,,,womenshealthmag.com,,,,,,,,,0,"Court sports and paid access found, but indoor/outdoor not stated. OH location evidence: mention. No decision maker found on public pages. No court count stated by a reliable source; left blank. Paid access signals present (membership/rental/program).",https://www.womenshealthmag.com/ | https://www.womenshealthmag.com/about/a24170223/about-womens-health/ | https://www.womenshealthmag.com/fitness/a45427015/womens-health-plus-exclusive-membership-perks/ | https://www.womenshealthmag.com/health/a73346617/late-autism-midlife-diagnosis-essay/ | https://www.womenshealthmag.com/health/a73438654/hatch-sleep-clock-review/ | https://www.womenshealthmag.com/about/a16637419/advertise-with-us/
OH-REVIEW-0136,Worthington Christian School,https://www.worthingtonchristian.com/,Worthington,OH,College / University,tennis; basketball; volleyball,Unclear,Needs Review,Court sport confirmed on the facility site; no explicit indoor or outdoor statement found on the crawled pages. Needs a human check of the website or a call before outreach.,,,Tony,Earp,Tony Earp,Athletic Director,worthingtonchristian.com,,,tony@worthingtonchristian.com,tony.earp@worthingtonchristian.com,tonyearp@worthingtonchristian.com,tearp@worthingtonchristian.com,t.earp@worthingtonchristian.com,tonye@worthingtonchristian.com,4,"Court sports and paid access found, but indoor/outdoor not stated. OH location evidence: address. No court count stated by a reliable source; left blank. Paid access signals present (membership/rental/program). Guessed emails are UNVERIFIED pattern permutations - not published addresses.",https://www.worthingtonchristian.com/ | https://www.worthingtonchristian.com/faculty-and-staff-spotlight-nadia-haines/ | https://www.worthingtonchristian.com/faculty-and-staff-spotlight-hannah-conley/ | https://www.worthingtonchristian.com/academics/student-success/intervention-programs/ | https://www.worthingtonchristian.com/academics/student-success/gifted-programs/ | https://www.worthingtonchristian.com/athletics/warrior-athletics/
OH-REVIEW-0137,Youngstown State University,https://ysu.edu/,Youngstown,OH,College / University,basketball; volleyball,Unclear,Needs Review,Court sport confirmed on the facility site; no explicit indoor or outdoor statement found on the crawled pages. Needs a human check of the website or a call before outreach.,,,Bill,Johnson,Bill Johnson,President,ysu.edu,,,bill@ysu.edu,bill.johnson@ysu.edu,billjohnson@ysu.edu,bjohnson@ysu.edu,b.johnson@ysu.edu,billj@ysu.edu,101,"Court sports and paid access found, but indoor/outdoor not stated. OH location evidence: address. No court count stated by a reliable source; left blank. Paid access signals present (membership/rental/program). Guessed emails are UNVERIFIED pattern permutations - not published addresses.",https://ysu.edu/ | https://ysu.edu/about-ysu | https://ysu.edu/university-administration | https://ysu.edu/international-programs-office/apply-now/quick-menu/international-graduate-admissions | https://ysu.edu/student-affairs/all-about-dining-campus | https://ysu.edu/international-programs-office | https://ysu.edu/faculty-staff
