Facility ID,Location ID,Facility Name,Branch Street,Branch City,Branch ZIP,State,Website,Company Domain,Indoor Court Status,Qualification Status,Is Multi Location,Location Count,Source URLs
TX-0001,TX-0001-A,| Home,,,,TX,https://acesintexas.playbookapi.com/programs/register/,acesintexas.com,Indoor,Confirmed Indoor,No,1,https://acesintexas.playbookapi.com/programs/register/
TX-0002,TX-0002-A,24 Hour Pickle,,,,TX,https://24hourpickle.com/,24hourpickle.com,Indoor,Confirmed Indoor,No,1,https://24hourpickle.com/ | https://24hourpickle.com/memberships | https://24hourpickle.com/contact
TX-0003,TX-0003-A,360 Elite Arena Of Arlington,,Arlington,,TX,https://360elitearenaofarlington.com/,360elitearenaofarlington.com,Indoor,Confirmed Indoor,No,1,https://360elitearenaofarlington.com/ | https://360elitearenaofarlington.com/about-us/ | https://360elitearenaofarlington.com/sports-programs/ | https://360elitearenaofarlington.com/court-rentals/ | https://360elitearenaofarlington.com/cage-rentals/ | https://360elitearenaofarlington.com/arena-memberships/
TX-0004,TX-0004-A,512 Futsal,,Cedar Park,,TX,https://www.512futsal.com/,512futsal.com,Indoor,Confirmed Indoor,No,1,https://www.512futsal.com/ | https://www.512futsal.com/about-1 | https://www.512futsal.com/staff-1
TX-0005,TX-0005-A,Absolute Volleyball Academy,,Webster,,TX,https://avatexas.com/,avatexas.com,Indoor,Confirmed Indoor,No,1,https://avatexas.com/ | https://avatexas.com/avators-beach/ | https://avatexas.com/absolute-beach-info/ | https://avatexas.com/beach-volleyball/adultbeachleagues/ | https://avatexas.com/youth-program-avators/ | https://avatexas.com/adult-programs-2/
TX-0006,TX-0006-A,Ace Pickleball Club,,Frisco,,TX,https://www.acepickleballclub.com/,acepickleballclub.com,Indoor,Confirmed Indoor,No,1,https://www.acepickleballclub.com/ | https://www.acepickleballclub.com/championships | https://www.acepickleballclub.com/contact
TX-0007,TX-0007-A,Active Arena,,Frisco,,TX,https://activearena.com/,activearena.com,Indoor,Confirmed Indoor,No,1,https://activearena.com/ | https://activearena.com/contact/
TX-0008,TX-0008-A,Advantage Indoor,,Houston,,TX,https://www.advantageindoor.net/,advantageindoor.net,Indoor,Confirmed Indoor,No,1,https://www.advantageindoor.net/ | https://www.advantageindoor.net/about | https://www.advantageindoor.net/coaches | https://www.advantageindoor.net/junior-programs | https://www.advantageindoor.net/adin-junior-program-progression | https://www.advantageindoor.net/memberships | https://www.advantageindoor.net/membership-form
TX-0009,TX-0009-A,Alamo City All-Stars Sportsplex,,Universal City,,TX,https://alamocityallstars.com/,alamocityallstars.com,Indoor,Confirmed Indoor,No,1,https://alamocityallstars.com/ | https://alamocityallstars.com/about/ | https://alamocityallstars.com/venue-rentals/ | https://alamocityallstars.com/wp-content/uploads/2021/09/Facility-Rules_001.png | https://alamocityallstars.com/after-school-program/ | https://alamocityallstars.com/programs/ | https://alamocityallstars.com/summer-camp-program/
TX-0010,TX-0010-A,Alamodome,,San Antonio,,TX,https://www.alamodome.com/,alamodome.com,Indoor,Confirmed Indoor,No,1,https://www.alamodome.com/ | https://www.alamodome.com/plan-your-visit/facility-rules-security | https://www.alamodome.com/about-us/info-faq | https://www.alamodome.com/about-us/contact-us | https://www.alamodome.com/about-us/employment-opportunities | https://www.alamodome.com/about-us/helpful-links
TX-0011,TX-0011-A,Allegiant Volleyball Club,,Greenville,,TX,https://www.allegiantvolleyballclub.com/,allegiantvolleyballclub.com,Indoor,Confirmed Indoor,No,1,https://www.allegiantvolleyballclub.com/ | https://www.allegiantvolleyballclub.com/page/show/4297074-about-us | https://www.allegiantvolleyballclub.com/page/show/4300850-programs
TX-0012,TX-0012-A,Aloha Ball Club,,Dallas,,TX,https://www.alohaballclub.com/,alohaballclub.com,Indoor,Confirmed Indoor,No,1,https://www.alohaballclub.com/ | https://www.alohaballclub.com/staff | https://www.alohaballclub.com/contact
TX-0013,TX-0013-A,AmeriSports,,Rockwall,,TX,https://www.amerisports.net/,amerisports.net,Indoor,Confirmed Indoor,No,1,https://www.amerisports.net/ | https://www.amerisports.net/league-membership | https://www.amerisports.net/membership-help | https://www.amerisports.net/k-1-basketball-development-program | https://www.amerisports.net/sponsor-program | https://www.amerisports.net/court-rental | https://www.amerisports.net/contact-us
TX-0014,TX-0014-A,Aspen Tennis Academy,,Fulshear,,TX,https://www.aspentennisacademy.com/,aspentennisacademy.com,Indoor,Confirmed Indoor,No,1,https://www.aspentennisacademy.com/ | https://www.aspentennisacademy.com/quickstart | https://www.aspentennisacademy.com/intermediate-and-competitive | https://www.aspentennisacademy.com/advanced-and-elite | https://www.aspentennisacademy.com/womens-program | https://www.aspentennisacademy.com/mens-program | https://www.aspentennisacademy.com/contact
TX-0015,TX-0015-A,ASYMCA Killeen,,Killeen,,TX,https://killeen.asymca.org/,asymca.org,Indoor,Confirmed Indoor,No,1,https://killeen.asymca.org/ | https://www.canva.com/design/DAHNlRVxCL4/rUy4rEs8rFZsOEWwBrQUDA/view?utm_content=DAHNlRVxCL4&utm_campaign=designshare&utm_medium=link2&utm_source=uniquelinks&utlId=h4de94dfc71 | https://killeen.asymca.org/about-us/ | https://killeen.asymca.org/membership/ | https://killeen.asymca.org/programs/ | https://killeen.asymca.org/military-programs/ | https://killeen.asymca.org/military-programs/five-star-food-market/
TX-0016,TX-0016-A,Athletics,907 N. Arroyo Blvd.,Los Fresnos,78566,TX,https://athletics.lfcisd.net/,athletics.lfcisd.net,Indoor,Confirmed Indoor,No,1,https://athletics.lfcisd.net/ | https://athletics.lfcisd.net/apps/contact/
TX-0017,TX-0017-A,ATX Beach,11000 Middle Fiskville Rd,Austin,78753,TX,https://atxbeach.com/,atxbeach.com,Indoor,Confirmed Indoor,No,1,https://atxbeach.com/ | https://atxbeach.com/book-a-court/ | https://atxbeach.com/sand-play/ | https://atxbeach.com/sand-train/ | https://atxbeach.com/sand-events/ | https://atxbeach.com/sand-juniors/
TX-0018,TX-0018-A,Austin Futsal,,Leander,,TX,https://www.austinfutsalleague.com/,austinfutsalleague.com,Indoor,Confirmed Indoor,No,1,https://www.austinfutsalleague.com/ | https://www.austinfutsalleague.com/about | https://www.austinfutsalleague.com/facility
TX-0019,TX-0019-A,Austin Juniors Volleyball,,Austin,,TX,https://austinjuniors.com/,austinjuniors.com,Indoor,Confirmed Indoor,No,1,https://austinjuniors.com/ | https://austinjuniors.com/ajv/girls/girls-coaches/ | https://austinjuniors.com/ajv/about/coaches/coach-application/ | https://austinjuniors.com/ajv/boys/boys-coaches-2024/ | https://austinjuniors.com/ajv/sand/programs/ | https://austinjuniors.com/ajv/sand/programs/summer-sand-club/ | https://austinjuniors.com/ajv/sand/programs/national-team-info/
TX-0020,TX-0020-A,Austin Sports & Social Club,,,,TX,https://austinssc.com/,austinssc.com,Indoor,Confirmed Indoor,No,1,https://austinssc.com/ | https://austinssc.com/loveyourjob | https://austinssc.com/help
TX-0021,TX-0021-A,Austin Sports Academy,275 Lotus Circle,Austin,78737,TX,https://www.austinsportsacademy.com/,austinsportsacademy.com,Indoor,Confirmed Indoor,Yes,2,https://www.austinsportsacademy.com/ | https://www.austinsportsacademy.com/after-school-programs | https://www.austinsportsacademy.com/rentals | https://www.austinsportsacademy.com/about-3 | https://www.austinsportsacademy.com/join
TX-0021,TX-0021-B,Austin Sports Academy,275 Lotus Cir,Austin,78737,TX,https://www.austinsportsacademy.com/,austinsportsacademy.com,Indoor,Confirmed Indoor,Yes,2,https://www.austinsportsacademy.com/ | https://www.austinsportsacademy.com/after-school-programs | https://www.austinsportsacademy.com/rentals | https://www.austinsportsacademy.com/about-3 | https://www.austinsportsacademy.com/join
TX-0022,TX-0022-A,Barshop JCC of San Antonio,,San Antonio,,TX,https://jccsanantonio.org/,jccsanantonio.org,Indoor,Confirmed Indoor,No,1,https://jccsanantonio.org/ | https://jccsanantonio.org/membership/ | https://jccsanantonio.org/membership/current/ | https://jccsanantonio.org/about/ | https://jccsanantonio.org/about/employment/ | https://jccsanantonio.org/about/staff/
TX-0023,TX-0023-A,Baseball and Softball Tournaments and Leagues,,Conroe,,TX,https://scrapyardsports.com/,scrapyardsports.com,Indoor,Confirmed Indoor,No,1,https://scrapyardsports.com/ | https://scrapyardsports.com/about/park-policies/ | https://scrapyardsports.com/field-rentals/ | https://scrapyardsports.com/about/field-map/ | https://scrapyardsports.com/about/contact-us/ | https://scrapyardsports.com/about/umpire-reviews/ | https://scrapyardsports.com/cages/helpful-steps/
TX-0024,TX-0024-A,Baylor,,Waco,,TX,https://baylorbears.com/,baylor.edu,Indoor,Confirmed Indoor,No,1,https://baylorbears.com/ | https://baylorbears.com/sports/athletic-news/archives | https://baylorbears.com/facilities | https://baylorbears.com/staff-directory | https://baylorbears.com/sports/2018/5/17/athletics-communications | https://baylorbears.com/news/2026/7/2/fan-experience-baylor-athletics-launches-waco-rush-pass
TX-0025,TX-0025-A,Bayou Volleyball Club,,Austin,,TX,https://www.bayouvolleyball.club/,bayouboys.club,Indoor,Confirmed Indoor,No,1,https://www.bayouvolleyball.club/ | https://www.bayouvolleyball.club/page/show/5379205-about-bayou-volleyball-club
TX-0026,TX-0026-A,Bent Tree Country Club,5201 Westgrove Drive,Dallas,75248,TX,https://www.benttreecc.org/,benttreecc.org,Indoor,Confirmed Indoor,No,1,https://www.benttreecc.org/ | https://www.benttreecc.org/default.aspx | https://www.benttreecc.org/membership | https://www.benttreecc.org/contact-us
TX-0027,TX-0027-A,Big Spring YMCA,,Big Spring,,TX,https://bigspringymca.org/,bigspringymca.org,Indoor,Confirmed Indoor,No,1,https://bigspringymca.org/ | https://bigspringymca.org/about/ | https://bigspringymca.org/about/history/ | https://bigspringymca.org/membership/membership-benefits/ | https://bigspringymca.org/about/our-values/ | https://bigspringymca.org/about/message-from-the-ceo/ | https://bigspringymca.org/membership/policies-code-of-conduct/
TX-0028,TX-0028-A,Boys & Girls Club of Denison,2100 S Mirick Street,Denison,75021,TX,https://boysgirlsclubdenison.org/,boysgirlsclubdenison.org,Indoor,Confirmed Indoor,Yes,2,https://boysgirlsclubdenison.org/ | https://boysgirlsclubdenison.org/athletics | https://boysgirlsclubdenison.org/staff
TX-0028,TX-0028-B,Boys & Girls Club of Denison,2100 South Mirick Avenue,Denison,75020,TX,https://boysgirlsclubdenison.org/,boysgirlsclubdenison.org,Indoor,Confirmed Indoor,Yes,2,https://boysgirlsclubdenison.org/ | https://boysgirlsclubdenison.org/athletics | https://boysgirlsclubdenison.org/staff
TX-0029,TX-0029-A,Boys and Girls Club,,Paris,,TX,https://bgcparis.org/,bgcparis.org,Indoor,Confirmed Indoor,No,1,https://bgcparis.org/ | https://bgcparis.org/programs/ | https://bgcparis.org/our-team/ | https://bgcparis.org/contact-us/
TX-0030,TX-0030-A,Brazos Valley Futsal,600 North Randolph Avenue,Bryan,77803,TX,https://brazosvalleyfutsal.com/,brazosvalleyfutsal.com,Indoor,Confirmed Indoor,No,1,https://brazosvalleyfutsal.com/
TX-0031,TX-0031-A,Bridge Basketball Academy,,Duncanville,,TX,https://bridgebasketballacademy.com/,bridgebasketballacademy.com,Indoor,Confirmed Indoor,No,1,https://bridgebasketballacademy.com/ | https://bridgebasketballacademy.com/the-facility/ | https://bridgebasketballacademy.com/about-us/
TX-0032,TX-0032-A,"Bryan High School (Bryan, TX) Athletics",,Bryan,,TX,https://www.bryanvikings.net/,bryanvikings.net,Indoor,Confirmed Indoor,No,1,https://www.bryanvikings.net/ | https://www.bryanvikings.net/facilities | https://www.bryanvikings.net/directory
TX-0033,TX-0033-A,"Bryan ISD (Bryan, TX)",1106 N Harvey Mitchell Pkwy,Bryan,77803,TX,https://www.bryanisdsports.net/,bryanisd.org,Indoor,Confirmed Indoor,No,1,https://www.bryanisdsports.net/ | https://www.bryanisdsports.net/about | https://www.bryanisdsports.net/directory | https://www.bryanisdsports.net/facilities
TX-0034,TX-0034-A,BullyBall Training | BullyBall Training,,Arlington,,TX,https://www.bullyballskillstraining.com/,bullyballskillstraining.com,Indoor,Confirmed Indoor,No,1,https://www.bullyballskillstraining.com/ | https://www.bullyballskillstraining.com/about | https://www.bullyballskillstraining.com/training
TX-0035,TX-0035-A,Carrollton Badminton Center,,Carrollton,,TX,https://carrolltonbadmintoncenter.com/,carrolltonbadmintoncenter.com,Indoor,Confirmed Indoor,No,1,https://carrolltonbadmintoncenter.com/ | https://carrolltonbadmintoncenter.com/about-us/ | https://carrolltonbadmintoncenter.com/our-team/ | https://carrolltonbadmintoncenter.com/contact-us/ | https://carrolltonbadmintoncenter.com/court-rental/ | https://carrolltonbadmintoncenter.com/memberships/
TX-0036,TX-0036-A,Catalyst Volleyball,15250 Hillcroft Ave,Missouri City,77489,TX,https://catalystvolleyball.org/,catalystvolleyball.org,Indoor,Confirmed Indoor,No,1,https://catalystvolleyball.org/ | https://catalystvolleyball.org/contact-us/ | https://catalystvolleyball.org/about-us/ | https://catalystvolleyball.org/our-facility/ | https://catalystvolleyball.org/coaches/ | https://catalystvolleyball.org/programs/ | https://catalystvolleyball.org/programs/tryouts/
TX-0037,TX-0037-A,"Central High School (San Angelo, TX) Athletics",,San Angelo,,TX,https://www.centralbobcats.org/,centralbobcats.org,Indoor,Confirmed Indoor,No,1,https://www.centralbobcats.org/ | https://www.centralbobcats.org/facilities | https://www.centralbobcats.org/directory
TX-0038,TX-0038-A,Challenge Soccer Club,,Tomball,,TX,https://challengesoccer.com/,challengesoccer.com,Indoor,Confirmed Indoor,No,1,https://challengesoccer.com/ | https://challengesoccer.com/about-us | https://challengesoccer.com/about-us/philosophy | https://challengesoccer.com/about-us/club-accomplishments | https://challengesoccer.com/about-us/alumni | https://challengesoccer.com/staff | https://challengesoccer.com/member-center/financial-assistance-program
TX-0039,TX-0039-A,CHS,1201 S Heatherwilde Blvd.,Pflugerville,,TX,https://www.chsaustin.org/,chsaustin.org,Indoor,Confirmed Indoor,Yes,2,https://www.chsaustin.org/ | https://www.chsaustin.org/faculty-staff | https://www.chsaustin.org/our-mission | https://www.chsaustin.org/overview-1
TX-0039,TX-0039-B,CHS,1201 South Heatherwilde Blvd,Pflugerville,78660,TX,https://www.chsaustin.org/,chsaustin.org,Indoor,Confirmed Indoor,Yes,2,https://www.chsaustin.org/ | https://www.chsaustin.org/faculty-staff | https://www.chsaustin.org/our-mission | https://www.chsaustin.org/overview-1
TX-0040,TX-0040-A,Club13 Pickleball,,Denton,,TX,https://beta.club13pickleball.com/,club13pickleball.com,Indoor,Confirmed Indoor,No,1,https://beta.club13pickleball.com/
TX-0041,TX-0041-A,Come Worship With Us!,,Friendswood,,TX,https://friendswoodmethodist.org/,friendswoodmethodist.org,Indoor,Confirmed Indoor,No,1,https://friendswoodmethodist.org/ | https://friendswoodmethodist.org/about-us/ | https://friendswoodmethodist.org/staff-directory/ | https://friendswoodmethodist.org/churchdirectory/ | https://friendswoodmethodist.org/contact-us/
TX-0042,TX-0042-A,Court Rental,6333 FM 3180 Rd,Baytown,77523,TX,https://court-rental.weebly.com/,court-rental.weebly.com,Indoor,Confirmed Indoor,No,1,https://court-rental.weebly.com/
TX-0043,TX-0043-A,CrossRoadsToday.com,2026 KAVU CrossroadsToday.com 3808 N Navarro St,Victoria,,TX,https://www.crossroadstoday.com/,crossroadstoday.com,Indoor,Confirmed Indoor,No,1,https://www.crossroadstoday.com/ | https://www.crossroadstoday.com/about/ | https://www.crossroadstoday.com/about/meet-the-team/ | https://www.crossroadstoday.com/about/advertise/ | https://www.crossroadstoday.com/about/jobs/ | https://www.crossroadstoday.com/news/local-news/victoria-landfill-fire-sparks-warning-about-lithium-ion-batteries/article_e134682e-f763-4063-bd47-d4f6bff67832.html
TX-0044,TX-0044-A,CTX Volleyball,,Buda,,TX,https://www.ctxjuniors.com/,ctxjuniors.com,Indoor,Confirmed Indoor,No,1,https://www.ctxjuniors.com/ | https://www.ctxjuniors.com/about | https://www.ctxjuniors.com/coaching-stafd | https://www.ctxjuniors.com/our-facility
TX-0045,TX-0045-A,Dallas College North Lake,,Irving,,TX,https://northlakecollegeathletics.com/landing/index,dallascollege.edu,Indoor,Confirmed Indoor,No,1,https://northlakecollegeathletics.com/landing/index | https://northlakecollegeathletics.com/information/directory/index | https://northlakecollegeathletics.com/information/North_Lake_Facilities | https://northlakecollegeathletics.com/general/2026-27/releases/20260724iyn05y
TX-0046,TX-0046-A,Dallas Indoor Pickleball,,Carrollton,,TX,https://dallasindoorpickleballclub.com/,dallasindoorpickleballclub.com,Indoor,Confirmed Indoor,No,1,https://dallasindoorpickleballclub.com/
TX-0047,TX-0047-A,Dallas Observer,,Dallas,,TX,https://www.dallasobserver.com/,dallasobserver.com,Indoor,Confirmed Indoor,No,1,https://www.dallasobserver.com/ | https://www.dallasobserver.com/about/contact/ | https://www.dallasobserver.com/about/ | https://www.dallasobserver.com/about/flipbooks/ | https://www.dallasobserver.com/about/membership/ | https://www.dallasobserver.com/about/staff/ | https://www.dallasobserver.com/about/policies/
TX-0048,TX-0048-A,Dallas Sport & Social Club - Leagues & social events for adults in Dallas,,,,TX,https://www.dallassocialclub.com/,dallassocialclub.com,Indoor,Confirmed Indoor,No,1,https://www.dallassocialclub.com/ | https://www.dallassocialclub.com/about/ | https://www.dallassocialclub.com/membership/
TX-0049,TX-0049-A,Dallas Sports Center,,McKinney,,TX,https://dallassportscenter.com/,dallassportscenter.com,Indoor,Confirmed Indoor,No,1,https://dallassportscenter.com/ | https://dallassportscenter.com/saturday-program.html | https://dallassportscenter.com/sunday-program.html
TX-0050,TX-0050-A,Deer Park Soccer FC,901 East Blvd,Deer Park,77536,TX,https://deerparksoccerfc.com/,deerparksoccerfc.com,Indoor,Confirmed Indoor,Yes,2,https://deerparksoccerfc.com/ | https://deerparksoccerfc.com/about-dpsfc-and-faq | https://deerparksoccerfc.com/programs-overview | https://deerparksoccerfc.com/contact-us
TX-0050,TX-0050-B,Deer Park Soccer FC,701 E P St,Deer Park,77536,TX,https://deerparksoccerfc.com/,deerparksoccerfc.com,Indoor,Confirmed Indoor,Yes,2,https://deerparksoccerfc.com/ | https://deerparksoccerfc.com/about-dpsfc-and-faq | https://deerparksoccerfc.com/programs-overview | https://deerparksoccerfc.com/contact-us
TX-0051,TX-0051-A,Denison University,,New Mexico,,TX,https://denison.edu/,denison.edu,Indoor,Confirmed Indoor,No,1,https://denison.edu/ | https://denison.edu/campus/about | https://denison.edu/a-to-z | https://denison.edu/campus/about/our-history | https://denison.edu/campus/global-programs | https://denison.edu/campus/admission/contacts | https://denison.edu/campus/athletics/feature/162023
TX-0052,TX-0052-A,DestinySportsComplex,,Lubbock,,TX,https://www.lbkhittinglab.com/,lbkhittinglab.com,Indoor,Confirmed Indoor,No,1,https://www.lbkhittinglab.com/
TX-0053,TX-0053-A,DFW Badminton Center,1800 Hurd Drive,Irving,75038,TX,https://dfwbadmintoncenter.com/,dfwbadmintoncenter.com,Indoor,Confirmed Indoor,No,1,https://dfwbadmintoncenter.com/ | https://dfwbadmintoncenter.com/about-us/ | https://dfwbadmintoncenter.com/our-team/ | https://dfwbadmintoncenter.com/contact-us/ | https://dfwbadmintoncenter.com/memberships/ | https://dfwbadmintoncenter.com/court-rental/
TX-0054,TX-0054-A,DIG Engineers,,Houston,,TX,https://digengineers.com/,digengineers.com,Indoor,Confirmed Indoor,No,1,https://digengineers.com/ | https://digengineers.com/about/ | https://digengineers.com/contact-us/
TX-0055,TX-0055-A,DiP,2625 W. Pioneer Pkwy,Grand Prairie,75051,TX,https://www.dfwindoorpickleball.com/,dfwindoorpickleball.com,Indoor,Confirmed Indoor,Yes,2,https://www.dfwindoorpickleball.com/ | https://www.dfwindoorpickleball.com/memberships | https://www.dfwindoorpickleball.com/contact-8
TX-0055,TX-0055-B,DiP,4801 Spring Valley Rd.,Farmers Branch,75244,TX,https://www.dfwindoorpickleball.com/,dfwindoorpickleball.com,Indoor,Confirmed Indoor,Yes,2,https://www.dfwindoorpickleball.com/ | https://www.dfwindoorpickleball.com/memberships | https://www.dfwindoorpickleball.com/contact-8
TX-0056,TX-0056-A,Dripping Springs Sports Club,,Austin,,TX,https://www.drippingsports.com/,drippingsportsclub.com,Indoor,Confirmed Indoor,No,1,https://www.drippingsports.com/ | https://www.drippingsports.com/court-rentals | https://www.drippingsports.com/about | https://www.drippingsports.com/basketball
TX-0057,TX-0057-A,DRIPPING SPRINGS SPORTS CLUB,13673 Fitzhugh Rd,Dripping Springs,,TX,https://drippingsports.squarespace.com/,drippingsports.squarespace.com,Indoor,Confirmed Indoor,No,1,https://drippingsports.squarespace.com/ | https://drippingsports.squarespace.com/private-court-rental
TX-0058,TX-0058-A,DS Elite Volleyball,15113 Fitzhugh Rd,Austin,78736,TX,https://www.dselitevolleyball.com/,dselitevolleyball.com,Indoor,Confirmed Indoor,No,1,https://www.dselitevolleyball.com/ | https://www.dselitevolleyball.com/practice-facilities
TX-0059,TX-0059-A,DWTN Athletic Club,,Amarillo,,TX,https://www.daclub.com/,daclub.com,Indoor,Confirmed Indoor,No,1,https://www.daclub.com/ | https://www.daclub.com/about-us | https://www.daclub.com/contact
TX-0060,TX-0060-A,El Paso Locomotive FC,,El Paso,,TX,https://www.eplocomotivefc.com/,eplocomotivefc.com,Indoor,Confirmed Indoor,No,1,https://www.eplocomotivefc.com/ | https://www.eplocomotivefc.com/season-ticket-member-rewards/ | https://www.eplocomotivefc.com/technicalstaff/ | https://www.eplocomotivefc.com/aboutyouthsoccer/ | https://www.eplocomotivefc.com/staffyouthsoccer/ | https://www.eplocomotivefc.com/youthsoccerprograms/ | https://www.eplocomotivefc.com/next-gen-locos-program/
TX-0061,TX-0061-A,Elite Basketball Training in Dallas & DMV,,Dallas,,TX,https://3diathletics.com/,3diathletics.com,Indoor,Confirmed Indoor,No,1,https://3diathletics.com/ | https://3diathletics.com/program/boys-basketball-camp-with-mahmoud-abdul-rauf | https://3diathletics.com/programs | https://3diathletics.com/about | https://3diathletics.com/contact | https://3diathletics.com/partner/hire
TX-0062,TX-0062-A,ELITEFIT,,Denton,,TX,https://www.elitefitindoorsports.com/,elitefitindoorsports.com,Indoor,Confirmed Indoor,No,1,https://www.elitefitindoorsports.com/ | https://www.elitefitindoorsports.com/memberships | https://www.elitefitindoorsports.com/about-3 | https://www.elitefitindoorsports.com/contact-us | https://www.elitefitindoorsports.com/pricing
TX-0063,TX-0063-A,elitepickleballclub,650 W. 6th Street,Houston,77007,TX,https://texaselitepickleball.com/,texaselitepickleball.com,Indoor,Confirmed Indoor,Yes,2,https://texaselitepickleball.com/ | https://texaselitepickleball.com/pages/court-map | https://texaselitepickleball.com/pages/about-us | https://texaselitepickleball.com/pages/memberships
TX-0063,TX-0063-B,elitepickleballclub,2323 Clear Lake City Blvd.,Houston,77062,TX,https://texaselitepickleball.com/,texaselitepickleball.com,Indoor,Confirmed Indoor,Yes,2,https://texaselitepickleball.com/ | https://texaselitepickleball.com/pages/court-map | https://texaselitepickleball.com/pages/about-us | https://texaselitepickleball.com/pages/memberships
TX-0064,TX-0064-A,EpicCentral,,Grand Prairie,,TX,https://epiccentral.com/,epiccentral.com,Indoor,Confirmed Indoor,No,1,https://epiccentral.com/ | https://epiccentral.com/about/ | https://epiccentral.com/event-directory/ | https://epiccentral.com/about/frequently-asked-questions/ | https://epiccentral.com/contact-us/
TX-0065,TX-0065-A,Factory of Champions,,San Antonio,,TX,https://factoryofchampions.com/,factoryofchampions.com,Indoor,Confirmed Indoor,No,1,https://factoryofchampions.com/ | https://factoryofchampions.com/the-facility/ | https://factoryofchampions.com/the-facility/court-rentals/ | https://factoryofchampions.com/the-facility/court-rentals/basketball-volleyball-courts/ | https://factoryofchampions.com/the-facility/court-rentals/pickle-ball-courts/ | https://factoryofchampions.com/the-facility/about-the-factory/ | https://factoryofchampions.com/contact/
TX-0066,TX-0066-A,Fast Track Swimming,18003 Shaw Road,Cypress,77429,TX,https://www.fasttrackswimming.com/,fasttrackswimming.com,Indoor,Confirmed Indoor,No,1,https://www.fasttrackswimming.com/ | https://www.fasttrackswimming.com/contact/ | https://www.fasttrackswimming.com/pickleball/ | https://www.fasttrackswimming.com/book-a-court-cypress/ | https://www.fasttrackswimming.com/book-a-court-magnolia/
TX-0067,TX-0067-A,Fieldhouse Volleyball Club,,Northlake,,TX,https://fieldhousevolleyballclub.com/,fieldhousevolleyballclub.com,Indoor,Confirmed Indoor,No,1,https://fieldhousevolleyballclub.com/ | https://fieldhousevolleyballclub.com/facilitystaff | https://fieldhousevolleyballclub.com/facilities | https://fieldhousevolleyballclub.com/ourstory
TX-0068,TX-0068-A,FIERCE United,3301 S Bagdad Rd,Leander,,TX,https://www.fierceunited.com/,fierceunited.com,Indoor,Confirmed Indoor,Yes,6,https://www.fierceunited.com/ | https://www.fierceunited.com/facilities | https://www.fierceunited.com/programs | https://www.fierceunited.com/news/categories/faqs | https://www.fierceunited.com/staff | https://www.fierceunited.com/fierce-futsal-facility
TX-0068,TX-0068-B,FIERCE United,2150 Cypress Creek Road,Cedar Park,78613,TX,https://www.fierceunited.com/,fierceunited.com,Indoor,Confirmed Indoor,Yes,6,https://www.fierceunited.com/ | https://www.fierceunited.com/facilities | https://www.fierceunited.com/programs | https://www.fierceunited.com/news/categories/faqs | https://www.fierceunited.com/staff | https://www.fierceunited.com/fierce-futsal-facility
TX-0068,TX-0068-C,FIERCE United,5720 McNeil Dr,Austin,,TX,https://www.fierceunited.com/,fierceunited.com,Indoor,Confirmed Indoor,Yes,6,https://www.fierceunited.com/ | https://www.fierceunited.com/facilities | https://www.fierceunited.com/programs | https://www.fierceunited.com/news/categories/faqs | https://www.fierceunited.com/staff | https://www.fierceunited.com/fierce-futsal-facility
TX-0068,TX-0068-D,FIERCE United,200 S Vista Ridge Blvd,Cedar Park,,TX,https://www.fierceunited.com/,fierceunited.com,Indoor,Confirmed Indoor,Yes,6,https://www.fierceunited.com/ | https://www.fierceunited.com/facilities | https://www.fierceunited.com/programs | https://www.fierceunited.com/news/categories/faqs | https://www.fierceunited.com/staff | https://www.fierceunited.com/fierce-futsal-facility
TX-0068,TX-0068-E,FIERCE United,2001 N Kenney Fort Blvd,Round Rock,,TX,https://www.fierceunited.com/,fierceunited.com,Indoor,Confirmed Indoor,Yes,6,https://www.fierceunited.com/ | https://www.fierceunited.com/facilities | https://www.fierceunited.com/programs | https://www.fierceunited.com/news/categories/faqs | https://www.fierceunited.com/staff | https://www.fierceunited.com/fierce-futsal-facility
TX-0068,TX-0068-F,FIERCE United,2400 Chisholm Trail Rd,Round Rock,78681,TX,https://www.fierceunited.com/,fierceunited.com,Indoor,Confirmed Indoor,Yes,6,https://www.fierceunited.com/ | https://www.fierceunited.com/facilities | https://www.fierceunited.com/programs | https://www.fierceunited.com/news/categories/faqs | https://www.fierceunited.com/staff | https://www.fierceunited.com/fierce-futsal-facility
TX-0069,TX-0069-A,First Baptist Church of Abilene TX,,Abilene,,TX,https://fbcabilene.org/,fbcabilene.org,Indoor,Confirmed Indoor,No,1,https://fbcabilene.org/ | https://fbcabilene.org/about-us | https://fbcabilene.org/about-us/what-to-expect | https://fbcabilene.org/about-us/how-to-join-fbc | https://fbcabilene.org/about-us/first-steps | https://fbcabilene.org/about-us/our-beliefs | https://fbcabilene.org/about-us/meet-the-staff
TX-0070,TX-0070-A,Fitness,,,,TX,https://www.fifthqp.com/,fifthqp.com,Indoor,Confirmed Indoor,No,1,https://www.fifthqp.com/ | https://www.fifthqp.com/about33a7e83a | https://www.fifthqp.com/our-team | https://www.fifthqp.com/memberships | https://www.fifthqp.com/contact74ddd133 | https://www.fifthqp.com/contact
TX-0071,TX-0071-A,Frisco Badminton Academy,,Frisco,,TX,https://friscobadminton.com/,friscobadminton.com,Indoor,Confirmed Indoor,No,1,https://friscobadminton.com/ | https://friscobadminton.com/facility | https://friscobadminton.com/membership | https://friscobadminton.com/training | https://friscobadminton.com/contact
TX-0072,TX-0072-A,Game On,,Fort Worth,,TX,https://www.gameonfw.com/,gameonfw.com,Indoor,Confirmed Indoor,No,1,https://www.gameonfw.com/ | https://www.gameonfw.com/rentals-and-parties | https://www.gameonfw.com/game-on-rentals | https://www.gameonfw.com/meet-team | https://www.gameonfw.com/contact-us
TX-0073,TX-0073-A,Game Point Athletics (TX) Home,2816 Address 38 Rust Ln Building K 38 Rust Ln,Boerne,78006,TX,https://www.gpaboerne.com/page/home,gpaboerne.com,Indoor,Confirmed Indoor,No,1,https://www.gpaboerne.com/page/home | https://www.gpaboerne.com/page/gym-rentals- | https://www.gpaboerne.com/page/general-information-/about-game-point-athletics- | https://www.gpaboerne.com/page/general-information-/meet-the-owners- | https://www.gpaboerne.com/page/general-information-/facilities | https://www.gomotionapp.com/team/txgap/page/system/contactus
TX-0074,TX-0074-A,GJump,,Texarkana,,TX,https://www.gjumpusa.com/,gjumpusa.com,Indoor,Confirmed Indoor,No,1,https://www.gjumpusa.com/ | https://www.gjumpusa.com/about/gjump-texarkana | https://www.gjumpusa.com/about/ninja-course | https://www.gjumpusa.com/about/faq | https://www.gjumpusa.com/about/safety | https://www.gjumpusa.com/about/careers
TX-0075,TX-0075-A,Granny Basketball League,,Denton,,TX,https://grannybasketball.com/,grannybasketball.com,Indoor,Confirmed Indoor,No,1,https://grannybasketball.com/ | https://grannybasketball.com/history-of-granny-basketball | https://grannybasketball.com/leadership-and-whos-who
TX-0076,TX-0076-A,Grapevine Fieldhouse USA,,Grapevine,,TX,https://grapevinefieldhouse.com/,grapevinefieldhouse.com,Indoor,Confirmed Indoor,No,1,https://grapevinefieldhouse.com/ | https://grapevinefieldhouse.com/index.php/facility-map/
TX-0077,TX-0077-A,GT Futsal Academy,,Beaumont,,TX,https://www.gtfutsalacademy.org/,gtfutsalacademy.org,Indoor,Confirmed Indoor,No,1,https://www.gtfutsalacademy.org/ | https://www.gtfutsalacademy.org/contact
TX-0078,TX-0078-A,Gude Skillz Lab | Gude Skillz Lab,221 Woodland Blvd,Waco,,TX,https://www.gudeskillzlab.com/,gudeskillzlab.com,Indoor,Confirmed Indoor,No,1,https://www.gudeskillzlab.com/ | https://www.gudeskillzlab.com/about | https://www.gudeskillzlab.com/training | https://www.gudeskillzlab.com/contact
TX-0079,TX-0079-A,Gulf Coast Youth Soccer Club,5601 Twin City Highway,Port Arthur,,TX,https://gcysc.com/,gcysc.com,Indoor,Confirmed Indoor,No,1,https://gcysc.com/ | https://gcysc.com/about-us | https://gcysc.com/about-us/staff | https://gcysc.com/about-us/our-mission | https://gcysc.com/about-us/our-history-1 | https://gcysc.ottosport.ai/about-us/board-and-staff-contacts | https://gcysc.com/about-us/job-opportunites
TX-0080,TX-0080-A,Headlined Athletics,650 U.S. 287 Frontage Rd,Mansfield,76063,TX,https://headlinedathletics.com/,headlinedathletics.com,Indoor,Confirmed Indoor,No,1,https://headlinedathletics.com/ | https://headlinedathletics.com/about
TX-0081,TX-0081-A,Hilliard Center,1901 N Shoreline Blvd,Corpus Christi,78401,TX,https://www.hilliardcenter.com/,hilliardcenter.com,Indoor,Confirmed Indoor,Yes,2,https://www.hilliardcenter.com/ | https://www.hilliardcenter.com/about/ | https://www.hilliardcenter.com/our-team/ | https://www.hilliardcenter.com/supplier-diversity-program/ | https://www.hilliardcenter.com/contact/ | https://www.hilliardcenter.com/hilliard-center-arena/ | https://www.hilliardcenter.com/selena-auditorium/
TX-0081,TX-0081-B,Hilliard Center,1901 N. Shoreline Blvd.,Corpus Christi,78401,TX,https://www.hilliardcenter.com/,hilliardcenter.com,Indoor,Confirmed Indoor,Yes,2,https://www.hilliardcenter.com/ | https://www.hilliardcenter.com/about/ | https://www.hilliardcenter.com/our-team/ | https://www.hilliardcenter.com/supplier-diversity-program/ | https://www.hilliardcenter.com/contact/ | https://www.hilliardcenter.com/hilliard-center-arena/ | https://www.hilliardcenter.com/selena-auditorium/
TX-0082,TX-0082-A,Holy Rosary Catholic School,,Rosenberg,,TX,https://holyrosary-school.org/,holyrosary-school.org,Indoor,Confirmed Indoor,No,1,https://holyrosary-school.org/
TX-0083,TX-0083-A,Home,,Spring,,TX,https://www.thefarmleaguepark.com/,thefarmleaguepark.com,Indoor,Confirmed Indoor,No,1,https://www.thefarmleaguepark.com/ | http://www.thefarmleaguepark.com/information/ | http://www.thefarmleaguepark.com/contact-us/
TX-0084,TX-0084-A,HOME,0189 SIGN UP NOW Address 22719 Schiel Rd,Cypress,,TX,https://theduel88.com/,theduel88.com,Indoor,Confirmed Indoor,Yes,2,https://theduel88.com/ | https://theduel88.com/court-reserve | https://theduel88.com/memberships | https://theduel88.com/about-us | https://theduel88.com/contacts
TX-0084,TX-0084-B,HOME,22719 Schiel Rd,Cypress,,TX,https://theduel88.com/,theduel88.com,Indoor,Confirmed Indoor,Yes,2,https://theduel88.com/ | https://theduel88.com/court-reserve | https://theduel88.com/memberships | https://theduel88.com/about-us | https://theduel88.com/contacts
TX-0085,TX-0085-A,Home of the Brahmas!,4423 8851 Ice House Drive,North Richland Hills,76180,TX,https://www.nytexsports.com/,nytexsports.com,Indoor,Confirmed Indoor,Yes,2,https://www.nytexsports.com/ | https://www.nytexsports.com/facility/ | https://www.nytexsports.com/contact/ | https://www.nytexsports.com/coaching-staff/ | https://www.nytexsports.com/2025/07/connor-morrison-named-hockey-programs-manager/
TX-0085,TX-0085-B,Home of the Brahmas!,30 pm Location Address 8851 Ice House Drive,North Richland Hills,76180,TX,https://www.nytexsports.com/,nytexsports.com,Indoor,Confirmed Indoor,Yes,2,https://www.nytexsports.com/ | https://www.nytexsports.com/facility/ | https://www.nytexsports.com/contact/ | https://www.nytexsports.com/coaching-staff/ | https://www.nytexsports.com/2025/07/connor-morrison-named-hockey-programs-manager/
TX-0086,TX-0086-A,Home of the Texas A&M-Texarkana Eagles,7101 University Ave,Texarkana,75503,TX,https://tamuteagles.com/landing/index,tamuteagles.com,Indoor,Confirmed Indoor,Yes,5,https://tamuteagles.com/landing/index | https://tamuteagles.com/information/directory/index | https://tamuteagles.com/general/2024-25/facilities | https://tamuteagles.com/general/2026-27/releases/20260715ig08ym
TX-0086,TX-0086-B,Home of the Texas A&M-Texarkana Eagles,4303 N Park Rd,Texarkana,75503,TX,https://tamuteagles.com/landing/index,tamuteagles.com,Indoor,Confirmed Indoor,Yes,5,https://tamuteagles.com/landing/index | https://tamuteagles.com/information/directory/index | https://tamuteagles.com/general/2024-25/facilities | https://tamuteagles.com/general/2026-27/releases/20260715ig08ym
TX-0086,TX-0086-C,Home of the Texas A&M-Texarkana Eagles,920 Martine St,Texarkana,75501,TX,https://tamuteagles.com/landing/index,tamuteagles.com,Indoor,Confirmed Indoor,Yes,5,https://tamuteagles.com/landing/index | https://tamuteagles.com/information/directory/index | https://tamuteagles.com/general/2024-25/facilities | https://tamuteagles.com/general/2026-27/releases/20260715ig08ym
TX-0086,TX-0086-D,Home of the Texas A&M-Texarkana Eagles,4001 Summerhill Rd,Texarkana,75503,TX,https://tamuteagles.com/landing/index,tamuteagles.com,Indoor,Confirmed Indoor,Yes,5,https://tamuteagles.com/landing/index | https://tamuteagles.com/information/directory/index | https://tamuteagles.com/general/2024-25/facilities | https://tamuteagles.com/general/2026-27/releases/20260715ig08ym
TX-0086,TX-0086-E,Home of the Texas A&M-Texarkana Eagles,120 Bill Rogers Dr,Texarkana,75503,TX,https://tamuteagles.com/landing/index,tamuteagles.com,Indoor,Confirmed Indoor,Yes,5,https://tamuteagles.com/landing/index | https://tamuteagles.com/information/directory/index | https://tamuteagles.com/general/2024-25/facilities | https://tamuteagles.com/general/2026-27/releases/20260715ig08ym
TX-0087,TX-0087-A,Houston Force,,Katy,,TX,https://www.houstonforcevb.com/,houstonforcevb.com,Indoor,Confirmed Indoor,No,1,https://www.houstonforcevb.com/ | https://www.houstonforcevb.com/about-1
TX-0088,TX-0088-A,Houston Stellar Volleyball Club,,Pasadena,,TX,https://www.houstonstellar.com/,houstonstellar.com,Indoor,Confirmed Indoor,No,1,https://www.houstonstellar.com/ | https://www.houstonstellar.com/about-us.html | https://www.houstonstellar.com/contact-us.html | https://www.houstonstellar.com/facility-information.html | https://www.houstonstellar.com/stellar-leadership-team.html
TX-0089,TX-0089-A,i20 Sports,,Marshall,,TX,https://www.i20sportsinfo.com/,i20sportsinfo.com,Indoor,Confirmed Indoor,No,1,https://www.i20sportsinfo.com/ | https://www.i20sportsinfo.com/about-3
TX-0090,TX-0090-A,i9 Sports,,New Braunfels,,TX,https://www.i9sports.com/,i9sports.com,Indoor,Confirmed Indoor,No,1,https://www.i9sports.com/ | https://www.i9sports.com/find-a-program | https://www.i9sports.com/browse-all-programs | https://www.i9sports.com/about | https://www.i9sports.com/parental-pledge | https://www.i9sports.com/about/gains-for-girls | https://www.i9sports.com/contact/media-inquiries
TX-0091,TX-0091-A,IBG DFW,,,,TX,https://www.ibgdfw.com/,ibgdfw.com,Indoor,Confirmed Indoor,No,1,https://www.ibgdfw.com/ | https://www.ibgdfw.com/about | https://www.ibgdfw.com/contact
TX-0092,TX-0092-A,iJump Tyler,,Tyler,,TX,https://ijumptyler.com/,ijumptyler.com,Indoor,Confirmed Indoor,No,1,https://ijumptyler.com/ | https://ijumptyler.com/about-ijump/ijump-tyler | https://ijumptyler.com/about-ijump/ninja-course | https://ijumptyler.com/about-ijump/laser-tag | https://ijumptyler.com/about-ijump/faq | https://ijumptyler.com/about-ijump/safety
TX-0093,TX-0093-A,"Indoor Padel Club in Austin, TX",,Austin,,TX,https://thepadelcollective.club/,thepadelcollective.club,Indoor,Confirmed Indoor,No,1,https://thepadelcollective.club/ | https://thepadelcollective.club/who-we-are | https://thepadelcollective.club/membership
TX-0094,TX-0094-A,Indoor Pickleball Now,,Fort Worth,,TX,https://indoorpickleballnow.com/,indoorpicklballnow.com,Indoor,Confirmed Indoor,No,1,https://indoorpickleballnow.com/ | https://indoorpickleballnow.com/reserve-a-court | https://indoorpickleballnow.com/self-serivce-access | https://indoorpickleballnow.com/annual-membership-promotion
TX-0095,TX-0095-A,Indoor Soccer Practice & Training Programs,,Allen,,TX,https://www.tocafootball.com/,tocafootball.com,Indoor,Confirmed Indoor,No,1,https://www.tocafootball.com/ | https://www.tocafootball.com/venue-field-rental | https://www.tocafootball.com/about | https://www.tocafootball.com/contact-us | https://www.tocafootball.com/membership-cancellation
TX-0096,TX-0096-A,Intently.co,,,,TX,https://intently.co/,intently.co,Indoor,Confirmed Indoor,No,1,https://intently.co/ | https://intently.co/profiles/firstsupercarrental | https://intently.co/pages/about | https://intently.co/pages/contactus
TX-0097,TX-0097-A,"Islamic Center of Irving - 2555 Esters Road, Irving, TX",2555 N. Esters Rd,Irving,75062,TX,https://www.irvingmasjid.org/,irvingmasjid.org,Indoor,Confirmed Indoor,No,1,https://www.irvingmasjid.org/ | https://www.irvingmasjid.org/membership/ | https://www.irvingmasjid.org/contact-us-2/ | https://www.irvingmasjid.org/about-us/ | https://www.irvingmasjid.org/events/quran-literacy-program/
TX-0098,TX-0098-A,JC Sports Houston,,Humble,,TX,https://www.jcsportshouston.com/,jcsportshouston.com,Indoor,Confirmed Indoor,No,1,https://www.jcsportshouston.com/ | https://www.jcsportshouston.com/about-us | https://www.jcsportshouston.com/membership-cancellation | https://www.jcsportshouston.com/multi-sport-program | https://www.jcsportshouston.com/porter-newcaney-kingwood-programs | https://www.jcsportshouston.com/soccer-performance-program | https://www.jcsportshouston.com/upcoming-programs
TX-0099,TX-0099-A,"Jeep Dealership in Plano, TX",,Plano,,TX,https://www.huffineschryslerjeepdodgeramplano.com/,huffineschryslerjeepdodgeramplano.com,Indoor,Confirmed Indoor,No,1,https://www.huffineschryslerjeepdodgeramplano.com/ | https://www.huffineschryslerjeepdodgeramplano.com/chrysler-certified-program.htm | https://www.huffineschryslerjeepdodgeramplano.com/huffines-certified-pre-owned-program.htm | https://www.huffineschryslerjeepdodgeramplano.com/huffines-commercial-program.htm | https://www.huffineschryslerjeepdodgeramplano.com/special-programs.htm | https://www.huffineschryslerjeepdodgeramplano.com/global-incentives/index.htm
TX-0100,TX-0100-A,Joga Labs,5701 Egg Farm Rd,Fort Worth,76244,TX,https://jogalab.com/,jogalab.com,Indoor,Confirmed Indoor,Yes,2,https://jogalab.com/ | https://jogalab.com/contact/ | https://jogalab.com/about/ | https://jogalab.com/futsal-directory/ | https://jogalab.com/amorim-press-conference-leadership-lessons/
TX-0100,TX-0100-B,Joga Labs,4200 Keller Haslet Rd,Keller,76244,TX,https://jogalab.com/,jogalab.com,Indoor,Confirmed Indoor,Yes,2,https://jogalab.com/ | https://jogalab.com/contact/ | https://jogalab.com/about/ | https://jogalab.com/futsal-directory/ | https://jogalab.com/amorim-press-conference-leadership-lessons/
TX-0101,TX-0101-A,John Paul II High School Athletics,,,,TX,https://jpiicardinals.org/,jpiicardinals.org,Indoor,Confirmed Indoor,No,1,https://jpiicardinals.org/
TX-0102,TX-0102-A,"Join our premier youth futsal league in Brownsville, TX, games on Sunday after 1pm!",1000 Sports Park Blvd,Brownsville,78526,TX,https://brownsvillefutsal.com/,brownsvillefutsal.com,Indoor,Confirmed Indoor,No,1,https://brownsvillefutsal.com/ | https://brownsvillefutsal.com/contact
TX-0103,TX-0103-A,Jumping World,,Houston,,TX,https://jwentertainment.com/,jwentertainment.com,Indoor,Confirmed Indoor,No,1,https://jwentertainment.com/ | https://jwentertainment.com/memberships/ | https://jwentertainment.com/contact/ | https://jwentertainment.com/attractions/main-court/ | https://jwentertainment.com/menus/ | https://jwentertainment.com/about-us/
TX-0104,TX-0104-A,Jungle Jam Party and Play,,Seguin,,TX,https://junglejamxtreme.com/,junglejamxtreme.com,Indoor,Confirmed Indoor,No,1,https://junglejamxtreme.com/ | https://junglejamxtreme.com/jjx-contact/ | https://junglejamxtreme.com/jjx-about/
TX-0105,TX-0105-A,Katy Indoor,,,,TX,https://www.katyindoor.com/,katyindoor.com,Indoor,Confirmed Indoor,No,1,https://www.katyindoor.com/
TX-0106,TX-0106-A,Kick,2502 Lawing Lane,Rowlett,,TX,https://www.kickemtrainingfacility.com/,kickemtrainingfacility.com,Indoor,Confirmed Indoor,No,1,https://www.kickemtrainingfacility.com/ | https://www.kickemtrainingfacility.com/about | https://www.kickemtrainingfacility.com/contact
TX-0107,TX-0107-A,Kids Out and About Dallas,,Dallas,,TX,https://dallas.kidsoutandabout.com/,kidsoutandabout.com,Indoor,Confirmed Indoor,No,1,https://dallas.kidsoutandabout.com/ | https://dallas.kidsoutandabout.com/content/how-list-your-organization-kidsoutandaboutcom-or-beyondthenestcom | https://dallas.kidsoutandabout.com/localadvertising | https://dallas.kidsoutandabout.com/content/annual-memberships-and-season-passes-dallas-area-attractions | https://dallas.kidsoutandabout.com/content/preschool-day-care-and-toddler-programs-and-around-dallas | https://dallas.kidsoutandabout.com/content/kidsoutandaboutcom-video-sneak-peek-private-school-experiences-dallas-area | https://dallas.kidsoutandabout.com/content/kidsoutandaboutcoms-guide-north-american-family-vacations
TX-0108,TX-0108-A,Kings & Queens Basketball Academy,,Little Elm,,TX,https://kingsandqueenssports.com/,kingsandqueenssports.com,Indoor,Confirmed Indoor,No,1,https://kingsandqueenssports.com/ | https://kingsandqueenssports.com/basketball-training-program/ | https://kingsandqueenssports.com/join-our-staff/ | https://kingsandqueenssports.com/about/ | https://kingsandqueenssports.com/about/team/ | https://kingsandqueenssports.com/contact-us/ | https://kingsandqueenssports.com/wp-content/uploads/2024/08/KINGS-ELITE-KING-OF-THE-COURT-2024-1-1024x1024.jpg
TX-0109,TX-0109-A,Kingwood Revolution Volleyball Club,,Porter,,TX,https://www.kingwoodrevolutionvbc.com/,kingwoodrevolutionvbc.com,Indoor,Confirmed Indoor,No,1,https://www.kingwoodrevolutionvbc.com/ | https://www.kingwoodrevolutionvbc.com/clubprogram | https://www.kingwoodrevolutionvbc.com/beach | https://www.kingwoodrevolutionvbc.com/sand | https://www.kingwoodrevolutionvbc.com/aboutus | https://user.sportngin.com/users/sign_in?user_return_to=https%3A%2F%2Fwww.kingwoodrevolutionvbc.com%2Fbeachsummerprograms
TX-0110,TX-0110-A,Kiskeya Athletics,,,,TX,https://www.kiskeyaathletics.com/,kiskeyaathletics.com,Indoor,Confirmed Indoor,No,1,https://www.kiskeyaathletics.com/ | https://www.kiskeyaathletics.com/summercamp | https://www.kiskeyaathletics.com/about | https://www.kiskeyaathletics.com/tennis
TX-0111,TX-0111-A,KRAKEN PADEL CLUB,,Farmers Branch,,TX,https://www.krakenpadelclub.com/,krakenpadelclub.com,Indoor,Confirmed Indoor,No,1,https://www.krakenpadelclub.com/ | https://www.krakenpadelclub.com/about
TX-0112,TX-0112-A,LAC - DISCOVER HOW LAC IS DIFFERENT,190 N. Bagdad Rd.,Leander,78641,TX,https://leanderathleticclub.com/,leanderathleticclub.com,Indoor,Confirmed Indoor,No,1,https://leanderathleticclub.com/ | https://leanderathleticclub.com/our-team/ | https://leanderathleticclub.com/contact/
TX-0113,TX-0113-A,Legacy Beach Volleyball Club,8631 Cedar Creek Rd,Temple,76504,TX,https://legacybeachvolleyball.com/,legacybeachvolleyball.com,Indoor,Confirmed Indoor,No,1,https://legacybeachvolleyball.com/ | https://legacybeachvolleyball.com/court-rentals
TX-0114,TX-0114-A,Lewisville Badminton Center,2801 Rockbrook Dr,Lewisville,75067,TX,https://lewisvillebadmintoncenter.com/,lewisvillebadmintoncenter.com,Indoor,Confirmed Indoor,No,1,https://lewisvillebadmintoncenter.com/ | https://lewisvillebadmintoncenter.com/about-us/ | https://lewisvillebadmintoncenter.com/our-facility-and-gym-regulations/ | https://lewisvillebadmintoncenter.com/our-team/ | https://lewisvillebadmintoncenter.com/contact-us-2/ | https://lewisvillebadmintoncenter.com/court-rental/ | https://lewisvillebadmintoncenter.com/memberships/
TX-0115,TX-0115-A,Liberty Hill Athletics,,Liberty Hill,,TX,https://libertyhillathletics.com/,libertyhillathletics.com,Indoor,Confirmed Indoor,No,1,https://libertyhillathletics.com/ | https://libertyhillathletics.com/membership/ | https://libertyhillathletics.com/facilities/ | https://libertyhillathletics.com/contact/ | https://libertyhillathletics.com/book/ | https://libertyhillathletics.com/3v3-league
TX-0116,TX-0116-A,Lieberman Elite,,Frisco,,TX,https://www.liebermanelite.org/,liebermanelite.org,Indoor,Confirmed Indoor,No,1,https://www.liebermanelite.org/ | https://www.liebermanelite.org/training-and-programs | https://www.liebermanelite.org/team | https://www.liebermanelite.org/contact
TX-0117,TX-0117-A,"Little Elm High School (Little Elm, TX) Athletics",,Little Elm,,TX,https://www.littleelmlobosportsnetwork.com/,littleelmisd.net,Indoor,Confirmed Indoor,No,1,https://www.littleelmlobosportsnetwork.com/ | https://www.littleelmlobosportsnetwork.com/directory | https://www.littleelmlobosportsnetwork.com/facilities
TX-0118,TX-0118-A,Logo,,Granbury,,TX,https://www.txhopclub.com/,txhopclub.com,Indoor,Confirmed Indoor,No,1,https://www.txhopclub.com/ | https://www.txhopclub.com/about-tx-hop-club | https://www.txhopclub.com/membership | https://www.txhopclub.com/contact-us
TX-0119,TX-0119-A,Lonestar Sports & Social Club,,,,TX,https://lonestarssc.com/,lonestarssc.com,Indoor,Confirmed Indoor,No,1,https://lonestarssc.com/ | https://lonestarssc.com/help/
TX-0120,TX-0120-A,Longview Tennis Association,,Longview,,TX,https://longviewtennis.net/,longviewtennis.net,Indoor,Confirmed Indoor,No,1,https://longviewtennis.net/ | https://longviewtennis.net/courts | https://longviewtennis.net/info | https://longviewtennis.net/membership | https://longviewtennis.net/login
TX-0121,TX-0121-A,Lubbock Indoor Pickleball,,,,TX,https://liplbk.com/,liplbk.com,Indoor,Confirmed Indoor,No,1,https://liplbk.com/ | https://liplbk.com/contact-community/ | https://liplbk.com/the-facility/
TX-0122,TX-0122-A,"Lufkin, Texas",1 2 3 Find Us. 900 Crown Colony Dr,Lufkin,75901,TX,https://crown-colony.com/,crown-colony.com,Indoor,Confirmed Indoor,Yes,2,https://crown-colony.com/ | https://crown-colony.com/membership | https://crown-colony.com/aboutus | https://crown-colony.com/aboutus/staff-club | https://crown-colony.com/staging/membership
TX-0122,TX-0122-B,"Lufkin, Texas",900 Crown Colony Drive,Lufkin,75901,TX,https://crown-colony.com/,crown-colony.com,Indoor,Confirmed Indoor,Yes,2,https://crown-colony.com/ | https://crown-colony.com/membership | https://crown-colony.com/aboutus | https://crown-colony.com/aboutus/staff-club | https://crown-colony.com/staging/membership
TX-0123,TX-0123-A,LVL UP,,Texas City,,TX,https://lvlupfun.com/,lvlupfun.com,Indoor,Confirmed Indoor,No,1,https://lvlupfun.com/ | https://lvlupfun.com/contact-us/
TX-0124,TX-0124-A,MaxPreps.com,,Dallas,,TX,https://www.maxpreps.com/,maxpreps.com,Indoor,Confirmed Indoor,No,1,https://www.maxpreps.com/ | https://www.maxpreps.com/news/0ZNdTZAQtkCHDvYnglp8Sg/high-school-volleyball-sophee-peterson-headlines-top-10-senior-setters-heading-into-2026-season.htm
TX-0125,TX-0125-A,Mckinney Badminton Center,1650 Corporate Dr,McKinney,75069,TX,https://mckinneybadmintoncenter.com/,mckinneybadmintoncenter.com,Indoor,Confirmed Indoor,Yes,2,https://mckinneybadmintoncenter.com/ | https://mckinneybadmintoncenter.com/about-us | https://mckinneybadmintoncenter.com/our-facility-and-gym-regulations | https://mckinneybadmintoncenter.com/our-team | https://mckinneybadmintoncenter.com/contact-us | https://mckinneybadmintoncenter.com/staging/memberships | https://mckinneybadmintoncenter.com/staging/court-rental
TX-0125,TX-0125-B,Mckinney Badminton Center,1680 Corporate Dr,McKinney,75069,TX,https://mckinneybadmintoncenter.com/,mckinneybadmintoncenter.com,Indoor,Confirmed Indoor,Yes,2,https://mckinneybadmintoncenter.com/ | https://mckinneybadmintoncenter.com/about-us | https://mckinneybadmintoncenter.com/our-facility-and-gym-regulations | https://mckinneybadmintoncenter.com/our-team | https://mckinneybadmintoncenter.com/contact-us | https://mckinneybadmintoncenter.com/staging/memberships | https://mckinneybadmintoncenter.com/staging/court-rental
TX-0126,TX-0126-A,Mill Street Youth Center - NBYC,,New Braunfels,,TX,https://millstreetyouth.com/,millstreetyouth.com,Indoor,Confirmed Indoor,No,1,https://millstreetyouth.com/ | https://millstreetyouth.com/gym-rentals/ | https://millstreetyouth.com/center-rentals/ | https://millstreetyouth.com/contact-us/ | https://millstreetyouth.com/sign-up-waivers/
TX-0127,TX-0127-A,Moco Mavs,2007 Riley Fuzzel Rd,Spring,77386,TX,https://mocomavs.com/,mocomavs.com,Indoor,Confirmed Indoor,No,1,https://mocomavs.com/ | https://mocomavs.com/youth-programs/ | https://mocomavs.com/staff/ | https://mocomavs.com/facility/ | https://mocomavs.com/contact-us/
TX-0128,TX-0128-A,Movie Showtimes & Tickets,,,,TX,https://www.bbtheatres.com/,bbtheatres.com,Indoor,Confirmed Indoor,No,1,https://www.bbtheatres.com/ | https://www.bbtheatres.com/backstage-about/ | https://www.bbtheatres.com/about/ | https://www.bbtheatres.com/contact-us/
TX-0129,TX-0129-A,My Best Houston,,Houston,,TX,https://mybesthouston.com/,mybesthouston.com,Indoor,Confirmed Indoor,No,1,https://mybesthouston.com/
TX-0130,TX-0130-A,My Tennis Wall,1301 640 W 6th St,Houston,,TX,https://www.mytenniswall.com/,mytenniswall.com,Indoor,Confirmed Indoor,No,1,https://www.mytenniswall.com/ | https://www.mytenniswall.com/our-team-1 | https://www.mytenniswall.com/our-team | https://www.mytenniswall.com/contact-2 | https://www.mytenniswall.com/programming-4 | https://www.mytenniswall.com/programming-2 | https://www.mytenniswall.com/programming-3
TX-0131,TX-0131-A,NBC 5 Dallas-Fort Worth,,Dallas,,TX,https://www.nbcdfw.com/,nbcdfw.com,Indoor,Confirmed Indoor,No,1,https://www.nbcdfw.com/ | https://www.nbcdfw.com/about-nbc-5/community/donate-emergency-supplies-for-pets-and-families-affected-by-the-central-texas-floods/4051121/ | https://www.nbcdfw.com/about-nbc-5/community/fighting-hunger/nbc-5-kroger-fighting-hunger-end-hunger-now-campaign/3944292/ | https://www.nbcdfw.com/video/news/local/dallas-law-enforcement-speak-about-shooting-at-north-dallas-walmart/4059292/ | https://www.nbcdfw.com/video/news/politics/lone-star-politics/running-for-mayor-hinojosa-worries-about-the-adults-in-dallas/4058014/ | https://www.nbcdfw.com/news/local/carter-in-the-classroom/dallas-isd-starts-school-in-july-for-20-campuses-as-part-of-state-program/4055278/ | https://www.nbcdfw.com/about-nbc-5/community/
TX-0132,TX-0132-A,Nederland High School,2101 N 18th St,Nederland,77627,TX,https://nhs.nederlandisd.org/,nhs.nederlandisd.org,Indoor,Confirmed Indoor,Yes,7,https://nhs.nederlandisd.org/ | https://nhs.nederlandisd.org/campus-information/contact-phone-numbers | https://nhs.nederlandisd.org/campus-departments/athletic-dept | https://nhs.nederlandisd.org/campus-departments/administration-staff | https://nhs.nederlandisd.org/campus-departments/cte-career-and-technical-education/cte-programs-of-study | https://nhs.nederlandisd.org/staff
TX-0132,TX-0132-B,Nederland High School,220 N 17th St,Nederland,77627,TX,https://nhs.nederlandisd.org/,nhs.nederlandisd.org,Indoor,Confirmed Indoor,Yes,7,https://nhs.nederlandisd.org/ | https://nhs.nederlandisd.org/campus-information/contact-phone-numbers | https://nhs.nederlandisd.org/campus-departments/athletic-dept | https://nhs.nederlandisd.org/campus-departments/administration-staff | https://nhs.nederlandisd.org/campus-departments/cte-career-and-technical-education/cte-programs-of-study | https://nhs.nederlandisd.org/staff
TX-0132,TX-0132-C,Nederland High School,10220 Blackhawk Blvd,Houston,77089,TX,https://nhs.nederlandisd.org/,nhs.nederlandisd.org,Indoor,Confirmed Indoor,Yes,7,https://nhs.nederlandisd.org/ | https://nhs.nederlandisd.org/campus-information/contact-phone-numbers | https://nhs.nederlandisd.org/campus-departments/athletic-dept | https://nhs.nederlandisd.org/campus-departments/administration-staff | https://nhs.nederlandisd.org/campus-departments/cte-career-and-technical-education/cte-programs-of-study | https://nhs.nederlandisd.org/staff
TX-0132,TX-0132-D,Nederland High School,25400 Willy Ln,Huffman,77336,TX,https://nhs.nederlandisd.org/,nhs.nederlandisd.org,Indoor,Confirmed Indoor,Yes,7,https://nhs.nederlandisd.org/ | https://nhs.nederlandisd.org/campus-information/contact-phone-numbers | https://nhs.nederlandisd.org/campus-departments/athletic-dept | https://nhs.nederlandisd.org/campus-departments/administration-staff | https://nhs.nederlandisd.org/campus-departments/cte-career-and-technical-education/cte-programs-of-study | https://nhs.nederlandisd.org/staff
TX-0132,TX-0132-E,Nederland High School,710 W San Augustine St,Deer Park,77536,TX,https://nhs.nederlandisd.org/,nhs.nederlandisd.org,Indoor,Confirmed Indoor,Yes,7,https://nhs.nederlandisd.org/ | https://nhs.nederlandisd.org/campus-information/contact-phone-numbers | https://nhs.nederlandisd.org/campus-departments/athletic-dept | https://nhs.nederlandisd.org/campus-departments/administration-staff | https://nhs.nederlandisd.org/campus-departments/cte-career-and-technical-education/cte-programs-of-study | https://nhs.nederlandisd.org/staff
TX-0132,TX-0132-F,Nederland High School,1401 Merriman St,Port Neches,77651,TX,https://nhs.nederlandisd.org/,nhs.nederlandisd.org,Indoor,Confirmed Indoor,Yes,7,https://nhs.nederlandisd.org/ | https://nhs.nederlandisd.org/campus-information/contact-phone-numbers | https://nhs.nederlandisd.org/campus-departments/athletic-dept | https://nhs.nederlandisd.org/campus-departments/administration-staff | https://nhs.nederlandisd.org/campus-departments/cte-career-and-technical-education/cte-programs-of-study | https://nhs.nederlandisd.org/staff
TX-0132,TX-0132-G,Nederland High School,205 21st St,Nederland,77627,TX,https://nhs.nederlandisd.org/,nhs.nederlandisd.org,Indoor,Confirmed Indoor,Yes,7,https://nhs.nederlandisd.org/ | https://nhs.nederlandisd.org/campus-information/contact-phone-numbers | https://nhs.nederlandisd.org/campus-departments/athletic-dept | https://nhs.nederlandisd.org/campus-departments/administration-staff | https://nhs.nederlandisd.org/campus-departments/cte-career-and-technical-education/cte-programs-of-study | https://nhs.nederlandisd.org/staff
TX-0133,TX-0133-A,newbraunfels-tickets,2026 schedule in New Braunfels 100 Montana St,San Antonio,,TX,https://alamodome.newbraunfels-tickets.com/,newbraunfels-tickets.com,Indoor,Confirmed Indoor,No,1,https://alamodome.newbraunfels-tickets.com/
TX-0134,TX-0134-A,newswest9.com,,Midland,,TX,https://www.newswest9.com/,newswest9.com,Indoor,Confirmed Indoor,No,1,https://www.newswest9.com/ | https://www.newswest9.com/about-us | https://www.newswest9.com/contact-us | https://www.newswest9.com/meet-the-team
TX-0135,TX-0135-A,NEXO,,Conroe,,TX,https://www.nexosoccer.com/,totaltechskills.com,Indoor,Confirmed Indoor,No,1,https://www.nexosoccer.com/
TX-0136,TX-0136-A,NFHS Network,,PM CDT Tivoli,,TX,https://www.nfhsnetwork.com/,nfhsnetwork.com,Indoor,Confirmed Indoor,No,1,https://www.nfhsnetwork.com/ | https://www.nfhsnetwork.com/supportprogram
TX-0137,TX-0137-A,No Limit Sports Academy | NLS,9934 Jones Rd,Houston,77065,TX,https://www.nolimitsportsacademy.com/,nolimitsportsacademy.com,Indoor,Confirmed Indoor,No,1,https://www.nolimitsportsacademy.com/ | https://www.nolimitsportsacademy.com/programs | https://www.nolimitsportsacademy.com/rentals
TX-0138,TX-0138-A,NYTEX Sports Centre,,North Richland Hills,,TX,https://nytex.hockeyshift.com/,nytex.hockeyshift.com,Indoor,Confirmed Indoor,No,1,https://nytex.hockeyshift.com/ | https://nytex.hockeyshift.com/about | https://nytex.hockeyshift.com/staff | https://nytex.hockeyshift.com/contact
TX-0139,TX-0139-A,Olliewoods Oasis,,,,TX,https://www.olliewoods.com/,olliewoods.com,Indoor,Confirmed Indoor,No,1,https://www.olliewoods.com/ | https://www.olliewoods.com/about | https://www.olliewoods.com/pickleball
TX-0140,TX-0140-A,Orange Padel,,,,TX,https://www.orangepadel.us/,orangepadel.us,Indoor,Confirmed Indoor,No,1,https://www.orangepadel.us/ | https://www.orangepadel.us/contactus
TX-0141,TX-0141-A,Pacepickle.com,830 Katy Fort Bend Rd,Katy,77494,TX,https://pacepickle.com/,pacepickle.com,Indoor,Confirmed Indoor,No,1,https://pacepickle.com/ | https://pacepickle.com/pages/memberships | https://pacepickle.com/pages/contact-us | https://pacepickle.com/pages/intro-to-pickleball
TX-0142,TX-0142-A,Padel 956,,McAllen,,TX,https://www.956padel.com/,padel956.com,Indoor,Confirmed Indoor,No,1,https://www.956padel.com/
TX-0143,TX-0143-A,Padel Society,6320 East Stassney Lane,Austin,78744,TX,https://padelsociety.ai/,padelsociety.ai,Indoor,Confirmed Indoor,No,1,https://padelsociety.ai/ | https://padelsociety.ai/founding
TX-0144,TX-0144-A,Padelton,4700 Alpha Rd,Farmers Branch,75244,TX,https://padelton.com/,padelton.com,Indoor,Confirmed Indoor,No,1,https://padelton.com/
TX-0145,TX-0145-A,Paris Saint-Germain Academy Houston Soccer Club,,,,TX,https://www.psgacademyhouston.com/,psgacademyhouston.com,Indoor,Confirmed Indoor,No,1,https://www.psgacademyhouston.com/ | https://www.psgacademyhouston.com/about/ | https://www.psgacademyhouston.com/field-rental/ | https://www.psgacademyhouston.com/contact/
TX-0146,TX-0146-A,Pasadena ISD,,Pasadena,,TX,https://pasadenaisd.org/,pasadenaisd.org,Indoor,Confirmed Indoor,No,1,https://pasadenaisd.org/ | https://www.parentsquare.com/cms/signin?client_id=Up2PP-o1LRsjOSK62XktfPujIlB-4URqGYspXaQu-eQ&enable_google_sso=true&enable_ms_sso=true&redirect_uri=https%3A%2F%2Fsmartsites.parentsquare.com%2Fservices%2Fauth%2FParentSquareCallback.php%3Fstate%3DeyJhY3Rpb24iOiJpbnRyYW5ldCIsInNpdGUiOjM2OTksImxvY2tlZF9wYWdlIjoiNDE1NDhfMiJ9&response_type=code&school_name=&scope=tenant%3At-a7d5-4a77%3A+self+groups | https://pasadenaisd.org/administration | https://www.pasadenaisd.org/contact | https://pasadenaisd.org/instructionalleadership | https://pasadenaisd.org/12917_4
TX-0147,TX-0147-A,PGC Basketball,,Arlington,,TX,https://pgcbasketball.com/,pgcbasketball.com,Indoor,Confirmed Indoor,No,1,https://pgcbasketball.com/ | https://pgcbasketball.com/partner-program/ | https://pgcbasketball.com/about-us/our-mission/ | https://pgcbasketball.com/about-us/our-team/ | https://pgcbasketball.com/contact-us/ | https://pgcbasketball.com/about-us/success-stories-and-feedback/ | https://pgcbasketball.com/about-us/camp-experiences/
TX-0148,TX-0148-A,Pickle Pit Stop,12915 Nutty Brown Rd,Austin,78737,TX,https://www.picklepitstop.com/,picklepitstop.com,Indoor,Confirmed Indoor,Yes,2,https://www.picklepitstop.com/ | https://www.picklepitstop.com/book-your-session/courtreserve-reservations-calendar | https://www.picklepitstop.com/book-your-session/courtreserve-open-play-calendar | https://www.picklepitstop.com/contact-us | https://www.picklepitstop.com/contact-us/about-us
TX-0148,TX-0148-B,Pickle Pit Stop,3000 12915 Nutty Brown Rd,Austin,78737,TX,https://www.picklepitstop.com/,picklepitstop.com,Indoor,Confirmed Indoor,Yes,2,https://www.picklepitstop.com/ | https://www.picklepitstop.com/book-your-session/courtreserve-reservations-calendar | https://www.picklepitstop.com/book-your-session/courtreserve-open-play-calendar | https://www.picklepitstop.com/contact-us | https://www.picklepitstop.com/contact-us/about-us
TX-0149,TX-0149-A,Pickle Point USA,23437 Clay Road,Katy,,TX,https://clubpicklepoint.com/,clubpicklepoint.com,Indoor,Confirmed Indoor,No,1,https://clubpicklepoint.com/ | https://clubpicklepoint.com/learn/ | https://clubpicklepoint.com/contact-us/ | https://clubpicklepoint.com/join/
TX-0150,TX-0150-A,Pickleball 336,,Conroe,,TX,https://www.pickleball336.com/,pickleball336.com,Indoor,Confirmed Indoor,No,1,https://www.pickleball336.com/ | https://www.pickleball336.com/about-5 | https://www.pickleball336.com/pricing-plans/list | https://www.pickleball336.com/contact-8 | https://www.pickleball336.com/booking-calendar/court-rental | https://www.pickleball336.com/booking-calendar/after-school-pickleball-program | https://www.pickleball336.com/service-page/after-school-pickleball-program
TX-0151,TX-0151-A,"Pickleball and Tennis Programs in the Philadelphia Suburbs, Jersey Shore, Texas & Florida",,Prosper,,TX,https://universalrackets.com/,universalrackets.com,Indoor,Confirmed Indoor,No,1,https://universalrackets.com/ | https://universalrackets.com/find-a-program | https://universalrackets.com/about | https://universalrackets.com/contact
TX-0152,TX-0152-A,Pickleball Country Club,10506 Kinghurst Dr,Houston,77099,TX,https://pickleball-cc.com/,pickleball-cc.com,Indoor,Confirmed Indoor,No,1,https://pickleball-cc.com/ | https://pickleball-cc.com/membership/
TX-0153,TX-0153-A,Pickleball Kingdom,,Pflugerville,,TX,https://events.pickleballkingdompf.com/,events.pickleballkingdompf.com,Indoor,Confirmed Indoor,No,1,https://events.pickleballkingdompf.com/
TX-0154,TX-0154-A,Pickleball Village,6541 Stockdick School Road,Katy,,TX,https://www.pickleball-village.com/,pickleball-village.com,Indoor,Confirmed Indoor,No,1,https://www.pickleball-village.com/ | https://www.pickleball-village.com/membership | https://www.pickleball-village.com/programs | https://www.pickleball-village.com/contact
TX-0155,TX-0155-A,PICKLER UNIVERSE,,Carrollton,,TX,https://www.pickleruniverse.com/,pickleruniverse.com,Indoor,Confirmed Indoor,No,1,https://www.pickleruniverse.com/ | https://www.pickleruniverse.com/memberships | https://www.pickleruniverse.com/about-us | https://www.pickleruniverse.com/locations
TX-0156,TX-0156-A,Plano Day School,,Plano,,TX,https://www.planodayschool.com/,planodayschool.com,Indoor,Confirmed Indoor,No,1,https://www.planodayschool.com/ | https://www.planodayschool.com/about | https://www.planodayschool.com/programs/early-preschool | https://www.planodayschool.com/programs/preschool | https://www.planodayschool.com/programs/pre-kindergarten | https://www.planodayschool.com/programs/kindergarten | https://www.planodayschool.com/programs/after-school
TX-0157,TX-0157-A,Platinum Sports SA,,San Antonio,,TX,https://www.platinumsportssa.com/,platinumsportssa.com,Indoor,Confirmed Indoor,No,1,https://www.platinumsportssa.com/ | https://www.platinumsportssa.com/about
TX-0158,TX-0158-A,Play Futsal in Houston,,Houston,,TX,https://www.houstontownfutsal.com/,houstontownfutsal.com,Indoor,Confirmed Indoor,No,1,https://www.houstontownfutsal.com/ | https://www.houstontownfutsal.com/about-htfl/ | https://www.houstontownfutsal.com/contact-us/
TX-0159,TX-0159-A,Preston Playhouse,,,,TX,https://www.prestonpickleball.com/,prestonpickleball.com,Indoor,Confirmed Indoor,No,1,https://www.prestonpickleball.com/ | https://www.prestonpickleball.com/contact | https://www.prestonpickleball.com/about
TX-0160,TX-0160-A,Pritchard Associates,,Dallas,,TX,https://pritchardassociates.com/,pritchardassociates.com,Indoor,Confirmed Indoor,No,1,https://pritchardassociates.com/ | https://pritchardassociates.com/about-pritchard-associates-dallas-austin-owners-rep-since-1994/ | https://pritchardassociates.com/our-team/ | https://pritchardassociates.com/services/development-management/ | https://pritchardassociates.com/services/project-management/ | https://pritchardassociates.com/services/construction-management/ | https://pritchardassociates.com/services/program-management/
TX-0161,TX-0161-A,Propel Futsal and Soccer Academy,,Missouri City,,TX,https://propelfutsalsoccer.org/,propelfutsalsoccer.org,Indoor,Confirmed Indoor,No,1,https://propelfutsalsoccer.org/ | https://propelfutsalsoccer.org/about-us/ | https://propelfutsalsoccer.org/facilities/ | https://propelfutsalsoccer.org/now-hiring/
TX-0162,TX-0162-A,Registration,855416 5702 Alpha Rd,Dallas,75240,TX,https://ntr.vstarvolleyball.com/,ntr.vstarvolleyball.com,Indoor,Confirmed Indoor,Yes,12,https://ntr.vstarvolleyball.com/ | https://ntr.vstarvolleyball.com/Internet/club_public_contacts.php | https://ntr.vstarvolleyball.com/Internet/club_public_contacts_none_region.php
TX-0162,TX-0162-B,Registration,3380 4200 Keller Haslet Rd,Keller,76244,TX,https://ntr.vstarvolleyball.com/,ntr.vstarvolleyball.com,Indoor,Confirmed Indoor,Yes,12,https://ntr.vstarvolleyball.com/ | https://ntr.vstarvolleyball.com/Internet/club_public_contacts.php | https://ntr.vstarvolleyball.com/Internet/club_public_contacts_none_region.php
TX-0162,TX-0162-C,Registration,218800 6300 Flyers Way,Frisco,75033,TX,https://ntr.vstarvolleyball.com/,ntr.vstarvolleyball.com,Indoor,Confirmed Indoor,Yes,12,https://ntr.vstarvolleyball.com/ | https://ntr.vstarvolleyball.com/Internet/club_public_contacts.php | https://ntr.vstarvolleyball.com/Internet/club_public_contacts_none_region.php
TX-0162,TX-0162-D,Registration,053733 1855 Lone Star Rd,Mansfield,76063,TX,https://ntr.vstarvolleyball.com/,ntr.vstarvolleyball.com,Indoor,Confirmed Indoor,Yes,12,https://ntr.vstarvolleyball.com/ | https://ntr.vstarvolleyball.com/Internet/club_public_contacts.php | https://ntr.vstarvolleyball.com/Internet/club_public_contacts_none_region.php
TX-0162,TX-0162-E,Registration,9472 3120 E Pioneer Pkwy,Arlington,76010,TX,https://ntr.vstarvolleyball.com/,ntr.vstarvolleyball.com,Indoor,Confirmed Indoor,Yes,12,https://ntr.vstarvolleyball.com/ | https://ntr.vstarvolleyball.com/Internet/club_public_contacts.php | https://ntr.vstarvolleyball.com/Internet/club_public_contacts_none_region.php
TX-0162,TX-0162-F,Registration,378790 1211 S. Clay St.,Ennis,75119,TX,https://ntr.vstarvolleyball.com/,ntr.vstarvolleyball.com,Indoor,Confirmed Indoor,Yes,12,https://ntr.vstarvolleyball.com/ | https://ntr.vstarvolleyball.com/Internet/club_public_contacts.php | https://ntr.vstarvolleyball.com/Internet/club_public_contacts_none_region.php
TX-0162,TX-0162-G,Registration,501 N Clay St,Ennis,75119,TX,https://ntr.vstarvolleyball.com/,ntr.vstarvolleyball.com,Indoor,Confirmed Indoor,Yes,12,https://ntr.vstarvolleyball.com/ | https://ntr.vstarvolleyball.com/Internet/club_public_contacts.php | https://ntr.vstarvolleyball.com/Internet/club_public_contacts_none_region.php
TX-0162,TX-0162-H,Registration,2200 W Lampasas St,Ennis,75119,TX,https://ntr.vstarvolleyball.com/,ntr.vstarvolleyball.com,Indoor,Confirmed Indoor,Yes,12,https://ntr.vstarvolleyball.com/ | https://ntr.vstarvolleyball.com/Internet/club_public_contacts.php | https://ntr.vstarvolleyball.com/Internet/club_public_contacts_none_region.php
TX-0162,TX-0162-I,Registration,703 200 2705 1305 N Center St,Arlington,76011,TX,https://ntr.vstarvolleyball.com/,ntr.vstarvolleyball.com,Indoor,Confirmed Indoor,Yes,12,https://ntr.vstarvolleyball.com/ | https://ntr.vstarvolleyball.com/Internet/club_public_contacts.php | https://ntr.vstarvolleyball.com/Internet/club_public_contacts_none_region.php
TX-0162,TX-0162-J,Registration,7758 2710 Belt Line Rd,Garland,75044,TX,https://ntr.vstarvolleyball.com/,ntr.vstarvolleyball.com,Indoor,Confirmed Indoor,Yes,12,https://ntr.vstarvolleyball.com/ | https://ntr.vstarvolleyball.com/Internet/club_public_contacts.php | https://ntr.vstarvolleyball.com/Internet/club_public_contacts_none_region.php
TX-0162,TX-0162-K,Registration,571132 2621 Summit Ave,Plano,,TX,https://ntr.vstarvolleyball.com/,ntr.vstarvolleyball.com,Indoor,Confirmed Indoor,Yes,12,https://ntr.vstarvolleyball.com/ | https://ntr.vstarvolleyball.com/Internet/club_public_contacts.php | https://ntr.vstarvolleyball.com/Internet/club_public_contacts_none_region.php
TX-0162,TX-0162-L,Registration,750 100 Clariden Ranch Rd,Southlake,,TX,https://ntr.vstarvolleyball.com/,ntr.vstarvolleyball.com,Indoor,Confirmed Indoor,Yes,12,https://ntr.vstarvolleyball.com/ | https://ntr.vstarvolleyball.com/Internet/club_public_contacts.php | https://ntr.vstarvolleyball.com/Internet/club_public_contacts_none_region.php
TX-0163,TX-0163-A,RGV Pickle,,Harlingen,,TX,https://rgvpickle.com/,rgvpickle.com,Indoor,Confirmed Indoor,No,1,https://rgvpickle.com/ | https://rgvpickle.com/about-us | https://rgvpickle.com/contact-us | https://rgvpickle.com/membership
TX-0164,TX-0164-A,River's Edge Sports Complex,422 River Trace Dr,Richmond,77406,TX,https://rivers-complex-richmond.edan.io/,rivers-complex-richmond.edan.io,Indoor,Confirmed Indoor,No,1,https://rivers-complex-richmond.edan.io/
TX-0165,TX-0165-A,Robson Ranch Denton TX,,Denton,,TX,https://www.robsonranchhoa.org/,robsonranchhoa.org,Indoor,Confirmed Indoor,No,1,https://www.robsonranchhoa.org/ | https://www.robsonranchhoa.org/web/robson-ranch-denton-tx/login?p_p_id=com_liferay_login_web_portlet_LoginPortlet&p_p_lifecycle=0&_com_liferay_login_web_portlet_LoginPortlet_redirect=%2Fdocuments%2F41603%2F465462%2FFACILITIES%2BUSE%2BHANDBOOK--Version%2B06.03.05.pdf
TX-0166,TX-0166-A,Sam Houston State University,,Conroe,,TX,https://events.shsu.edu/,shsu.edu,Indoor,Confirmed Indoor,No,1,https://events.shsu.edu/ | https://events.shsu.edu/event/at-still-birthday-bash
TX-0167,TX-0167-A,San Antonio Table Tennis Club,,San Antonio,,TX,https://www.satabletennis.org/,satabletennis.org,Indoor,Confirmed Indoor,No,1,https://www.satabletennis.org/ | https://www.satabletennis.org/about | https://www.satabletennis.org/membership | https://www.satabletennis.org/contact-us
TX-0168,TX-0168-A,"Serve & Sip | Pickleball, Dining & Social Club",,Dallas,,TX,https://serveandsip.com/,serveandsip.com,Indoor,Confirmed Indoor,No,1,https://serveandsip.com/ | https://serveandsip.com/membership/
TX-0169,TX-0169-A,Shvimply,,,,TX,https://shvimply.com/,shvimply.com,Indoor,Confirmed Indoor,No,1,https://shvimply.com/ | https://shvimply.com/tennis | https://shvimply.com/pickleball | https://shvimply.com/hoops
TX-0170,TX-0170-A,SIMPOINT STUDIO,,Flower Mound,,TX,https://www.simpoint.studio/,simpoint.studio,Indoor,Confirmed Indoor,No,1,https://www.simpoint.studio/ | https://www.simpoint.studio/contact-us
TX-0171,TX-0171-A,Sky High Volleyball,,Dallas,,TX,https://www.skyhighvolleyball.org/,skyhighvolleyball.org,Indoor,Confirmed Indoor,No,1,https://www.skyhighvolleyball.org/ | https://www.skyhighvolleyball.org/about/about-us/28495 | https://www.skyhighvolleyball.org/about/advisory-board/29310 | https://www.skyhighvolleyball.org/about/donations/64269 | https://www.skyhighvolleyball.org/about/history/29321 | https://www.skyhighvolleyball.org/about/job-opportunities/29322
TX-0172,TX-0172-A,Slam Pickleball Club,,Helotes,,TX,https://slampickleballclub.com/,slampickleballclub.com,Indoor,Confirmed Indoor,No,1,https://slampickleballclub.com/ | https://slampickleballclub.com/about-us/ | https://slampickleballclub.com/facility/ | https://slampickleballclub.com/memberships/ | https://slampickleballclub.com/contact-us/
TX-0173,TX-0173-A,SLAMMIN,,Tomball,,TX,https://www.slamminpickle.com/,slamminpickle.com,Indoor,Confirmed Indoor,No,1,https://www.slamminpickle.com/
TX-0174,TX-0174-A,Smash Sports,1855 Lone Star Rd,Mansfield,,TX,https://playsmashsports.com/,playsmashsports.com,Indoor,Confirmed Indoor,No,1,https://playsmashsports.com/ | https://playsmashsports.com/about-us/ | https://playsmashsports.com/contact-us/
TX-0175,TX-0175-A,Soccer Pups,,Cedar Park,,TX,https://soccerpups.com/,soccerpups.com,Indoor,Confirmed Indoor,No,1,https://soccerpups.com/ | https://soccerpups.com/who-are-we/ | https://soccerpups.com/contact/
TX-0176,TX-0176-A,Spike Sport,,Missouri City,,TX,https://www.spikesport.com/,spikesport.com,Indoor,Confirmed Indoor,No,1,https://www.spikesport.com/ | https://www.spikesport.com/pre-club-5th-7th-grade/ | https://www.spikesport.com/court-rental/ | https://www.spikesport.com/court-rental-2/ | https://www.spikesport.com/contact-us/ | https://www.spikesport.com/sunday-training-camp/ | https://www.spikesport.com/adult-tournament/
TX-0177,TX-0177-A,Sport Union,4721 Callaghan Road,San Antonio,78228,TX,https://www.sportunion.us/,sportunion.us,Indoor,Confirmed Indoor,No,1,https://www.sportunion.us/ | https://www.sportunion.us/contact | https://www.sportunion.us/company-sports-management-assoc-inc-in-silver-spring-md-49380 | https://www.sportunion.us/branch-exercise-physical-fitness-programs | https://www.sportunion.us/branch-health-fitness-program-consultants | https://www.sportunion.us/branch-skiing-equipment-rental | https://www.sportunion.us/branch-tennis-courts-private
TX-0178,TX-0178-A,"Sports Training, Indoor Sports Facility",,Victoria,,TX,https://www.crossroadssportscenter.com/,crossroadssportscenter.com,Indoor,Confirmed Indoor,No,1,https://www.crossroadssportscenter.com/ | https://www.crossroadssportscenter.com/csc-travel-teams | https://www.crossroadssportscenter.com/rent-the-facility | https://www.crossroadssportscenter.com/contact | https://www.crossroadssportscenter.com/staff
TX-0179,TX-0179-A,Sportsmonkey,,Houston,,TX,https://www.sportsmonkey.com/,sportsmonkey.com,Indoor,Confirmed Indoor,No,1,https://www.sportsmonkey.com/ | https://www.sportsmonkey.com/page/About | https://www.sportsmonkey.com/page/Staff
TX-0180,TX-0180-A,Spring Branch Tennis,,Spring Branch,,TX,https://www.springbranchtennis.com/,springbranchtennis.com,Indoor,Confirmed Indoor,No,1,https://www.springbranchtennis.com/ | https://www.springbranchtennis.com/about | https://www.springbranchtennis.com/membership | https://www.springbranchtennis.com/juniorprograms | https://www.springbranchtennis.com/adultprograms | https://www.springbranchtennis.com/contact-10
TX-0181,TX-0181-A,Stampede Sports Arena,,Southlake,,TX,https://www.stampedesports.com/,stampedesports.com,Indoor,Confirmed Indoor,No,1,https://www.stampedesports.com/ | https://www.stampedesports.com/field-rentals | https://www.stampedesports.com/contact-us
TX-0182,TX-0182-A,Stephen F. Austin,,Nacogdoches,,TX,https://sfajacks.com/,sfajacks.com,Indoor,Confirmed Indoor,No,1,https://sfajacks.com/ | https://sfajacks.com/staff-directory | https://sfajacks.com/facilities | https://sfajacks.com/sports/2017/6/7/strength-conditioning-staff | https://sfajacks.com/form/61 | https://sfajacks.com/publications | https://sfajacks.com/form/51
TX-0183,TX-0183-A,Stonebridge UMC,1800 S. Stonebridge Drive,McKinney,75072,TX,https://www.mysumc.org/,mysumc.org,Indoor,Confirmed Indoor,No,1,https://www.mysumc.org/ | https://www.mysumc.org/thestaff | https://www.mysumc.org/membership | https://www.mysumc.org/facilities | https://www.mysumc.org/leadership-board | https://www.mysumc.org/contact-us
TX-0184,TX-0184-A,SUPR Pickleball |,15028 Boudreaux Rd,Tomball,,TX,https://suprpickleball.com/,suprpickleball.com,Indoor,Confirmed Indoor,No,1,https://suprpickleball.com/ | https://suprpickleball.com/website_e7669420/wp-content/uploads/2024/09/courtmap2-1.png
TX-0185,TX-0185-A,SWIP - Sportika Woodlands Indoor Padel,8626 West Ln,Magnolia,77354,TX,https://www.sportikapadel.com/,sportikapadel.com,Indoor,Confirmed Indoor,No,1,https://www.sportikapadel.com/
TX-0186,TX-0186-A,Texas 432 Sports,,,,TX,https://texas432sports.com/,texas432sports.com,Indoor,Confirmed Indoor,No,1,https://texas432sports.com/ | https://texas432sports.com/contact-us/
TX-0187,TX-0187-A,Texas Apartments for Rent,,Georgetown,,TX,https://www.umovefree.com/,umovefree.com,Indoor,Confirmed Indoor,No,1,https://www.umovefree.com/ | https://www.umovefree.com/contact | https://www.umovefree.com/about
TX-0188,TX-0188-A,Texas Badmintion,,,,TX,https://www.texas-badminton.com/,texas-badminton.com,Indoor,Confirmed Indoor,No,1,https://www.texas-badminton.com/ | https://www.texas-badminton.com/beginner-program-2 | https://www.texas-badminton.com/intermediate | https://www.texas-badminton.com/copy-of-prep-beginner-program | https://www.texas-badminton.com/about-1 | https://www.texas-badminton.com/court-booking-1 | https://www.texas-badminton.com/table-tennis-1
TX-0189,TX-0189-A,Texas Health & Racquet Club,,San Marcos,,TX,https://www.texashealthandracquetclub.com/,texashealthandracquetclub.com,Indoor,Confirmed Indoor,No,1,https://www.texashealthandracquetclub.com/ | https://www.texashealthandracquetclub.com/about-us | https://www.texashealthandracquetclub.com/membership-benefits | https://www.texashealthandracquetclub.com/contact-us
TX-0190,TX-0190-A,Texas Image Volleyball,,Grand Prairie,,TX,https://www.texasimagevolleyball.com/,texasimagevolleyball.com,Indoor,Confirmed Indoor,No,1,https://www.texasimagevolleyball.com/ | https://www.texasimagevolleyball.com/about-us/ | https://www.texasimagevolleyball.com/contact-us/ | https://www.texasimagevolleyball.com/programs/ | https://www.texasimagevolleyball.com/youth-development-program/ | https://www.texasimagevolleyball.com/pre-club-program/ | https://www.texasimagevolleyball.com/programs/club-volleyball/
TX-0191,TX-0191-A,Texas Pickle Hall,4678 Location 201 Shin Oak Dr,Live Oak,78233,TX,https://www.texaspicklehall.com/,texaspicklehall.com,Indoor,Confirmed Indoor,Yes,2,https://www.texaspicklehall.com/ | https://www.texaspicklehall.com/about-us/ | https://www.texaspicklehall.com/our-team/ | https://www.texaspicklehall.com/memberships_roller/ | https://www.texaspicklehall.com/contact-us/
TX-0191,TX-0191-B,Texas Pickle Hall,4678 201 Shin Oak Dr,Live Oak,78233,TX,https://www.texaspicklehall.com/,texaspicklehall.com,Indoor,Confirmed Indoor,Yes,2,https://www.texaspicklehall.com/ | https://www.texaspicklehall.com/about-us/ | https://www.texaspicklehall.com/our-team/ | https://www.texaspicklehall.com/memberships_roller/ | https://www.texaspicklehall.com/contact-us/
TX-0192,TX-0192-A,Texas Pro Academy,,Austin,,TX,https://texasproacademy.com/,texasproacademy.com,Indoor,Confirmed Indoor,No,1,https://texasproacademy.com/ | https://texasproacademy.com/about-us/ | https://texasproacademy.com/certified-membership/ | https://texasproacademy.com/bty-basketball/ | https://texasproacademy.com/contact-us/
TX-0193,TX-0193-A,Texas Tigers,,,,TX,https://www.texastigers.org/,texastigers.org,Indoor,Confirmed Indoor,No,1,https://www.texastigers.org/
TX-0194,TX-0194-A,Texas Tornados Volleyball Club,,Houston,,TX,https://www.texastornados.org/,texastornados.org,Indoor,Confirmed Indoor,No,1,https://www.texastornados.org/ | https://www.texastornados.org/about/about-texas-tornados-training-facility/117179 | https://www.texastornados.org/about/about-texas-tornados-volleyball-club/117181 | https://www.texastornados.org/about/facility-court-rental/184504 | https://www.texastornados.org/about/staff-directory/119900 | https://www.texastornados.org/about/volleyball-training/184512
TX-0195,TX-0195-A,The FORGE for Families,,Houston,,TX,https://www.forgeforfamilies.org/,forgeforfamilies.org,Indoor,Confirmed Indoor,No,1,https://www.forgeforfamilies.org/ | https://www.forgeforfamilies.org/about | https://www.forgeforfamilies.org/staff | https://www.forgeforfamilies.org/athletics | https://www.forgeforfamilies.org/copy-of-athletics | https://www.forgeforfamilies.org/program-registration
TX-0196,TX-0196-A,The Grove Pickleball,,Dallas,,TX,https://grovepickleball.com/,grovepickleball.com,Indoor,Confirmed Indoor,No,1,https://grovepickleball.com/ | https://grovepickleball.com/about/ | https://grovepickleball.com/contact/
TX-0197,TX-0197-A,The Gym - Humble,,Humble,,TX,https://ourgym.net/,ourgym.net,Indoor,Confirmed Indoor,No,1,https://ourgym.net/ | https://ourgym.net/rental-space/ | https://ourgym.net/about-us/ | https://ourgym.net/contact-us/
TX-0198,TX-0198-A,The Pickle Jar,,Rockwall,,TX,https://www.the-picklejar.com/,the-picklejar.com,Indoor,Confirmed Indoor,No,1,https://www.the-picklejar.com/
TX-0199,TX-0199-A,The Soccer Box,,Richardson,,TX,https://thesoccerbox.usetopscore.com/,thesoccerbox.usetopscore.com,Indoor,Confirmed Indoor,No,1,https://thesoccerbox.usetopscore.com/ | https://thesoccerbox.usetopscore.com/about | https://thesoccerbox.usetopscore.com/meet-our-staff | https://thesoccerbox.usetopscore.com/contact-us | https://thesoccerbox.usetopscore.com/indoor-field-rentals
TX-0200,TX-0200-A,The Sports Garden,,Coppell,,TX,https://sportsgardendfw.com/,sportsgardendfw.com,Indoor,Confirmed Indoor,No,1,https://sportsgardendfw.com/ | https://sportsgardendfw.com/about | https://sportsgardendfw.com/spillover/proto/sportsgardendfw/about/about.htm
TX-0201,TX-0201-A,THE STACK,,Burleson,,TX,https://thestackpb.com/,thestackpb.com,Indoor,Confirmed Indoor,No,1,https://thestackpb.com/ | https://thestackpb.com/book | https://thestackpb.com/pricing | https://thestackpb.com/team | https://thestackpb.com/contact | https://thestackpb.com/locations
TX-0202,TX-0202-A,The Woodlands United,28408 Sweetgum Rd,Magnolia,77354,TX,https://www.twunited.com/,katyunited.com,Indoor,Confirmed Indoor,No,1,https://www.twunited.com/ | https://www.twunited.com/about/about-us/83552 | https://www.twunited.com/about/meet-our-staff-coaches/83683 | https://www.twunited.com/about/frequently-asked-questions/83662 | https://www.twunited.com/about/contact-us/83644 | https://www.twunited.com/about/katy-united/105161
TX-0203,TX-0203-A,Travel Sports,,Fort Worth,,TX,https://volleyball.travelsports.com/,travelsports.com,Indoor,Confirmed Indoor,No,1,https://volleyball.travelsports.com/ | https://volleyball.travelsports.com/tournaments/avpa-juniors-tournament-2 | https://volleyball.travelsports.com/facilities/booneville-high-school-old-gymnasium | https://volleyball.travelsports.com/facilities/eastdale-little-league | https://volleyball.travelsports.com/facilities/lakewood-park-tennis-center | https://volleyball.travelsports.com/facilities/american-heritage-park-field | https://volleyball.travelsports.com/facilities/baruch-college-arc-arena
TX-0204,TX-0204-A,TruFit,3155 Wildflower Dr.,Bryan,77802,TX,https://trufitathleticclubs.com/,trufitathleticclubs.com,Indoor,Confirmed Indoor,No,1,https://trufitathleticclubs.com/ | https://trufitathleticclubs.com/membership-plans/ | https://trufitathleticclubs.com/about/
TX-0205,TX-0205-A,"Tyler Indoor Sports, Tyler, TX",,,,TX,https://tyler-indoor.ezleagues.ezfacility.com/,tyler-indoor.ezleagues.ezfacility.com,Indoor,Confirmed Indoor,No,1,https://tyler-indoor.ezleagues.ezfacility.com/ | https://tyler-indoor.ezleagues.ezfacility.com/about_us.aspx | https://tyler-indoor.ezleagues.ezfacility.com/contact_us.aspx
TX-0206,TX-0206-A,University of Mary Hardin-Baylor Athletics,1750 Crusader Way,Belton,76513,TX,https://cruathletics.com/,cruathletics.com,Indoor,Confirmed Indoor,Yes,4,https://cruathletics.com/ | https://cruathletics.com/staff-directory | https://cruathletics.com/documents/2021/6/15/UMHB_Athletics_Emergency_Management_21.pdf | https://cruathletics.com/sports/2026/5/27/football-facilities.aspx | https://cruathletics.com/sports/2022/7/12/football-facilities.aspx | https://cruathletics.com/sports/2019/11/1/soccer-facilities.aspx | https://cruathletics.com/sports/2026/5/27/soccer-facilities.aspx
TX-0206,TX-0206-B,University of Mary Hardin-Baylor Athletics,905 University Drive,Belton,76513,TX,https://cruathletics.com/,cruathletics.com,Indoor,Confirmed Indoor,Yes,4,https://cruathletics.com/ | https://cruathletics.com/staff-directory | https://cruathletics.com/documents/2021/6/15/UMHB_Athletics_Emergency_Management_21.pdf | https://cruathletics.com/sports/2026/5/27/football-facilities.aspx | https://cruathletics.com/sports/2022/7/12/football-facilities.aspx | https://cruathletics.com/sports/2019/11/1/soccer-facilities.aspx | https://cruathletics.com/sports/2026/5/27/soccer-facilities.aspx
TX-0206,TX-0206-C,University of Mary Hardin-Baylor Athletics,1620 Crusader Way,Belton,76513,TX,https://cruathletics.com/,cruathletics.com,Indoor,Confirmed Indoor,Yes,4,https://cruathletics.com/ | https://cruathletics.com/staff-directory | https://cruathletics.com/documents/2021/6/15/UMHB_Athletics_Emergency_Management_21.pdf | https://cruathletics.com/sports/2026/5/27/football-facilities.aspx | https://cruathletics.com/sports/2022/7/12/football-facilities.aspx | https://cruathletics.com/sports/2019/11/1/soccer-facilities.aspx | https://cruathletics.com/sports/2026/5/27/soccer-facilities.aspx
TX-0206,TX-0206-D,University of Mary Hardin-Baylor Athletics,1640 Crusader Way,Belton,76513,TX,https://cruathletics.com/,cruathletics.com,Indoor,Confirmed Indoor,Yes,4,https://cruathletics.com/ | https://cruathletics.com/staff-directory | https://cruathletics.com/documents/2021/6/15/UMHB_Athletics_Emergency_Management_21.pdf | https://cruathletics.com/sports/2026/5/27/football-facilities.aspx | https://cruathletics.com/sports/2022/7/12/football-facilities.aspx | https://cruathletics.com/sports/2019/11/1/soccer-facilities.aspx | https://cruathletics.com/sports/2026/5/27/soccer-facilities.aspx
TX-0207,TX-0207-A,University of Texas at Rio Grande Valley,,,,TX,https://www.utrgv.edu/,utrgv.edu,Indoor,Confirmed Indoor,No,1,https://www.utrgv.edu/ | https://www.utrgv.edu/programs/index.htm | https://www.utrgv.edu/directory/departments/index.htm | https://www.utrgv.edu/about/index.htm | https://www.utrgv.edu/about/staff-resources/index.htm | https://www.utrgv.edu/programs/ms-computer-science.htm | https://www.utrgv.edu/programs/ba-spanish-translation-and-interpreting.htm
TX-0208,TX-0208-A,UPPER90 FUTSAL ACADEMY,90 FUTSAL ACADEMY 14219 Auto Park Way,Houston,77083,TX,https://upper90fa.com/,upper90fa.com,Indoor,Confirmed Indoor,No,1,https://upper90fa.com/ | https://upper90fa.com/our-staff | https://upper90fa.com/rentals-1 | https://upper90fa.com/contact-1
TX-0209,TX-0209-A,Urban Air Adventure Park,,Amarillo,,TX,https://www.urbanair.com/,urbanair.com,Indoor,Confirmed Indoor,No,1,https://www.urbanair.com/ | https://www.urbanair.com/membership/ | https://www.urbanair.com/group-events/private-park-rentals/ | https://www.urbanair.com/about-urban-air/awards/ | https://www.urbanair.com/about-urban-air/ | https://www.urbanair.com/about-urban-air/safety-and-cleaning/ | https://www.urbanair.com/contact-us/
TX-0210,TX-0210-A,USA Padel,,Brownsville,,TX,https://padelusa.org/,padelusa.org,Indoor,Confirmed Indoor,No,1,https://padelusa.org/ | https://padelusa.org/about/ | https://padelusa.org/about/board-of-directors/ | https://padelusa.org/about/committees/ | https://padelusa.org/about/ethics-and-compliance/ | https://padelusa.org/about/finance/ | https://padelusa.org/about/public-notes-and-documents/
TX-0211,TX-0211-A,Velocity,4220 Ridge Rd,McKinney,75070,TX,https://velocitybadminton.com/,velocitybadminton.com,Indoor,Confirmed Indoor,No,1,https://velocitybadminton.com/ | https://velocitybadminton.com/court-rules/ | https://velocitybadminton.com/contact-us/
TX-0212,TX-0212-A,Vision Volleyball Club,,San Antonio,,TX,https://visionvolleyball.com/,visionvolleyball.com,Indoor,Confirmed Indoor,No,1,https://visionvolleyball.com/ | https://visionvolleyball.com/about | https://visionvolleyball.com/staff | https://visionvolleyball.com/lessons%2Frentals | https://visionvolleyball.com/contact-us | https://visionvolleyball.com/fall-programs
TX-0213,TX-0213-A,VolleyLens,,,,TX,https://volleylens.com/,volleylens.com,Indoor,Confirmed Indoor,No,1,https://volleylens.com/ | https://volleylens.com/about | https://volleylens.com/insights/top-25-girls-club-volleyball-programs-texas-2025-2026 | https://volleylens.com/insights/top-25-boys-club-volleyball-programs-california-2025-2026 | https://volleylens.com/contact
TX-0214,TX-0214-A,Waco Warriors,,Waco,,TX,https://wacowarriors.org/,wacowarriors.org,Indoor,Confirmed Indoor,No,1,https://wacowarriors.org/ | https://wacowarriors.org/about/ | https://wacowarriors.org/program/baseball/ | https://wacowarriors.org/program/basketball/ | https://wacowarriors.org/program/football/ | https://wacowarriors.org/program/soccer/ | https://wacowarriors.org/program/softball/
TX-0215,TX-0215-A,"Waxahachie High School (Waxahachie, TX) Athletics",,Waxahachie,,TX,https://www.hachiesports.org/,hachiesports.org,Indoor,Confirmed Indoor,No,1,https://www.hachiesports.org/ | https://www.hachiesports.org/directory | https://www.hachiesports.org/facilities | https://www.hachiesports.org/sports-medicine-staff | https://www.hachiesports.org/sports-medicine-facilities
TX-0216,TX-0216-A,Weatherford Soccer,,Weatherford,,TX,https://www.weatherfordsoccer.org/,weatherfordsoccer.org,Indoor,Confirmed Indoor,No,1,https://www.weatherfordsoccer.org/ | https://www.weatherfordsoccer.org/contact
TX-0217,TX-0217-A,Welcome to Kingwood Texas,,Kingwood,,TX,https://kingwood.com/,kingwood.com,Indoor,Confirmed Indoor,No,1,https://kingwood.com/
TX-0218,TX-0218-A,West Houston Indoor Soccer,,Houston,,TX,https://westhoustonindoor.com/,westhoustonindoor.com,Indoor,Confirmed Indoor,No,1,https://westhoustonindoor.com/ | https://westhoustonindoor.com/index.php/about/
TX-0219,TX-0219-A,Westlake Athletic & Community Center,,West Lake Hills,,TX,https://www.wacctexas.com/,wacctexas.com,Indoor,Confirmed Indoor,No,1,https://www.wacctexas.com/ | https://www.wacctexas.com/about | https://www.wacctexas.com/familymemberships | https://www.wacctexas.com/facilityrentals
TX-0220,TX-0220-A,"Woodlands AAU Basketball Teams, Basketball Skill Training in ...",,Spring,,TX,https://woodlandsbasketball.com/,woodlandsbasketball.com,Indoor,Confirmed Indoor,No,1,https://woodlandsbasketball.com/ | https://woodlandsbasketball.com/AAU-Basketball-Team-Tryouts-Spring-Texas-Woodlands-Teams-Sports-Club-Houston-join.html | https://woodlandsbasketball.com/Basketball-skill-training-classes-sessions-aau-north-houston-texas-dribble-shooting-playing-coaching.html | https://woodlandsbasketball.com/Private-basketball-lessons-semi-private-basketball-training-course-spring-texas-nemesis-crushers-aau.html | https://woodlandsbasketball.com/Contact-aau-nemesis-athletics-crushers-basketball-team-the-woodlands-montgomery-texas-77382-77381-77380.html
TX-0221,TX-0221-A,Woody Pine Sports - Play Sports - Meet Friends - Have Fun,,The Woodlands,,TX,https://woodypinesports.com/,woodypinesports.com,Indoor,Confirmed Indoor,No,1,https://woodypinesports.com/ | https://woodypinesports.com/about-us/
TX-0222,TX-0222-A,Xtreme,,,,TX,https://www.amarilloxtremevolleyball.com/,amarilloxtremevolleyball.com,Indoor,Confirmed Indoor,No,1,https://www.amarilloxtremevolleyball.com/ | https://www.amarilloxtremevolleyball.com/coaching-staff.html | https://www.amarilloxtremevolleyball.com/contactforms.html
TX-0223,TX-0223-A,YMCA of Abilene,,Abilene,,TX,https://www.abileneymca.org/,abileneymca.org,Indoor,Confirmed Indoor,No,1,https://www.abileneymca.org/ | https://www.abileneymca.org/membership | https://www.abileneymca.org/membership/join-y-today-0 | https://www.abileneymca.org/membership/new-member-checklist | https://www.abileneymca.org/membership/try-y | https://www.abileneymca.org/membership/scholarships | https://www.abileneymca.org/membership/information-policies
TX-0224,TX-0224-A,YMCA of Greater San Antonio,,San Antonio,,TX,https://ymcasatx.org/,ymcasatx.org,Indoor,Confirmed Indoor,No,1,https://ymcasatx.org/ | https://ymcasatx.org/programs/health-and-fitness | https://ymcasatx.org/programs/sports | https://ymcasatx.org/programs/children-and-teens | https://ymcasatx.org/programs/aquatics | https://ymcasatx.org/programs/family-activities
TX-0225,TX-0225-A,YMCA of Wichita Falls,,Wichita Falls,,TX,https://www.ymcawf.org/,ymcawf.org,Indoor,Confirmed Indoor,No,1,https://www.ymcawf.org/ | https://www.ymcawf.org/staff-directory/leadership-team | https://www.ymcawf.org/membership/benefits | https://www.ymcawf.org/membership/facility-guidelines | https://www.ymcawf.org/main/membership | https://www.ymcawf.org/membership/financial-assistance
TX-0226,TX-0226-A,365 Things Austin,,Austin,,TX,https://365thingsaustin.com/,365thingsaustin.com,Indoor and outdoor,Indoor and Outdoor,No,1,https://365thingsaustin.com/ | https://365thingsaustin.com/about-us/ | https://365thingsaustin.com/contact-us/
TX-0227,TX-0227-A,Aaron Family Jewish Community Center of Dallas,2737 7900 Northaven Rd,Dallas,75230,TX,https://www.jccdallas.org/,jccdallas.org,Indoor and outdoor,Indoor and Outdoor,No,1,https://www.jccdallas.org/ | https://www.jccdallas.org/about | https://www.jccdallas.org/events | https://www.jccdallas.org/fitness | https://www.jccdallas.org/special-events/room-rentals | https://www.jccdallas.org/membership
TX-0228,TX-0228-A,AATA,5000 Bell St,Amarillo,,TX,https://www.amarilloareatennis.org/,amarilloareatennis.org,Indoor and outdoor,Indoor and Outdoor,Yes,10,https://www.amarilloareatennis.org/ | https://www.amarilloareatennis.org/about | https://www.amarilloareatennis.org/facilities | https://www.amarilloareatennis.org/contact-3
TX-0228,TX-0228-B,AATA,2501 Elmwood Dr.,Amarillo,,TX,https://www.amarilloareatennis.org/,amarilloareatennis.org,Indoor and outdoor,Indoor and Outdoor,Yes,10,https://www.amarilloareatennis.org/ | https://www.amarilloareatennis.org/about | https://www.amarilloareatennis.org/facilities | https://www.amarilloareatennis.org/contact-3
TX-0228,TX-0228-C,AATA,5600 SW 49th Ave.,Amarillo,,TX,https://www.amarilloareatennis.org/,amarilloareatennis.org,Indoor and outdoor,Indoor and Outdoor,Yes,10,https://www.amarilloareatennis.org/ | https://www.amarilloareatennis.org/about | https://www.amarilloareatennis.org/facilities | https://www.amarilloareatennis.org/contact-3
TX-0228,TX-0228-D,AATA,5651 Attebury Dr.,Amarillo,,TX,https://www.amarilloareatennis.org/,amarilloareatennis.org,Indoor and outdoor,Indoor and Outdoor,Yes,10,https://www.amarilloareatennis.org/ | https://www.amarilloareatennis.org/about | https://www.amarilloareatennis.org/facilities | https://www.amarilloareatennis.org/contact-3
TX-0228,TX-0228-E,AATA,3001 SE 34th Ave.,Amarillo,,TX,https://www.amarilloareatennis.org/,amarilloareatennis.org,Indoor and outdoor,Indoor and Outdoor,Yes,10,https://www.amarilloareatennis.org/ | https://www.amarilloareatennis.org/about | https://www.amarilloareatennis.org/facilities | https://www.amarilloareatennis.org/contact-3
TX-0228,TX-0228-F,AATA,1400 N Grant St.,Amarillo,,TX,https://www.amarilloareatennis.org/,amarilloareatennis.org,Indoor and outdoor,Indoor and Outdoor,Yes,10,https://www.amarilloareatennis.org/ | https://www.amarilloareatennis.org/about | https://www.amarilloareatennis.org/facilities | https://www.amarilloareatennis.org/contact-3
TX-0228,TX-0228-G,AATA,2409 Anna St.,Amarillo,,TX,https://www.amarilloareatennis.org/,amarilloareatennis.org,Indoor and outdoor,Indoor and Outdoor,Yes,10,https://www.amarilloareatennis.org/ | https://www.amarilloareatennis.org/about | https://www.amarilloareatennis.org/facilities | https://www.amarilloareatennis.org/contact-3
TX-0228,TX-0228-H,AATA,3400 Fleetwood Dr.,Amarillo,,TX,https://www.amarilloareatennis.org/,amarilloareatennis.org,Indoor and outdoor,Indoor and Outdoor,Yes,10,https://www.amarilloareatennis.org/ | https://www.amarilloareatennis.org/about | https://www.amarilloareatennis.org/facilities | https://www.amarilloareatennis.org/contact-3
TX-0228,TX-0228-I,AATA,16 Country Club Dr.,Amarillo,,TX,https://www.amarilloareatennis.org/,amarilloareatennis.org,Indoor and outdoor,Indoor and Outdoor,Yes,10,https://www.amarilloareatennis.org/ | https://www.amarilloareatennis.org/about | https://www.amarilloareatennis.org/facilities | https://www.amarilloareatennis.org/contact-3
TX-0228,TX-0228-J,AATA,4800 Bushland Blvd.,Amarillo,,TX,https://www.amarilloareatennis.org/,amarilloareatennis.org,Indoor and outdoor,Indoor and Outdoor,Yes,10,https://www.amarilloareatennis.org/ | https://www.amarilloareatennis.org/about | https://www.amarilloareatennis.org/facilities | https://www.amarilloareatennis.org/contact-3
TX-0229,TX-0229-A,Abilene Country Club,,Abilene,,TX,https://abilenecountryclub.com/,abilenecountryclub.com,Indoor and outdoor,Indoor and Outdoor,No,1,https://abilenecountryclub.com/ | https://abilenecountryclub.com/login.aspx?ReturnUrl=%2fGolf%2fPrograms_and_Services | https://abilenecountryclub.com/Golf/Staff | https://abilenecountryclub.com/Tennis/Staff | https://abilenecountryclub.com/Tennis/10_Under_Group_Programs | https://abilenecountryclub.com/Contact_Us | https://abilenecountryclub.com/Contact_Us/Membership
TX-0230,TX-0230-A,Abilene ISD,,Abilene,,TX,https://www.abileneisd.org/,abileneisd.org,Indoor and outdoor,Indoor and Outdoor,No,1,https://www.abileneisd.org/ | https://www.abileneisd.org/page/about-us | https://www.abileneisd.org/article/3044572 | https://www.abileneisd.org/article/3024718 | https://www.abileneisd.org/events | https://www.abileneisd.org/o/aisd/page/career-and-technical-education | https://www.abileneisd.org/o/aisd/page/athletics
TX-0231,TX-0231-A,"Abilene, TX",352 Cypress St,Abilene,79601,TX,https://www.abilenevisitors.com/,abilenevisitors.com,Indoor and outdoor,Indoor and Outdoor,Yes,2,https://www.abilenevisitors.com/ | https://www.abilenevisitors.com/where-to-stay/bed-breakfasts/ | https://www.abilenevisitors.com/plan/sports/ | https://www.abilenevisitors.com/about/history/ | https://www.abilenevisitors.com/about/ | https://www.abilenevisitors.com/about/contact-us/
TX-0231,TX-0231-B,"Abilene, TX",626 N 1st St,Abilene,79601,TX,https://www.abilenevisitors.com/,abilenevisitors.com,Indoor and outdoor,Indoor and Outdoor,Yes,2,https://www.abilenevisitors.com/ | https://www.abilenevisitors.com/where-to-stay/bed-breakfasts/ | https://www.abilenevisitors.com/plan/sports/ | https://www.abilenevisitors.com/about/history/ | https://www.abilenevisitors.com/about/ | https://www.abilenevisitors.com/about/contact-us/
TX-0232,TX-0232-A,AllBiz,,Fort Worth,,TX,https://www.allbiz.com/,allbiz.com,Indoor and outdoor,Indoor and Outdoor,No,1,https://www.allbiz.com/ | https://www.allbiz.com/business/about-us-770-516-8812 | https://www.allbiz.com/business/contactus-communications-614-984-2399 | https://www.allbiz.com/contact
TX-0233,TX-0233-A,Americano Sports,4219 McCrary Rd,Richmond,77406,TX,https://www.americanosports.com/,americanosports.com,Indoor and outdoor,Indoor and Outdoor,Yes,2,https://www.americanosports.com/ | https://www.americanosports.com/guides/best-paintball-in-oregon/ | https://www.americanosports.com/guides/best-paintball-in-maryland/ | https://www.americanosports.com/guides/best-running-in-ohio/ | https://www.americanosports.com/guides/best-shooting-in-north-carolina/ | https://www.americanosports.com/guides/best-tennis-in-pennsylvania/ | https://www.americanosports.com/guides/best-tennis-in-north-carolina/
TX-0233,TX-0233-B,Americano Sports,5639 Worth Pkwy,San Antonio,78257,TX,https://www.americanosports.com/,americanosports.com,Indoor and outdoor,Indoor and Outdoor,Yes,2,https://www.americanosports.com/ | https://www.americanosports.com/guides/best-paintball-in-oregon/ | https://www.americanosports.com/guides/best-paintball-in-maryland/ | https://www.americanosports.com/guides/best-running-in-ohio/ | https://www.americanosports.com/guides/best-shooting-in-north-carolina/ | https://www.americanosports.com/guides/best-tennis-in-pennsylvania/ | https://www.americanosports.com/guides/best-tennis-in-north-carolina/
TX-0234,TX-0234-A,Apex Pickleball Clubs,501 Cypress Creek Rd,Cedar Park,78613,TX,https://apexpbclubs.com/,apexpbclubs.com,Indoor and outdoor,Indoor and Outdoor,No,1,https://apexpbclubs.com/ | https://apexpbclubs.com/membership | https://apexpbclubs.com/court-reservation | https://apexpbclubs.com/youth-programs | https://apexpbclubs.com/contact-us | https://apexpbclubs.com/austin
TX-0235,TX-0235-A,Arlington-Mansfield Area YMCA,,Mansfield,,TX,https://amaymca.org/,amaymca.org,Indoor and outdoor,Indoor and Outdoor,No,1,https://amaymca.org/ | https://amaymca.org/join/nationwide-membership/ | https://amaymca.org/programs/ | https://amaymca.org/locations/central-ymca/ | https://amaymca.org/about-us/
TX-0236,TX-0236-A,At Fault,,Farmers Branch,,TX,https://www.at-fault.com/,at-fault.com,Indoor and outdoor,Indoor and Outdoor,No,1,https://www.at-fault.com/ | https://www.at-fault.com/memberships | https://www.at-fault.com/our-story | https://www.at-fault.com/pickleball | https://www.at-fault.com/events
TX-0237,TX-0237-A,AthleticClubAlabama,,,,TX,https://www.athleticclubalabama.com/,athleticclubalabama.com,Indoor and outdoor,Indoor and Outdoor,No,1,https://www.athleticclubalabama.com/ | https://www.athleticclubalabama.com/about | https://www.athleticclubalabama.com/membership | https://www.athleticclubalabama.com/member-referral-program | https://www.athleticclubalabama.com/heat-academy | https://www.athleticclubalabama.com/meet-the-pro-s | https://www.athleticclubalabama.com/contact
TX-0238,TX-0238-A,Athletics Department,,Waco,,TX,https://ath.wacoisd.org/,wacoisd.org,Indoor and outdoor,Indoor and Outdoor,No,1,https://ath.wacoisd.org/ | https://ath.wacoisd.org/about-us/mission-and-vision | https://ath.wacoisd.org/about-us/our-staff | https://ath.wacoisd.org/athletics-calendar | https://ath.wacoisd.org/schools/university-high-school/online-calendar/university-athletics-calendar | https://ath.wacoisd.org/schools/waco-high-school/our-coaching-staff | https://ath.wacoisd.org/sports-complex/facilities-rental-informationv2
TX-0239,TX-0239-A,Austin Courts & Floors,,Austin,,TX,https://www.sportcourtofaustin.com/,sportcourtofaustin.com,Indoor and outdoor,Indoor and Outdoor,No,1,https://www.sportcourtofaustin.com/ | https://www.sportcourtofaustin.com/about/ | https://www.sportcourtofaustin.com/austin-court-team/ | https://www.sportcourtofaustin.com/custom-court-builder/ | https://www.sportcourtofaustin.com/custom-court-builder/backyard-basketball-courts/ | https://www.sportcourtofaustin.com/custom-court-builder/volleyball-courts/ | https://www.sportcourtofaustin.com/custom-court-builder/pickleball-courts/
TX-0240,TX-0240-A,Austin Velocity Volleyball Club - A team above all. Above all a team.,,Cedar Park,,TX,https://www.austinvelocity.com/,austinvelocity.com,Indoor and outdoor,Indoor and Outdoor,No,1,https://www.austinvelocity.com/ | https://www.austinvelocity.com/about-us | https://www.austinvelocity.com/rentals | https://www.austinvelocity.com/rentals/adult-volleyball-2 | https://www.austinvelocity.com/rentals/pickleball
TX-0241,TX-0241-A,Banner House,,Dallas,,TX,https://www.thebannerhouse.com/,thebannerhouse.com,Indoor and outdoor,Indoor and Outdoor,No,1,https://www.thebannerhouse.com/ | https://www.thebannerhouse.com/juniors-academy | https://www.thebannerhouse.com/pickleball-junior-program | https://www.thebannerhouse.com/about | https://www.thebannerhouse.com/contact
TX-0242,TX-0242-A,Barbara and David Gibbs Recreation and Wellness Center | Rice University,6100 Main St.,Houston,77005,TX,https://recreation.rice.edu/,recreation.rice.edu,Indoor and outdoor,Indoor and Outdoor,No,1,https://recreation.rice.edu/
TX-0243,TX-0243-A,Barbers Hill Athletics,,Baytown,,TX,https://athletics.bhisd.net/,bhisd.net,Indoor and outdoor,Indoor and Outdoor,No,1,https://athletics.bhisd.net/ | https://athletics.bhisd.net/sports/middle-school-north-athletics | https://athletics.bhisd.net/sports/middle-school-south-athletics | https://athletics.bhisd.net/inside-athletics | https://athletics.bhisd.net/inside-athletics/athletic-handbook | https://athletics.bhisd.net/inside-athletics/athletic-facilities | https://athletics.bhisd.net/inside-athletics/athletics-staff
TX-0244,TX-0244-A,BARC,,Houston,,TX,https://bayarearacquetclub.com/,bayarearacquetclub.com,Indoor and outdoor,Indoor and Outdoor,No,1,https://bayarearacquetclub.com/ | https://bayarearacquetclub.com/aboutbarc/ | https://bayarearacquetclub.com/aboutbarc/community-partners/ | https://bayarearacquetclub.com/aboutbarc/community-involvement/ | https://bayarearacquetclub.com/aboutbarc/policies-procedures/ | https://bayarearacquetclub.com/aboutbarc/career-opportunities/ | https://bayarearacquetclub.com/aboutbarc/locations/
TX-0245,TX-0245-A,Best Local Businesses and Services You Can Trust,,Dallas,,TX,https://www.bestprosintown.com/,bestprosintown.com,Indoor and outdoor,Indoor and Outdoor,No,1,https://www.bestprosintown.com/ | https://www.bestprosintown.com/contact.php | https://www.bestprosintown.com/about.php
TX-0246,TX-0246-A,Best Pickleball Facilities,,Austin,,TX,https://bestpickleballfacilities.com/,bestpickleballfacilities.com,Indoor and outdoor,Indoor and Outdoor,No,1,https://bestpickleballfacilities.com/ | https://bestpickleballfacilities.com/pricing-plan/ | https://bestpickleballfacilities.com/facilities/ | https://bestpickleballfacilities.com/pickleball-facilities-by-state/ | https://bestpickleballfacilities.com/facilities/category/coming-soon/ | https://bestpickleballfacilities.com/traveling-to-pickleball-facilities/ | https://bestpickleballfacilities.com/about/
TX-0247,TX-0247-A,BoerneWine.com,,Boerne,,TX,https://boernetexas.com/,boernetexas.com,Indoor and outdoor,Indoor and Outdoor,No,1,https://boernetexas.com/
TX-0248,TX-0248-A,BOKA Powell,,Dallas,,TX,https://www.bokapowell.com/,bokapowell.com,Indoor and outdoor,Indoor and Outdoor,No,1,https://www.bokapowell.com/ | https://www.bokapowell.com/team/contact | https://www.bokapowell.com/projects/caravan-court
TX-0249,TX-0249-A,Bounce House And Water Slide Rentals,,Midlothian,,TX,https://www.cowboypartyrentals.com/,cowboypartyrentals.com,Indoor and outdoor,Indoor and Outdoor,No,1,https://www.cowboypartyrentals.com/ | https://www.cowboypartyrentals.com/contact-us/ | https://www.cowboypartyrentals.com/category/combo-bouncer-rentals/ | https://www.cowboypartyrentals.com/category/dance-floor-rentals/ | https://www.cowboypartyrentals.com/items/18x18-dance-floor-rental---black-and-white/ | https://www.cowboypartyrentals.com/items/18x18-dance-floor-rental---dark-maple-and-white/ | https://www.cowboypartyrentals.com/items/18x18-dance-floor-rental---white/
TX-0250,TX-0250-A,Brighter Horizons Academy,,Garland,,TX,https://www.bhaprep.org/,bhaprep.org,Indoor and outdoor,Indoor and Outdoor,No,1,https://www.bhaprep.org/ | https://www.bhaprep.org/the-academy/ | https://www.bhaprep.org/wakeel-program/ | https://www.bhaprep.org/graduation-programs/ | https://www.bhaprep.org/lunch-program/ | https://www.bhaprep.org/contact/
TX-0251,TX-0251-A,Buffalo Bayou Partnership,,Houston,,TX,https://buffalobayou.org/,buffalobayou.org,Indoor and outdoor,Indoor and Outdoor,No,1,https://buffalobayou.org/ | https://buffalobayou.org/membership/ | https://buffalobayou.org/venue-rentals/ | https://buffalobayou.org/about/ | https://buffalobayou.org/contact/ | https://buffalobayou.org/calendar/?view-type=calendar&date=2026-08-01
TX-0252,TX-0252-A,Build My Courts,,Cypress,,TX,https://buildmycourts.com/,buildmycourts.com,Indoor and outdoor,Indoor and Outdoor,No,1,https://buildmycourts.com/ | https://buildmycourts.com/services/custom-court/ | https://buildmycourts.com/services/court-lighting/ | https://buildmycourts.com/services/court-fencing/ | https://buildmycourts.com/services/commercial/ | https://buildmycourts.com/about/ | https://buildmycourts.com/contact-us/
TX-0253,TX-0253-A,BULLITT TRAINING,8900 Princeton Rd.,Rowlett,75089,TX,https://www.thebullittexperience.com/,thebullittexperience.com,Indoor and outdoor,Indoor and Outdoor,No,1,https://www.thebullittexperience.com/ | https://www.thebullittexperience.com/afterschoolprogram | https://www.thebullittexperience.com/rentals-events-parties
TX-0254,TX-0254-A,Buzz by Bee,9543 Enstone Cir,Spring,,TX,https://buzzbybee.com/,buzzbybee.com,Indoor and outdoor,Indoor and Outdoor,Yes,10,https://buzzbybee.com/ | https://buzzbybee.com/contact | https://buzzbybee.com/houston/pickleball-padel-courts | https://buzzbybee.com/houston/try-imx-pilates-with-a-free-intro-class
TX-0254,TX-0254-B,Buzz by Bee,820 Holman St,Houston,77002,TX,https://buzzbybee.com/,buzzbybee.com,Indoor and outdoor,Indoor and Outdoor,Yes,10,https://buzzbybee.com/ | https://buzzbybee.com/contact | https://buzzbybee.com/houston/pickleball-padel-courts | https://buzzbybee.com/houston/try-imx-pilates-with-a-free-intro-class
TX-0254,TX-0254-C,Buzz by Bee,12233 Robin Blvd,Houston,77045,TX,https://buzzbybee.com/,buzzbybee.com,Indoor and outdoor,Indoor and Outdoor,Yes,10,https://buzzbybee.com/ | https://buzzbybee.com/contact | https://buzzbybee.com/houston/pickleball-padel-courts | https://buzzbybee.com/houston/try-imx-pilates-with-a-free-intro-class
TX-0254,TX-0254-D,Buzz by Bee,1055 Conrad Sauer Dr,Houston,77043,TX,https://buzzbybee.com/,buzzbybee.com,Indoor and outdoor,Indoor and Outdoor,Yes,10,https://buzzbybee.com/ | https://buzzbybee.com/contact | https://buzzbybee.com/houston/pickleball-padel-courts | https://buzzbybee.com/houston/try-imx-pilates-with-a-free-intro-class
TX-0254,TX-0254-E,Buzz by Bee,15819 Tuckerton Rd,Houston,77095,TX,https://buzzbybee.com/,buzzbybee.com,Indoor and outdoor,Indoor and Outdoor,Yes,10,https://buzzbybee.com/ | https://buzzbybee.com/contact | https://buzzbybee.com/houston/pickleball-padel-courts | https://buzzbybee.com/houston/try-imx-pilates-with-a-free-intro-class
TX-0254,TX-0254-F,Buzz by Bee,4201 Main St,Houston,77002,TX,https://buzzbybee.com/,buzzbybee.com,Indoor and outdoor,Indoor and Outdoor,Yes,10,https://buzzbybee.com/ | https://buzzbybee.com/contact | https://buzzbybee.com/houston/pickleball-padel-courts | https://buzzbybee.com/houston/try-imx-pilates-with-a-free-intro-class
TX-0254,TX-0254-G,Buzz by Bee,650 W 6th St,Houston,77007,TX,https://buzzbybee.com/,buzzbybee.com,Indoor and outdoor,Indoor and Outdoor,Yes,10,https://buzzbybee.com/ | https://buzzbybee.com/contact | https://buzzbybee.com/houston/pickleball-padel-courts | https://buzzbybee.com/houston/try-imx-pilates-with-a-free-intro-class
TX-0254,TX-0254-H,Buzz by Bee,2323 Clear Lake City Blvd,Houston,77062,TX,https://buzzbybee.com/,buzzbybee.com,Indoor and outdoor,Indoor and Outdoor,Yes,10,https://buzzbybee.com/ | https://buzzbybee.com/contact | https://buzzbybee.com/houston/pickleball-padel-courts | https://buzzbybee.com/houston/try-imx-pilates-with-a-free-intro-class
TX-0254,TX-0254-I,Buzz by Bee,100 Jensen Dr,Houston,77020,TX,https://buzzbybee.com/,buzzbybee.com,Indoor and outdoor,Indoor and Outdoor,Yes,10,https://buzzbybee.com/ | https://buzzbybee.com/contact | https://buzzbybee.com/houston/pickleball-padel-courts | https://buzzbybee.com/houston/try-imx-pilates-with-a-free-intro-class
TX-0254,TX-0254-J,Buzz by Bee,554 Waugh Drive,Houston,,TX,https://buzzbybee.com/,buzzbybee.com,Indoor and outdoor,Indoor and Outdoor,Yes,10,https://buzzbybee.com/ | https://buzzbybee.com/contact | https://buzzbybee.com/houston/pickleball-padel-courts | https://buzzbybee.com/houston/try-imx-pilates-with-a-free-intro-class
TX-0255,TX-0255-A,C2 Sports Club,,Leander,,TX,https://c2sportsclub.com/,c2sportsclub.com,Indoor and outdoor,Indoor and Outdoor,No,1,https://c2sportsclub.com/ | https://c2sportsclub.com/contact-us/
TX-0256,TX-0256-A,Campus Rec Home,,San Antonio,,TX,https://campusrec.utsa.edu/,campusrec.utsa.edu,Indoor and outdoor,Indoor and Outdoor,No,1,https://campusrec.utsa.edu/ | https://campusrec.utsa.edu/membership/ | https://campusrec.utsa.edu/membership/how-to-sign-your-waiver.html | https://campusrec.utsa.edu/facilities/ | https://campusrec.utsa.edu/intramural-sports/ | https://campusrec.utsa.edu/about/ | https://campusrec.utsa.edu/about/work-for-campus-rec.html
TX-0257,TX-0257-A,Campus Recreation,,Waco,,TX,https://campusrec.web.baylor.edu/,campusrec.web.baylor.edu,Indoor and outdoor,Indoor and Outdoor,No,1,https://campusrec.web.baylor.edu/ | https://campusrec.web.baylor.edu/about | https://campusrec.web.baylor.edu/about/our-facilities | https://campusrec.web.baylor.edu/about/our-facilities/mclane-student-life-center | https://campusrec.web.baylor.edu/about/our-facilities/outdoor-facilities | https://campusrec.web.baylor.edu/about/our-facilities/indoor-facilities | https://campusrec.web.baylor.edu/about/hours-operation
TX-0258,TX-0258-A,Campus Recreation & Wellness Promotion,,Fort Worth,,TX,https://campusrec.tcu.edu/,tcu.edu,Indoor and outdoor,Indoor and Outdoor,No,1,https://campusrec.tcu.edu/ | https://campusrec.tcu.edu/about/ | https://campusrec.tcu.edu/staff-directory/ | https://campusrec.tcu.edu/facilities/ | https://campusrec.tcu.edu/facilities/memberships/ | https://campusrec.tcu.edu/facilities/policies/ | https://campusrec.tcu.edu/facilities/reservations/
TX-0259,TX-0259-A,Capital City Pickleball,,Austin,,TX,https://www.capitalcitypickleball.com/,capitalcitypickleball.com,Indoor and outdoor,Indoor and Outdoor,No,1,https://www.capitalcitypickleball.com/ | https://www.capitalcitypickleball.com/about | https://www.capitalcitypickleball.com/facility
TX-0260,TX-0260-A,Casa Pickle,8725 Meadowcroft Dr,Houston,77063,TX,https://casapickle.com/,casapickle.com,Indoor and outdoor,Indoor and Outdoor,No,1,https://casapickle.com/ | https://casapickle.com/about/ | https://casapickle.com/membership/ | https://casapickle.com/contact/
TX-0261,TX-0261-A,Cascades Country Club,,Tyler,,TX,https://cascadescountryclub.com/,cascadescountryclub.com,Indoor and outdoor,Indoor and Outdoor,No,1,https://cascadescountryclub.com/ | https://cascadescountryclub.com/membership | https://cascadescountryclub.com/contact-us
TX-0262,TX-0262-A,CERA,,Fort Worth,,TX,https://cera-fw.org/,cera-fw.org,Indoor and outdoor,Indoor and Outdoor,No,1,https://cera-fw.org/ | https://cera-fw.org/about-cera/ | https://cera-fw.org/about-cera/policy-rules/ | https://cera-fw.org/associate-program/ | https://cera-fw.org/join-us/ | https://cera-fw.org/facilities/
TX-0263,TX-0263-A,Challenge Elite Sports,14150 Beamer Rd,Friendswood,,TX,https://www.challengeelite.org/,challengeelite.org,Indoor and outdoor,Indoor and Outdoor,Yes,2,https://www.challengeelite.org/ | https://www.challengeelite.org/about | https://www.challengeelite.org/facility
TX-0263,TX-0263-B,Challenge Elite Sports,14150 Beamer Rd,Friendswood,77546,TX,https://www.challengeelite.org/,challengeelite.org,Indoor and outdoor,Indoor and Outdoor,Yes,2,https://www.challengeelite.org/ | https://www.challengeelite.org/about | https://www.challengeelite.org/facility
TX-0264,TX-0264-A,Chancellors Family Center,6535 Dumfries Drive,Houston,77096,TX,https://www.chancellors.org/,chancellors.org,Indoor and outdoor,Indoor and Outdoor,No,1,https://www.chancellors.org/ | https://www.chancellors.org/about-chancellors.html | https://www.chancellors.org/tennis-programs.html | https://www.chancellors.org/chancellors-programs.html | https://www.chancellors.org/contact-us.html | https://www.chancellors.org/cfc-membership-and-privacy-policies.html | https://www.chancellors.org/satellite-program---katy.html
TX-0265,TX-0265-A,Check Out DFW,,Allen,,TX,https://www.checkoutdfw.com/,checkoutdfw.com,Indoor and outdoor,Indoor and Outdoor,No,1,https://www.checkoutdfw.com/ | https://www.checkoutdfw.com/galleries/rentals/ | https://www.checkoutdfw.com/galleries/vacation_rentals/ | https://www.checkoutdfw.com/trends/rentals/ | https://www.checkoutdfw.com/site/about/ | https://www.checkoutdfw.com/trends/personal_finance/why-gen-z-has-it-harder-and-what-to-do-about-it/article_91d58780-4ffb-5369-acb6-86d1e624b642.html | https://www.checkoutdfw.com/cities/allen/everything-to-know-about-the-farm-in-allen/article_ce73fcb8-3218-11ee-b81c-a3e777249083.html
TX-0266,TX-0266-A,Chron,,,,TX,https://www.chron.com/,chron.com,Indoor and outdoor,Indoor and Outdoor,No,1,https://www.chron.com/ | https://www.chron.com/about/ | https://www.chron.com/wildlife/article/texas-new-wildlife-management-area-22375507.php | https://www.chron.com/news/article/trump-train-biden-bus-trial-22375718.php | https://www.chron.com/news/houston-texas/article/houston-race-track-police-22375205.php | https://www.chron.com/culture/article/swangas-slab-houston-definition-19420593.php | https://www.chron.com/winners/
TX-0267,TX-0267-A,Club Westside,,Houston,,TX,https://clubwestside.com/,clubwestside.com,Indoor and outdoor,Indoor and Outdoor,No,1,https://clubwestside.com/ | https://clubwestside.com/membership/ | https://clubwestside.com/about-us/
TX-0268,TX-0268-A,Colleyville Soccer Association,,Colleyville,,TX,https://www.colleyvillesoccer.org/,colleyvillesoccer.org,Indoor and outdoor,Indoor and Outdoor,No,1,https://www.colleyvillesoccer.org/ | https://www.colleyvillesoccer.org/page/show/2281272-contact-us | https://www.colleyvillesoccer.org/page/show/7894530-parental-code-of-conduct
TX-0269,TX-0269-A,Community Fieldhouse,2007 Riley Fuzzel Rd,Spring,77386,TX,https://communityfieldhouse.com/,communityfieldhouse.com,Indoor and outdoor,Indoor and Outdoor,No,1,https://communityfieldhouse.com/ | https://communityfieldhouse.com/about/
TX-0270,TX-0270-A,"Connecting players, parents and clubs",,Katy,,TX,https://www.areavolleyball.com/,areavolleyball.com,Indoor and outdoor,Indoor and Outdoor,No,1,https://www.areavolleyball.com/ | https://www.areavolleyball.com/Contact-Us
TX-0271,TX-0271-A,"Cordon's Taste of Chicago 4304 W Freddy Gonzalez Dr, Edinburg, TX 78539, USA American Restaurant",4304 W Freddy Gonzalez Dr,Edinburg,78539,TX,https://cordonstasteofchicagorgv.com/,cordonstasteofchicagorgv.com,Indoor and outdoor,Indoor and Outdoor,Yes,2,https://cordonstasteofchicagorgv.com/ | https://cordonstasteofchicagorgv.com/about.php | https://cordonstasteofchicagorgv.com/contact.php
TX-0271,TX-0271-B,"Cordon's Taste of Chicago 4304 W Freddy Gonzalez Dr, Edinburg, TX 78539, USA American Restaurant",00 PM Locations 4304 W Freddy Gonzalez Dr,Edinburg,78539,TX,https://cordonstasteofchicagorgv.com/,cordonstasteofchicagorgv.com,Indoor and outdoor,Indoor and Outdoor,Yes,2,https://cordonstasteofchicagorgv.com/ | https://cordonstasteofchicagorgv.com/about.php | https://cordonstasteofchicagorgv.com/contact.php
TX-0272,TX-0272-A,Coronado Country Club,1044 Broadmoor Dr,El Paso,79912,TX,https://coronadocountryclub.com/,coronadocountryclub.com,Indoor and outdoor,Indoor and Outdoor,No,1,https://coronadocountryclub.com/ | https://coronadocountryclub.com/About/Our_History | https://coronadocountryclub.com/About/Meet_Our_Staff | https://coronadocountryclub.com/Membership | https://coronadocountryclub.com/Contact_Us | https://coronadocountryclub.com/Club_Life/Social
TX-0273,TX-0273-A,Corpus Christi Athletic Club,,,,TX,https://www.corpuschristiathleticclub.com/,ccathleticclub.com,Indoor and outdoor,Indoor and Outdoor,No,1,https://www.corpuschristiathleticclub.com/ | https://www.corpuschristiathleticclub.com/tennis/ | https://www.corpuschristiathleticclub.com/membership/ | https://www.corpuschristiathleticclub.com/platinum-membership/ | https://www.corpuschristiathleticclub.com/membership-change-request/ | https://www.corpuschristiathleticclub.com/court-sports/private-lessons/ | https://www.corpuschristiathleticclub.com/court-sports/tennis/beginner-tennis/
TX-0274,TX-0274-A,Country Fire Volleyball,,Bertram,,TX,https://countryfirevolleyball.com/,countryfirevolleyball.com,Indoor and outdoor,Indoor and Outdoor,No,1,https://countryfirevolleyball.com/ | https://countryfirevolleyball.com/contact-us/ | https://countryfirevolleyball.com/about-main/vision-values/ | https://countryfirevolleyball.com/about-main/staff-coaches/ | https://countryfirevolleyball.com/location/ | https://countryfirevolleyball.com/gym-rentals/
TX-0275,TX-0275-A,CourtsApp,,San Antonio,,TX,https://courtsapp.com/,courtsapp.com,Indoor and outdoor,Indoor and Outdoor,No,1,https://courtsapp.com/ | https://courtsapp.com/facilities/ny/new-york/sportime-randalls-island | https://courtsapp.com/facilities/ny/eastchester/sportime-lake-isle | https://courtsapp.com/facilities/ny/atlantic-beach/abc-morales-tennis-pickleball | https://courtsapp.com/facilities/ny/mamaroneck/sportime-harbor-island | https://courtsapp.com/facilities/ny/port-washington/sportime-port-washington | https://courtsapp.com/facilities/ny/lynbrook/sportime-lynbrook-tennis
TX-0276,TX-0276-A,Courtside Fitness,,League City,,TX,https://courtsidefitness.com/,courtsidefitness.com,Indoor and outdoor,Indoor and Outdoor,No,1,https://courtsidefitness.com/ | https://courtsidefitness.com/about-us/ | https://courtsidefitness.com/contact-us/ | https://courtsidefitness.com/courtside-kids/ | https://courtsidefitness.com/courtside-camp/ | https://courtsidefitness.com/join-our-team/
TX-0277,TX-0277-A,Courtside Kitchen,1615 Rogers Rd,Fort Worth,76107,TX,https://www.courtsidekitchenfw.com/,courtsidekitchenfw.com,Indoor and outdoor,Indoor and Outdoor,Yes,2,https://www.courtsidekitchenfw.com/ | https://www.courtsidekitchenfw.com/events | https://www.courtsidekitchenfw.com/memberships | https://www.courtsidekitchenfw.com/courtside-faq | https://www.courtsidekitchenfw.com/about | https://www.courtsidekitchenfw.com/contact
TX-0277,TX-0277-B,Courtside Kitchen,5751 VISIT 1615 Rogers Rd,Fort Worth,76107,TX,https://www.courtsidekitchenfw.com/,courtsidekitchenfw.com,Indoor and outdoor,Indoor and Outdoor,Yes,2,https://www.courtsidekitchenfw.com/ | https://www.courtsidekitchenfw.com/events | https://www.courtsidekitchenfw.com/memberships | https://www.courtsidekitchenfw.com/courtside-faq | https://www.courtsidekitchenfw.com/about | https://www.courtsidekitchenfw.com/contact
TX-0278,TX-0278-A,Courtyard Racquet Club,,Austin,,TX,https://courtyardaustin.com/,courtyardaustin.com,Indoor and outdoor,Indoor and Outdoor,No,1,https://courtyardaustin.com/ | https://courtyardaustin.com/facilities | https://courtyardaustin.com/our-team | https://courtyardaustin.com/membership | https://courtyardaustin.com/contact
TX-0279,TX-0279-A,Crossbar | Soccer + Beer,,Richardson,,TX,https://crossbardallas.com/,crossbardallas.com,Indoor and outdoor,Indoor and Outdoor,No,1,https://crossbardallas.com/ | https://crossbardallas.com/rental
TX-0280,TX-0280-A,CrossingCreeksCountryClub,,Longview,,TX,https://www.crossingcreekscountryclub.com/,crossingcreekscountryclub.com,Indoor and outdoor,Indoor and Outdoor,No,1,https://www.crossingcreekscountryclub.com/ | https://www.crossingcreekscountryclub.com/memberships | https://www.crossingcreekscountryclub.com/about
TX-0281,TX-0281-A,Cypress Digest 🌲,,Cypress,,TX,https://www.cypressdigest.com/,cypressdigest.com,Indoor and outdoor,Indoor and Outdoor,No,1,https://www.cypressdigest.com/ | https://www.cypressdigest.com/p/meet-the-publisher-of-cypress-digest
TX-0282,TX-0282-A,Daisy Dink,,Sugar Land,,TX,https://daisydink.com/,daisydink.com,Indoor and outdoor,Indoor and Outdoor,No,1,https://daisydink.com/ | https://daisydink.com/courts | https://daisydink.com/about-us | https://daisydink.com/contactus | https://daisydink.com/beta-testers | https://daisydink.com/contact
TX-0283,TX-0283-A,Dallas Athletic Club,,Dallas,,TX,https://www.dallasathleticclub.org/,dallasathleticclub.org,Indoor and outdoor,Indoor and Outdoor,No,1,https://www.dallasathleticclub.org/ | https://www.dallasathleticclub.org/web/pages/about | https://www.dallasathleticclub.org/web/pages/contact | https://www.dallasathleticclub.org/about | https://www.dallasathleticclub.org/discover | https://www.dallasathleticclub.org/contact
TX-0284,TX-0284-A,Dallas Farmers Market,,Dallas,,TX,https://dallasfarmersmarket.org/,dallasfarmersmarket.org,Indoor and outdoor,Indoor and Outdoor,No,1,https://dallasfarmersmarket.org/ | https://dallasfarmersmarket.org/locals-program/ | https://dallasfarmersmarket.org/about-us/ | https://dallasfarmersmarket.org/about-us/our-mission/ | https://dallasfarmersmarket.org/about-us/our-staff/ | https://dallasfarmersmarket.org/contact-us/ | https://dallasfarmersmarket.org/about-us/partners/
TX-0285,TX-0285-A,"Dallas, TX Apartments for Rent",5840 Spring Valley Rd,Dallas,75254,TX,https://www.prestonracquetclub.com/,prestonracquetclub.com,Indoor and outdoor,Indoor and Outdoor,No,1,https://www.prestonracquetclub.com/ | https://www.prestonracquetclub.com/apartments/tx/dallas/contact
TX-0286,TX-0286-A,Destination Bryan,,Bryan,,TX,https://www.destinationbryan.com/,destinationbryan.com,Indoor and outdoor,Indoor and Outdoor,No,1,https://www.destinationbryan.com/ | https://www.destinationbryan.com/things-to-do/family/ | https://www.destinationbryan.com/directory/lake-bryan/ | https://www.destinationbryan.com/directory/lake-walk-2/ | https://www.destinationbryan.com/directory/messina-hof-winery-and-resort/ | https://www.destinationbryan.com/directory/brazos-valley-museum-of-natural-history/ | https://www.destinationbryan.com/directory/george-h-w-bush-presidential-library-and-museum/
TX-0287,TX-0287-A,DFW Indoor Sports,16230 Three Wide Dr,Fort Worth,76177,TX,https://dfwindoorsports.com/,dfwindoorsports.com,Indoor and outdoor,Indoor and Outdoor,No,1,https://dfwindoorsports.com/ | https://dfwindoorsports.com/contact-us/ | https://dfwindoorsports.com/our-membership-program/ | https://dfwindoorsports.com/rentals/ | https://dfwindoorsports.com/about-us/ | https://dfwindoorsports.com/rentals/cricket-lane-rental/ | https://dfwindoorsports.com/rentals/badminton-court-rentals/
TX-0288,TX-0288-A,DFWChild,,Dallas,,TX,https://dfwchild.com/,dfwchild.com,Indoor and outdoor,Indoor and Outdoor,No,1,https://dfwchild.com/ | https://dfwchild.com/directory/category/schools/ | https://dfwchild.com/directory/ | https://dfwchild.com/directory/category/attractions/ | https://dfwchild.com/directory/category/camps/ | https://dfwchild.com/directory/category/child-care/ | https://dfwchild.com/directory/category/cities/
TX-0289,TX-0289-A,"Discover Denton, Texas",,Denton,,TX,https://www.discoverdenton.com/,discoverdenton.com,Indoor and outdoor,Indoor and Outdoor,No,1,https://www.discoverdenton.com/ | https://www.discoverdenton.com/about-denton/ | https://www.discoverdenton.com/meet-the-team/ | https://www.discoverdenton.com/contact/ | https://www.discoverdenton.com/about-denton/colleges-and-universities/texas-womans-university/ | https://www.discoverdenton.com/blog/post/10-cool-and-quirky-things-about-denton/
TX-0290,TX-0290-A,Doyouplay,,Austin,,TX,https://www.doyouplayapp.com/,doyouplayapp.com,Indoor and outdoor,Indoor and Outdoor,No,1,https://www.doyouplayapp.com/ | https://www.doyouplayapp.com/courts | https://www.doyouplayapp.com/doyouplay-vs-playyourcourt | https://www.doyouplayapp.com/courts/la
TX-0291,TX-0291-A,Drew Lasker,,Katy,,TX,https://drewlasker.com/,drewlasker.com,Indoor and outdoor,Indoor and Outdoor,No,1,https://drewlasker.com/
TX-0292,TX-0292-A,Dunaway,,Austin,,TX,https://dunaway.com/,dunaway.com,Indoor and outdoor,Indoor and Outdoor,No,1,https://dunaway.com/ | https://dunaway.com/about/a-look-back-at-70-years/ | https://dunaway.com/about/firm-overview-history/ | https://dunaway.com/about/people/ | https://dunaway.com/about/firm-culture/ | https://dunaway.com/about/firm-overview-history/one-heart-philosophy/
TX-0293,TX-0293-A,Eastside Paddle Club,,Austin,,TX,https://eastsidepaddleclub.com/,eastsidepaddleclub.com,Indoor and outdoor,Indoor and Outdoor,No,1,https://eastsidepaddleclub.com/ | https://eastsidepaddleclub.com/who-we-are | https://eastsidepaddleclub.com/contact-us | https://eastsidepaddleclub.com/memberships
TX-0294,TX-0294-A,El Paso Country Club,1906 CONTACT US 5000 Country Club Place,El Paso,79922,TX,https://www.elpasocountryclub.com/,elpasocountryclub.com,Indoor and outdoor,Indoor and Outdoor,No,1,https://www.elpasocountryclub.com/ | https://www.elpasocountryclub.com/web/pages/membership | https://www.elpasocountryclub.com/web/pages/tennis-professionals-pro-shop-staff | https://www.elpasocountryclub.com/web/pages/membership-golf | https://www.elpasocountryclub.com/web/pages/membership-tennis | https://www.elpasocountryclub.com/web/pages/membership-swimming
TX-0295,TX-0295-A,El Paso Soccer,,El Paso,,TX,https://elpaso-soccer.com/,elpaso-soccer.com,Indoor and outdoor,Indoor and Outdoor,No,1,https://elpaso-soccer.com/ | https://www.elpaso-soccer.com/ | https://www.elpaso-soccer.com/programs | https://www.elpaso-soccer.com/contact | https://www.elpaso-soccer.com/el-paso-youth-soccer | https://www.elpaso-soccer.com/register-team | https://www.elpaso-soccer.com/directory.php
TX-0296,TX-0296-A,"Elevate Soccer: 5-a-side Soccer in Longview, TX",,Longview,,TX,https://www.elevate5soccer.com/,elevate5soccer.com,Indoor and outdoor,Indoor and Outdoor,No,1,https://www.elevate5soccer.com/ | https://www.elevate5soccer.com/adult-soccer | https://www.elevate5soccer.com/youth-soccer
TX-0297,TX-0297-A,Elevate Volleyball Club,75013 Scoggins Middle School 7070 Stacy Rd,McKinney,75070,TX,https://www.elevatevolleyball.org/,elevatevolleyball.org,Indoor and outdoor,Indoor and Outdoor,Yes,2,https://www.elevatevolleyball.org/ | https://www.elevatevolleyball.org/bios | https://www.elevatevolleyball.org/about | https://www.elevatevolleyball.org/academy
TX-0297,TX-0297-B,Elevate Volleyball Club,3801 McDermott Rd,Plano,75025,TX,https://www.elevatevolleyball.org/,elevatevolleyball.org,Indoor and outdoor,Indoor and Outdoor,Yes,2,https://www.elevatevolleyball.org/ | https://www.elevatevolleyball.org/bios | https://www.elevatevolleyball.org/about | https://www.elevatevolleyball.org/academy
TX-0298,TX-0298-A,"Elite Performance Training | EPT Athlete | Frisco, TX",,Frisco,,TX,https://www.eptathlete.com/,eptathlete.com,Indoor and outdoor,Indoor and Outdoor,No,1,https://www.eptathlete.com/ | https://www.eptathlete.com/about-us | https://www.eptathlete.com/team | https://www.eptathlete.com/programs-menu | https://www.eptathlete.com/affiliate
TX-0299,TX-0299-A,ERA Pickleball,295 Sawdust Road,The Woodlands,77380,TX,https://erapickleball.com/,erapickleball.com,Indoor and outdoor,Indoor and Outdoor,No,1,https://erapickleball.com/ | https://erapickleball.com/programs/ | https://erapickleball.com/memberships/ | https://erapickleball.com/contact/ | https://erapickleball.com/instructing/ | https://erapickleball.com/about/ | https://erapickleball.com/best-pickleball-courts-the-woodlands/
TX-0300,TX-0300-A,"Explore Conroe, Texas - Explore Conroe in Montgomery County, Texas",,Conroe,,TX,https://explore-conroe-texas.com/,explore-conroe-texas.com,Indoor and outdoor,Indoor and Outdoor,No,1,https://explore-conroe-texas.com/ | https://explore-conroe-texas.com/contact-us/
TX-0301,TX-0301-A,"Explore Frisco, Texas - Explore Frisco in Collin and Denton Counties, Texas",,Frisco,,TX,https://explore-frisco-texas.com/,explore-frisco-texas.com,Indoor and outdoor,Indoor and Outdoor,No,1,https://explore-frisco-texas.com/ | https://explore-frisco-texas.com/contact-us/ | https://explore-frisco-texas.com/dfw-adventures-that-frisco-locals-are-raving-about/ | https://explore-frisco-texas.com/senior-citizen-services-frisco-texas/
TX-0302,TX-0302-A,Explore Member Benefits at Invited Locations,,Irving,,TX,https://www.invitedclubs.com/member-benefits,clubcorponline.com,Indoor and outdoor,Indoor and Outdoor,No,1,https://www.invitedclubs.com/member-benefits
TX-0303,TX-0303-A,Find Country Clubs in Your Area,,Irving,,TX,https://www.invitedclubs.com/,invitedclubs.com,Indoor and outdoor,Indoor and Outdoor,No,1,https://www.invitedclubs.com/ | https://www.invitedclubs.com/company/management-team | https://www.invitedclubs.com/contact-us | https://www.invitedclubs.com/member-benefits/xlife-benefits | https://www.invitedclubs.com/member-benefits/connect-with-us
TX-0304,TX-0304-A,Find Local Businesses,,Katy,,TX,https://www.findglocal.com/,findglocal.com,Indoor and outdoor,Indoor and Outdoor,No,1,https://www.findglocal.com/ | https://www.findglocal.com/US/Chicago/354030078336894/Steel-City-Management | https://www.findglocal.com/about | https://www.findglocal.com/contact
TX-0305,TX-0305-A,Find My Pickleball,,Fort Worth,,TX,https://findmypickleball.com/,findmypickleball.com,Indoor and outdoor,Indoor and Outdoor,No,1,https://findmypickleball.com/ | https://findmypickleball.com/courts/ | https://findmypickleball.com/pickleball-by-state/ | https://findmypickleball.com/listing-category/indoor-courts/ | https://findmypickleball.com/contact-us/ | https://findmypickleball.com/submit-new-pickleball-court/
TX-0306,TX-0306-A,Find Padel Courts Near Me,7918 Breen Rd,Houston,77064,TX,https://www.padelmapusa.com/,padelmapusa.com,Indoor and outdoor,Indoor and Outdoor,No,1,https://www.padelmapusa.com/ | https://www.padelmapusa.com/courts | https://www.padelmapusa.com/about-padel-sport | https://www.padelmapusa.com/list-your-court | https://www.padelmapusa.com/courts/pulse-padel-hub-north-miami | https://www.padelmapusa.com/city/miami-fl | https://www.padelmapusa.com/courts/cube-padel-houston
TX-0307,TX-0307-A,Find Pickleball Courts Near You,301 Chicon St,Austin,,TX,https://picklmap.com/,picklmap.com,Indoor and outdoor,Indoor and Outdoor,Yes,2,https://picklmap.com/ | https://picklmap.com/courts | https://picklmap.com/suggest | https://picklmap.com/claim | https://picklmap.com/courts/us/texas/austin | https://picklmap.com/courts/us/california/san-diego | https://picklmap.com/courts/us/arizona/phoenix
TX-0307,TX-0307-B,Find Pickleball Courts Near You,300 San Antonio St.,Austin,,TX,https://picklmap.com/,picklmap.com,Indoor and outdoor,Indoor and Outdoor,Yes,2,https://picklmap.com/ | https://picklmap.com/courts | https://picklmap.com/suggest | https://picklmap.com/claim | https://picklmap.com/courts/us/texas/austin | https://picklmap.com/courts/us/california/san-diego | https://picklmap.com/courts/us/arizona/phoenix
TX-0308,TX-0308-A,Fit-N-Wise,,,,TX,https://www.fit-n-wise.com/,fit-n-wise.com,Indoor and outdoor,Indoor and Outdoor,No,1,https://www.fit-n-wise.com/ | https://www.fit-n-wise.com/membership/ | https://www.fit-n-wise.com/gym-rentals/ | https://www.fit-n-wise.com/about-us/ | https://www.fit-n-wise.com/contact/ | https://www.fit-n-wise.com/staff/
TX-0309,TX-0309-A,Fitness | Phillips 66,,Austin,,TX,https://fitness.phillips66.com/,fitness.phillips66.com,Indoor and outdoor,Indoor and Outdoor,No,1,https://fitness.phillips66.com/ | https://fitness.phillips66.com/fitness-services-contacts/ | https://fitness.phillips66.com/houston-wellness-center/meet-the-staff/ | https://fitness.phillips66.com/houston-wellness-center/facilities-and-hours/ | https://fitness.phillips66.com/houston-wellness-center/programs-and-events/ | https://fitness.phillips66.com/bartlesville-wellness-center/meet-the-bartlesville-staff/ | https://fitness.phillips66.com/bartlesville-wellness-center/facilities-and-hours/
TX-0310,TX-0310-A,Four Seasons Pickleball and Italian Restaurant,,Sherman,,TX,https://fourseasonstexoma.com/,fourseasonstexoma.com,Indoor and outdoor,Indoor and Outdoor,No,1,https://fourseasonstexoma.com/ | https://fourseasonstexoma.com/contact/
TX-0311,TX-0311-A,FRANCO RACQUET SPORTS,,North Dfw,,TX,https://www.francoracquetsports.com/,francoracquetsports.com,Indoor and outdoor,Indoor and Outdoor,No,1,https://www.francoracquetsports.com/ | https://www.francoracquetsports.com/about-us/the-academy | https://www.francoracquetsports.com/about-us/faqs | https://www.francoracquetsports.com/about-us/work-with-us | https://www.francoracquetsports.com/about-us/terms-and-conditions | https://www.francoracquetsports.com/about-us/privacy-policy
TX-0312,TX-0312-A,Frontrunner Fieldhouse,,Fort Worth,,TX,https://www.frontrunnerfieldhouse.com/,frontrunnerfieldhouse.com,Indoor and outdoor,Indoor and Outdoor,No,1,https://www.frontrunnerfieldhouse.com/ | https://www.frontrunnerfieldhouse.com/rentals | https://www.frontrunnerfieldhouse.com/programs | https://www.frontrunnerfieldhouse.com/camps | https://www.frontrunnerfieldhouse.com/join-now | https://www.frontrunnerfieldhouse.com/about | https://www.frontrunnerfieldhouse.com/contact
TX-0313,TX-0313-A,Grand Fun GP,601 E. Grand Prairie Rd,Grand Prairie,75051,TX,https://grandfungp.com/,grandfungp.com,Indoor and outdoor,Indoor and Outdoor,No,1,https://grandfungp.com/ | https://grandfungp.com/about-us/ | https://grandfungp.com/staff/ | https://grandfungp.com/contact-us/ | https://grandfungp.com/summer-camp-2026/ | https://grandfungp.com/pickleball/ | https://grandfungp.com/life-is-grand/
TX-0314,TX-0314-A,Green Acres Sports,,Tyler,,TX,https://greenacressports.org/,greenacressports.org,Indoor and outdoor,Indoor and Outdoor,No,1,https://greenacressports.org/ | https://greenacressports.org/our-facilities/ | https://greenacressports.org/contact-us/
TX-0315,TX-0315-A,Green Tree Tennis Club in San Antonio,,San Antonio,,TX,https://greentreetennis.com/,greentreetennis.com,Indoor and outdoor,Indoor and Outdoor,No,1,https://greentreetennis.com/ | https://greentreetennis.com/about-us/ | https://greentreetennis.com/about-us/job-openings-2/ | https://greentreetennis.com/membership/tennis-membership/ | https://greentreetennis.com/camps-2/combo-program/ | https://greentreetennis.com/membership/ | https://greentreetennis.com/membership/summer-pool-membership/
TX-0316,TX-0316-A,Harlingen Country Club,,Harlingen,,TX,https://harlingencc.com/,harlingencc.com,Indoor and outdoor,Indoor and Outdoor,No,1,https://harlingencc.com/ | https://harlingencc.com/Golf/The_Course_(1) | https://harlingencc.com/Membership/Membership_Opportunities_(2) | https://harlingencc.com/Membership/MemberPromotion | https://harlingencc.com/Amenities/Junior_Programs_and_Camps | https://harlingencc.com/Contact/Contact_Information
TX-0317,TX-0317-A,HCI Sports & Fitness,13875 Bee Cave Parkway,Bee Cave,78738,TX,https://www.hillcountryindoor.com/,hillcountryindoor.com,Indoor and outdoor,Indoor and Outdoor,No,1,https://www.hillcountryindoor.com/ | https://www.hillcountryindoor.com/membership | https://www.hillcountryindoor.com/contact
TX-0318,TX-0318-A,Home,12 4141 Spring Valley Road,Addison,75001,TX,https://www.greenhill.org/,greenhill.org,Indoor and outdoor,Indoor and Outdoor,Yes,2,https://www.greenhill.org/ | https://www.greenhill.org/athletics | https://www.greenhill.org/athletics-schedules | https://www.greenhill.org/about | https://www.greenhill.org/school-leadership | https://www.greenhill.org/directory-and-contact | https://www.greenhill.org/carter-associate-program
TX-0318,TX-0318-B,Home,4141 Spring Valley Road,Addison,75001,TX,https://www.greenhill.org/,greenhill.org,Indoor and outdoor,Indoor and Outdoor,Yes,2,https://www.greenhill.org/ | https://www.greenhill.org/athletics | https://www.greenhill.org/athletics-schedules | https://www.greenhill.org/about | https://www.greenhill.org/school-leadership | https://www.greenhill.org/directory-and-contact | https://www.greenhill.org/carter-associate-program
TX-0319,TX-0319-A,Houston JCC,5601 S Braeswood Blvd,Houston,77096,TX,https://www.erjcchouston.org/,erjcchouston.org,Indoor and outdoor,Indoor and Outdoor,No,1,https://www.erjcchouston.org/ | https://www.erjcchouston.org/about/get-involved/ | https://www.erjcchouston.org/about/ | https://www.erjcchouston.org/about/hours-of-operation/ | https://www.erjcchouston.org/contact-us/ | https://www.erjcchouston.org/about/policies/ | https://www.erjcchouston.org/cgroup/health-wellness/
TX-0320,TX-0320-A,Houston Tennis Association,,Houston,,TX,https://houstontennis.org/,houstontennis.org,Indoor and outdoor,Indoor and Outdoor,No,1,https://houstontennis.org/ | https://houstontennis.org/about-us-2 | https://houstontennis.org/who-we-are | https://houstontennis.org/contact-us-2 | https://houstontennis.org/hta-adult-programs | https://houstontennis.org/community/newsletters/tennis-facility | https://houstontennis.org/on-off-the-court-2
TX-0321,TX-0321-A,Houston YMCA,10655 Clay Road,Houston,77041,TX,https://ymcahouston.org/,ymcahouston.org,Indoor and outdoor,Indoor and Outdoor,Yes,22,https://ymcahouston.org/ | https://ymcahouston.org/programs | https://ymcahouston.org/program-registration | https://ymcahouston.org/programs/swimming | https://ymcahouston.org/programs/swimming/swim-lessons | https://ymcahouston.org/programs/swimming/swim-team
TX-0321,TX-0321-B,Houston YMCA,6700 Bellaire Boulevard,Houston,,TX,https://ymcahouston.org/,ymcahouston.org,Indoor and outdoor,Indoor and Outdoor,Yes,22,https://ymcahouston.org/ | https://ymcahouston.org/programs | https://ymcahouston.org/program-registration | https://ymcahouston.org/programs/swimming | https://ymcahouston.org/programs/swimming/swim-lessons | https://ymcahouston.org/programs/swimming/swim-team
TX-0321,TX-0321-C,Houston YMCA,541 South 75th Street,Houston,,TX,https://ymcahouston.org/,ymcahouston.org,Indoor and outdoor,Indoor and Outdoor,Yes,22,https://ymcahouston.org/ | https://ymcahouston.org/programs | https://ymcahouston.org/program-registration | https://ymcahouston.org/programs/swimming | https://ymcahouston.org/programs/swimming/swim-lessons | https://ymcahouston.org/programs/swimming/swim-team
TX-0321,TX-0321-D,Houston YMCA,4433 Cartwright Road,Missouri City,,TX,https://ymcahouston.org/,ymcahouston.org,Indoor and outdoor,Indoor and Outdoor,Yes,22,https://ymcahouston.org/ | https://ymcahouston.org/programs | https://ymcahouston.org/program-registration | https://ymcahouston.org/programs/swimming | https://ymcahouston.org/programs/swimming/swim-lessons | https://ymcahouston.org/programs/swimming/swim-team
TX-0321,TX-0321-E,Houston YMCA,1234 West 34th Street,Houston,,TX,https://ymcahouston.org/,ymcahouston.org,Indoor and outdoor,Indoor and Outdoor,Yes,22,https://ymcahouston.org/ | https://ymcahouston.org/programs | https://ymcahouston.org/program-registration | https://ymcahouston.org/programs/swimming | https://ymcahouston.org/programs/swimming/swim-lessons | https://ymcahouston.org/programs/swimming/swim-team
TX-0321,TX-0321-F,Houston YMCA,5201 Imperial Promenade Drive,Spring,,TX,https://ymcahouston.org/,ymcahouston.org,Indoor and outdoor,Indoor and Outdoor,Yes,22,https://ymcahouston.org/ | https://ymcahouston.org/programs | https://ymcahouston.org/program-registration | https://ymcahouston.org/programs/swimming | https://ymcahouston.org/programs/swimming/swim-lessons | https://ymcahouston.org/programs/swimming/swim-team
TX-0321,TX-0321-G,Houston YMCA,5202 Griggs Road,Houston,,TX,https://ymcahouston.org/,ymcahouston.org,Indoor and outdoor,Indoor and Outdoor,Yes,22,https://ymcahouston.org/ | https://ymcahouston.org/programs | https://ymcahouston.org/program-registration | https://ymcahouston.org/programs/swimming | https://ymcahouston.org/programs/swimming/swim-lessons | https://ymcahouston.org/programs/swimming/swim-team
TX-0321,TX-0321-H,Houston YMCA,16725 Longenbaugh Drive,Houston,,TX,https://ymcahouston.org/,ymcahouston.org,Indoor and outdoor,Indoor and Outdoor,Yes,22,https://ymcahouston.org/ | https://ymcahouston.org/programs | https://ymcahouston.org/program-registration | https://ymcahouston.org/programs/swimming | https://ymcahouston.org/programs/swimming/swim-lessons | https://ymcahouston.org/programs/swimming/swim-team
TX-0321,TX-0321-I,Houston YMCA,705 Cavalcade Street,Houston,,TX,https://ymcahouston.org/,ymcahouston.org,Indoor and outdoor,Indoor and Outdoor,Yes,22,https://ymcahouston.org/ | https://ymcahouston.org/programs | https://ymcahouston.org/program-registration | https://ymcahouston.org/programs/swimming | https://ymcahouston.org/programs/swimming/swim-lessons | https://ymcahouston.org/programs/swimming/swim-team
TX-0321,TX-0321-J,Houston YMCA,1350 Main Street,Katy,,TX,https://ymcahouston.org/,ymcahouston.org,Indoor and outdoor,Indoor and Outdoor,Yes,22,https://ymcahouston.org/ | https://ymcahouston.org/programs | https://ymcahouston.org/program-registration | https://ymcahouston.org/programs/swimming | https://ymcahouston.org/programs/swimming/swim-lessons | https://ymcahouston.org/programs/swimming/swim-team
TX-0321,TX-0321-K,Houston YMCA,22807 Westheimer Parkway,Katy,,TX,https://ymcahouston.org/,ymcahouston.org,Indoor and outdoor,Indoor and Outdoor,Yes,22,https://ymcahouston.org/ | https://ymcahouston.org/programs | https://ymcahouston.org/program-registration | https://ymcahouston.org/programs/swimming | https://ymcahouston.org/programs/swimming/swim-lessons | https://ymcahouston.org/programs/swimming/swim-team
TX-0321,TX-0321-L,Houston YMCA,1700 W League City Pkwy,League City,77573,TX,https://ymcahouston.org/,ymcahouston.org,Indoor and outdoor,Indoor and Outdoor,Yes,22,https://ymcahouston.org/ | https://ymcahouston.org/programs | https://ymcahouston.org/program-registration | https://ymcahouston.org/programs/swimming | https://ymcahouston.org/programs/swimming/swim-lessons | https://ymcahouston.org/programs/swimming/swim-team
TX-0321,TX-0321-M,Houston YMCA,911 Thompson Road,Richmond,77469,TX,https://ymcahouston.org/,ymcahouston.org,Indoor and outdoor,Indoor and Outdoor,Yes,22,https://ymcahouston.org/ | https://ymcahouston.org/programs | https://ymcahouston.org/program-registration | https://ymcahouston.org/programs/swimming | https://ymcahouston.org/programs/swimming/swim-lessons | https://ymcahouston.org/programs/swimming/swim-team
TX-0321,TX-0321-N,Houston YMCA,808 Pease Street,Houston,77002,TX,https://ymcahouston.org/,ymcahouston.org,Indoor and outdoor,Indoor and Outdoor,Yes,22,https://ymcahouston.org/ | https://ymcahouston.org/programs | https://ymcahouston.org/program-registration | https://ymcahouston.org/programs/swimming | https://ymcahouston.org/programs/swimming/swim-lessons | https://ymcahouston.org/programs/swimming/swim-team
TX-0321,TX-0321-O,Houston YMCA,8100 Ashlane Way,The Woodlands,77382,TX,https://ymcahouston.org/,ymcahouston.org,Indoor and outdoor,Indoor and Outdoor,Yes,22,https://ymcahouston.org/ | https://ymcahouston.org/programs | https://ymcahouston.org/program-registration | https://ymcahouston.org/programs/swimming | https://ymcahouston.org/programs/swimming/swim-lessons | https://ymcahouston.org/programs/swimming/swim-team
TX-0321,TX-0321-P,Houston YMCA,6145 Shadowbend Place,The Woodlands,77381,TX,https://ymcahouston.org/,ymcahouston.org,Indoor and outdoor,Indoor and Outdoor,Yes,22,https://ymcahouston.org/ | https://ymcahouston.org/programs | https://ymcahouston.org/program-registration | https://ymcahouston.org/programs/swimming | https://ymcahouston.org/programs/swimming/swim-lessons | https://ymcahouston.org/programs/swimming/swim-team
TX-0321,TX-0321-Q,Houston YMCA,1331 Augusta Drive,Houston,77057,TX,https://ymcahouston.org/,ymcahouston.org,Indoor and outdoor,Indoor and Outdoor,Yes,22,https://ymcahouston.org/ | https://ymcahouston.org/programs | https://ymcahouston.org/program-registration | https://ymcahouston.org/programs/swimming | https://ymcahouston.org/programs/swimming/swim-lessons | https://ymcahouston.org/programs/swimming/swim-team
TX-0321,TX-0321-R,Houston YMCA,2700 Ymca Drive,Pearland,77581,TX,https://ymcahouston.org/,ymcahouston.org,Indoor and outdoor,Indoor and Outdoor,Yes,22,https://ymcahouston.org/ | https://ymcahouston.org/programs | https://ymcahouston.org/program-registration | https://ymcahouston.org/programs/swimming | https://ymcahouston.org/programs/swimming/swim-lessons | https://ymcahouston.org/programs/swimming/swim-team
TX-0321,TX-0321-S,Houston YMCA,7101 Stella Link Road,Houston,77025,TX,https://ymcahouston.org/,ymcahouston.org,Indoor and outdoor,Indoor and Outdoor,Yes,22,https://ymcahouston.org/ | https://ymcahouston.org/programs | https://ymcahouston.org/program-registration | https://ymcahouston.org/programs/swimming | https://ymcahouston.org/programs/swimming/swim-lessons | https://ymcahouston.org/programs/swimming/swim-team
TX-0321,TX-0321-T,Houston YMCA,15055 Wallisville Road,Houston,77049,TX,https://ymcahouston.org/,ymcahouston.org,Indoor and outdoor,Indoor and Outdoor,Yes,22,https://ymcahouston.org/ | https://ymcahouston.org/programs | https://ymcahouston.org/program-registration | https://ymcahouston.org/programs/swimming | https://ymcahouston.org/programs/swimming/swim-lessons | https://ymcahouston.org/programs/swimming/swim-team
TX-0321,TX-0321-U,Houston YMCA,5801 West Orem Drive,Houston,77085,TX,https://ymcahouston.org/,ymcahouston.org,Indoor and outdoor,Indoor and Outdoor,Yes,22,https://ymcahouston.org/ | https://ymcahouston.org/programs | https://ymcahouston.org/program-registration | https://ymcahouston.org/programs/swimming | https://ymcahouston.org/programs/swimming/swim-lessons | https://ymcahouston.org/programs/swimming/swim-team
TX-0321,TX-0321-V,Houston YMCA,5614 H.Mark Crosswell Junior Street,Houston,,TX,https://ymcahouston.org/,ymcahouston.org,Indoor and outdoor,Indoor and Outdoor,Yes,22,https://ymcahouston.org/ | https://ymcahouston.org/programs | https://ymcahouston.org/program-registration | https://ymcahouston.org/programs/swimming | https://ymcahouston.org/programs/swimming/swim-lessons | https://ymcahouston.org/programs/swimming/swim-team
TX-0322,TX-0322-A,houstonpickleballcenter,,Houston,,TX,https://www.houstonpickleballcenter.com/,houstonpickleballcenter.com,Indoor and outdoor,Indoor and Outdoor,No,1,https://www.houstonpickleballcenter.com/ | https://www.houstonpickleballcenter.com/about-1 | https://www.houstonpickleballcenter.com/memberships | https://www.houstonpickleballcenter.com/healthcare-fitness-programs | https://www.houstonpickleballcenter.com/courtreservations
TX-0323,TX-0323-A,HTX Soccer,,The Woodlands,,TX,https://htxsoccer.com/,htxsoccer.com,Indoor and outdoor,Indoor and Outdoor,No,1,https://htxsoccer.com/ | https://htxsoccer.com/about/ | https://htxsoccer.com/staff/ | https://htxsoccer.com/contact-us/ | https://htxsoccer.com/recreational/adaptive-soccer-program/
TX-0324,TX-0324-A,Indoor Pickleball Venues,21427 Martin Ln,Pflugerville,78660,TX,https://indoorpickleballvenues.com/,indoorpickleballvenues.com,Indoor and outdoor,Indoor and Outdoor,Yes,3,https://indoorpickleballvenues.com/ | https://indoorpickleballvenues.com/us/texas/pflugerville/pickleland-indoor-pickleball-courts-in-pflugerville | https://indoorpickleballvenues.com/us/colorado/thornton/the-picklr-thornton | https://indoorpickleballvenues.com/us/arizona/scottsdale/the-orchard-indoor-pickleball-courts | https://indoorpickleballvenues.com/us/texas/katy/pickleball-village | https://indoorpickleballvenues.com/us/illinois/chicago/pickleball-clubhouse | https://indoorpickleballvenues.com/us/texas/denton/the-picklr-denton
TX-0324,TX-0324-B,Indoor Pickleball Venues,6541 Stockdick School Rd,Katy,77449,TX,https://indoorpickleballvenues.com/,indoorpickleballvenues.com,Indoor and outdoor,Indoor and Outdoor,Yes,3,https://indoorpickleballvenues.com/ | https://indoorpickleballvenues.com/us/texas/pflugerville/pickleland-indoor-pickleball-courts-in-pflugerville | https://indoorpickleballvenues.com/us/colorado/thornton/the-picklr-thornton | https://indoorpickleballvenues.com/us/arizona/scottsdale/the-orchard-indoor-pickleball-courts | https://indoorpickleballvenues.com/us/texas/katy/pickleball-village | https://indoorpickleballvenues.com/us/illinois/chicago/pickleball-clubhouse | https://indoorpickleballvenues.com/us/texas/denton/the-picklr-denton
TX-0324,TX-0324-C,Indoor Pickleball Venues,824 W University Dr,Denton,76201,TX,https://indoorpickleballvenues.com/,indoorpickleballvenues.com,Indoor and outdoor,Indoor and Outdoor,Yes,3,https://indoorpickleballvenues.com/ | https://indoorpickleballvenues.com/us/texas/pflugerville/pickleland-indoor-pickleball-courts-in-pflugerville | https://indoorpickleballvenues.com/us/colorado/thornton/the-picklr-thornton | https://indoorpickleballvenues.com/us/arizona/scottsdale/the-orchard-indoor-pickleball-courts | https://indoorpickleballvenues.com/us/texas/katy/pickleball-village | https://indoorpickleballvenues.com/us/illinois/chicago/pickleball-clubhouse | https://indoorpickleballvenues.com/us/texas/denton/the-picklr-denton
TX-0325,TX-0325-A,Indoor Sports World,2922 S Goliad St,Rockwall,,TX,https://indoorsportsworld.com/,indoorsportsworld.org,Indoor and outdoor,Indoor and Outdoor,No,1,https://indoorsportsworld.com/ | https://indoorsportsworld.com/about-us/ | https://indoorsportsworld.com/contact-us/ | https://indoorsportsworld.com/academy-about/ | https://indoorsportsworld.com/academy-programs/ | https://indoorsportsworld.com/academy-staff/ | https://indoorsportsworld.com/academy-contact/
TX-0326,TX-0326-A,Intro,,Pflugerville,,TX,https://eurowaysports.com/,eurowaysports.com,Indoor and outdoor,Indoor and Outdoor,No,1,https://eurowaysports.com/ | https://eurowaysports.com/intro/about-us | https://eurowaysports.com/intro/health-management | https://eurowaysports.com/programs | https://eurowaysports.com/programs/volleyball-lessons | https://eurowaysports.com/programs/volleyball-academy | https://eurowaysports.com/programs/indoor-volleyball
TX-0327,TX-0327-A,Ion District,,Houston,,TX,https://iondistrict.com/,iondistrict.com,Indoor and outdoor,Indoor and Outdoor,No,1,https://iondistrict.com/ | https://iondistrict.com/events/space-rentals/ | https://iondistrict.com/about/ | http://iondistrict.com/visit/the-district/
TX-0328,TX-0328-A,john-newcombe-cc,,New Braunfels,,TX,https://www.newkscc.com/,newkscc.com,Indoor and outdoor,Indoor and Outdoor,No,1,https://www.newkscc.com/ | https://www.newkscc.com/junior-tennis-programs | https://www.newkscc.com/membership | https://www.newkscc.com/adult-tennis-programs | https://www.newkscc.com/adult-pickleball-programs | https://www.newkscc.com/membership-special | https://www.newkscc.com/101
TX-0329,TX-0329-A,Join The Epic,,Grand Prairie,,TX,https://epicrecgp.com/,epicrecgp.com,Indoor and outdoor,Indoor and Outdoor,No,1,https://epicrecgp.com/ | https://epicrecgp.com/memberships/ | https://epicrecgp.com/service-category/youth-programs/ | https://epicrecgp.com/service/youth-programs-events/ | https://epicrecgp.com/service-category/rentals/ | https://epicrecgp.com/service/facility-specialty-rentals/ | https://epicrecgp.com/service/gym-parties/
TX-0330,TX-0330-A,Julie Gray,000 613 Jacob Court,Keller,76248,TX,https://juliegrayrealestate.com/,juliegrayrealestate.com,Indoor and outdoor,Indoor and Outdoor,Yes,4,https://juliegrayrealestate.com/ | https://juliegrayrealestate.com/about | https://juliegrayrealestate.com/contact | https://juliegrayrealestate.com/properties/613-jacob-court-keller-tx-us-76248-21255569 | https://juliegrayrealestate.com/properties/2000-brazos-court-westlake-tx-us-76262-21330482 | https://juliegrayrealestate.com/properties/1408-fountain-grass-court-westlake-tx-us-76262-21339873 | https://juliegrayrealestate.com/properties/1402-fountain-grass-court-westlake-tx-us-76262-21309436
TX-0330,TX-0330-B,Julie Gray,000 2000 Brazos Court,Westlake,76262,TX,https://juliegrayrealestate.com/,juliegrayrealestate.com,Indoor and outdoor,Indoor and Outdoor,Yes,4,https://juliegrayrealestate.com/ | https://juliegrayrealestate.com/about | https://juliegrayrealestate.com/contact | https://juliegrayrealestate.com/properties/613-jacob-court-keller-tx-us-76248-21255569 | https://juliegrayrealestate.com/properties/2000-brazos-court-westlake-tx-us-76262-21330482 | https://juliegrayrealestate.com/properties/1408-fountain-grass-court-westlake-tx-us-76262-21339873 | https://juliegrayrealestate.com/properties/1402-fountain-grass-court-westlake-tx-us-76262-21309436
TX-0330,TX-0330-C,Julie Gray,000 1408 Fountain Grass Court,Westlake,76262,TX,https://juliegrayrealestate.com/,juliegrayrealestate.com,Indoor and outdoor,Indoor and Outdoor,Yes,4,https://juliegrayrealestate.com/ | https://juliegrayrealestate.com/about | https://juliegrayrealestate.com/contact | https://juliegrayrealestate.com/properties/613-jacob-court-keller-tx-us-76248-21255569 | https://juliegrayrealestate.com/properties/2000-brazos-court-westlake-tx-us-76262-21330482 | https://juliegrayrealestate.com/properties/1408-fountain-grass-court-westlake-tx-us-76262-21339873 | https://juliegrayrealestate.com/properties/1402-fountain-grass-court-westlake-tx-us-76262-21309436
TX-0330,TX-0330-D,Julie Gray,000 1402 Fountain Grass Court,Westlake,76262,TX,https://juliegrayrealestate.com/,juliegrayrealestate.com,Indoor and outdoor,Indoor and Outdoor,Yes,4,https://juliegrayrealestate.com/ | https://juliegrayrealestate.com/about | https://juliegrayrealestate.com/contact | https://juliegrayrealestate.com/properties/613-jacob-court-keller-tx-us-76248-21255569 | https://juliegrayrealestate.com/properties/2000-brazos-court-westlake-tx-us-76262-21330482 | https://juliegrayrealestate.com/properties/1408-fountain-grass-court-westlake-tx-us-76262-21339873 | https://juliegrayrealestate.com/properties/1402-fountain-grass-court-westlake-tx-us-76262-21309436
TX-0331,TX-0331-A,kens5.com,,San Antonio,,TX,https://www.kens5.com/,kens5.com,Indoor and outdoor,Indoor and Outdoor,No,1,https://www.kens5.com/ | https://www.kens5.com/about-us | https://www.kens5.com/contact-us | https://www.kens5.com/meet-the-team
TX-0332,TX-0332-A,Kerrville CVB,,Kerrville,,TX,https://kerrvillecrafted.com/,kerrvilletexascvb.com,Indoor and outdoor,Indoor and Outdoor,No,1,https://kerrvillecrafted.com/ | https://kerrvillecrafted.com/businesses/kerr-county-vacation-rentals/ | https://kerrvillecrafted.com/about-kerrville/ | https://kerrvillecrafted.com/contact/
TX-0333,TX-0333-A,"Kids, Inc.",,Amarillo,,TX,https://kidsinc.org/,kidsinc.org,Indoor and outdoor,Indoor and Outdoor,No,1,https://kidsinc.org/ | https://kidsinc.org/about/
TX-0334,TX-0334-A,Kroc Kerrville,,Kerrville,,TX,https://kerrvillekroc.org/,kerrvillekroc.org,Indoor and outdoor,Indoor and Outdoor,No,1,https://kerrvillekroc.org/ | https://kerrvillekroc.org/KrocKerrville/membership | https://kerrvillekroc.org/KrocKerrville/member-policies-and-facility-rules | https://kerrvillekroc.org/KrocKerrville/rentals-and-parties | https://kerrvillekroc.org/KrocKerrville/programs | https://kerrvillekroc.org/KrocKerrville/kroc-academy
TX-0335,TX-0335-A,Legends Event Center,2533 Midtown Park Boulevard,Bryan,77801,TX,https://bryanlegends.com/,bryanlegends.com,Indoor and outdoor,Indoor and Outdoor,No,1,https://bryanlegends.com/ | https://bryanlegends.com/about/ | https://bryanlegends.com/about/in-the-news/ | https://bryanlegends.com/contact-us/ | https://bryanlegends.com/rentals/
TX-0336,TX-0336-A,Legends Futsal Academy,1419 Vander Wilt Ln,Katy,77449,TX,https://www.legendsfutsalacademy.com/,legendsfutsalacademy.com,Indoor and outdoor,Indoor and Outdoor,No,1,https://www.legendsfutsalacademy.com/ | https://www.legendsfutsalacademy.com/about/ | https://www.legendsfutsalacademy.com/coaches-stafff/ | https://www.legendsfutsalacademy.com/contact/ | https://www.legendsfutsalacademy.com/summer-just-got-legendary/
TX-0337,TX-0337-A,LeTourneau University Athletics,,Longview,,TX,https://letuathletics.com/,letuathletics.com,Indoor and outdoor,Indoor and Outdoor,No,1,https://letuathletics.com/ | https://letuathletics.com/staff-directory | https://letuathletics.com/facilities | https://letuathletics.com/facilities/solheim-center/31 | https://letuathletics.com/honors/letourneau-athletics-hall-of-fame | https://letuathletics.com/sports/2013/4/30/GEN_0430132019.aspx
TX-0338,TX-0338-A,Loc8NearMe,,Fort Worth,,TX,https://www.loc8nearme.com/,loc8nearme.com,Indoor and outdoor,Indoor and Outdoor,No,1,https://www.loc8nearme.com/ | https://www.loc8nearme.com/contact.html | https://www.loc8nearme.com/about.html
TX-0339,TX-0339-A,Local Profile,,Plano,,TX,https://www.localprofile.com/,localprofile.com,Indoor and outdoor,Indoor and Outdoor,No,1,https://www.localprofile.com/ | https://www.localprofile.com/directory | https://www.localprofile.com/contact | https://www.localprofile.com/food-drink/here-are-the-2026-big-tex-choice-awards-finalists-12635298 | https://www.localprofile.com/directory/restaurants | https://www.localprofile.com/sponsored-content/when-should-you-worry-about-brain-fog-a-baylor-scott-white-neurologist-explains-12623194 | https://www.localprofile.com/news/texas-womans-university-unveils-plans-for-30-million-athletics-complex-12611124
TX-0340,TX-0340-A,Lone Star College System,,The Woodlands,,TX,https://www.lonestar.edu/,lonestar.edu,Indoor and outdoor,Indoor and Outdoor,No,1,https://www.lonestar.edu/ | https://www.lonestar.edu/faculty-staff.htm | https://www.lonestar.edu/about-lsc.htm | https://www.lonestar.edu/administration-board.htm | https://www.lonestar.edu/about-us-institutional-research.htm | https://www.lonestar.edu/programs-of-study/
TX-0341,TX-0341-A,Lone Star Game Courts,,Helotes,,TX,https://southtexassportcourt.com/,southtexassportcourt.com,Indoor and outdoor,Indoor and Outdoor,No,1,https://southtexassportcourt.com/ | https://southtexassportcourt.com/indoor-gym-flooring | https://southtexassportcourt.com/indoor-gym-flooring/sport-court-gym-flooring-benefits | https://southtexassportcourt.com/court-of-legends-basketball-gym | https://southtexassportcourt.com/gym-project-solutions-from-south-texas-sport-court | https://southtexassportcourt.com/half-court | https://southtexassportcourt.com/sport-court-outdoor
TX-0342,TX-0342-A,Lonestar Soccer Club,,Austin,,TX,https://lonestar-sc.com/,lonestar-sc.com,Indoor and outdoor,Indoor and Outdoor,No,1,https://lonestar-sc.com/ | https://lonestar-sc.com/new-to-lonestar/meet-the-coaches | https://lonestar-sc.com/programs | https://lonestar-sc.com/programs/recreational | https://lonestar-sc.com/programs/jr-academy | https://lonestar-sc.com/programs/select | https://lonestar-sc.com/programs/national
TX-0343,TX-0343-A,Lords Indoor Sports,,Plano,,TX,https://lordsindoorsports.com/,lordsindoorsports.com,Indoor and outdoor,Indoor and Outdoor,No,1,https://lordsindoorsports.com/ | https://lordsindoorsports.com/about-us/ | https://lordsindoorsports.com/rentals/ | https://lordsindoorsports.com/rental/cricket-fields/ | https://lordsindoorsports.com/rental/soccer-fields/ | https://lordsindoorsports.com/rental/batting-lanes/ | https://lordsindoorsports.com/special-events/arena-rental/
TX-0344,TX-0344-A,Lost Forest Tennis Club,6878 5775 Lost Forest Drive,Houston,77092,TX,https://lostforesttennisclub.com/,lostforesttennisclub.com,Indoor and outdoor,Indoor and Outdoor,No,1,https://lostforesttennisclub.com/ | https://lostforesttennisclub.com/junior-program/ | https://lostforesttennisclub.com/membership/ | https://lostforesttennisclub.com/contact/
TX-0345,TX-0345-A,Lubbock Country Club,,Lubbock,,TX,https://www.lubbockcc.org/,lubbockcc.org,Indoor and outdoor,Indoor and Outdoor,No,1,https://www.lubbockcc.org/ | https://www.lubbockcc.org/Default.aspx
TX-0346,TX-0346-A,Lumberton Pickleball: Your Guide to Local Courts,,Lumberton,,TX,https://lumbertonpickleball.com/,lumbertonpickleball.com,Indoor and outdoor,Indoor and Outdoor,No,1,https://lumbertonpickleball.com/
TX-0347,TX-0347-A,Macaroni KID League City - Clear Lake,,Houston,,TX,https://leaguecity.macaronikid.com/,macaronikid.com,Indoor and outdoor,Indoor and Outdoor,No,1,https://leaguecity.macaronikid.com/ | https://leaguecity.macaronikid.com/directory | https://leaguecity.macaronikid.com/articles/68487d30bb4283437acaf7bc/10-august-2026-holidays-your-kids-will-get-excited-about | https://leaguecity.macaronikid.com/about-certifikid | https://leaguecity.macaronikid.com/about-pm | https://leaguecity.macaronikid.com/about-us | https://leaguecity.macaronikid.com/contact-us
TX-0348,TX-0348-A,Memorial Indoor,1322 S Dairy Ashford Rd.,Houston,77077,TX,https://memorialindoor.com/,memorialindoor.com,Indoor and outdoor,Indoor and Outdoor,No,1,https://memorialindoor.com/ | https://memorialindoor.com/turf-rentals | https://memorialindoor.com/meet-our-staff
TX-0349,TX-0349-A,Midland Athletic Syndicate,5501 Deauville Dr.,Midland,79706,TX,https://midlandas.org/,midlandas.org,Indoor and outdoor,Indoor and Outdoor,No,1,https://midlandas.org/ | https://midlandas.org/about/ | https://midlandas.org/about/our-city-region/ | https://midlandas.org/about/team/ | https://midlandas.org/about/elected-officers/ | https://midlandas.org/about/sponsors/ | https://midlandas.org/about/partnerships/
TX-0350,TX-0350-A,"Military School For Boys, Private Boarding School: Marine Military Academy",,Harlingen,,TX,https://www.mma-tx.org/,mma-tx.org,Indoor and outdoor,Indoor and Outdoor,No,1,https://www.mma-tx.org/ | https://www.mma-tx.org/contact-mma/ | https://www.mma-tx.org/about-us/ | https://www.mma-tx.org/military-program/ | https://www.mma-tx.org/athletics/ | https://www.mma-tx.org/academics/outcomes/ | https://www.mma-tx.org/about-us/at-a-glance/
TX-0351,TX-0351-A,Mira Vista Country Club Home Page,,Fort Worth,,TX,https://www.miravistacountryclub.com/,miravistacountryclub.com,Indoor and outdoor,Indoor and Outdoor,No,1,https://www.miravistacountryclub.com/ | https://www.miravistacountryclub.com/club/scripts/view/view_directions.asp | https://www.miravistacountryclub.com/about | https://www.miravistacountryclub.com/membership | https://www.miravistacountryclub.com/about/forms/request-for-info | https://www.miravistacountryclub.com/about/employment-opportunities | https://www.miravistacountryclub.com/about/employment-scholarship-fund-public
TX-0352,TX-0352-A,Momentum Sports,,Pflugerville,,TX,https://www.momentumsportsusa.com/,momentumsportsusa.com,Indoor and outdoor,Indoor and Outdoor,No,1,https://www.momentumsportsusa.com/ | https://www.momentumsportsusa.com/badminton-membership | https://www.momentumsportsusa.com/cricket-rent-a-court | https://www.momentumsportsusa.com/soccer-rent-a-court | https://www.momentumsportsusa.com/contactus | https://www.momentumsportsusa.com/aboutus | https://www.momentumsportsusa.com/comingsoon.php
TX-0353,TX-0353-A,"Moody Gardens Galveston, Texas",1700 Sydnor Ln,Galveston,77554,TX,https://www.moodygardens.com/,moodygardens.org,Indoor and outdoor,Indoor and Outdoor,No,1,https://www.moodygardens.com/ | https://www.moodygardens.com/pickleball | https://www.moodygardens.com/educate/forkids | https://www.moodygardens.com/visitor-info/contact-us | https://www.moodygardens.com/memberships | https://www.moodygardens.com/visitor-info
TX-0354,TX-0354-A,MyPadelWay,,Austin,,TX,https://mypadelway.com/,mypadelway.com,Indoor and outdoor,Indoor and Outdoor,No,1,https://mypadelway.com/ | https://mypadelway.com/us | https://mypadelway.com/de | https://mypadelway.com/uk | https://mypadelway.com/ae | https://mypadelway.com/nl | https://mypadelway.com/za
TX-0355,TX-0355-A,NAS JRB Fort Worth,,Fort Worth,,TX,https://www.navymwrfortworth.com/,navymwrfortworth.com,Indoor and outdoor,Indoor and Outdoor,No,1,https://www.navymwrfortworth.com/ | https://www.navymwrfortworth.com/about/newsletter | https://www.navymwrfortworth.com/about/about-us | https://www.navymwrfortworth.com/about/careers | https://www.navymwrfortworth.com/about/contact-us | https://www.navymwrfortworth.com/about/facility-directory | https://www.navymwrfortworth.com/about/feedback
TX-0356,TX-0356-A,NAS Kingsville,,,,TX,https://www.navymwrkingsville.com/,navymwrkingsville.com,Indoor and outdoor,Indoor and Outdoor,No,1,https://www.navymwrkingsville.com/ | https://www.navymwrkingsville.com/about/newsletter | https://www.navymwrkingsville.com/about/contact-us | https://www.navymwrkingsville.com/about/facility-directory | https://www.navymwrkingsville.com/about/feedback | https://www.navymwrkingsville.com/about/careers | https://www.navymwrkingsville.com/about/news
TX-0357,TX-0357-A,Naval Academy Athletics,,Frisco,,TX,https://navysports.com/,navysports.com,Indoor and outdoor,Indoor and Outdoor,No,1,https://navysports.com/ | https://navysports.com/sports/2023/1/4/2023-BlueNGold-Referral-Program.aspx | https://navysports.com/sports/2018/5/23/supportnavy-game-programs-html | https://navysports.com/documents/2026/6/22/2026_Navy_Athletics_Sponsorship_Intro_Deck_June.pdf | https://navysports.com/sports/2018/5/23/supportnavy-game-programs-html.aspx | https://navysports.com/facilities | https://navysports.com/sports/2019/6/7/facility-rentals.aspx
TX-0358,TX-0358-A,NB PICKLEBALL CLUB,,,,TX,https://www.nbpickleballclub.com/,nbpickleballclub.com,Indoor and outdoor,Indoor and Outdoor,No,1,https://www.nbpickleballclub.com/ | https://www.nbpickleballclub.com/membership | https://www.nbpickleballclub.com/facility | https://www.nbpickleballclub.com/about-us
TX-0359,TX-0359-A,North Texas Soccer,,Frisco,,TX,https://www.ntxsoccer.org/,ntxsoccer.org,Indoor and outdoor,Indoor and Outdoor,No,1,https://www.ntxsoccer.org/ | https://www.ntxsoccer.org/about/ | https://www.ntxsoccer.org/about/mission-statement/ | https://www.ntxsoccer.org/about/board-of-directors/ | https://www.ntxsoccer.org/about/board-meeting-minutes/ | https://www.ntxsoccer.org/about/office-staff/ | https://www.ntxsoccer.org/about/policies/
TX-0360,TX-0360-A,Northgate CC & Walden GC,17110 Northgate Forest Dr,Houston,77068,TX,https://www.waldengolf.com/,waldengolf.com,Indoor and outdoor,Indoor and Outdoor,Yes,2,https://www.waldengolf.com/ | https://www.waldengolf.com/web/pages/about | https://www.waldengolf.com/web/pages/contact-us | https://www.waldengolf.com/web/pages/membership
TX-0360,TX-0360-B,Northgate CC & Walden GC,5302 13101 Walden Rd,Montgomery,77356,TX,https://www.waldengolf.com/,waldengolf.com,Indoor and outdoor,Indoor and Outdoor,Yes,2,https://www.waldengolf.com/ | https://www.waldengolf.com/web/pages/about | https://www.waldengolf.com/web/pages/contact-us | https://www.waldengolf.com/web/pages/membership
TX-0361,TX-0361-A,"NTR USA Volleyball - Allen, TX",6145 Alma Rd,McKinney,75070,TX,https://ntrvolleyball.net/,ntrvolleyball.net,Indoor and outdoor,Indoor and Outdoor,Yes,5,https://ntrvolleyball.net/ | https://ntrvolleyball.net/about-ntr/ | https://ntrvolleyball.net/ntr-contacts/ | https://ntrvolleyball.net/junior-beach-directions-facility-info/ | https://ntrvolleyball.net/memberships-coming-september-1-2021/ | https://ntrvolleyball.net/region-facilities/
TX-0361,TX-0361-B,"NTR USA Volleyball - Allen, TX",8 Lighted Courts 2600 Alemeda Street,Fort Worth,76108,TX,https://ntrvolleyball.net/,ntrvolleyball.net,Indoor and outdoor,Indoor and Outdoor,Yes,5,https://ntrvolleyball.net/ | https://ntrvolleyball.net/about-ntr/ | https://ntrvolleyball.net/ntr-contacts/ | https://ntrvolleyball.net/junior-beach-directions-facility-info/ | https://ntrvolleyball.net/memberships-coming-september-1-2021/ | https://ntrvolleyball.net/region-facilities/
TX-0361,TX-0361-C,"NTR USA Volleyball - Allen, TX",317 S. 2nd Ave,Dallas,75226,TX,https://ntrvolleyball.net/,ntrvolleyball.net,Indoor and outdoor,Indoor and Outdoor,Yes,5,https://ntrvolleyball.net/ | https://ntrvolleyball.net/about-ntr/ | https://ntrvolleyball.net/ntr-contacts/ | https://ntrvolleyball.net/junior-beach-directions-facility-info/ | https://ntrvolleyball.net/memberships-coming-september-1-2021/ | https://ntrvolleyball.net/region-facilities/
TX-0361,TX-0361-D,"NTR USA Volleyball - Allen, TX",2221 109th St,Grand Prairie,75050,TX,https://ntrvolleyball.net/,ntrvolleyball.net,Indoor and outdoor,Indoor and Outdoor,Yes,5,https://ntrvolleyball.net/ | https://ntrvolleyball.net/about-ntr/ | https://ntrvolleyball.net/ntr-contacts/ | https://ntrvolleyball.net/junior-beach-directions-facility-info/ | https://ntrvolleyball.net/memberships-coming-september-1-2021/ | https://ntrvolleyball.net/region-facilities/
TX-0361,TX-0361-E,"NTR USA Volleyball - Allen, TX",10710 Frisco St,Frisco,,TX,https://ntrvolleyball.net/,ntrvolleyball.net,Indoor and outdoor,Indoor and Outdoor,Yes,5,https://ntrvolleyball.net/ | https://ntrvolleyball.net/about-ntr/ | https://ntrvolleyball.net/ntr-contacts/ | https://ntrvolleyball.net/junior-beach-directions-facility-info/ | https://ntrvolleyball.net/memberships-coming-september-1-2021/ | https://ntrvolleyball.net/region-facilities/
TX-0362,TX-0362-A,NYS Texas San Antonio | NYS Online,,,,TX,https://txsa.nysonline.org/,nysonline.net,Indoor and outdoor,Indoor and Outdoor,No,1,https://txsa.nysonline.org/ | https://txsa.nysonline.org/contact/
TX-0363,TX-0363-A,Odessa College,,Odessa,,TX,https://wranglersports.com/landing/index,wranglersports.com,Indoor and outdoor,Indoor and Outdoor,No,1,https://wranglersports.com/landing/index | https://wranglersports.com/sports/satrainers/program_info | https://wranglersports.com/information/directory/Staff_Directory | https://wranglersports.com/Information/facilities | https://wranglersports.com/Information/Sports_Facilities/Wrangler_Softball_Complex | https://wranglersports.com/Information/Sports_Facilities/Wrangler_Weight_Room
TX-0364,TX-0364-A,Onix Pickleball,,Houston,,TX,https://www.onixpickleball.com/,onixpickleball.com,Indoor and outdoor,Indoor and Outdoor,No,1,https://www.onixpickleball.com/ | https://www.onixpickleball.com/pages/about-onix-pickleball | https://www.onixpickleball.com/pages/contact-us | https://www.onixpickleball.com/blogs/learn-pickleball/tagged/about-pickleball | https://www.onixpickleball.com/blogs/learn-pickleball | https://www.onixpickleball.com/blogs/learn-pickleball/find-places-to-play-pickleball
TX-0365,TX-0365-A,Pablo Futsal Academy,2308 Dean Way,Southlake,76092,TX,https://pablofutsalacademy.com/,pablofutsalacademy.com,Indoor and outdoor,Indoor and Outdoor,No,1,https://pablofutsalacademy.com/ | https://pablofutsalacademy.com/about-us
TX-0366,TX-0366-A,Padel Browser,,Amarillo,,TX,https://www.padelbrowser.com/,40fortypadel.com,Indoor and outdoor,Indoor and Outdoor,No,1,https://www.padelbrowser.com/ | https://www.padelbrowser.com/clubs/find-courts | https://www.padelbrowser.com/clubs/directory | https://www.padelbrowser.com/padel-courts/padel-haus-dumbo | https://www.padelbrowser.com/padel-courts/the-pad-tucson | https://www.padelbrowser.com/padel-courts/racket-social-club-englewood | https://www.padelbrowser.com/padel-courts/state/florida
TX-0367,TX-0367-A,Padel Club Austin,511 Industrial Blvd,Austin,,TX,https://padelclubaustin.com/,padelclubaustin.com,Indoor and outdoor,Indoor and Outdoor,No,1,https://padelclubaustin.com/
TX-0368,TX-0368-A,Padel Courts Finder,,Houston,,TX,https://www.padelcourtsfinder.com/,wynwoodpadelclub.com,Indoor and outdoor,Indoor and Outdoor,No,1,https://www.padelcourtsfinder.com/ | https://www.padelcourtsfinder.com/about | https://www.padelcourtsfinder.com/list-your-court | https://www.padelcourtsfinder.com/florida | https://www.padelcourtsfinder.com/texas | https://www.padelcourtsfinder.com/california
TX-0369,TX-0369-A,Padel Courts Locator,,Houston,,TX,https://www.padelcourtslocator.com/,send.padelcourtslocator.com,Indoor and outdoor,Indoor and Outdoor,No,1,https://www.padelcourtslocator.com/ | https://www.padelcourtslocator.com/about | https://www.padelcourtslocator.com/contact | https://www.padelcourtslocator.com/articles/padel-shoes-guide-choosing-right-footwear-court-surface | https://www.padelcourtslocator.com/articles/padel-court-etiquette-unwritten-rules | https://www.padelcourtslocator.com/listings
TX-0370,TX-0370-A,Padel Spot,,Round Rock,,TX,https://www.padelspot.com/,padelspot.com,Indoor and outdoor,Indoor and Outdoor,No,1,https://www.padelspot.com/
TX-0371,TX-0371-A,Padel.fyi,,,,TX,https://www.padel.fyi/,padel.fyi,Indoor and outdoor,Indoor and Outdoor,No,1,https://www.padel.fyi/ | https://www.padel.fyi/articles/head-locks-down-spain-for-another-decade-while-premier-padel-courts-get-a-transparency-upgrade/ | https://www.padel.fyi/padel-clubs/ | https://www.padel.fyi/about/
TX-0372,TX-0372-A,PadelCourtsNearMe,5700 Briarwood Avenue,Midland,,TX,https://www.padelcourtsnearme.us/,padelcourtsnearme.us,Indoor and outdoor,Indoor and Outdoor,Yes,31,https://www.padelcourtsnearme.us/ | https://www.padelcourtsnearme.us/courts/10by20-ft-lauderdale-fort-lauderdale-florida | https://www.padelcourtsnearme.us/courts/6-love-sports-miami-beach-florida | https://www.padelcourtsnearme.us/courts/access-padel-hillsborough-new-jersey | https://www.padelcourtsnearme.us/courts/alma-padel-glenview-illinois | https://www.padelcourtsnearme.us/courts/and-padel-oakland-new-jersey
TX-0372,TX-0372-B,PadelCourtsNearMe,6 5700 Briarwood Ave,Midland,79707,TX,https://www.padelcourtsnearme.us/,padelcourtsnearme.us,Indoor and outdoor,Indoor and Outdoor,Yes,31,https://www.padelcourtsnearme.us/ | https://www.padelcourtsnearme.us/courts/10by20-ft-lauderdale-fort-lauderdale-florida | https://www.padelcourtsnearme.us/courts/6-love-sports-miami-beach-florida | https://www.padelcourtsnearme.us/courts/access-padel-hillsborough-new-jersey | https://www.padelcourtsnearme.us/courts/alma-padel-glenview-illinois | https://www.padelcourtsnearme.us/courts/and-padel-oakland-new-jersey
TX-0372,TX-0372-C,PadelCourtsNearMe,2301 Sabine Street,Houston,,TX,https://www.padelcourtsnearme.us/,padelcourtsnearme.us,Indoor and outdoor,Indoor and Outdoor,Yes,31,https://www.padelcourtsnearme.us/ | https://www.padelcourtsnearme.us/courts/10by20-ft-lauderdale-fort-lauderdale-florida | https://www.padelcourtsnearme.us/courts/6-love-sports-miami-beach-florida | https://www.padelcourtsnearme.us/courts/access-padel-hillsborough-new-jersey | https://www.padelcourtsnearme.us/courts/alma-padel-glenview-illinois | https://www.padelcourtsnearme.us/courts/and-padel-oakland-new-jersey
TX-0372,TX-0372-D,PadelCourtsNearMe,0 7918 Breen Rd,Houston,77064,TX,https://www.padelcourtsnearme.us/,padelcourtsnearme.us,Indoor and outdoor,Indoor and Outdoor,Yes,31,https://www.padelcourtsnearme.us/ | https://www.padelcourtsnearme.us/courts/10by20-ft-lauderdale-fort-lauderdale-florida | https://www.padelcourtsnearme.us/courts/6-love-sports-miami-beach-florida | https://www.padelcourtsnearme.us/courts/access-padel-hillsborough-new-jersey | https://www.padelcourtsnearme.us/courts/alma-padel-glenview-illinois | https://www.padelcourtsnearme.us/courts/and-padel-oakland-new-jersey
TX-0372,TX-0372-E,PadelCourtsNearMe,6 16400 Sir William Dr,Spring,77379,TX,https://www.padelcourtsnearme.us/,padelcourtsnearme.us,Indoor and outdoor,Indoor and Outdoor,Yes,31,https://www.padelcourtsnearme.us/ | https://www.padelcourtsnearme.us/courts/10by20-ft-lauderdale-fort-lauderdale-florida | https://www.padelcourtsnearme.us/courts/6-love-sports-miami-beach-florida | https://www.padelcourtsnearme.us/courts/access-padel-hillsborough-new-jersey | https://www.padelcourtsnearme.us/courts/alma-padel-glenview-illinois | https://www.padelcourtsnearme.us/courts/and-padel-oakland-new-jersey
TX-0372,TX-0372-F,PadelCourtsNearMe,0 11850 Hempstead Rd,Houston,77092,TX,https://www.padelcourtsnearme.us/,padelcourtsnearme.us,Indoor and outdoor,Indoor and Outdoor,Yes,31,https://www.padelcourtsnearme.us/ | https://www.padelcourtsnearme.us/courts/10by20-ft-lauderdale-fort-lauderdale-florida | https://www.padelcourtsnearme.us/courts/6-love-sports-miami-beach-florida | https://www.padelcourtsnearme.us/courts/access-padel-hillsborough-new-jersey | https://www.padelcourtsnearme.us/courts/alma-padel-glenview-illinois | https://www.padelcourtsnearme.us/courts/and-padel-oakland-new-jersey
TX-0372,TX-0372-G,PadelCourtsNearMe,111 N Post Oak Ln,Houston,77024,TX,https://www.padelcourtsnearme.us/,padelcourtsnearme.us,Indoor and outdoor,Indoor and Outdoor,Yes,31,https://www.padelcourtsnearme.us/ | https://www.padelcourtsnearme.us/courts/10by20-ft-lauderdale-fort-lauderdale-florida | https://www.padelcourtsnearme.us/courts/6-love-sports-miami-beach-florida | https://www.padelcourtsnearme.us/courts/access-padel-hillsborough-new-jersey | https://www.padelcourtsnearme.us/courts/alma-padel-glenview-illinois | https://www.padelcourtsnearme.us/courts/and-padel-oakland-new-jersey
TX-0372,TX-0372-H,PadelCourtsNearMe,9 1112 Egypt St,Houston,77009,TX,https://www.padelcourtsnearme.us/,padelcourtsnearme.us,Indoor and outdoor,Indoor and Outdoor,Yes,31,https://www.padelcourtsnearme.us/ | https://www.padelcourtsnearme.us/courts/10by20-ft-lauderdale-fort-lauderdale-florida | https://www.padelcourtsnearme.us/courts/6-love-sports-miami-beach-florida | https://www.padelcourtsnearme.us/courts/access-padel-hillsborough-new-jersey | https://www.padelcourtsnearme.us/courts/alma-padel-glenview-illinois | https://www.padelcourtsnearme.us/courts/and-padel-oakland-new-jersey
TX-0372,TX-0372-I,PadelCourtsNearMe,2 5206 E 3rd St,Katy,77493,TX,https://www.padelcourtsnearme.us/,padelcourtsnearme.us,Indoor and outdoor,Indoor and Outdoor,Yes,31,https://www.padelcourtsnearme.us/ | https://www.padelcourtsnearme.us/courts/10by20-ft-lauderdale-fort-lauderdale-florida | https://www.padelcourtsnearme.us/courts/6-love-sports-miami-beach-florida | https://www.padelcourtsnearme.us/courts/access-padel-hillsborough-new-jersey | https://www.padelcourtsnearme.us/courts/alma-padel-glenview-illinois | https://www.padelcourtsnearme.us/courts/and-padel-oakland-new-jersey
TX-0372,TX-0372-J,PadelCourtsNearMe,314 Nolan Street,San Antonio,,TX,https://www.padelcourtsnearme.us/,padelcourtsnearme.us,Indoor and outdoor,Indoor and Outdoor,Yes,31,https://www.padelcourtsnearme.us/ | https://www.padelcourtsnearme.us/courts/10by20-ft-lauderdale-fort-lauderdale-florida | https://www.padelcourtsnearme.us/courts/6-love-sports-miami-beach-florida | https://www.padelcourtsnearme.us/courts/access-padel-hillsborough-new-jersey | https://www.padelcourtsnearme.us/courts/alma-padel-glenview-illinois | https://www.padelcourtsnearme.us/courts/and-padel-oakland-new-jersey
TX-0372,TX-0372-K,PadelCourtsNearMe,0 14510 S Josey Ln,Farmers Branch,75234,TX,https://www.padelcourtsnearme.us/,padelcourtsnearme.us,Indoor and outdoor,Indoor and Outdoor,Yes,31,https://www.padelcourtsnearme.us/ | https://www.padelcourtsnearme.us/courts/10by20-ft-lauderdale-fort-lauderdale-florida | https://www.padelcourtsnearme.us/courts/6-love-sports-miami-beach-florida | https://www.padelcourtsnearme.us/courts/access-padel-hillsborough-new-jersey | https://www.padelcourtsnearme.us/courts/alma-padel-glenview-illinois | https://www.padelcourtsnearme.us/courts/and-padel-oakland-new-jersey
TX-0372,TX-0372-L,PadelCourtsNearMe,6416 Sinatra Pkwy,Laredo,78041,TX,https://www.padelcourtsnearme.us/,padelcourtsnearme.us,Indoor and outdoor,Indoor and Outdoor,Yes,31,https://www.padelcourtsnearme.us/ | https://www.padelcourtsnearme.us/courts/10by20-ft-lauderdale-fort-lauderdale-florida | https://www.padelcourtsnearme.us/courts/6-love-sports-miami-beach-florida | https://www.padelcourtsnearme.us/courts/access-padel-hillsborough-new-jersey | https://www.padelcourtsnearme.us/courts/alma-padel-glenview-illinois | https://www.padelcourtsnearme.us/courts/and-padel-oakland-new-jersey
TX-0372,TX-0372-M,PadelCourtsNearMe,9 511 Industrial Blvd,Austin,78745,TX,https://www.padelcourtsnearme.us/,padelcourtsnearme.us,Indoor and outdoor,Indoor and Outdoor,Yes,31,https://www.padelcourtsnearme.us/ | https://www.padelcourtsnearme.us/courts/10by20-ft-lauderdale-fort-lauderdale-florida | https://www.padelcourtsnearme.us/courts/6-love-sports-miami-beach-florida | https://www.padelcourtsnearme.us/courts/access-padel-hillsborough-new-jersey | https://www.padelcourtsnearme.us/courts/alma-padel-glenview-illinois | https://www.padelcourtsnearme.us/courts/and-padel-oakland-new-jersey
TX-0372,TX-0372-N,PadelCourtsNearMe,4 8002 Sand Pebble Dr,San Antonio,78250,TX,https://www.padelcourtsnearme.us/,padelcourtsnearme.us,Indoor and outdoor,Indoor and Outdoor,Yes,31,https://www.padelcourtsnearme.us/ | https://www.padelcourtsnearme.us/courts/10by20-ft-lauderdale-fort-lauderdale-florida | https://www.padelcourtsnearme.us/courts/6-love-sports-miami-beach-florida | https://www.padelcourtsnearme.us/courts/access-padel-hillsborough-new-jersey | https://www.padelcourtsnearme.us/courts/alma-padel-glenview-illinois | https://www.padelcourtsnearme.us/courts/and-padel-oakland-new-jersey
TX-0372,TX-0372-O,PadelCourtsNearMe,7 6545 All Stars Ave,Frisco,75033,TX,https://www.padelcourtsnearme.us/,padelcourtsnearme.us,Indoor and outdoor,Indoor and Outdoor,Yes,31,https://www.padelcourtsnearme.us/ | https://www.padelcourtsnearme.us/courts/10by20-ft-lauderdale-fort-lauderdale-florida | https://www.padelcourtsnearme.us/courts/6-love-sports-miami-beach-florida | https://www.padelcourtsnearme.us/courts/access-padel-hillsborough-new-jersey | https://www.padelcourtsnearme.us/courts/alma-padel-glenview-illinois | https://www.padelcourtsnearme.us/courts/and-padel-oakland-new-jersey
TX-0372,TX-0372-P,PadelCourtsNearMe,0 1718 Boca Chica Blvd,Brownsville,78520,TX,https://www.padelcourtsnearme.us/,padelcourtsnearme.us,Indoor and outdoor,Indoor and Outdoor,Yes,31,https://www.padelcourtsnearme.us/ | https://www.padelcourtsnearme.us/courts/10by20-ft-lauderdale-fort-lauderdale-florida | https://www.padelcourtsnearme.us/courts/6-love-sports-miami-beach-florida | https://www.padelcourtsnearme.us/courts/access-padel-hillsborough-new-jersey | https://www.padelcourtsnearme.us/courts/alma-padel-glenview-illinois | https://www.padelcourtsnearme.us/courts/and-padel-oakland-new-jersey
TX-0372,TX-0372-Q,PadelCourtsNearMe,39 4.9 2510 Rutland Dr,Austin,78758,TX,https://www.padelcourtsnearme.us/,padelcourtsnearme.us,Indoor and outdoor,Indoor and Outdoor,Yes,31,https://www.padelcourtsnearme.us/ | https://www.padelcourtsnearme.us/courts/10by20-ft-lauderdale-fort-lauderdale-florida | https://www.padelcourtsnearme.us/courts/6-love-sports-miami-beach-florida | https://www.padelcourtsnearme.us/courts/access-padel-hillsborough-new-jersey | https://www.padelcourtsnearme.us/courts/alma-padel-glenview-illinois | https://www.padelcourtsnearme.us/courts/and-padel-oakland-new-jersey
TX-0372,TX-0372-R,PadelCourtsNearMe,0 3000 Belmeade Dr,Carrollton,75006,TX,https://www.padelcourtsnearme.us/,padelcourtsnearme.us,Indoor and outdoor,Indoor and Outdoor,Yes,31,https://www.padelcourtsnearme.us/ | https://www.padelcourtsnearme.us/courts/10by20-ft-lauderdale-fort-lauderdale-florida | https://www.padelcourtsnearme.us/courts/6-love-sports-miami-beach-florida | https://www.padelcourtsnearme.us/courts/access-padel-hillsborough-new-jersey | https://www.padelcourtsnearme.us/courts/alma-padel-glenview-illinois | https://www.padelcourtsnearme.us/courts/and-padel-oakland-new-jersey
TX-0372,TX-0372-S,PadelCourtsNearMe,39 East Austin 4716 East 5th Street,Austin,78702,TX,https://www.padelcourtsnearme.us/,padelcourtsnearme.us,Indoor and outdoor,Indoor and Outdoor,Yes,31,https://www.padelcourtsnearme.us/ | https://www.padelcourtsnearme.us/courts/10by20-ft-lauderdale-fort-lauderdale-florida | https://www.padelcourtsnearme.us/courts/6-love-sports-miami-beach-florida | https://www.padelcourtsnearme.us/courts/access-padel-hillsborough-new-jersey | https://www.padelcourtsnearme.us/courts/alma-padel-glenview-illinois | https://www.padelcourtsnearme.us/courts/and-padel-oakland-new-jersey
TX-0372,TX-0372-T,PadelCourtsNearMe,6 30251 Leroy Scheel Rd,Bulverde,78163,TX,https://www.padelcourtsnearme.us/,padelcourtsnearme.us,Indoor and outdoor,Indoor and Outdoor,Yes,31,https://www.padelcourtsnearme.us/ | https://www.padelcourtsnearme.us/courts/10by20-ft-lauderdale-fort-lauderdale-florida | https://www.padelcourtsnearme.us/courts/6-love-sports-miami-beach-florida | https://www.padelcourtsnearme.us/courts/access-padel-hillsborough-new-jersey | https://www.padelcourtsnearme.us/courts/alma-padel-glenview-illinois | https://www.padelcourtsnearme.us/courts/and-padel-oakland-new-jersey
TX-0372,TX-0372-U,PadelCourtsNearMe,2 13130 Preston Rd,Dallas,75240,TX,https://www.padelcourtsnearme.us/,padelcourtsnearme.us,Indoor and outdoor,Indoor and Outdoor,Yes,31,https://www.padelcourtsnearme.us/ | https://www.padelcourtsnearme.us/courts/10by20-ft-lauderdale-fort-lauderdale-florida | https://www.padelcourtsnearme.us/courts/6-love-sports-miami-beach-florida | https://www.padelcourtsnearme.us/courts/access-padel-hillsborough-new-jersey | https://www.padelcourtsnearme.us/courts/alma-padel-glenview-illinois | https://www.padelcourtsnearme.us/courts/and-padel-oakland-new-jersey
TX-0372,TX-0372-V,PadelCourtsNearMe,2 Cutten Rd,Houston,77066,TX,https://www.padelcourtsnearme.us/,padelcourtsnearme.us,Indoor and outdoor,Indoor and Outdoor,Yes,31,https://www.padelcourtsnearme.us/ | https://www.padelcourtsnearme.us/courts/10by20-ft-lauderdale-fort-lauderdale-florida | https://www.padelcourtsnearme.us/courts/6-love-sports-miami-beach-florida | https://www.padelcourtsnearme.us/courts/access-padel-hillsborough-new-jersey | https://www.padelcourtsnearme.us/courts/alma-padel-glenview-illinois | https://www.padelcourtsnearme.us/courts/and-padel-oakland-new-jersey
TX-0372,TX-0372-W,PadelCourtsNearMe,7 1920 N 23rd St,McAllen,78501,TX,https://www.padelcourtsnearme.us/,padelcourtsnearme.us,Indoor and outdoor,Indoor and Outdoor,Yes,31,https://www.padelcourtsnearme.us/ | https://www.padelcourtsnearme.us/courts/10by20-ft-lauderdale-fort-lauderdale-florida | https://www.padelcourtsnearme.us/courts/6-love-sports-miami-beach-florida | https://www.padelcourtsnearme.us/courts/access-padel-hillsborough-new-jersey | https://www.padelcourtsnearme.us/courts/alma-padel-glenview-illinois | https://www.padelcourtsnearme.us/courts/and-padel-oakland-new-jersey
TX-0372,TX-0372-X,PadelCourtsNearMe,6 6060 Dilbeck Ln,Dallas,75240,TX,https://www.padelcourtsnearme.us/,padelcourtsnearme.us,Indoor and outdoor,Indoor and Outdoor,Yes,31,https://www.padelcourtsnearme.us/ | https://www.padelcourtsnearme.us/courts/10by20-ft-lauderdale-fort-lauderdale-florida | https://www.padelcourtsnearme.us/courts/6-love-sports-miami-beach-florida | https://www.padelcourtsnearme.us/courts/access-padel-hillsborough-new-jersey | https://www.padelcourtsnearme.us/courts/alma-padel-glenview-illinois | https://www.padelcourtsnearme.us/courts/and-padel-oakland-new-jersey
TX-0372,TX-0372-Y,PadelCourtsNearMe,0 1729 Brittmoore Rd,Houston,77043,TX,https://www.padelcourtsnearme.us/,padelcourtsnearme.us,Indoor and outdoor,Indoor and Outdoor,Yes,31,https://www.padelcourtsnearme.us/ | https://www.padelcourtsnearme.us/courts/10by20-ft-lauderdale-fort-lauderdale-florida | https://www.padelcourtsnearme.us/courts/6-love-sports-miami-beach-florida | https://www.padelcourtsnearme.us/courts/access-padel-hillsborough-new-jersey | https://www.padelcourtsnearme.us/courts/alma-padel-glenview-illinois | https://www.padelcourtsnearme.us/courts/and-padel-oakland-new-jersey
TX-0372,TX-0372-Z,PadelCourtsNearMe,5 111 N Post Oak Ln,Houston,77024,TX,https://www.padelcourtsnearme.us/,padelcourtsnearme.us,Indoor and outdoor,Indoor and Outdoor,Yes,31,https://www.padelcourtsnearme.us/ | https://www.padelcourtsnearme.us/courts/10by20-ft-lauderdale-fort-lauderdale-florida | https://www.padelcourtsnearme.us/courts/6-love-sports-miami-beach-florida | https://www.padelcourtsnearme.us/courts/access-padel-hillsborough-new-jersey | https://www.padelcourtsnearme.us/courts/alma-padel-glenview-illinois | https://www.padelcourtsnearme.us/courts/and-padel-oakland-new-jersey
TX-0372,TX-0372-[,PadelCourtsNearMe,3 314 Nolan St,San Antonio,78202,TX,https://www.padelcourtsnearme.us/,padelcourtsnearme.us,Indoor and outdoor,Indoor and Outdoor,Yes,31,https://www.padelcourtsnearme.us/ | https://www.padelcourtsnearme.us/courts/10by20-ft-lauderdale-fort-lauderdale-florida | https://www.padelcourtsnearme.us/courts/6-love-sports-miami-beach-florida | https://www.padelcourtsnearme.us/courts/access-padel-hillsborough-new-jersey | https://www.padelcourtsnearme.us/courts/alma-padel-glenview-illinois | https://www.padelcourtsnearme.us/courts/and-padel-oakland-new-jersey
TX-0372,TX-0372-\,PadelCourtsNearMe,6 3131 Club Dr,Bryan,77807,TX,https://www.padelcourtsnearme.us/,padelcourtsnearme.us,Indoor and outdoor,Indoor and Outdoor,Yes,31,https://www.padelcourtsnearme.us/ | https://www.padelcourtsnearme.us/courts/10by20-ft-lauderdale-fort-lauderdale-florida | https://www.padelcourtsnearme.us/courts/6-love-sports-miami-beach-florida | https://www.padelcourtsnearme.us/courts/access-padel-hillsborough-new-jersey | https://www.padelcourtsnearme.us/courts/alma-padel-glenview-illinois | https://www.padelcourtsnearme.us/courts/and-padel-oakland-new-jersey
TX-0372,TX-0372-],PadelCourtsNearMe,5 14630 Judson Rd,San Antonio,78233,TX,https://www.padelcourtsnearme.us/,padelcourtsnearme.us,Indoor and outdoor,Indoor and Outdoor,Yes,31,https://www.padelcourtsnearme.us/ | https://www.padelcourtsnearme.us/courts/10by20-ft-lauderdale-fort-lauderdale-florida | https://www.padelcourtsnearme.us/courts/6-love-sports-miami-beach-florida | https://www.padelcourtsnearme.us/courts/access-padel-hillsborough-new-jersey | https://www.padelcourtsnearme.us/courts/alma-padel-glenview-illinois | https://www.padelcourtsnearme.us/courts/and-padel-oakland-new-jersey
TX-0372,TX-0372-^,PadelCourtsNearMe,800 West Campbell Road,Richardson,,TX,https://www.padelcourtsnearme.us/,padelcourtsnearme.us,Indoor and outdoor,Indoor and Outdoor,Yes,31,https://www.padelcourtsnearme.us/ | https://www.padelcourtsnearme.us/courts/10by20-ft-lauderdale-fort-lauderdale-florida | https://www.padelcourtsnearme.us/courts/6-love-sports-miami-beach-florida | https://www.padelcourtsnearme.us/courts/access-padel-hillsborough-new-jersey | https://www.padelcourtsnearme.us/courts/alma-padel-glenview-illinois | https://www.padelcourtsnearme.us/courts/and-padel-oakland-new-jersey
TX-0372,TX-0372-_,PadelCourtsNearMe,8 510 Hassler Rd,Spring,77389,TX,https://www.padelcourtsnearme.us/,padelcourtsnearme.us,Indoor and outdoor,Indoor and Outdoor,Yes,31,https://www.padelcourtsnearme.us/ | https://www.padelcourtsnearme.us/courts/10by20-ft-lauderdale-fort-lauderdale-florida | https://www.padelcourtsnearme.us/courts/6-love-sports-miami-beach-florida | https://www.padelcourtsnearme.us/courts/access-padel-hillsborough-new-jersey | https://www.padelcourtsnearme.us/courts/alma-padel-glenview-illinois | https://www.padelcourtsnearme.us/courts/and-padel-oakland-new-jersey
TX-0373,TX-0373-A,Padeldex,,Austin,,TX,https://www.padeldex.co/,padeldex.co,Indoor and outdoor,Indoor and Outdoor,No,1,https://www.padeldex.co/ | https://www.padeldex.co/courts | https://www.padeldex.co/list-your-court | https://www.padeldex.co/guide/padel-court-dimensions-explained | https://www.padeldex.co/courts/padel-haus-atlanta-atlanta-ga | https://www.padeldex.co/courts/in/miami-fl | https://www.padeldex.co/courts/in/new-york-ny
TX-0374,TX-0374-A,"PadelGrids: the complete, current US padel court directory",,Houston,,TX,https://padelgrids.com/,padelgrids.com,Indoor and outdoor,Indoor and Outdoor,No,1,https://padelgrids.com/ | https://padelgrids.com/new-courts/ | https://padelgrids.com/club/mink-padel-new-york-ny/ | https://padelgrids.com/club/wynwood-padel-club-miami-fl/ | https://padelgrids.com/club/icon-padel-aventura-fl/ | https://padelgrids.com/club/west43-padel-houston-tx/ | https://padelgrids.com/about/
TX-0375,TX-0375-A,Padelkin,511 Industrial Boulevard,Austin,78745,TX,https://padelkin.com/,padelkin.com,Indoor and outdoor,Indoor and Outdoor,No,1,https://padelkin.com/ | https://padelkin.com/courts | https://padelkin.com/about
TX-0376,TX-0376-A,padnpaddle,,Lewisville,,TX,https://padnpaddle.com/,padnpaddle.com,Indoor and outdoor,Indoor and Outdoor,No,1,https://padnpaddle.com/ | https://padnpaddle.com/about-us/ | https://padnpaddle.com/contact-us/ | https://padnpaddle.com/memberships/ | https://padnpaddle.com/cricket-coaching/
TX-0377,TX-0377-A,PALA Pickleball HTX,20100 Holzwarth Rd,Spring,77388,TX,https://palapickleball.com/,palapickleball.com,Indoor and outdoor,Indoor and Outdoor,No,1,https://palapickleball.com/ | https://palapickleball.com/book-court | https://palapickleball.com/memberships | https://palapickleball.com/contact
TX-0378,TX-0378-A,Palm Valley Party Rentals Harlingen TX,,Harlingen,,TX,https://palmvalleypartyrentals.com/,palmvalleypartyrentals.com,Indoor and outdoor,Indoor and Outdoor,No,1,https://palmvalleypartyrentals.com/ | https://palmvalleypartyrentals.com/rentals/ | https://palmvalleypartyrentals.com/about-us/ | https://palmvalleypartyrentals.com/contact-us/ | https://palmvalleypartyrentals.com/rentals/water-slide-rentals/ | https://palmvalleypartyrentals.com/rentals/wet-dry-bounce-house-rentals/ | https://palmvalleypartyrentals.com/rentals/wet-dry-obstacle-course-rentals/
TX-0379,TX-0379-A,ParkMagnet,,Houston,,TX,https://parkmagnet.com/,parkmagnet.com,Indoor and outdoor,Indoor and Outdoor,No,1,https://parkmagnet.com/ | https://parkmagnet.com/united-states/florida/miami/tropical-park | https://parkmagnet.com/united-states/iowa/des-moines/raccoon-river-park | https://parkmagnet.com/united-states/pennsylvania/philadelphia/west-fairmount-park | https://parkmagnet.com/about | https://parkmagnet.com/contact
TX-0380,TX-0380-A,Pearland Sports Academy,,,,TX,https://pearlandsportsacademy.org/,pearlandsportsacademy.org,Indoor and outdoor,Indoor and Outdoor,No,1,https://pearlandsportsacademy.org/ | https://pearlandsportsacademy.org/courts-booking | https://pearlandsportsacademy.org/facility-rule-%26-guidance-1
TX-0381,TX-0381-A,Pickle City USA,,,,TX,https://picklecity-usa.com/,picklecity-usa.com,Indoor and outdoor,Indoor and Outdoor,No,1,https://picklecity-usa.com/ | https://picklecity-usa.com/about-us/ | https://picklecity-usa.com/membership/ | https://picklecity-usa.com/contact/
TX-0382,TX-0382-A,Pickle Haus Social,,Fredericksburg,,TX,https://www.picklehaussocial.com/,picklehaussocial.com,Indoor and outdoor,Indoor and Outdoor,No,1,https://www.picklehaussocial.com/ | https://www.picklehaussocial.com/about | https://www.picklehaussocial.com/contact
TX-0383,TX-0383-A,Pickleball Daily Fort Worth,5650 Kroger Drive,Fort Worth,76244,TX,https://fortworth.pickleballdaily.com/,fortworth.pickleballdaily.com,Indoor and outdoor,Indoor and Outdoor,Yes,20,https://fortworth.pickleballdaily.com/ | https://fortworth.pickleballdaily.com/courts/ | https://fortworth.pickleballdaily.com/courts/pickleball-kingdom-fort-worth-north/ | https://fortworth.pickleballdaily.com/courts/handley-meadowbrook-community-center/ | https://fortworth.pickleballdaily.com/courts/chicken-n-pickle-grapevine/ | https://fortworth.pickleballdaily.com/courts/southern-oaks-tennis-and-golf-club/ | https://fortworth.pickleballdaily.com/courts/medow-crest-park/
TX-0383,TX-0383-B,Pickleball Daily Fort Worth,6201 Beaty St,Fort Worth,,TX,https://fortworth.pickleballdaily.com/,fortworth.pickleballdaily.com,Indoor and outdoor,Indoor and Outdoor,Yes,20,https://fortworth.pickleballdaily.com/ | https://fortworth.pickleballdaily.com/courts/ | https://fortworth.pickleballdaily.com/courts/pickleball-kingdom-fort-worth-north/ | https://fortworth.pickleballdaily.com/courts/handley-meadowbrook-community-center/ | https://fortworth.pickleballdaily.com/courts/chicken-n-pickle-grapevine/ | https://fortworth.pickleballdaily.com/courts/southern-oaks-tennis-and-golf-club/ | https://fortworth.pickleballdaily.com/courts/medow-crest-park/
TX-0383,TX-0383-C,Pickleball Daily Fort Worth,4600 Merlot Ave,Grapevine,76051,TX,https://fortworth.pickleballdaily.com/,fortworth.pickleballdaily.com,Indoor and outdoor,Indoor and Outdoor,Yes,20,https://fortworth.pickleballdaily.com/ | https://fortworth.pickleballdaily.com/courts/ | https://fortworth.pickleballdaily.com/courts/pickleball-kingdom-fort-worth-north/ | https://fortworth.pickleballdaily.com/courts/handley-meadowbrook-community-center/ | https://fortworth.pickleballdaily.com/courts/chicken-n-pickle-grapevine/ | https://fortworth.pickleballdaily.com/courts/southern-oaks-tennis-and-golf-club/ | https://fortworth.pickleballdaily.com/courts/medow-crest-park/
TX-0383,TX-0383-D,Pickleball Daily Fort Worth,13765 Southern Oaks Dr,Burleson,,TX,https://fortworth.pickleballdaily.com/,fortworth.pickleballdaily.com,Indoor and outdoor,Indoor and Outdoor,Yes,20,https://fortworth.pickleballdaily.com/ | https://fortworth.pickleballdaily.com/courts/ | https://fortworth.pickleballdaily.com/courts/pickleball-kingdom-fort-worth-north/ | https://fortworth.pickleballdaily.com/courts/handley-meadowbrook-community-center/ | https://fortworth.pickleballdaily.com/courts/chicken-n-pickle-grapevine/ | https://fortworth.pickleballdaily.com/courts/southern-oaks-tennis-and-golf-club/ | https://fortworth.pickleballdaily.com/courts/medow-crest-park/
TX-0383,TX-0383-E,Pickleball Daily Fort Worth,1050 Barracuda Dr,Burleson,76028,TX,https://fortworth.pickleballdaily.com/,fortworth.pickleballdaily.com,Indoor and outdoor,Indoor and Outdoor,Yes,20,https://fortworth.pickleballdaily.com/ | https://fortworth.pickleballdaily.com/courts/ | https://fortworth.pickleballdaily.com/courts/pickleball-kingdom-fort-worth-north/ | https://fortworth.pickleballdaily.com/courts/handley-meadowbrook-community-center/ | https://fortworth.pickleballdaily.com/courts/chicken-n-pickle-grapevine/ | https://fortworth.pickleballdaily.com/courts/southern-oaks-tennis-and-golf-club/ | https://fortworth.pickleballdaily.com/courts/medow-crest-park/
TX-0383,TX-0383-F,Pickleball Daily Fort Worth,301 SW Johnson Avenue,Burleson,76028,TX,https://fortworth.pickleballdaily.com/,fortworth.pickleballdaily.com,Indoor and outdoor,Indoor and Outdoor,Yes,20,https://fortworth.pickleballdaily.com/ | https://fortworth.pickleballdaily.com/courts/ | https://fortworth.pickleballdaily.com/courts/pickleball-kingdom-fort-worth-north/ | https://fortworth.pickleballdaily.com/courts/handley-meadowbrook-community-center/ | https://fortworth.pickleballdaily.com/courts/chicken-n-pickle-grapevine/ | https://fortworth.pickleballdaily.com/courts/southern-oaks-tennis-and-golf-club/ | https://fortworth.pickleballdaily.com/courts/medow-crest-park/
TX-0383,TX-0383-G,Pickleball Daily Fort Worth,550 NW Summercrest Blvd,Burleson,,TX,https://fortworth.pickleballdaily.com/,fortworth.pickleballdaily.com,Indoor and outdoor,Indoor and Outdoor,Yes,20,https://fortworth.pickleballdaily.com/ | https://fortworth.pickleballdaily.com/courts/ | https://fortworth.pickleballdaily.com/courts/pickleball-kingdom-fort-worth-north/ | https://fortworth.pickleballdaily.com/courts/handley-meadowbrook-community-center/ | https://fortworth.pickleballdaily.com/courts/chicken-n-pickle-grapevine/ | https://fortworth.pickleballdaily.com/courts/southern-oaks-tennis-and-golf-club/ | https://fortworth.pickleballdaily.com/courts/medow-crest-park/
TX-0383,TX-0383-H,Pickleball Daily Fort Worth,1150 NW John Jones Dr,Burleson,,TX,https://fortworth.pickleballdaily.com/,fortworth.pickleballdaily.com,Indoor and outdoor,Indoor and Outdoor,Yes,20,https://fortworth.pickleballdaily.com/ | https://fortworth.pickleballdaily.com/courts/ | https://fortworth.pickleballdaily.com/courts/pickleball-kingdom-fort-worth-north/ | https://fortworth.pickleballdaily.com/courts/handley-meadowbrook-community-center/ | https://fortworth.pickleballdaily.com/courts/chicken-n-pickle-grapevine/ | https://fortworth.pickleballdaily.com/courts/southern-oaks-tennis-and-golf-club/ | https://fortworth.pickleballdaily.com/courts/medow-crest-park/
TX-0383,TX-0383-I,Pickleball Daily Fort Worth,9900 N Beach St,Fort Worth,,TX,https://fortworth.pickleballdaily.com/,fortworth.pickleballdaily.com,Indoor and outdoor,Indoor and Outdoor,Yes,20,https://fortworth.pickleballdaily.com/ | https://fortworth.pickleballdaily.com/courts/ | https://fortworth.pickleballdaily.com/courts/pickleball-kingdom-fort-worth-north/ | https://fortworth.pickleballdaily.com/courts/handley-meadowbrook-community-center/ | https://fortworth.pickleballdaily.com/courts/chicken-n-pickle-grapevine/ | https://fortworth.pickleballdaily.com/courts/southern-oaks-tennis-and-golf-club/ | https://fortworth.pickleballdaily.com/courts/medow-crest-park/
TX-0383,TX-0383-J,Pickleball Daily Fort Worth,3300 Bryant Irvin Rd,Fort Worth,,TX,https://fortworth.pickleballdaily.com/,fortworth.pickleballdaily.com,Indoor and outdoor,Indoor and Outdoor,Yes,20,https://fortworth.pickleballdaily.com/ | https://fortworth.pickleballdaily.com/courts/ | https://fortworth.pickleballdaily.com/courts/pickleball-kingdom-fort-worth-north/ | https://fortworth.pickleballdaily.com/courts/handley-meadowbrook-community-center/ | https://fortworth.pickleballdaily.com/courts/chicken-n-pickle-grapevine/ | https://fortworth.pickleballdaily.com/courts/southern-oaks-tennis-and-golf-club/ | https://fortworth.pickleballdaily.com/courts/medow-crest-park/
TX-0383,TX-0383-K,Pickleball Daily Fort Worth,512 Lamar Street,Fort Worth,,TX,https://fortworth.pickleballdaily.com/,fortworth.pickleballdaily.com,Indoor and outdoor,Indoor and Outdoor,Yes,20,https://fortworth.pickleballdaily.com/ | https://fortworth.pickleballdaily.com/courts/ | https://fortworth.pickleballdaily.com/courts/pickleball-kingdom-fort-worth-north/ | https://fortworth.pickleballdaily.com/courts/handley-meadowbrook-community-center/ | https://fortworth.pickleballdaily.com/courts/chicken-n-pickle-grapevine/ | https://fortworth.pickleballdaily.com/courts/southern-oaks-tennis-and-golf-club/ | https://fortworth.pickleballdaily.com/courts/medow-crest-park/
TX-0383,TX-0383-L,Pickleball Daily Fort Worth,615 North Main Street,Euless,,TX,https://fortworth.pickleballdaily.com/,fortworth.pickleballdaily.com,Indoor and outdoor,Indoor and Outdoor,Yes,20,https://fortworth.pickleballdaily.com/ | https://fortworth.pickleballdaily.com/courts/ | https://fortworth.pickleballdaily.com/courts/pickleball-kingdom-fort-worth-north/ | https://fortworth.pickleballdaily.com/courts/handley-meadowbrook-community-center/ | https://fortworth.pickleballdaily.com/courts/chicken-n-pickle-grapevine/ | https://fortworth.pickleballdaily.com/courts/southern-oaks-tennis-and-golf-club/ | https://fortworth.pickleballdaily.com/courts/medow-crest-park/
TX-0383,TX-0383-M,Pickleball Daily Fort Worth,4801 Redondo St,North Richland Hills,,TX,https://fortworth.pickleballdaily.com/,fortworth.pickleballdaily.com,Indoor and outdoor,Indoor and Outdoor,Yes,20,https://fortworth.pickleballdaily.com/ | https://fortworth.pickleballdaily.com/courts/ | https://fortworth.pickleballdaily.com/courts/pickleball-kingdom-fort-worth-north/ | https://fortworth.pickleballdaily.com/courts/handley-meadowbrook-community-center/ | https://fortworth.pickleballdaily.com/courts/chicken-n-pickle-grapevine/ | https://fortworth.pickleballdaily.com/courts/southern-oaks-tennis-and-golf-club/ | https://fortworth.pickleballdaily.com/courts/medow-crest-park/
TX-0383,TX-0383-N,Pickleball Daily Fort Worth,6000 Hawk Ave,North Richland Hills,,TX,https://fortworth.pickleballdaily.com/,fortworth.pickleballdaily.com,Indoor and outdoor,Indoor and Outdoor,Yes,20,https://fortworth.pickleballdaily.com/ | https://fortworth.pickleballdaily.com/courts/ | https://fortworth.pickleballdaily.com/courts/pickleball-kingdom-fort-worth-north/ | https://fortworth.pickleballdaily.com/courts/handley-meadowbrook-community-center/ | https://fortworth.pickleballdaily.com/courts/chicken-n-pickle-grapevine/ | https://fortworth.pickleballdaily.com/courts/southern-oaks-tennis-and-golf-club/ | https://fortworth.pickleballdaily.com/courts/medow-crest-park/
TX-0383,TX-0383-O,Pickleball Daily Fort Worth,828 West Harwood Road,Hurst,,TX,https://fortworth.pickleballdaily.com/,fortworth.pickleballdaily.com,Indoor and outdoor,Indoor and Outdoor,Yes,20,https://fortworth.pickleballdaily.com/ | https://fortworth.pickleballdaily.com/courts/ | https://fortworth.pickleballdaily.com/courts/pickleball-kingdom-fort-worth-north/ | https://fortworth.pickleballdaily.com/courts/handley-meadowbrook-community-center/ | https://fortworth.pickleballdaily.com/courts/chicken-n-pickle-grapevine/ | https://fortworth.pickleballdaily.com/courts/southern-oaks-tennis-and-golf-club/ | https://fortworth.pickleballdaily.com/courts/medow-crest-park/
TX-0383,TX-0383-P,Pickleball Daily Fort Worth,700 Mary Dr,Hurst,,TX,https://fortworth.pickleballdaily.com/,fortworth.pickleballdaily.com,Indoor and outdoor,Indoor and Outdoor,Yes,20,https://fortworth.pickleballdaily.com/ | https://fortworth.pickleballdaily.com/courts/ | https://fortworth.pickleballdaily.com/courts/pickleball-kingdom-fort-worth-north/ | https://fortworth.pickleballdaily.com/courts/handley-meadowbrook-community-center/ | https://fortworth.pickleballdaily.com/courts/chicken-n-pickle-grapevine/ | https://fortworth.pickleballdaily.com/courts/southern-oaks-tennis-and-golf-club/ | https://fortworth.pickleballdaily.com/courts/medow-crest-park/
TX-0383,TX-0383-Q,Pickleball Daily Fort Worth,1029 Avondale Haslet Rd,Haslet,,TX,https://fortworth.pickleballdaily.com/,fortworth.pickleballdaily.com,Indoor and outdoor,Indoor and Outdoor,Yes,20,https://fortworth.pickleballdaily.com/ | https://fortworth.pickleballdaily.com/courts/ | https://fortworth.pickleballdaily.com/courts/pickleball-kingdom-fort-worth-north/ | https://fortworth.pickleballdaily.com/courts/handley-meadowbrook-community-center/ | https://fortworth.pickleballdaily.com/courts/chicken-n-pickle-grapevine/ | https://fortworth.pickleballdaily.com/courts/southern-oaks-tennis-and-golf-club/ | https://fortworth.pickleballdaily.com/courts/medow-crest-park/
TX-0383,TX-0383-R,Pickleball Daily Fort Worth,301 1st St,Haslet,76052,TX,https://fortworth.pickleballdaily.com/,fortworth.pickleballdaily.com,Indoor and outdoor,Indoor and Outdoor,Yes,20,https://fortworth.pickleballdaily.com/ | https://fortworth.pickleballdaily.com/courts/ | https://fortworth.pickleballdaily.com/courts/pickleball-kingdom-fort-worth-north/ | https://fortworth.pickleballdaily.com/courts/handley-meadowbrook-community-center/ | https://fortworth.pickleballdaily.com/courts/chicken-n-pickle-grapevine/ | https://fortworth.pickleballdaily.com/courts/southern-oaks-tennis-and-golf-club/ | https://fortworth.pickleballdaily.com/courts/medow-crest-park/
TX-0383,TX-0383-S,Pickleball Daily Fort Worth,1069 Eagle Blvd,Haslet,,TX,https://fortworth.pickleballdaily.com/,fortworth.pickleballdaily.com,Indoor and outdoor,Indoor and Outdoor,Yes,20,https://fortworth.pickleballdaily.com/ | https://fortworth.pickleballdaily.com/courts/ | https://fortworth.pickleballdaily.com/courts/pickleball-kingdom-fort-worth-north/ | https://fortworth.pickleballdaily.com/courts/handley-meadowbrook-community-center/ | https://fortworth.pickleballdaily.com/courts/chicken-n-pickle-grapevine/ | https://fortworth.pickleballdaily.com/courts/southern-oaks-tennis-and-golf-club/ | https://fortworth.pickleballdaily.com/courts/medow-crest-park/
TX-0383,TX-0383-T,Pickleball Daily Fort Worth,1509 Hood Ln,Grapevine,,TX,https://fortworth.pickleballdaily.com/,fortworth.pickleballdaily.com,Indoor and outdoor,Indoor and Outdoor,Yes,20,https://fortworth.pickleballdaily.com/ | https://fortworth.pickleballdaily.com/courts/ | https://fortworth.pickleballdaily.com/courts/pickleball-kingdom-fort-worth-north/ | https://fortworth.pickleballdaily.com/courts/handley-meadowbrook-community-center/ | https://fortworth.pickleballdaily.com/courts/chicken-n-pickle-grapevine/ | https://fortworth.pickleballdaily.com/courts/southern-oaks-tennis-and-golf-club/ | https://fortworth.pickleballdaily.com/courts/medow-crest-park/
TX-0384,TX-0384-A,PickleballCourts.io,,Tomball,,TX,https://www.pickleballcourts.io/,pickleballcourts.io,Indoor and outdoor,Indoor and Outdoor,No,1,https://www.pickleballcourts.io/ | https://www.pickleballcourts.io/search | https://www.pickleballcourts.io/categories/pickleball-courts-facilities | https://www.pickleballcourts.io/business/courtside-pickleball-club | https://www.pickleballcourts.io/business/rockaway-beach-pickleball | https://www.pickleballcourts.io/business/fair-expo-pickleball
TX-0385,TX-0385-A,Pickleland,,Pflugerville,,TX,https://pickleland.com/,pickleland.com,Indoor and outdoor,Indoor and Outdoor,No,1,https://pickleland.com/ | https://pickleland.com/rent-a-pickleball-court-in-austin | https://pickleland.com/homeschool-pickleball-program | https://pickleland.com/memberships | https://pickleland.com/about-us | https://pickleland.com/contact | https://pickleland.com/pickleball-lessons-austin
TX-0386,TX-0386-A,Pine Forest Country Club,,Houston,,TX,https://pfcc.com/,pfcc.com,Indoor and outdoor,Indoor and Outdoor,No,1,https://pfcc.com/ | https://pfcc.com/Membership
TX-0387,TX-0387-A,Plano Sports Authority,,Plano,,TX,https://www.psaplano.org/,psaplano.org,Indoor and outdoor,Indoor and Outdoor,No,1,https://www.psaplano.org/ | https://www.psaplano.org/contact-us | https://www.psaplano.org/about-psa | https://www.psaplano.org/sports/basketball | https://www.psaplano.org/sports/soccer | https://www.psaplano.org/sports/football | https://www.psaplano.org/sports/Pickleball
TX-0388,TX-0388-A,Play Padel US,1729 Brittmoore Rd,Houston,77043,TX,https://playpadelus.com/,playpadelus.com,Indoor and outdoor,Indoor and Outdoor,Yes,31,https://playpadelus.com/ | https://playpadelus.com/padel-courts | https://playpadelus.com/about | https://playpadelus.com/padel-courts/miami | https://playpadelus.com/padel-courts/austin | https://playpadelus.com/padel-courts/houston | https://playpadelus.com/padel-courts/san-diego
TX-0388,TX-0388-B,Play Padel US,7918 Breen Rd,Houston,77064,TX,https://playpadelus.com/,playpadelus.com,Indoor and outdoor,Indoor and Outdoor,Yes,31,https://playpadelus.com/ | https://playpadelus.com/padel-courts | https://playpadelus.com/about | https://playpadelus.com/padel-courts/miami | https://playpadelus.com/padel-courts/austin | https://playpadelus.com/padel-courts/houston | https://playpadelus.com/padel-courts/san-diego
TX-0388,TX-0388-C,Play Padel US,11850 Hempstead Rd,Houston,77092,TX,https://playpadelus.com/,playpadelus.com,Indoor and outdoor,Indoor and Outdoor,Yes,31,https://playpadelus.com/ | https://playpadelus.com/padel-courts | https://playpadelus.com/about | https://playpadelus.com/padel-courts/miami | https://playpadelus.com/padel-courts/austin | https://playpadelus.com/padel-courts/houston | https://playpadelus.com/padel-courts/san-diego
TX-0388,TX-0388-D,Play Padel US,12825 Cutten Rd,Houston,77066,TX,https://playpadelus.com/,playpadelus.com,Indoor and outdoor,Indoor and Outdoor,Yes,31,https://playpadelus.com/ | https://playpadelus.com/padel-courts | https://playpadelus.com/about | https://playpadelus.com/padel-courts/miami | https://playpadelus.com/padel-courts/austin | https://playpadelus.com/padel-courts/houston | https://playpadelus.com/padel-courts/san-diego
TX-0388,TX-0388-E,Play Padel US,1112 Egypt St,Houston,77009,TX,https://playpadelus.com/,playpadelus.com,Indoor and outdoor,Indoor and Outdoor,Yes,31,https://playpadelus.com/ | https://playpadelus.com/padel-courts | https://playpadelus.com/about | https://playpadelus.com/padel-courts/miami | https://playpadelus.com/padel-courts/austin | https://playpadelus.com/padel-courts/houston | https://playpadelus.com/padel-courts/san-diego
TX-0388,TX-0388-F,Play Padel US,5206 East 3rd St,Katy,,TX,https://playpadelus.com/,playpadelus.com,Indoor and outdoor,Indoor and Outdoor,Yes,31,https://playpadelus.com/ | https://playpadelus.com/padel-courts | https://playpadelus.com/about | https://playpadelus.com/padel-courts/miami | https://playpadelus.com/padel-courts/austin | https://playpadelus.com/padel-courts/houston | https://playpadelus.com/padel-courts/san-diego
TX-0388,TX-0388-G,Play Padel US,111 N Post Oak Ln,Houston,77024,TX,https://playpadelus.com/,playpadelus.com,Indoor and outdoor,Indoor and Outdoor,Yes,31,https://playpadelus.com/ | https://playpadelus.com/padel-courts | https://playpadelus.com/about | https://playpadelus.com/padel-courts/miami | https://playpadelus.com/padel-courts/austin | https://playpadelus.com/padel-courts/houston | https://playpadelus.com/padel-courts/san-diego
TX-0388,TX-0388-H,Play Padel US,2301 Sabine Street,Houston,77007,TX,https://playpadelus.com/,playpadelus.com,Indoor and outdoor,Indoor and Outdoor,Yes,31,https://playpadelus.com/ | https://playpadelus.com/padel-courts | https://playpadelus.com/about | https://playpadelus.com/padel-courts/miami | https://playpadelus.com/padel-courts/austin | https://playpadelus.com/padel-courts/houston | https://playpadelus.com/padel-courts/san-diego
TX-0388,TX-0388-I,Play Padel US,14510 S Josey Ln,Farmers Branch,75234,TX,https://playpadelus.com/,playpadelus.com,Indoor and outdoor,Indoor and Outdoor,Yes,31,https://playpadelus.com/ | https://playpadelus.com/padel-courts | https://playpadelus.com/about | https://playpadelus.com/padel-courts/miami | https://playpadelus.com/padel-courts/austin | https://playpadelus.com/padel-courts/houston | https://playpadelus.com/padel-courts/san-diego
TX-0388,TX-0388-J,Play Padel US,39 North Dallas 3000 Belmeade Dr,Carrollton,75006,TX,https://playpadelus.com/,playpadelus.com,Indoor and outdoor,Indoor and Outdoor,Yes,31,https://playpadelus.com/ | https://playpadelus.com/padel-courts | https://playpadelus.com/about | https://playpadelus.com/padel-courts/miami | https://playpadelus.com/padel-courts/austin | https://playpadelus.com/padel-courts/houston | https://playpadelus.com/padel-courts/san-diego
TX-0388,TX-0388-K,Play Padel US,6545 All Stars Ave,Frisco,75033,TX,https://playpadelus.com/,playpadelus.com,Indoor and outdoor,Indoor and Outdoor,Yes,31,https://playpadelus.com/ | https://playpadelus.com/padel-courts | https://playpadelus.com/about | https://playpadelus.com/padel-courts/miami | https://playpadelus.com/padel-courts/austin | https://playpadelus.com/padel-courts/houston | https://playpadelus.com/padel-courts/san-diego
TX-0388,TX-0388-L,Play Padel US,13130 Preston Rd,Dallas,75240,TX,https://playpadelus.com/,playpadelus.com,Indoor and outdoor,Indoor and Outdoor,Yes,31,https://playpadelus.com/ | https://playpadelus.com/padel-courts | https://playpadelus.com/about | https://playpadelus.com/padel-courts/miami | https://playpadelus.com/padel-courts/austin | https://playpadelus.com/padel-courts/houston | https://playpadelus.com/padel-courts/san-diego
TX-0388,TX-0388-M,Play Padel US,511 Industrial Blvd,Austin,78745,TX,https://playpadelus.com/,playpadelus.com,Indoor and outdoor,Indoor and Outdoor,Yes,31,https://playpadelus.com/ | https://playpadelus.com/padel-courts | https://playpadelus.com/about | https://playpadelus.com/padel-courts/miami | https://playpadelus.com/padel-courts/austin | https://playpadelus.com/padel-courts/houston | https://playpadelus.com/padel-courts/san-diego
TX-0388,TX-0388-N,Play Padel US,39 North Austin 2510 Rutland Dr,Austin,78758,TX,https://playpadelus.com/,playpadelus.com,Indoor and outdoor,Indoor and Outdoor,Yes,31,https://playpadelus.com/ | https://playpadelus.com/padel-courts | https://playpadelus.com/about | https://playpadelus.com/padel-courts/miami | https://playpadelus.com/padel-courts/austin | https://playpadelus.com/padel-courts/houston | https://playpadelus.com/padel-courts/san-diego
TX-0388,TX-0388-O,Play Padel US,39 East Austin 4716 East 5th St,Austin,78702,TX,https://playpadelus.com/,playpadelus.com,Indoor and outdoor,Indoor and Outdoor,Yes,31,https://playpadelus.com/ | https://playpadelus.com/padel-courts | https://playpadelus.com/about | https://playpadelus.com/padel-courts/miami | https://playpadelus.com/padel-courts/austin | https://playpadelus.com/padel-courts/houston | https://playpadelus.com/padel-courts/san-diego
TX-0388,TX-0388-P,Play Padel US,2100 San Jacinto Boulevard,Austin,78712,TX,https://playpadelus.com/,playpadelus.com,Indoor and outdoor,Indoor and Outdoor,Yes,31,https://playpadelus.com/ | https://playpadelus.com/padel-courts | https://playpadelus.com/about | https://playpadelus.com/padel-courts/miami | https://playpadelus.com/padel-courts/austin | https://playpadelus.com/padel-courts/houston | https://playpadelus.com/padel-courts/san-diego
TX-0388,TX-0388-Q,Play Padel US,1718 Boca Chica Boulevard,Brownsville,78520,TX,https://playpadelus.com/,playpadelus.com,Indoor and outdoor,Indoor and Outdoor,Yes,31,https://playpadelus.com/ | https://playpadelus.com/padel-courts | https://playpadelus.com/about | https://playpadelus.com/padel-courts/miami | https://playpadelus.com/padel-courts/austin | https://playpadelus.com/padel-courts/houston | https://playpadelus.com/padel-courts/san-diego
TX-0388,TX-0388-R,Play Padel US,30251 Leroy Scheel Road,Bulverde,78163,TX,https://playpadelus.com/,playpadelus.com,Indoor and outdoor,Indoor and Outdoor,Yes,31,https://playpadelus.com/ | https://playpadelus.com/padel-courts | https://playpadelus.com/about | https://playpadelus.com/padel-courts/miami | https://playpadelus.com/padel-courts/austin | https://playpadelus.com/padel-courts/houston | https://playpadelus.com/padel-courts/san-diego
TX-0388,TX-0388-S,Play Padel US,9 12748 Azogue Avenue,El Paso,79938,TX,https://playpadelus.com/,playpadelus.com,Indoor and outdoor,Indoor and Outdoor,Yes,31,https://playpadelus.com/ | https://playpadelus.com/padel-courts | https://playpadelus.com/about | https://playpadelus.com/padel-courts/miami | https://playpadelus.com/padel-courts/austin | https://playpadelus.com/padel-courts/houston | https://playpadelus.com/padel-courts/san-diego
TX-0388,TX-0388-T,Play Padel US,4110 Blue Quail Rd,Laredo,78041,TX,https://playpadelus.com/,playpadelus.com,Indoor and outdoor,Indoor and Outdoor,Yes,31,https://playpadelus.com/ | https://playpadelus.com/padel-courts | https://playpadelus.com/about | https://playpadelus.com/padel-courts/miami | https://playpadelus.com/padel-courts/austin | https://playpadelus.com/padel-courts/houston | https://playpadelus.com/padel-courts/san-diego
TX-0388,TX-0388-U,Play Padel US,28408 Sweetgum Road,Magnolia,77354,TX,https://playpadelus.com/,playpadelus.com,Indoor and outdoor,Indoor and Outdoor,Yes,31,https://playpadelus.com/ | https://playpadelus.com/padel-courts | https://playpadelus.com/about | https://playpadelus.com/padel-courts/miami | https://playpadelus.com/padel-courts/austin | https://playpadelus.com/padel-courts/houston | https://playpadelus.com/padel-courts/san-diego
TX-0388,TX-0388-V,Play Padel US,1920 North 23rd Street,McAllen,78501,TX,https://playpadelus.com/,playpadelus.com,Indoor and outdoor,Indoor and Outdoor,Yes,31,https://playpadelus.com/ | https://playpadelus.com/padel-courts | https://playpadelus.com/about | https://playpadelus.com/padel-courts/miami | https://playpadelus.com/padel-courts/austin | https://playpadelus.com/padel-courts/houston | https://playpadelus.com/padel-courts/san-diego
TX-0388,TX-0388-W,Play Padel US,5700 Briarwood Avenue,Midland,79707,TX,https://playpadelus.com/,playpadelus.com,Indoor and outdoor,Indoor and Outdoor,Yes,31,https://playpadelus.com/ | https://playpadelus.com/padel-courts | https://playpadelus.com/about | https://playpadelus.com/padel-courts/miami | https://playpadelus.com/padel-courts/austin | https://playpadelus.com/padel-courts/houston | https://playpadelus.com/padel-courts/san-diego
TX-0388,TX-0388-X,Play Padel US,800 West Campbell Road,Richardson,75080,TX,https://playpadelus.com/,playpadelus.com,Indoor and outdoor,Indoor and Outdoor,Yes,31,https://playpadelus.com/ | https://playpadelus.com/padel-courts | https://playpadelus.com/about | https://playpadelus.com/padel-courts/miami | https://playpadelus.com/padel-courts/austin | https://playpadelus.com/padel-courts/houston | https://playpadelus.com/padel-courts/san-diego
TX-0388,TX-0388-Y,Play Padel US,21676 FM 1093 Road,Richmond,77407,TX,https://playpadelus.com/,playpadelus.com,Indoor and outdoor,Indoor and Outdoor,Yes,31,https://playpadelus.com/ | https://playpadelus.com/padel-courts | https://playpadelus.com/about | https://playpadelus.com/padel-courts/miami | https://playpadelus.com/padel-courts/austin | https://playpadelus.com/padel-courts/houston | https://playpadelus.com/padel-courts/san-diego
TX-0388,TX-0388-Z,Play Padel US,314 Nolan Street,San Antonio,78202,TX,https://playpadelus.com/,playpadelus.com,Indoor and outdoor,Indoor and Outdoor,Yes,31,https://playpadelus.com/ | https://playpadelus.com/padel-courts | https://playpadelus.com/about | https://playpadelus.com/padel-courts/miami | https://playpadelus.com/padel-courts/austin | https://playpadelus.com/padel-courts/houston | https://playpadelus.com/padel-courts/san-diego
TX-0388,TX-0388-[,Play Padel US,14630 Judson Road,San Antonio,78233,TX,https://playpadelus.com/,playpadelus.com,Indoor and outdoor,Indoor and Outdoor,Yes,31,https://playpadelus.com/ | https://playpadelus.com/padel-courts | https://playpadelus.com/about | https://playpadelus.com/padel-courts/miami | https://playpadelus.com/padel-courts/austin | https://playpadelus.com/padel-courts/houston | https://playpadelus.com/padel-courts/san-diego
TX-0388,TX-0388-\,Play Padel US,16400 Sir william Dr,Spring,77379,TX,https://playpadelus.com/,playpadelus.com,Indoor and outdoor,Indoor and Outdoor,Yes,31,https://playpadelus.com/ | https://playpadelus.com/padel-courts | https://playpadelus.com/about | https://playpadelus.com/padel-courts/miami | https://playpadelus.com/padel-courts/austin | https://playpadelus.com/padel-courts/houston | https://playpadelus.com/padel-courts/san-diego
TX-0388,TX-0388-],Play Padel US,510 Hassler Road,Spring,77389,TX,https://playpadelus.com/,playpadelus.com,Indoor and outdoor,Indoor and Outdoor,Yes,31,https://playpadelus.com/ | https://playpadelus.com/padel-courts | https://playpadelus.com/about | https://playpadelus.com/padel-courts/miami | https://playpadelus.com/padel-courts/austin | https://playpadelus.com/padel-courts/houston | https://playpadelus.com/padel-courts/san-diego
TX-0388,TX-0388-^,Play Padel US,510 Hassler Rd,Spring,77380,TX,https://playpadelus.com/,playpadelus.com,Indoor and outdoor,Indoor and Outdoor,Yes,31,https://playpadelus.com/ | https://playpadelus.com/padel-courts | https://playpadelus.com/about | https://playpadelus.com/padel-courts/miami | https://playpadelus.com/padel-courts/austin | https://playpadelus.com/padel-courts/houston | https://playpadelus.com/padel-courts/san-diego
TX-0388,TX-0388-_,Play Padel US,26444 FM 2978 Road,The Woodlands,77354,TX,https://playpadelus.com/,playpadelus.com,Indoor and outdoor,Indoor and Outdoor,Yes,31,https://playpadelus.com/ | https://playpadelus.com/padel-courts | https://playpadelus.com/about | https://playpadelus.com/padel-courts/miami | https://playpadelus.com/padel-courts/austin | https://playpadelus.com/padel-courts/houston | https://playpadelus.com/padel-courts/san-diego
TX-0389,TX-0389-A,Play Pickleball In Austin,11000 Middle Fiskville Road,Austin,78753,TX,https://austinpickleranch.com/,austinpickleranch.com,Indoor and outdoor,Indoor and Outdoor,No,1,https://austinpickleranch.com/ | https://austinpickleranch.com/membership | https://austinpickleranch.com/about-us | https://austinpickleranch.com/contact-us | https://austinpickleranch.com/partner-programs
TX-0390,TX-0390-A,Playeasy,2001 North Kenney Fort Blvd,Round Rock,78665,TX,https://www.playeasy.com/,playeasy.com,Indoor and outdoor,Indoor and Outdoor,No,1,https://www.playeasy.com/ | https://www.playeasy.com/facilities/marketplace | https://www.playeasy.com/facilities/d5db31df-d573-4069-9e0c-8b26eb8cca64 | https://www.playeasy.com/facilities/317187ce-29c9-452d-88d3-b64ac16c6696 | https://www.playeasy.com/facilities/7ab7289c-95df-4641-8beb-3da4d3dab7a6 | https://www.playeasy.com/facilities/8a1d02b4-273e-4d89-a69b-a6973eb7318f | https://www.playeasy.com/facilities/62ba5fd1-eaee-4d93-ac5a-4940e8fd2a38
TX-0391,TX-0391-A,Power Volleyball Club,6145 Alma Rd.,McKinney,75070,TX,https://powervolleyballclub.us/,powervolleyballclub.us,Indoor and outdoor,Indoor and Outdoor,Yes,3,https://powervolleyballclub.us/ | https://powervolleyballclub.us/about/ | https://powervolleyballclub.us/coaching-staff/ | https://powervolleyballclub.us/contact-us/ | https://powervolleyballclub.us/summer-programs/ | https://powervolleyballclub.us/beach-progam/
TX-0391,TX-0391-B,Power Volleyball Club,6145 Alma Road,McKinney,75070,TX,https://powervolleyballclub.us/,powervolleyballclub.us,Indoor and outdoor,Indoor and Outdoor,Yes,3,https://powervolleyballclub.us/ | https://powervolleyballclub.us/about/ | https://powervolleyballclub.us/coaching-staff/ | https://powervolleyballclub.us/contact-us/ | https://powervolleyballclub.us/summer-programs/ | https://powervolleyballclub.us/beach-progam/
TX-0391,TX-0391-C,Power Volleyball Club,6145 Alma Rd.,McKinney,,TX,https://powervolleyballclub.us/,powervolleyballclub.us,Indoor and outdoor,Indoor and Outdoor,Yes,3,https://powervolleyballclub.us/ | https://powervolleyballclub.us/about/ | https://powervolleyballclub.us/coaching-staff/ | https://powervolleyballclub.us/contact-us/ | https://powervolleyballclub.us/summer-programs/ | https://powervolleyballclub.us/beach-progam/
TX-0392,TX-0392-A,Powerplay Indoor Sports,14639 Beechnut St,Houston,77083,TX,https://powerplayindoorsports.com/,powerplayindoorsports.com,Indoor and outdoor,Indoor and Outdoor,No,1,https://powerplayindoorsports.com/ | https://powerplayindoorsports.com/membership/ | https://powerplayindoorsports.com/facility/ | https://powerplayindoorsports.com/contact-us/
TX-0393,TX-0393-A,Precision Athletics Volleyball Club,,Sugar Land,,TX,https://www.precisionathleticsvb.com/,precisionathleticsvb.com,Indoor and outdoor,Indoor and Outdoor,No,1,https://www.precisionathleticsvb.com/ | https://www.precisionathleticsvb.com/about/pavc-staff/85172 | https://www.precisionathleticsvb.com/about/contact-us/86650 | https://www.precisionathleticsvb.com/about/become-a-sponsor/87901 | https://www.precisionathleticsvb.com/about/nc-coaches/98357 | https://www.precisionathleticsvb.com/about/tx-coaches/98376
TX-0394,TX-0394-A,Premium Padel Club,,Austin,,TX,https://www.padel39.com/,padel39.com,Indoor and outdoor,Indoor and Outdoor,No,1,https://www.padel39.com/ | https://www.padel39.com/play/programming | https://www.padel39.com/membership/plans | https://www.padel39.com/membership/login | https://www.padel39.com/company/about | https://www.padel39.com/company/contact
TX-0395,TX-0395-A,"Prestonwood Christian Academy Plano (Plano, TX)",6801 W. Park Boulevard,Plano,75093,TX,https://www.pcaplanoathletics.org/,prestonwoodchristian.org,Indoor and outdoor,Indoor and Outdoor,No,1,https://www.pcaplanoathletics.org/ | https://www.pcaplanoathletics.org/directory | https://www.pcaplanoathletics.org/athletic-facilities | https://www.pcaplanoathletics.org/about
TX-0396,TX-0396-A,Pro Tennis Jobs,,Katy,,TX,https://protennisjobs.com/,protennisjobs.com,Indoor and outdoor,Indoor and Outdoor,No,1,https://protennisjobs.com/ | https://protennisjobs.com/contact | https://protennisjobs.com/tennis-jobs/25522/director-of-junior-programs | https://protennisjobs.com/tennis-jobs/25478/co-director-of-tournament-training-program | https://protennisjobs.com/about
TX-0397,TX-0397-A,Public Home,,Amarillo,,TX,https://theamarillocountryclub.com/,theamarillocountryclub.com,Indoor and outdoor,Indoor and Outdoor,No,1,https://theamarillocountryclub.com/ | https://theamarillocountryclub.com/membership | https://theamarillocountryclub.com/courts | https://theamarillocountryclub.com/contact-us
TX-0398,TX-0398-A,pymca,,Plainview,,TX,https://www.plainviewymca.org/,plainviewymca.org,Indoor and outdoor,Indoor and Outdoor,No,1,https://www.plainviewymca.org/ | https://www.plainviewymca.org/y-membership | https://www.plainviewymca.org/y-leadership | https://www.plainviewymca.org/contact-the-y
TX-0399,TX-0399-A,Quality Courts Outdoors,,Houston,,TX,https://qualitycourtsandoutdoors.com/,qualitycourtsandoutdoors.com,Indoor and outdoor,Indoor and Outdoor,No,1,https://qualitycourtsandoutdoors.com/ | https://qualitycourtsandoutdoors.com/about/ | https://qualitycourtsandoutdoors.com/services/cushion-x-courts/ | https://qualitycourtsandoutdoors.com/services/basketball-court/ | https://qualitycourtsandoutdoors.com/services/tennis-courts/ | https://qualitycourtsandoutdoors.com/services/court-maintenance/ | https://qualitycourtsandoutdoors.com/services/pickleball-courts/
TX-0400,TX-0400-A,RacFit,1390 Robert S. Light Blvd,Buda,78610,TX,https://www.goracfit.com/,goracfit.com,Indoor and outdoor,Indoor and Outdoor,No,1,https://www.goracfit.com/ | https://www.goracfit.com/tennis-programs/ | https://www.goracfit.com/fitness-programs/ | https://www.goracfit.com/programs/ | https://www.goracfit.com/membership/ | https://www.goracfit.com/about/ | https://www.goracfit.com/contact/
TX-0401,TX-0401-A,Racket Social Club,,Katy,,TX,https://www.racketsocialclub.us/,racketsocialclub.us,Indoor and outdoor,Indoor and Outdoor,No,1,https://www.racketsocialclub.us/ | https://www.racketsocialclub.us/about-us | https://www.racketsocialclub.us/memberships | https://www.racketsocialclub.us/contact-us
TX-0402,TX-0402-A,RacketGala,14510 S Josey Ln,Farmers Branch,75234,TX,https://racketgala.com/,racketgala.com,Indoor and outdoor,Indoor and Outdoor,No,1,https://racketgala.com/ | https://racketgala.com/directory/ | https://racketgala.com/contact/
TX-0403,TX-0403-A,Recreational Sports,,Denton,,TX,https://recsports.unt.edu/,unt.edu,Indoor and outdoor,Indoor and Outdoor,No,1,https://recsports.unt.edu/ | https://recsports.unt.edu/about/index.html | https://recsports.unt.edu/about/core-values.html | https://recsports.unt.edu/about/work-with-us.html | https://recsports.unt.edu/about/contact.html | https://recsports.unt.edu/people/index.html | https://recsports.unt.edu/memberships.html
TX-0404,TX-0404-A,Registration Links Below :: Sports Next Level,,San Angelo,,TX,http://www.sportsnextlevel.com/,sportsnextlevel.com,Indoor and outdoor,Indoor and Outdoor,No,1,http://www.sportsnextlevel.com/ | http://www.sportsnextlevel.com/about | http://www.sportsnextlevel.com/facilities | http://www.sportsnextlevel.com/contact | http://www.sportsnextlevel.com/pickleball-courts-2 | http://www.sportsnextlevel.com/memberships | http://www.sportsnextlevel.com/training-center-rentals
TX-0405,TX-0405-A,Richmond Sport Center,,Richmond,,TX,https://shotokankaty.com/,shotokankaty.com,Indoor and outdoor,Indoor and Outdoor,No,1,https://shotokankaty.com/ | https://shotokankaty.com/modern/information/katy-isd-off-campus-physical-education-program/ | https://shotokankaty.com/modern/katy-dojo-8th-kids-karate-do-tournament/ | https://shotokankaty.com/modern/7th-annual-katy-dojo-kids-karate-tournament/ | https://shotokankaty.com/modern/katy-dojo-karate-offers-katy-isd-community-education-class/ | https://shotokankaty.com/modern/katy-dojo-6th-kids-tournament/
TX-0406,TX-0406-A,Robstown Young Futures,,Robstown,,TX,https://www.robstownyoungfutures.org/,robstownyoungfutures.org,Indoor and outdoor,Indoor and Outdoor,No,1,https://www.robstownyoungfutures.org/ | https://www.robstownyoungfutures.org/aboutus | https://www.robstownyoungfutures.org/programs | https://www.robstownyoungfutures.org/contact | https://www.robstownyoungfutures.org/venuerental
TX-0407,TX-0407-A,Round Rock Multipurpose Complex,,Round Rock,,TX,https://roundrockmpc.com/,roundrockmpc.com,Indoor and outdoor,Indoor and Outdoor,No,1,https://roundrockmpc.com/ | https://roundrockmpc.com/sports-programs/ | https://roundrockmpc.com/field-rentals/ | https://roundrockmpc.com/the-complex/ | https://roundrockmpc.com/location-contact/ | https://roundrockmpc.com/multipurpose-complex-staff/ | https://roundrockmpc.com/join-our-team/
TX-0408,TX-0408-A,Round Rock Sports Center,,Round Rock,,TX,https://rrsportscenter.com/,rrsportscenter.com,Indoor and outdoor,Indoor and Outdoor,No,1,https://rrsportscenter.com/ | https://rrsportscenter.com/sports-programs/ | https://rrsportscenter.com/floorplans/ | https://rrsportscenter.com/facility-reservations/ | https://rrsportscenter.com/sports-center/ | https://rrsportscenter.com/location-contact/ | https://rrsportscenter.com/sports-center-staff/
TX-0409,TX-0409-A,Round Rock TX Pickleball Courts & Community,,Round Rock,,TX,https://roundrockpickleball.com/,roundrockpickleball.com,Indoor and outdoor,Indoor and Outdoor,No,1,https://roundrockpickleball.com/
TX-0410,TX-0410-A,San Antonio Country Club,,San Antonio,,TX,https://sanantoniocc.com/,sanantoniocc.com,Indoor and outdoor,Indoor and Outdoor,No,1,https://sanantoniocc.com/ | https://sanantoniocc.com/About_Us | https://sanantoniocc.com/About_Us_(1) | https://sanantoniocc.com/login.aspx?ReturnUrl=%2fContact_Us
TX-0411,TX-0411-A,SHARKS Swim Club Home,1115 Falling Leaf Drive,Friendswood,77546,TX,https://www.sharks-swim-club.com/page/home,sharks-swim-club.com,Indoor and outdoor,Indoor and Outdoor,Yes,12,https://www.sharks-swim-club.com/page/home | https://www.sharks-swim-club.com/page/about | https://www.sharks-swim-club.com/page/about/join-the-sharks | https://www.sharks-swim-club.com/page/about/mission--contact | https://www.sharks-swim-club.com/page/about/pools | https://www.sharks-swim-club.com/page/about/bylaws | https://www.sharks-swim-club.com/page/sharks-adaptive-/adaptive-aquatics-summer-program
TX-0411,TX-0411-B,SHARKS Swim Club Home,900 Cedarwood Avenue,Friendswood,77546,TX,https://www.sharks-swim-club.com/page/home,sharks-swim-club.com,Indoor and outdoor,Indoor and Outdoor,Yes,12,https://www.sharks-swim-club.com/page/home | https://www.sharks-swim-club.com/page/about | https://www.sharks-swim-club.com/page/about/join-the-sharks | https://www.sharks-swim-club.com/page/about/mission--contact | https://www.sharks-swim-club.com/page/about/pools | https://www.sharks-swim-club.com/page/about/bylaws | https://www.sharks-swim-club.com/page/sharks-adaptive-/adaptive-aquatics-summer-program
TX-0411,TX-0411-C,SHARKS Swim Club Home,501 Palomino Lane,League City,77573,TX,https://www.sharks-swim-club.com/page/home,sharks-swim-club.com,Indoor and outdoor,Indoor and Outdoor,Yes,12,https://www.sharks-swim-club.com/page/home | https://www.sharks-swim-club.com/page/about | https://www.sharks-swim-club.com/page/about/join-the-sharks | https://www.sharks-swim-club.com/page/about/mission--contact | https://www.sharks-swim-club.com/page/about/pools | https://www.sharks-swim-club.com/page/about/bylaws | https://www.sharks-swim-club.com/page/sharks-adaptive-/adaptive-aquatics-summer-program
TX-0411,TX-0411-D,SHARKS Swim Club Home,802 S. Johnston St,Alvin,,TX,https://www.sharks-swim-club.com/page/home,sharks-swim-club.com,Indoor and outdoor,Indoor and Outdoor,Yes,12,https://www.sharks-swim-club.com/page/home | https://www.sharks-swim-club.com/page/about | https://www.sharks-swim-club.com/page/about/join-the-sharks | https://www.sharks-swim-club.com/page/about/mission--contact | https://www.sharks-swim-club.com/page/about/pools | https://www.sharks-swim-club.com/page/about/bylaws | https://www.sharks-swim-club.com/page/sharks-adaptive-/adaptive-aquatics-summer-program
TX-0411,TX-0411-E,SHARKS Swim Club Home,1109 Landing Blvd,League City,,TX,https://www.sharks-swim-club.com/page/home,sharks-swim-club.com,Indoor and outdoor,Indoor and Outdoor,Yes,12,https://www.sharks-swim-club.com/page/home | https://www.sharks-swim-club.com/page/about | https://www.sharks-swim-club.com/page/about/join-the-sharks | https://www.sharks-swim-club.com/page/about/mission--contact | https://www.sharks-swim-club.com/page/about/pools | https://www.sharks-swim-club.com/page/about/bylaws | https://www.sharks-swim-club.com/page/sharks-adaptive-/adaptive-aquatics-summer-program
TX-0411,TX-0411-F,SHARKS Swim Club Home,8454 W Airport Blvd,Houston,77071,TX,https://www.sharks-swim-club.com/page/home,sharks-swim-club.com,Indoor and outdoor,Indoor and Outdoor,Yes,12,https://www.sharks-swim-club.com/page/home | https://www.sharks-swim-club.com/page/about | https://www.sharks-swim-club.com/page/about/join-the-sharks | https://www.sharks-swim-club.com/page/about/mission--contact | https://www.sharks-swim-club.com/page/about/pools | https://www.sharks-swim-club.com/page/about/bylaws | https://www.sharks-swim-club.com/page/sharks-adaptive-/adaptive-aquatics-summer-program
TX-0411,TX-0411-G,SHARKS Swim Club Home,450 W. Walker Street,League City,77573,TX,https://www.sharks-swim-club.com/page/home,sharks-swim-club.com,Indoor and outdoor,Indoor and Outdoor,Yes,12,https://www.sharks-swim-club.com/page/home | https://www.sharks-swim-club.com/page/about | https://www.sharks-swim-club.com/page/about/join-the-sharks | https://www.sharks-swim-club.com/page/about/mission--contact | https://www.sharks-swim-club.com/page/about/pools | https://www.sharks-swim-club.com/page/about/bylaws | https://www.sharks-swim-club.com/page/sharks-adaptive-/adaptive-aquatics-summer-program
TX-0411,TX-0411-H,SHARKS Swim Club Home,1001 East League City Parkway,League City,77573,TX,https://www.sharks-swim-club.com/page/home,sharks-swim-club.com,Indoor and outdoor,Indoor and Outdoor,Yes,12,https://www.sharks-swim-club.com/page/home | https://www.sharks-swim-club.com/page/about | https://www.sharks-swim-club.com/page/about/join-the-sharks | https://www.sharks-swim-club.com/page/about/mission--contact | https://www.sharks-swim-club.com/page/about/pools | https://www.sharks-swim-club.com/page/about/bylaws | https://www.sharks-swim-club.com/page/sharks-adaptive-/adaptive-aquatics-summer-program
TX-0411,TX-0411-I,SHARKS Swim Club Home,4141 Bailey Road,Pearland,77584,TX,https://www.sharks-swim-club.com/page/home,sharks-swim-club.com,Indoor and outdoor,Indoor and Outdoor,Yes,12,https://www.sharks-swim-club.com/page/home | https://www.sharks-swim-club.com/page/about | https://www.sharks-swim-club.com/page/about/join-the-sharks | https://www.sharks-swim-club.com/page/about/mission--contact | https://www.sharks-swim-club.com/page/about/pools | https://www.sharks-swim-club.com/page/about/bylaws | https://www.sharks-swim-club.com/page/sharks-adaptive-/adaptive-aquatics-summer-program
TX-0411,TX-0411-J,SHARKS Swim Club Home,15000 McConn Street,Webster,77598,TX,https://www.sharks-swim-club.com/page/home,sharks-swim-club.com,Indoor and outdoor,Indoor and Outdoor,Yes,12,https://www.sharks-swim-club.com/page/home | https://www.sharks-swim-club.com/page/about | https://www.sharks-swim-club.com/page/about/join-the-sharks | https://www.sharks-swim-club.com/page/about/mission--contact | https://www.sharks-swim-club.com/page/about/pools | https://www.sharks-swim-club.com/page/about/bylaws | https://www.sharks-swim-club.com/page/sharks-adaptive-/adaptive-aquatics-summer-program
TX-0411,TX-0411-K,SHARKS Swim Club Home,16511 Diana Lane,Houston,77062,TX,https://www.sharks-swim-club.com/page/home,sharks-swim-club.com,Indoor and outdoor,Indoor and Outdoor,Yes,12,https://www.sharks-swim-club.com/page/home | https://www.sharks-swim-club.com/page/about | https://www.sharks-swim-club.com/page/about/join-the-sharks | https://www.sharks-swim-club.com/page/about/mission--contact | https://www.sharks-swim-club.com/page/about/pools | https://www.sharks-swim-club.com/page/about/bylaws | https://www.sharks-swim-club.com/page/sharks-adaptive-/adaptive-aquatics-summer-program
TX-0411,TX-0411-L,SHARKS Swim Club Home,1115 Falling Leaf Dr.,Friendswood,77546,TX,https://www.sharks-swim-club.com/page/home,sharks-swim-club.com,Indoor and outdoor,Indoor and Outdoor,Yes,12,https://www.sharks-swim-club.com/page/home | https://www.sharks-swim-club.com/page/about | https://www.sharks-swim-club.com/page/about/join-the-sharks | https://www.sharks-swim-club.com/page/about/mission--contact | https://www.sharks-swim-club.com/page/about/pools | https://www.sharks-swim-club.com/page/about/bylaws | https://www.sharks-swim-club.com/page/sharks-adaptive-/adaptive-aquatics-summer-program
TX-0412,TX-0412-A,SimplePadel,,Southeast,,TX,https://simplepadel.com/,simplepadel.com,Indoor and outdoor,Indoor and Outdoor,No,1,https://simplepadel.com/ | https://simplepadel.com/about/ | https://simplepadel.com/padel-in-the-us/ | https://simplepadel.com/how-to-play-padel/ | https://simplepadel.com/padel-balls/ | https://simplepadel.com/contact/
TX-0413,TX-0413-A,SLAC Nacogdoches,,Nacogdoches,,TX,https://slacnac.com/,slacnac.com,Indoor and outdoor,Indoor and Outdoor,No,1,https://slacnac.com/ | https://slacnac.com/contact/
TX-0414,TX-0414-A,Smashers,,San Angelo,,TX,https://smasherspickleball.com/,smasherspickleball.com,Indoor and outdoor,Indoor and Outdoor,No,1,https://smasherspickleball.com/ | https://smasherspickleball.com/contact/ | https://smasherspickleball.com/membership/ | https://smasherspickleball.com/reserve-court/
TX-0415,TX-0415-A,SNF,,Lubbock,,TX,https://sunnfunlubbock.org/,sunnfunlubbock.org,Indoor and outdoor,Indoor and Outdoor,No,1,https://sunnfunlubbock.org/ | https://sunnfunlubbock.org/membership/ | https://sunnfunlubbock.org/insurance-membership/ | https://sunnfunlubbock.org/gym-rentals/ | https://sunnfunlubbock.org/rentals/ | https://sunnfunlubbock.org/gym-rentals-copy/ | https://sunnfunlubbock.org/contact/
TX-0416,TX-0416-A,Soccer Hub,,Austin,,TX,https://soccerhubaustin.com/,soccerhubaustin.com,Indoor and outdoor,Indoor and Outdoor,No,1,https://soccerhubaustin.com/
TX-0417,TX-0417-A,SoccerZone,920 Old Mill Rd.,Cedar Park,78613,TX,https://soccerzonetexas.com/,soccerzonetexas.com,Indoor and outdoor,Indoor and Outdoor,Yes,2,https://soccerzonetexas.com/ | https://soccerzonetexas.com/field-rentals-corporate-events/ | https://soccerzonetexas.com/field-rentals/ | https://soccerzonetexas.com/about-us/
TX-0417,TX-0417-B,SoccerZone,4025 9501 Menchaca Rd.,Austin,78748,TX,https://soccerzonetexas.com/,soccerzonetexas.com,Indoor and outdoor,Indoor and Outdoor,Yes,2,https://soccerzonetexas.com/ | https://soccerzonetexas.com/field-rentals-corporate-events/ | https://soccerzonetexas.com/field-rentals/ | https://soccerzonetexas.com/about-us/
TX-0418,TX-0418-A,South Shore Harbour Resort,,League City,,TX,https://www.sshr.com/,sshr.com,Indoor and outdoor,Indoor and Outdoor,No,1,https://www.sshr.com/ | https://www.sshr.com/contact-us
TX-0419,TX-0419-A,Sparks Lake Activity Center,,Nacogdoches,,TX,https://sparkslakeactivitycenter.com/,sparkslakeactivitycenter.com,Indoor and outdoor,Indoor and Outdoor,No,1,https://sparkslakeactivitycenter.com/
TX-0420,TX-0420-A,Spike Frog Volleyball - Spike Frog Volleyball,1717 Scottsdale Dr,Cedar Park,78641,TX,https://spikefrog.org/,spikefrog.org,Indoor and outdoor,Indoor and Outdoor,No,1,https://spikefrog.org/ | https://spikefrog.org/rentals | https://spikefrog.org/rentals/pickleball | https://spikefrog.org/programs | https://spikefrog.org/programs/training/out-of-state-camps | https://spikefrog.org/about-us | https://spikefrog.org/sf-playing-facilities
TX-0421,TX-0421-A,Sports Destination Management,,Round Rock,,TX,https://www.sportsdestinations.com/,sportsdestinations.com,Indoor and outdoor,Indoor and Outdoor,No,1,https://www.sportsdestinations.com/ | https://www.sportsdestinations.com/sports/sports-facilities | https://www.sportsdestinations.com/management | https://www.sportsdestinations.com/sport-directory/search-page | https://www.sportsdestinations.com/about-us/about-us-4360 | https://www.sportsdestinations.com/contact-us/contact-us-1 | https://www.sportsdestinations.com/sports/college-sports-facilities/developers-eye-closed-colleges-potential-sports-37955
TX-0422,TX-0422-A,Sports Planning Guide,,College Station,,TX,https://sportsplanningguide.com/,sportsplanningguide.com,Indoor and outdoor,Indoor and Outdoor,No,1,https://sportsplanningguide.com/ | https://sportsplanningguide.com/where-2-play-aquatic-facilities/ | https://sportsplanningguide.com/where-2-play-indoor-facilities/ | https://sportsplanningguide.com/baseball-and-softball-facilities/ | https://sportsplanningguide.com/category/fields-facilities/ | https://sportsplanningguide.com/category/sports-facility-news/
TX-0423,TX-0423-A,sportsworldathletics,2922 S Goliad St,Rockwall,75032,TX,https://www.sportsworldathleticsoftexas.com/,sportsworldathleticsoftexas.com,Indoor and outdoor,Indoor and Outdoor,No,1,https://www.sportsworldathleticsoftexas.com/ | https://www.sportsworldathleticsoftexas.com/team-3 | https://www.sportsworldathleticsoftexas.com/contact-1 | https://www.sportsworldathleticsoftexas.com/about-5 | https://www.sportsworldathleticsoftexas.com/about-3 | https://www.sportsworldathleticsoftexas.com/general-8-1
TX-0424,TX-0424-A,staffordwellness,,Longview,,TX,https://www.staffordwellness.com/,staffordwellness.com,Indoor and outdoor,Indoor and Outdoor,No,1,https://www.staffordwellness.com/ | https://www.staffordwellness.com/sign-up | https://www.staffordwellness.com/gymmemberships | https://www.staffordwellness.com/staffordbootcamp | https://www.staffordwellness.com/summer-memberships
TX-0425,TX-0425-A,Strake Jesuit,,Houston,,TX,https://www.strakejesuit.org/,strakejesuit.org,Indoor and outdoor,Indoor and Outdoor,No,1,https://www.strakejesuit.org/ | https://www.strakejesuit.org/about | https://www.strakejesuit.org/about/our-way-of-proceeding | https://www.strakejesuit.org/about/our-campus | https://www.strakejesuit.org/about/our-campus/art-museum | https://www.strakejesuit.org/about/board-of-directors | https://www.strakejesuit.org/about/school-leadership
TX-0426,TX-0426-A,Summit Consultants,,Fort Worth,,TX,https://summitmep.com/,summitmep.com,Indoor and outdoor,Indoor and Outdoor,No,1,https://summitmep.com/ | https://summitmep.com/pages/meet-the-team/ | https://summitmep.com/contact/
TX-0427,TX-0427-A,Sunfield Station,,Buda,,TX,https://www.sunfieldstation.com/,sunfieldstation.com,Indoor and outdoor,Indoor and Outdoor,No,1,https://www.sunfieldstation.com/ | https://www.sunfieldstation.com/location-contact | https://www.sunfieldstation.com/services | https://www.sunfieldstation.com/open-play-court-rentals | https://www.sunfieldstation.com/court-rentails-special-events | https://www.sunfieldstation.com/sports-programs | https://www.sunfieldstation.com/contact-1
TX-0428,TX-0428-A,Swimming Pools Near Me,,Big Spring,,TX,https://poolnear.me/,poolnear.me,Indoor and outdoor,Indoor and Outdoor,No,1,https://poolnear.me/ | https://poolnear.me/flagstaff-az.html | https://poolnear.me/washington-court-house-oh.html
TX-0429,TX-0429-A,T&C Sports,,Austin,,TX,https://www.tandcsports.org/,tandcsports.org,Indoor and outdoor,Indoor and Outdoor,No,1,https://www.tandcsports.org/ | https://www.tandcsports.org/our-sports/ | https://www.tandcsports.org/about-tc/tc-office/ | https://www.tandcsports.org/our-campus/field-rentals/ | https://www.tandcsports.org/next50/ | https://www.tandcsports.org/our-sports/baseball/baseball-programs/ | https://www.tandcsports.org/our-sports/baseball/baseball-board/
TX-0430,TX-0430-A,Tarrant County College District,,Fort Worth,,TX,https://www.tccd.edu/,tccd.edu,Indoor and outdoor,Indoor and Outdoor,No,1,https://www.tccd.edu/ | https://www.tccd.edu/about/ | https://www.tccd.edu/academics/find-your-pathway/ | https://www.tccd.edu/academics/courses-and-programs/ | https://www.tccd.edu/about/mission-and-vision/strategic-plan/ | https://www.tccd.edu/about/accessibility/ | https://www.tccd.edu/community/employment/hr-contacts/
TX-0431,TX-0431-A,TAV Houston Club VB,2733 Rayford Rd,Spring,77386,TX,https://www.mycompetitiveedge.com/,tavhouston.com,Indoor and outdoor,Indoor and Outdoor,Yes,7,https://www.mycompetitiveedge.com/ | https://www.mycompetitiveedge.com/tav-houston-coaching-staff | https://www.mycompetitiveedge.com/AboutUs | https://www.mycompetitiveedge.com/meet-our-leadership-team | https://www.mycompetitiveedge.com/tournament-facility-info
TX-0431,TX-0431-B,TAV Houston Club VB,10914 S. Gessner Road,Houston,77071,TX,https://www.mycompetitiveedge.com/,tavhouston.com,Indoor and outdoor,Indoor and Outdoor,Yes,7,https://www.mycompetitiveedge.com/ | https://www.mycompetitiveedge.com/tav-houston-coaching-staff | https://www.mycompetitiveedge.com/AboutUs | https://www.mycompetitiveedge.com/meet-our-leadership-team | https://www.mycompetitiveedge.com/tournament-facility-info
TX-0431,TX-0431-C,TAV Houston Club VB,451 Spruce Street,Dickinson,77539,TX,https://www.mycompetitiveedge.com/,tavhouston.com,Indoor and outdoor,Indoor and Outdoor,Yes,7,https://www.mycompetitiveedge.com/ | https://www.mycompetitiveedge.com/tav-houston-coaching-staff | https://www.mycompetitiveedge.com/AboutUs | https://www.mycompetitiveedge.com/meet-our-leadership-team | https://www.mycompetitiveedge.com/tournament-facility-info
TX-0431,TX-0431-D,TAV Houston Club VB,15400 Hempstead Rd,Houston,77040,TX,https://www.mycompetitiveedge.com/,tavhouston.com,Indoor and outdoor,Indoor and Outdoor,Yes,7,https://www.mycompetitiveedge.com/ | https://www.mycompetitiveedge.com/tav-houston-coaching-staff | https://www.mycompetitiveedge.com/AboutUs | https://www.mycompetitiveedge.com/meet-our-leadership-team | https://www.mycompetitiveedge.com/tournament-facility-info
TX-0431,TX-0431-E,TAV Houston Club VB,25707 Field House Rd,Katy,77494,TX,https://www.mycompetitiveedge.com/,tavhouston.com,Indoor and outdoor,Indoor and Outdoor,Yes,7,https://www.mycompetitiveedge.com/ | https://www.mycompetitiveedge.com/tav-houston-coaching-staff | https://www.mycompetitiveedge.com/AboutUs | https://www.mycompetitiveedge.com/meet-our-leadership-team | https://www.mycompetitiveedge.com/tournament-facility-info
TX-0431,TX-0431-F,TAV Houston Club VB,650 S. Griffin Street,Dallas,75202,TX,https://www.mycompetitiveedge.com/,tavhouston.com,Indoor and outdoor,Indoor and Outdoor,Yes,7,https://www.mycompetitiveedge.com/ | https://www.mycompetitiveedge.com/tav-houston-coaching-staff | https://www.mycompetitiveedge.com/AboutUs | https://www.mycompetitiveedge.com/meet-our-leadership-team | https://www.mycompetitiveedge.com/tournament-facility-info
TX-0431,TX-0431-G,TAV Houston Club VB,500 E Cesar Chavez St,Austin,78701,TX,https://www.mycompetitiveedge.com/,tavhouston.com,Indoor and outdoor,Indoor and Outdoor,Yes,7,https://www.mycompetitiveedge.com/ | https://www.mycompetitiveedge.com/tav-houston-coaching-staff | https://www.mycompetitiveedge.com/AboutUs | https://www.mycompetitiveedge.com/meet-our-leadership-team | https://www.mycompetitiveedge.com/tournament-facility-info
TX-0432,TX-0432-A,TCU Athletics,,Fort Worth,,TX,https://gofrogs.com/,gofrogs.com,Indoor and outdoor,Indoor and Outdoor,No,1,https://gofrogs.com/ | https://gofrogs.com/staff-directory | https://gofrogs.com/sports/2018/7/13/facilities-tcu-facilities-football-html | https://gofrogs.com/sports/2018/7/23/bayard-h-friedman-tennis-center-bartzen-varsity-courts | https://gofrogs.com/sports/2018/7/13/facilities-tcu-facilities-beachvolleyball-html | https://gofrogs.com/sports/2019/7/10/facilities-tcu-facilities-equestrian-html | https://gofrogs.com/sports/2018/7/13/facilities-tcu-facilities-sccenter-html
TX-0433,TX-0433-A,Tennis Count,,Houston,,TX,https://tenniscount.com/,tenniscount.com,Indoor and outdoor,Indoor and Outdoor,No,1,https://tenniscount.com/ | https://tenniscount.com/about | https://tenniscount.com/tennis-courts/new-york/new-york | https://tenniscount.com/tennis-courts/california/los-angeles | https://tenniscount.com/tennis-courts/illinois/chicago | https://tenniscount.com/tennis-courts/texas/houston | https://tenniscount.com/tennis-courts/arizona/phoenix
TX-0434,TX-0434-A,TennisMatch.io,,Houston,,TX,https://www.tennismatch.io/,tennismatch.io,Indoor and outdoor,Indoor and Outdoor,No,1,https://www.tennismatch.io/ | https://www.tennismatch.io/facilities | https://www.tennismatch.io/facilities/us/fl/orlando/us-fl-orlando-usta-national-campus | https://www.tennismatch.io/facilities/us/va/arlington/us-va-arlington-army-navy-country-club | https://www.tennismatch.io/facilities/us/ga/columbus/us-ga-columbus-cooper-creek-tennis-center | https://www.tennismatch.io/facilities/us/va/reston/us-va-reston-reston-association-tennis | https://www.tennismatch.io/facilities/us/fl/wesley-chapel/us-fl-wesley-chapel-saddlebrook-resort
TX-0435,TX-0435-A,Terrell ISD ExCEL,1251 Colquitt Rd,Terrell,75160,TX,https://www.terrellexcel.com/,terrellisd.org,Indoor and outdoor,Indoor and Outdoor,No,1,https://www.terrellexcel.com/ | https://www.terrellexcel.com/copy-of-membership-info | https://www.terrellexcel.com/facility-rules | https://www.terrellexcel.com/aboutus | https://www.terrellexcel.com/contact | https://www.terrellexcel.com/about-facility-rules
TX-0436,TX-0436-A,"Texarkana Pickleball: Courts, Clubs & Events",,Texarkana,,TX,https://texarkanapickleball.com/,texarkanapickleball.com,Indoor and outdoor,Indoor and Outdoor,No,1,https://texarkanapickleball.com/
TX-0437,TX-0437-A,Texas A&M Aggies - Official Athletics Website,161 Wellborn Rd,College Station,,TX,https://12thman.com/,12thman.com,Indoor and outdoor,Indoor and Outdoor,Yes,2,https://12thman.com/ | https://12thman.com/contact-us | https://12thman.com/facilities/kyle-field | https://12thman.com/facilities/reed-arena | https://12thman.com/facilities/blue-bell-park | https://12thman.com/facilities/davis-diamond | https://12thman.com/facilities/ellis-field
TX-0437,TX-0437-B,Texas A&M Aggies - Official Athletics Website,851 Penberthy Blvd,College Station,77840,TX,https://12thman.com/,12thman.com,Indoor and outdoor,Indoor and Outdoor,Yes,2,https://12thman.com/ | https://12thman.com/contact-us | https://12thman.com/facilities/kyle-field | https://12thman.com/facilities/reed-arena | https://12thman.com/facilities/blue-bell-park | https://12thman.com/facilities/davis-diamond | https://12thman.com/facilities/ellis-field
TX-0438,TX-0438-A,Texas A&M Rec Sports,,College Station,,TX,https://recsports.tamu.edu/,tamu.edu,Indoor and outdoor,Indoor and Outdoor,No,1,https://recsports.tamu.edu/ | https://recsports.tamu.edu/about-us/meet-our-team/ | https://recsports.tamu.edu/about-us/stategic-plan/ | https://recsports.tamu.edu/about-us/100-years/ | https://recsports.tamu.edu/facilities/live-facility-count/ | https://recsports.tamu.edu/facilities/student-rec-center/ | https://recsports.tamu.edu/facilities/southside-rec/
TX-0439,TX-0439-A,Texas A&M University Kingsville,905 W. Santa Gertrudis St.,Kingsville,,TX,https://www.tamuk.edu/,tamuk.edu,Indoor and outdoor,Indoor and Outdoor,Yes,2,https://www.tamuk.edu/ | https://www.tamuk.edu/administration/index.html | https://www.tamuk.edu/about/index.html | https://www.tamuk.edu/administration/president/index.html | https://www.tamuk.edu/enrollment-management/admission/future-students/visit/index.html | https://www.tamuk.edu/enrollment-management/finaid/students/cost-of-attendance.html
TX-0439,TX-0439-B,Texas A&M University Kingsville,1050 W. Santa Gertrudis Ave,Kingsville,78363,TX,https://www.tamuk.edu/,tamuk.edu,Indoor and outdoor,Indoor and Outdoor,Yes,2,https://www.tamuk.edu/ | https://www.tamuk.edu/administration/index.html | https://www.tamuk.edu/about/index.html | https://www.tamuk.edu/administration/president/index.html | https://www.tamuk.edu/enrollment-management/admission/future-students/visit/index.html | https://www.tamuk.edu/enrollment-management/finaid/students/cost-of-attendance.html
TX-0440,TX-0440-A,Texas State Athletics,,San Marcos,,TX,https://txst.com/,txst.com,Indoor and outdoor,Indoor and Outdoor,No,1,https://txst.com/ | https://admin.txst.com/feature/NIL | https://txst.com/sports/2010/7/29/GEN_0729105908.aspx | https://txst.com/staff-directory | https://txst.com/sports/2011/4/6/GEN_0406111344.aspx | https://txst.com/sports/spirit-program | https://txst.com/facilities
TX-0441,TX-0441-A,Texas Sumo Game Rental,,Dallas,,TX,https://texassumo.com/,texassumo.com,Indoor and outdoor,Indoor and Outdoor,No,1,https://texassumo.com/ | https://texassumo.com/inflatable-rentals-dallas/ | https://texassumo.com/party-rentals/water-slide-rentals/ | https://texassumo.com/party-rentals/zip-line-dallas/ | https://texassumo.com/party-rentals/laser-tag/ | https://texassumo.com/party-rentals/slides/ | https://texassumo.com/party-rentals/inflatable-obstacle-courses/
TX-0442,TX-0442-A,Texas Tigers Beach Volleyball,2818 Cordova Road,Seguin,,TX,https://www.texastigersbeach.org/,texastigersbeach.org,Indoor and outdoor,Indoor and Outdoor,No,1,https://www.texastigersbeach.org/
TX-0443,TX-0443-A,Texoma Connect,,Denison,,TX,https://texomaconnect.com/,texomaconnect.com,Indoor and outdoor,Indoor and Outdoor,No,1,https://texomaconnect.com/ | https://texomaconnect.com/lake-texoma-travel-guide/ | https://texomaconnect.com/about-lake-texoma/ | https://texomaconnect.com/lake-texoma-vacation-rentals/ | https://texomaconnect.com/lake-texoma-boat-rentals/ | https://texomaconnect.com/lake-texoma-travel-guide/wpbdp_tag/canoe-rentals/ | https://texomaconnect.com/lake-texoma-travel-guide/wpbdp_category/golf-carts/
TX-0444,TX-0444-A,TGC Texas,,Carrollton,,TX,https://tgctexas.com/,tgctexas.com,Indoor and outdoor,Indoor and Outdoor,No,1,https://tgctexas.com/ | https://tgctexas.com/backyard-courts/ | https://tgctexas.com/hard-court-surfaces/ | https://tgctexas.com/versacourt-snap-court-tiles/ | https://tgctexas.com/basketball-courts/ | https://tgctexas.com/multi-sport-game-courts/ | https://tgctexas.com/pickleball-courts/
TX-0445,TX-0445-A,The App Powering Pickleball and Tennis,4 Courts Permanent nets 7900 Northaven Rd,Dallas,,TX,https://www.bounce.game/,bounce.game,Indoor and outdoor,Indoor and Outdoor,Yes,424,https://www.bounce.game/ | https://www.bounce.game/courts | https://www.bounce.game/pickleball/city/new-york-new-york-us/courts | https://www.bounce.game/pickleball/city/dallas-texas-us/courts | https://www.bounce.game/pickleball/city/houston-texas-us/courts | https://www.bounce.game/pickleball/city/austin-texas-us/courts | https://www.bounce.game/pickleball/city/san-antonio-texas-us/courts
TX-0445,TX-0445-B,The App Powering Pickleball and Tennis,7025 Churchill Way,Dallas,,TX,https://www.bounce.game/,bounce.game,Indoor and outdoor,Indoor and Outdoor,Yes,424,https://www.bounce.game/ | https://www.bounce.game/courts | https://www.bounce.game/pickleball/city/new-york-new-york-us/courts | https://www.bounce.game/pickleball/city/dallas-texas-us/courts | https://www.bounce.game/pickleball/city/houston-texas-us/courts | https://www.bounce.game/pickleball/city/austin-texas-us/courts | https://www.bounce.game/pickleball/city/san-antonio-texas-us/courts
TX-0445,TX-0445-C,The App Powering Pickleball and Tennis,4 Courts Permanent nets 14050 Heartside Pl,Dallas,,TX,https://www.bounce.game/,bounce.game,Indoor and outdoor,Indoor and Outdoor,Yes,424,https://www.bounce.game/ | https://www.bounce.game/courts | https://www.bounce.game/pickleball/city/new-york-new-york-us/courts | https://www.bounce.game/pickleball/city/dallas-texas-us/courts | https://www.bounce.game/pickleball/city/houston-texas-us/courts | https://www.bounce.game/pickleball/city/austin-texas-us/courts | https://www.bounce.game/pickleball/city/san-antonio-texas-us/courts
TX-0445,TX-0445-D,The App Powering Pickleball and Tennis,1 Court Non-permanent nets 2300 Olympus Blvd,Coppell,75019,TX,https://www.bounce.game/,bounce.game,Indoor and outdoor,Indoor and Outdoor,Yes,424,https://www.bounce.game/ | https://www.bounce.game/courts | https://www.bounce.game/pickleball/city/new-york-new-york-us/courts | https://www.bounce.game/pickleball/city/dallas-texas-us/courts | https://www.bounce.game/pickleball/city/houston-texas-us/courts | https://www.bounce.game/pickleball/city/austin-texas-us/courts | https://www.bounce.game/pickleball/city/san-antonio-texas-us/courts
TX-0445,TX-0445-E,The App Powering Pickleball and Tennis,14 Courts Permanent nets 4000 Cole Ave,Dallas,75204,TX,https://www.bounce.game/,bounce.game,Indoor and outdoor,Indoor and Outdoor,Yes,424,https://www.bounce.game/ | https://www.bounce.game/courts | https://www.bounce.game/pickleball/city/new-york-new-york-us/courts | https://www.bounce.game/pickleball/city/dallas-texas-us/courts | https://www.bounce.game/pickleball/city/houston-texas-us/courts | https://www.bounce.game/pickleball/city/austin-texas-us/courts | https://www.bounce.game/pickleball/city/san-antonio-texas-us/courts
TX-0445,TX-0445-F,The App Powering Pickleball and Tennis,6 Courts Permanent nets 4521 Edmondson Ave,Dallas,75205,TX,https://www.bounce.game/,bounce.game,Indoor and outdoor,Indoor and Outdoor,Yes,424,https://www.bounce.game/ | https://www.bounce.game/courts | https://www.bounce.game/pickleball/city/new-york-new-york-us/courts | https://www.bounce.game/pickleball/city/dallas-texas-us/courts | https://www.bounce.game/pickleball/city/houston-texas-us/courts | https://www.bounce.game/pickleball/city/austin-texas-us/courts | https://www.bounce.game/pickleball/city/san-antonio-texas-us/courts
TX-0445,TX-0445-G,The App Powering Pickleball and Tennis,2 Courts Non-permanent nets 4814 Abbott Ave,Dallas,75205,TX,https://www.bounce.game/,bounce.game,Indoor and outdoor,Indoor and Outdoor,Yes,424,https://www.bounce.game/ | https://www.bounce.game/courts | https://www.bounce.game/pickleball/city/new-york-new-york-us/courts | https://www.bounce.game/pickleball/city/dallas-texas-us/courts | https://www.bounce.game/pickleball/city/houston-texas-us/courts | https://www.bounce.game/pickleball/city/austin-texas-us/courts | https://www.bounce.game/pickleball/city/san-antonio-texas-us/courts
TX-0445,TX-0445-H,The App Powering Pickleball and Tennis,7025 Churchill Court,Dallas,75230,TX,https://www.bounce.game/,bounce.game,Indoor and outdoor,Indoor and Outdoor,Yes,424,https://www.bounce.game/ | https://www.bounce.game/courts | https://www.bounce.game/pickleball/city/new-york-new-york-us/courts | https://www.bounce.game/pickleball/city/dallas-texas-us/courts | https://www.bounce.game/pickleball/city/houston-texas-us/courts | https://www.bounce.game/pickleball/city/austin-texas-us/courts | https://www.bounce.game/pickleball/city/san-antonio-texas-us/courts
TX-0445,TX-0445-I,The App Powering Pickleball and Tennis,4 Courts Non-permanent nets 6899 Ledyard Dr,Dallas,,TX,https://www.bounce.game/,bounce.game,Indoor and outdoor,Indoor and Outdoor,Yes,424,https://www.bounce.game/ | https://www.bounce.game/courts | https://www.bounce.game/pickleball/city/new-york-new-york-us/courts | https://www.bounce.game/pickleball/city/dallas-texas-us/courts | https://www.bounce.game/pickleball/city/houston-texas-us/courts | https://www.bounce.game/pickleball/city/austin-texas-us/courts | https://www.bounce.game/pickleball/city/san-antonio-texas-us/courts
TX-0445,TX-0445-J,The App Powering Pickleball and Tennis,4 Courts Permanent nets 11225 Luna Rd,Dallas,,TX,https://www.bounce.game/,bounce.game,Indoor and outdoor,Indoor and Outdoor,Yes,424,https://www.bounce.game/ | https://www.bounce.game/courts | https://www.bounce.game/pickleball/city/new-york-new-york-us/courts | https://www.bounce.game/pickleball/city/dallas-texas-us/courts | https://www.bounce.game/pickleball/city/houston-texas-us/courts | https://www.bounce.game/pickleball/city/austin-texas-us/courts | https://www.bounce.game/pickleball/city/san-antonio-texas-us/courts
TX-0445,TX-0445-K,The App Powering Pickleball and Tennis,1 Court Permanent nets 317 South Second Avenue,Dallas,,TX,https://www.bounce.game/,bounce.game,Indoor and outdoor,Indoor and Outdoor,Yes,424,https://www.bounce.game/ | https://www.bounce.game/courts | https://www.bounce.game/pickleball/city/new-york-new-york-us/courts | https://www.bounce.game/pickleball/city/dallas-texas-us/courts | https://www.bounce.game/pickleball/city/houston-texas-us/courts | https://www.bounce.game/pickleball/city/austin-texas-us/courts | https://www.bounce.game/pickleball/city/san-antonio-texas-us/courts
TX-0445,TX-0445-L,The App Powering Pickleball and Tennis,4 Courts Permanent nets 2354 Hardwick St,Dallas,75208,TX,https://www.bounce.game/,bounce.game,Indoor and outdoor,Indoor and Outdoor,Yes,424,https://www.bounce.game/ | https://www.bounce.game/courts | https://www.bounce.game/pickleball/city/new-york-new-york-us/courts | https://www.bounce.game/pickleball/city/dallas-texas-us/courts | https://www.bounce.game/pickleball/city/houston-texas-us/courts | https://www.bounce.game/pickleball/city/austin-texas-us/courts | https://www.bounce.game/pickleball/city/san-antonio-texas-us/courts
TX-0445,TX-0445-M,The App Powering Pickleball and Tennis,2 Courts Permanent nets 408 South Harwood Street,Dallas,,TX,https://www.bounce.game/,bounce.game,Indoor and outdoor,Indoor and Outdoor,Yes,424,https://www.bounce.game/ | https://www.bounce.game/courts | https://www.bounce.game/pickleball/city/new-york-new-york-us/courts | https://www.bounce.game/pickleball/city/dallas-texas-us/courts | https://www.bounce.game/pickleball/city/houston-texas-us/courts | https://www.bounce.game/pickleball/city/austin-texas-us/courts | https://www.bounce.game/pickleball/city/san-antonio-texas-us/courts
TX-0445,TX-0445-N,The App Powering Pickleball and Tennis,6801 Mountain Creek Pkwy,Dallas,,TX,https://www.bounce.game/,bounce.game,Indoor and outdoor,Indoor and Outdoor,Yes,424,https://www.bounce.game/ | https://www.bounce.game/courts | https://www.bounce.game/pickleball/city/new-york-new-york-us/courts | https://www.bounce.game/pickleball/city/dallas-texas-us/courts | https://www.bounce.game/pickleball/city/houston-texas-us/courts | https://www.bounce.game/pickleball/city/austin-texas-us/courts | https://www.bounce.game/pickleball/city/san-antonio-texas-us/courts
TX-0445,TX-0445-O,The App Powering Pickleball and Tennis,3 Courts Non-permanent nets 14060 Dallas Pkwy,Dallas,,TX,https://www.bounce.game/,bounce.game,Indoor and outdoor,Indoor and Outdoor,Yes,424,https://www.bounce.game/ | https://www.bounce.game/courts | https://www.bounce.game/pickleball/city/new-york-new-york-us/courts | https://www.bounce.game/pickleball/city/dallas-texas-us/courts | https://www.bounce.game/pickleball/city/houston-texas-us/courts | https://www.bounce.game/pickleball/city/austin-texas-us/courts | https://www.bounce.game/pickleball/city/san-antonio-texas-us/courts
TX-0445,TX-0445-P,The App Powering Pickleball and Tennis,11 Courts Permanent nets 6220 E Grand Ave,Dallas,,TX,https://www.bounce.game/,bounce.game,Indoor and outdoor,Indoor and Outdoor,Yes,424,https://www.bounce.game/ | https://www.bounce.game/courts | https://www.bounce.game/pickleball/city/new-york-new-york-us/courts | https://www.bounce.game/pickleball/city/dallas-texas-us/courts | https://www.bounce.game/pickleball/city/houston-texas-us/courts | https://www.bounce.game/pickleball/city/austin-texas-us/courts | https://www.bounce.game/pickleball/city/san-antonio-texas-us/courts
TX-0445,TX-0445-Q,The App Powering Pickleball and Tennis,12 Courts Permanent nets 5683 Village Glen Dr,Dallas,75206,TX,https://www.bounce.game/,bounce.game,Indoor and outdoor,Indoor and Outdoor,Yes,424,https://www.bounce.game/ | https://www.bounce.game/courts | https://www.bounce.game/pickleball/city/new-york-new-york-us/courts | https://www.bounce.game/pickleball/city/dallas-texas-us/courts | https://www.bounce.game/pickleball/city/houston-texas-us/courts | https://www.bounce.game/pickleball/city/austin-texas-us/courts | https://www.bounce.game/pickleball/city/san-antonio-texas-us/courts
TX-0445,TX-0445-R,The App Powering Pickleball and Tennis,6 Courts Permanent nets 4125 Mockingbird Ln,Dallas,75205,TX,https://www.bounce.game/,bounce.game,Indoor and outdoor,Indoor and Outdoor,Yes,424,https://www.bounce.game/ | https://www.bounce.game/courts | https://www.bounce.game/pickleball/city/new-york-new-york-us/courts | https://www.bounce.game/pickleball/city/dallas-texas-us/courts | https://www.bounce.game/pickleball/city/houston-texas-us/courts | https://www.bounce.game/pickleball/city/austin-texas-us/courts | https://www.bounce.game/pickleball/city/san-antonio-texas-us/courts
TX-0445,TX-0445-S,The App Powering Pickleball and Tennis,10 Courts Permanent nets 6998 Belt Line Rd,Dallas,75254,TX,https://www.bounce.game/,bounce.game,Indoor and outdoor,Indoor and Outdoor,Yes,424,https://www.bounce.game/ | https://www.bounce.game/courts | https://www.bounce.game/pickleball/city/new-york-new-york-us/courts | https://www.bounce.game/pickleball/city/dallas-texas-us/courts | https://www.bounce.game/pickleball/city/houston-texas-us/courts | https://www.bounce.game/pickleball/city/austin-texas-us/courts | https://www.bounce.game/pickleball/city/san-antonio-texas-us/courts
TX-0445,TX-0445-T,The App Powering Pickleball and Tennis,12 Courts Permanent nets 6818 Fisher Rd,Dallas,,TX,https://www.bounce.game/,bounce.game,Indoor and outdoor,Indoor and Outdoor,Yes,424,https://www.bounce.game/ | https://www.bounce.game/courts | https://www.bounce.game/pickleball/city/new-york-new-york-us/courts | https://www.bounce.game/pickleball/city/dallas-texas-us/courts | https://www.bounce.game/pickleball/city/houston-texas-us/courts | https://www.bounce.game/pickleball/city/austin-texas-us/courts | https://www.bounce.game/pickleball/city/san-antonio-texas-us/courts
TX-0445,TX-0445-U,The App Powering Pickleball and Tennis,5 Courts Non-permanent nets 13130 Preston Rd,Dallas,75240,TX,https://www.bounce.game/,bounce.game,Indoor and outdoor,Indoor and Outdoor,Yes,424,https://www.bounce.game/ | https://www.bounce.game/courts | https://www.bounce.game/pickleball/city/new-york-new-york-us/courts | https://www.bounce.game/pickleball/city/dallas-texas-us/courts | https://www.bounce.game/pickleball/city/houston-texas-us/courts | https://www.bounce.game/pickleball/city/austin-texas-us/courts | https://www.bounce.game/pickleball/city/san-antonio-texas-us/courts
TX-0445,TX-0445-V,The App Powering Pickleball and Tennis,9 Courts Permanent nets 8301 Harry Hines Blvd,Dallas,,TX,https://www.bounce.game/,bounce.game,Indoor and outdoor,Indoor and Outdoor,Yes,424,https://www.bounce.game/ | https://www.bounce.game/courts | https://www.bounce.game/pickleball/city/new-york-new-york-us/courts | https://www.bounce.game/pickleball/city/dallas-texas-us/courts | https://www.bounce.game/pickleball/city/houston-texas-us/courts | https://www.bounce.game/pickleball/city/austin-texas-us/courts | https://www.bounce.game/pickleball/city/san-antonio-texas-us/courts
TX-0445,TX-0445-W,The App Powering Pickleball and Tennis,2 Courts Non-permanent nets 2119 Langston Ct,Dallas,75235,TX,https://www.bounce.game/,bounce.game,Indoor and outdoor,Indoor and Outdoor,Yes,424,https://www.bounce.game/ | https://www.bounce.game/courts | https://www.bounce.game/pickleball/city/new-york-new-york-us/courts | https://www.bounce.game/pickleball/city/dallas-texas-us/courts | https://www.bounce.game/pickleball/city/houston-texas-us/courts | https://www.bounce.game/pickleball/city/austin-texas-us/courts | https://www.bounce.game/pickleball/city/san-antonio-texas-us/courts
TX-0445,TX-0445-X,The App Powering Pickleball and Tennis,4 Courts Permanent nets 6060 Dilbeck Lane,Dallas,75240,TX,https://www.bounce.game/,bounce.game,Indoor and outdoor,Indoor and Outdoor,Yes,424,https://www.bounce.game/ | https://www.bounce.game/courts | https://www.bounce.game/pickleball/city/new-york-new-york-us/courts | https://www.bounce.game/pickleball/city/dallas-texas-us/courts | https://www.bounce.game/pickleball/city/houston-texas-us/courts | https://www.bounce.game/pickleball/city/austin-texas-us/courts | https://www.bounce.game/pickleball/city/san-antonio-texas-us/courts
TX-0445,TX-0445-Y,The App Powering Pickleball and Tennis,25 Courts Permanent nets 18018 Voss Road,Dallas,,TX,https://www.bounce.game/,bounce.game,Indoor and outdoor,Indoor and Outdoor,Yes,424,https://www.bounce.game/ | https://www.bounce.game/courts | https://www.bounce.game/pickleball/city/new-york-new-york-us/courts | https://www.bounce.game/pickleball/city/dallas-texas-us/courts | https://www.bounce.game/pickleball/city/houston-texas-us/courts | https://www.bounce.game/pickleball/city/austin-texas-us/courts | https://www.bounce.game/pickleball/city/san-antonio-texas-us/courts
TX-0445,TX-0445-Z,The App Powering Pickleball and Tennis,4111 Dallas Athletic Club Drive,Dallas,75228,TX,https://www.bounce.game/,bounce.game,Indoor and outdoor,Indoor and Outdoor,Yes,424,https://www.bounce.game/ | https://www.bounce.game/courts | https://www.bounce.game/pickleball/city/new-york-new-york-us/courts | https://www.bounce.game/pickleball/city/dallas-texas-us/courts | https://www.bounce.game/pickleball/city/houston-texas-us/courts | https://www.bounce.game/pickleball/city/austin-texas-us/courts | https://www.bounce.game/pickleball/city/san-antonio-texas-us/courts
TX-0445,TX-0445-[,The App Powering Pickleball and Tennis,4 Courts Permanent nets 10011 Midway Rd,Dallas,,TX,https://www.bounce.game/,bounce.game,Indoor and outdoor,Indoor and Outdoor,Yes,424,https://www.bounce.game/ | https://www.bounce.game/courts | https://www.bounce.game/pickleball/city/new-york-new-york-us/courts | https://www.bounce.game/pickleball/city/dallas-texas-us/courts | https://www.bounce.game/pickleball/city/houston-texas-us/courts | https://www.bounce.game/pickleball/city/austin-texas-us/courts | https://www.bounce.game/pickleball/city/san-antonio-texas-us/courts
TX-0445,TX-0445-\,The App Powering Pickleball and Tennis,4 Courts Non-permanent nets 711 W Canty St,Dallas,,TX,https://www.bounce.game/,bounce.game,Indoor and outdoor,Indoor and Outdoor,Yes,424,https://www.bounce.game/ | https://www.bounce.game/courts | https://www.bounce.game/pickleball/city/new-york-new-york-us/courts | https://www.bounce.game/pickleball/city/dallas-texas-us/courts | https://www.bounce.game/pickleball/city/houston-texas-us/courts | https://www.bounce.game/pickleball/city/austin-texas-us/courts | https://www.bounce.game/pickleball/city/san-antonio-texas-us/courts
TX-0445,TX-0445-],The App Powering Pickleball and Tennis,4 Courts Permanent nets 4332 Northaven Rd,Dallas,,TX,https://www.bounce.game/,bounce.game,Indoor and outdoor,Indoor and Outdoor,Yes,424,https://www.bounce.game/ | https://www.bounce.game/courts | https://www.bounce.game/pickleball/city/new-york-new-york-us/courts | https://www.bounce.game/pickleball/city/dallas-texas-us/courts | https://www.bounce.game/pickleball/city/houston-texas-us/courts | https://www.bounce.game/pickleball/city/austin-texas-us/courts | https://www.bounce.game/pickleball/city/san-antonio-texas-us/courts
TX-0445,TX-0445-^,The App Powering Pickleball and Tennis,25 miles 601 Gross Rd,Mesquite,,TX,https://www.bounce.game/,bounce.game,Indoor and outdoor,Indoor and Outdoor,Yes,424,https://www.bounce.game/ | https://www.bounce.game/courts | https://www.bounce.game/pickleball/city/new-york-new-york-us/courts | https://www.bounce.game/pickleball/city/dallas-texas-us/courts | https://www.bounce.game/pickleball/city/houston-texas-us/courts | https://www.bounce.game/pickleball/city/austin-texas-us/courts | https://www.bounce.game/pickleball/city/san-antonio-texas-us/courts
TX-0445,TX-0445-_,The App Powering Pickleball and Tennis,1116 Hillcrest St,Mesquite,,TX,https://www.bounce.game/,bounce.game,Indoor and outdoor,Indoor and Outdoor,Yes,424,https://www.bounce.game/ | https://www.bounce.game/courts | https://www.bounce.game/pickleball/city/new-york-new-york-us/courts | https://www.bounce.game/pickleball/city/dallas-texas-us/courts | https://www.bounce.game/pickleball/city/houston-texas-us/courts | https://www.bounce.game/pickleball/city/austin-texas-us/courts | https://www.bounce.game/pickleball/city/san-antonio-texas-us/courts
TX-0445,TX-0445-`,The App Powering Pickleball and Tennis,2 Courts Permanent nets 900 Senter Rd,Irving,,TX,https://www.bounce.game/,bounce.game,Indoor and outdoor,Indoor and Outdoor,Yes,424,https://www.bounce.game/ | https://www.bounce.game/courts | https://www.bounce.game/pickleball/city/new-york-new-york-us/courts | https://www.bounce.game/pickleball/city/dallas-texas-us/courts | https://www.bounce.game/pickleball/city/houston-texas-us/courts | https://www.bounce.game/pickleball/city/austin-texas-us/courts | https://www.bounce.game/pickleball/city/san-antonio-texas-us/courts
TX-0445,TX-0445-a,The App Powering Pickleball and Tennis,4801 Spring Valley Rd,Farmers Branch,75244,TX,https://www.bounce.game/,bounce.game,Indoor and outdoor,Indoor and Outdoor,Yes,424,https://www.bounce.game/ | https://www.bounce.game/courts | https://www.bounce.game/pickleball/city/new-york-new-york-us/courts | https://www.bounce.game/pickleball/city/dallas-texas-us/courts | https://www.bounce.game/pickleball/city/houston-texas-us/courts | https://www.bounce.game/pickleball/city/austin-texas-us/courts | https://www.bounce.game/pickleball/city/san-antonio-texas-us/courts
TX-0445,TX-0445-b,The App Powering Pickleball and Tennis,9 Courts Permanent nets 1701 Dairy Road,Garland,75040,TX,https://www.bounce.game/,bounce.game,Indoor and outdoor,Indoor and Outdoor,Yes,424,https://www.bounce.game/ | https://www.bounce.game/courts | https://www.bounce.game/pickleball/city/new-york-new-york-us/courts | https://www.bounce.game/pickleball/city/dallas-texas-us/courts | https://www.bounce.game/pickleball/city/houston-texas-us/courts | https://www.bounce.game/pickleball/city/austin-texas-us/courts | https://www.bounce.game/pickleball/city/san-antonio-texas-us/courts
TX-0445,TX-0445-c,The App Powering Pickleball and Tennis,3950 Spring Valley Rd,Farmers Branch,75244,TX,https://www.bounce.game/,bounce.game,Indoor and outdoor,Indoor and Outdoor,Yes,424,https://www.bounce.game/ | https://www.bounce.game/courts | https://www.bounce.game/pickleball/city/new-york-new-york-us/courts | https://www.bounce.game/pickleball/city/dallas-texas-us/courts | https://www.bounce.game/pickleball/city/houston-texas-us/courts | https://www.bounce.game/pickleball/city/austin-texas-us/courts | https://www.bounce.game/pickleball/city/san-antonio-texas-us/courts
TX-0445,TX-0445-d,The App Powering Pickleball and Tennis,1 Court Permanent nets LA Salle Dr,Richardson,,TX,https://www.bounce.game/,bounce.game,Indoor and outdoor,Indoor and Outdoor,Yes,424,https://www.bounce.game/ | https://www.bounce.game/courts | https://www.bounce.game/pickleball/city/new-york-new-york-us/courts | https://www.bounce.game/pickleball/city/dallas-texas-us/courts | https://www.bounce.game/pickleball/city/houston-texas-us/courts | https://www.bounce.game/pickleball/city/austin-texas-us/courts | https://www.bounce.game/pickleball/city/san-antonio-texas-us/courts
TX-0445,TX-0445-e,The App Powering Pickleball and Tennis,3333 Golfing Green Drive,Farmers Branch,,TX,https://www.bounce.game/,bounce.game,Indoor and outdoor,Indoor and Outdoor,Yes,424,https://www.bounce.game/ | https://www.bounce.game/courts | https://www.bounce.game/pickleball/city/new-york-new-york-us/courts | https://www.bounce.game/pickleball/city/dallas-texas-us/courts | https://www.bounce.game/pickleball/city/houston-texas-us/courts | https://www.bounce.game/pickleball/city/austin-texas-us/courts | https://www.bounce.game/pickleball/city/san-antonio-texas-us/courts
TX-0445,TX-0445-f,The App Powering Pickleball and Tennis,68 Courts Permanent nets 200 N Plano Rd,Richardson,,TX,https://www.bounce.game/,bounce.game,Indoor and outdoor,Indoor and Outdoor,Yes,424,https://www.bounce.game/ | https://www.bounce.game/courts | https://www.bounce.game/pickleball/city/new-york-new-york-us/courts | https://www.bounce.game/pickleball/city/dallas-texas-us/courts | https://www.bounce.game/pickleball/city/houston-texas-us/courts | https://www.bounce.game/pickleball/city/austin-texas-us/courts | https://www.bounce.game/pickleball/city/san-antonio-texas-us/courts
TX-0445,TX-0445-g,The App Powering Pickleball and Tennis,900 Rutherford Dr,Mesquite,,TX,https://www.bounce.game/,bounce.game,Indoor and outdoor,Indoor and Outdoor,Yes,424,https://www.bounce.game/ | https://www.bounce.game/courts | https://www.bounce.game/pickleball/city/new-york-new-york-us/courts | https://www.bounce.game/pickleball/city/dallas-texas-us/courts | https://www.bounce.game/pickleball/city/houston-texas-us/courts | https://www.bounce.game/pickleball/city/austin-texas-us/courts | https://www.bounce.game/pickleball/city/san-antonio-texas-us/courts
TX-0445,TX-0445-h,The App Powering Pickleball and Tennis,13613 Webb Chapel Rd,Farmers Branch,75234,TX,https://www.bounce.game/,bounce.game,Indoor and outdoor,Indoor and Outdoor,Yes,424,https://www.bounce.game/ | https://www.bounce.game/courts | https://www.bounce.game/pickleball/city/new-york-new-york-us/courts | https://www.bounce.game/pickleball/city/dallas-texas-us/courts | https://www.bounce.game/pickleball/city/houston-texas-us/courts | https://www.bounce.game/pickleball/city/austin-texas-us/courts | https://www.bounce.game/pickleball/city/san-antonio-texas-us/courts
TX-0445,TX-0445-i,The App Powering Pickleball and Tennis,1 Court Permanent nets 520 S Rogers Rd,Irving,75060,TX,https://www.bounce.game/,bounce.game,Indoor and outdoor,Indoor and Outdoor,Yes,424,https://www.bounce.game/ | https://www.bounce.game/courts | https://www.bounce.game/pickleball/city/new-york-new-york-us/courts | https://www.bounce.game/pickleball/city/dallas-texas-us/courts | https://www.bounce.game/pickleball/city/houston-texas-us/courts | https://www.bounce.game/pickleball/city/austin-texas-us/courts | https://www.bounce.game/pickleball/city/san-antonio-texas-us/courts
TX-0445,TX-0445-j,The App Powering Pickleball and Tennis,4400 North O'Connor Rd,Irving,,TX,https://www.bounce.game/,bounce.game,Indoor and outdoor,Indoor and Outdoor,Yes,424,https://www.bounce.game/ | https://www.bounce.game/courts | https://www.bounce.game/pickleball/city/new-york-new-york-us/courts | https://www.bounce.game/pickleball/city/dallas-texas-us/courts | https://www.bounce.game/pickleball/city/houston-texas-us/courts | https://www.bounce.game/pickleball/city/austin-texas-us/courts | https://www.bounce.game/pickleball/city/san-antonio-texas-us/courts
TX-0445,TX-0445-k,The App Powering Pickleball and Tennis,11 Courts Permanent nets 711 W Arapaho Rd,Richardson,,TX,https://www.bounce.game/,bounce.game,Indoor and outdoor,Indoor and Outdoor,Yes,424,https://www.bounce.game/ | https://www.bounce.game/courts | https://www.bounce.game/pickleball/city/new-york-new-york-us/courts | https://www.bounce.game/pickleball/city/dallas-texas-us/courts | https://www.bounce.game/pickleball/city/houston-texas-us/courts | https://www.bounce.game/pickleball/city/austin-texas-us/courts | https://www.bounce.game/pickleball/city/san-antonio-texas-us/courts
TX-0445,TX-0445-l,The App Powering Pickleball and Tennis,2314 Homestead Pl,Garland,,TX,https://www.bounce.game/,bounce.game,Indoor and outdoor,Indoor and Outdoor,Yes,424,https://www.bounce.game/ | https://www.bounce.game/courts | https://www.bounce.game/pickleball/city/new-york-new-york-us/courts | https://www.bounce.game/pickleball/city/dallas-texas-us/courts | https://www.bounce.game/pickleball/city/houston-texas-us/courts | https://www.bounce.game/pickleball/city/austin-texas-us/courts | https://www.bounce.game/pickleball/city/san-antonio-texas-us/courts
TX-0445,TX-0445-m,The App Powering Pickleball and Tennis,2 Courts Permanent nets 356 E Tripp Rd,Sunnyvale,75182,TX,https://www.bounce.game/,bounce.game,Indoor and outdoor,Indoor and Outdoor,Yes,424,https://www.bounce.game/ | https://www.bounce.game/courts | https://www.bounce.game/pickleball/city/new-york-new-york-us/courts | https://www.bounce.game/pickleball/city/dallas-texas-us/courts | https://www.bounce.game/pickleball/city/houston-texas-us/courts | https://www.bounce.game/pickleball/city/austin-texas-us/courts | https://www.bounce.game/pickleball/city/san-antonio-texas-us/courts
TX-0445,TX-0445-n,The App Powering Pickleball and Tennis,4 Courts Non-permanent nets 3900 Beltway Dr,Addison,,TX,https://www.bounce.game/,bounce.game,Indoor and outdoor,Indoor and Outdoor,Yes,424,https://www.bounce.game/ | https://www.bounce.game/courts | https://www.bounce.game/pickleball/city/new-york-new-york-us/courts | https://www.bounce.game/pickleball/city/dallas-texas-us/courts | https://www.bounce.game/pickleball/city/houston-texas-us/courts | https://www.bounce.game/pickleball/city/austin-texas-us/courts | https://www.bounce.game/pickleball/city/san-antonio-texas-us/courts
TX-0445,TX-0445-o,The App Powering Pickleball and Tennis,8 Courts Permanent nets 2750 Graham St,Grand Prairie,,TX,https://www.bounce.game/,bounce.game,Indoor and outdoor,Indoor and Outdoor,Yes,424,https://www.bounce.game/ | https://www.bounce.game/courts | https://www.bounce.game/pickleball/city/new-york-new-york-us/courts | https://www.bounce.game/pickleball/city/dallas-texas-us/courts | https://www.bounce.game/pickleball/city/houston-texas-us/courts | https://www.bounce.game/pickleball/city/austin-texas-us/courts | https://www.bounce.game/pickleball/city/san-antonio-texas-us/courts
TX-0445,TX-0445-p,The App Powering Pickleball and Tennis,3 Courts Non-permanent nets 882 Woodland Way,Richardson,,TX,https://www.bounce.game/,bounce.game,Indoor and outdoor,Indoor and Outdoor,Yes,424,https://www.bounce.game/ | https://www.bounce.game/courts | https://www.bounce.game/pickleball/city/new-york-new-york-us/courts | https://www.bounce.game/pickleball/city/dallas-texas-us/courts | https://www.bounce.game/pickleball/city/houston-texas-us/courts | https://www.bounce.game/pickleball/city/austin-texas-us/courts | https://www.bounce.game/pickleball/city/san-antonio-texas-us/courts
TX-0445,TX-0445-q,The App Powering Pickleball and Tennis,1 Court Permanent nets 2250 Ridgedale Dr,Addison,75234,TX,https://www.bounce.game/,bounce.game,Indoor and outdoor,Indoor and Outdoor,Yes,424,https://www.bounce.game/ | https://www.bounce.game/courts | https://www.bounce.game/pickleball/city/new-york-new-york-us/courts | https://www.bounce.game/pickleball/city/dallas-texas-us/courts | https://www.bounce.game/pickleball/city/houston-texas-us/courts | https://www.bounce.game/pickleball/city/austin-texas-us/courts | https://www.bounce.game/pickleball/city/san-antonio-texas-us/courts
TX-0445,TX-0445-r,The App Powering Pickleball and Tennis,2 Courts Permanent nets 201 James Collins Blvd,Duncanville,75116,TX,https://www.bounce.game/,bounce.game,Indoor and outdoor,Indoor and Outdoor,Yes,424,https://www.bounce.game/ | https://www.bounce.game/courts | https://www.bounce.game/pickleball/city/new-york-new-york-us/courts | https://www.bounce.game/pickleball/city/dallas-texas-us/courts | https://www.bounce.game/pickleball/city/houston-texas-us/courts | https://www.bounce.game/pickleball/city/austin-texas-us/courts | https://www.bounce.game/pickleball/city/san-antonio-texas-us/courts
TX-0445,TX-0445-s,The App Powering Pickleball and Tennis,3 Courts Non-permanent nets 1610 E Crosby Rd,Carrollton,,TX,https://www.bounce.game/,bounce.game,Indoor and outdoor,Indoor and Outdoor,Yes,424,https://www.bounce.game/ | https://www.bounce.game/courts | https://www.bounce.game/pickleball/city/new-york-new-york-us/courts | https://www.bounce.game/pickleball/city/dallas-texas-us/courts | https://www.bounce.game/pickleball/city/houston-texas-us/courts | https://www.bounce.game/pickleball/city/austin-texas-us/courts | https://www.bounce.game/pickleball/city/san-antonio-texas-us/courts
TX-0445,TX-0445-t,The App Powering Pickleball and Tennis,1 Court Non-permanent nets 1400 Francis St,Carrollton,75006,TX,https://www.bounce.game/,bounce.game,Indoor and outdoor,Indoor and Outdoor,Yes,424,https://www.bounce.game/ | https://www.bounce.game/courts | https://www.bounce.game/pickleball/city/new-york-new-york-us/courts | https://www.bounce.game/pickleball/city/dallas-texas-us/courts | https://www.bounce.game/pickleball/city/houston-texas-us/courts | https://www.bounce.game/pickleball/city/austin-texas-us/courts | https://www.bounce.game/pickleball/city/san-antonio-texas-us/courts
TX-0445,TX-0445-u,The App Powering Pickleball and Tennis,5602 Naaman Forest Boulevard,Garland,75044,TX,https://www.bounce.game/,bounce.game,Indoor and outdoor,Indoor and Outdoor,Yes,424,https://www.bounce.game/ | https://www.bounce.game/courts | https://www.bounce.game/pickleball/city/new-york-new-york-us/courts | https://www.bounce.game/pickleball/city/dallas-texas-us/courts | https://www.bounce.game/pickleball/city/houston-texas-us/courts | https://www.bounce.game/pickleball/city/austin-texas-us/courts | https://www.bounce.game/pickleball/city/san-antonio-texas-us/courts
TX-0445,TX-0445-v,The App Powering Pickleball and Tennis,3 Courts Permanent nets 625 Lookout Dr,Richardson,,TX,https://www.bounce.game/,bounce.game,Indoor and outdoor,Indoor and Outdoor,Yes,424,https://www.bounce.game/ | https://www.bounce.game/courts | https://www.bounce.game/pickleball/city/new-york-new-york-us/courts | https://www.bounce.game/pickleball/city/dallas-texas-us/courts | https://www.bounce.game/pickleball/city/houston-texas-us/courts | https://www.bounce.game/pickleball/city/austin-texas-us/courts | https://www.bounce.game/pickleball/city/san-antonio-texas-us/courts
TX-0445,TX-0445-w,The App Powering Pickleball and Tennis,601 E Grand Prairie Rd,Grand Prairie,,TX,https://www.bounce.game/,bounce.game,Indoor and outdoor,Indoor and Outdoor,Yes,424,https://www.bounce.game/ | https://www.bounce.game/courts | https://www.bounce.game/pickleball/city/new-york-new-york-us/courts | https://www.bounce.game/pickleball/city/dallas-texas-us/courts | https://www.bounce.game/pickleball/city/houston-texas-us/courts | https://www.bounce.game/pickleball/city/austin-texas-us/courts | https://www.bounce.game/pickleball/city/san-antonio-texas-us/courts
TX-0445,TX-0445-x,The App Powering Pickleball and Tennis,3330 Springpark Way,Garland,75044,TX,https://www.bounce.game/,bounce.game,Indoor and outdoor,Indoor and Outdoor,Yes,424,https://www.bounce.game/ | https://www.bounce.game/courts | https://www.bounce.game/pickleball/city/new-york-new-york-us/courts | https://www.bounce.game/pickleball/city/dallas-texas-us/courts | https://www.bounce.game/pickleball/city/houston-texas-us/courts | https://www.bounce.game/pickleball/city/austin-texas-us/courts | https://www.bounce.game/pickleball/city/san-antonio-texas-us/courts
TX-0445,TX-0445-y,The App Powering Pickleball and Tennis,211 E Pleasant Run Rd,Desoto,,TX,https://www.bounce.game/,bounce.game,Indoor and outdoor,Indoor and Outdoor,Yes,424,https://www.bounce.game/ | https://www.bounce.game/courts | https://www.bounce.game/pickleball/city/new-york-new-york-us/courts | https://www.bounce.game/pickleball/city/dallas-texas-us/courts | https://www.bounce.game/pickleball/city/houston-texas-us/courts | https://www.bounce.game/pickleball/city/austin-texas-us/courts | https://www.bounce.game/pickleball/city/san-antonio-texas-us/courts
TX-0445,TX-0445-z,The App Powering Pickleball and Tennis,2 Courts Permanent nets 1901 Royal Lane,Irving,,TX,https://www.bounce.game/,bounce.game,Indoor and outdoor,Indoor and Outdoor,Yes,424,https://www.bounce.game/ | https://www.bounce.game/courts | https://www.bounce.game/pickleball/city/new-york-new-york-us/courts | https://www.bounce.game/pickleball/city/dallas-texas-us/courts | https://www.bounce.game/pickleball/city/houston-texas-us/courts | https://www.bounce.game/pickleball/city/austin-texas-us/courts | https://www.bounce.game/pickleball/city/san-antonio-texas-us/courts
TX-0445,TX-0445-{,The App Powering Pickleball and Tennis,8 Courts Permanent nets Centennial Dr,Rowlett,,TX,https://www.bounce.game/,bounce.game,Indoor and outdoor,Indoor and Outdoor,Yes,424,https://www.bounce.game/ | https://www.bounce.game/courts | https://www.bounce.game/pickleball/city/new-york-new-york-us/courts | https://www.bounce.game/pickleball/city/dallas-texas-us/courts | https://www.bounce.game/pickleball/city/houston-texas-us/courts | https://www.bounce.game/pickleball/city/austin-texas-us/courts | https://www.bounce.game/pickleball/city/san-antonio-texas-us/courts
TX-0445,TX-0445-|,The App Powering Pickleball and Tennis,2531 Oak Creek Dr,Carrollton,,TX,https://www.bounce.game/,bounce.game,Indoor and outdoor,Indoor and Outdoor,Yes,424,https://www.bounce.game/ | https://www.bounce.game/courts | https://www.bounce.game/pickleball/city/new-york-new-york-us/courts | https://www.bounce.game/pickleball/city/dallas-texas-us/courts | https://www.bounce.game/pickleball/city/houston-texas-us/courts | https://www.bounce.game/pickleball/city/austin-texas-us/courts | https://www.bounce.game/pickleball/city/san-antonio-texas-us/courts
TX-0445,TX-0445-},The App Powering Pickleball and Tennis,955 W President George Bush Hwy,Richardson,75080,TX,https://www.bounce.game/,bounce.game,Indoor and outdoor,Indoor and Outdoor,Yes,424,https://www.bounce.game/ | https://www.bounce.game/courts | https://www.bounce.game/pickleball/city/new-york-new-york-us/courts | https://www.bounce.game/pickleball/city/dallas-texas-us/courts | https://www.bounce.game/pickleball/city/houston-texas-us/courts | https://www.bounce.game/pickleball/city/austin-texas-us/courts | https://www.bounce.game/pickleball/city/san-antonio-texas-us/courts
TX-0445,TX-0445-~,The App Powering Pickleball and Tennis,1 Court Permanent nets 5300 Main St,Rowlett,,TX,https://www.bounce.game/,bounce.game,Indoor and outdoor,Indoor and Outdoor,Yes,424,https://www.bounce.game/ | https://www.bounce.game/courts | https://www.bounce.game/pickleball/city/new-york-new-york-us/courts | https://www.bounce.game/pickleball/city/dallas-texas-us/courts | https://www.bounce.game/pickleball/city/houston-texas-us/courts | https://www.bounce.game/pickleball/city/austin-texas-us/courts | https://www.bounce.game/pickleball/city/san-antonio-texas-us/courts
TX-0445,TX-0445-,The App Powering Pickleball and Tennis,3 Courts Non-permanent nets 2223 Kinwest Pkwy,Irving,,TX,https://www.bounce.game/,bounce.game,Indoor and outdoor,Indoor and Outdoor,Yes,424,https://www.bounce.game/ | https://www.bounce.game/courts | https://www.bounce.game/pickleball/city/new-york-new-york-us/courts | https://www.bounce.game/pickleball/city/dallas-texas-us/courts | https://www.bounce.game/pickleball/city/houston-texas-us/courts | https://www.bounce.game/pickleball/city/austin-texas-us/courts | https://www.bounce.game/pickleball/city/san-antonio-texas-us/courts
TX-0445,TX-0445-,The App Powering Pickleball and Tennis,2742 Scott Mill Rd,Carrollton,75007,TX,https://www.bounce.game/,bounce.game,Indoor and outdoor,Indoor and Outdoor,Yes,424,https://www.bounce.game/ | https://www.bounce.game/courts | https://www.bounce.game/pickleball/city/new-york-new-york-us/courts | https://www.bounce.game/pickleball/city/dallas-texas-us/courts | https://www.bounce.game/pickleball/city/houston-texas-us/courts | https://www.bounce.game/pickleball/city/austin-texas-us/courts | https://www.bounce.game/pickleball/city/san-antonio-texas-us/courts
TX-0445,TX-0445-,The App Powering Pickleball and Tennis,2 Courts Permanent nets 1001 Custer Rd,Plano,,TX,https://www.bounce.game/,bounce.game,Indoor and outdoor,Indoor and Outdoor,Yes,424,https://www.bounce.game/ | https://www.bounce.game/courts | https://www.bounce.game/pickleball/city/new-york-new-york-us/courts | https://www.bounce.game/pickleball/city/dallas-texas-us/courts | https://www.bounce.game/pickleball/city/houston-texas-us/courts | https://www.bounce.game/pickleball/city/austin-texas-us/courts | https://www.bounce.game/pickleball/city/san-antonio-texas-us/courts
TX-0445,TX-0445-,The App Powering Pickleball and Tennis,1 Court Permanent nets 2601 Glencliff Dr,Plano,,TX,https://www.bounce.game/,bounce.game,Indoor and outdoor,Indoor and Outdoor,Yes,424,https://www.bounce.game/ | https://www.bounce.game/courts | https://www.bounce.game/pickleball/city/new-york-new-york-us/courts | https://www.bounce.game/pickleball/city/dallas-texas-us/courts | https://www.bounce.game/pickleball/city/houston-texas-us/courts | https://www.bounce.game/pickleball/city/austin-texas-us/courts | https://www.bounce.game/pickleball/city/san-antonio-texas-us/courts
TX-0445,TX-0445-,The App Powering Pickleball and Tennis,15 Courts Permanent nets 2621 Summit Ave,Plano,,TX,https://www.bounce.game/,bounce.game,Indoor and outdoor,Indoor and Outdoor,Yes,424,https://www.bounce.game/ | https://www.bounce.game/courts | https://www.bounce.game/pickleball/city/new-york-new-york-us/courts | https://www.bounce.game/pickleball/city/dallas-texas-us/courts | https://www.bounce.game/pickleball/city/houston-texas-us/courts | https://www.bounce.game/pickleball/city/austin-texas-us/courts | https://www.bounce.game/pickleball/city/san-antonio-texas-us/courts
TX-0445,TX-0445-,The App Powering Pickleball and Tennis,2 Courts Non-permanent nets 504 N Star Rd,Plano,,TX,https://www.bounce.game/,bounce.game,Indoor and outdoor,Indoor and Outdoor,Yes,424,https://www.bounce.game/ | https://www.bounce.game/courts | https://www.bounce.game/pickleball/city/new-york-new-york-us/courts | https://www.bounce.game/pickleball/city/dallas-texas-us/courts | https://www.bounce.game/pickleball/city/houston-texas-us/courts | https://www.bounce.game/pickleball/city/austin-texas-us/courts | https://www.bounce.game/pickleball/city/san-antonio-texas-us/courts
TX-0445,TX-0445-,The App Powering Pickleball and Tennis,8 Courts Non-permanent nets 3528 14th St,Plano,,TX,https://www.bounce.game/,bounce.game,Indoor and outdoor,Indoor and Outdoor,Yes,424,https://www.bounce.game/ | https://www.bounce.game/courts | https://www.bounce.game/pickleball/city/new-york-new-york-us/courts | https://www.bounce.game/pickleball/city/dallas-texas-us/courts | https://www.bounce.game/pickleball/city/houston-texas-us/courts | https://www.bounce.game/pickleball/city/austin-texas-us/courts | https://www.bounce.game/pickleball/city/san-antonio-texas-us/courts
TX-0445,TX-0445-,The App Powering Pickleball and Tennis,2 Courts Non-permanent nets 3815 Sachse Rd,Sachse,,TX,https://www.bounce.game/,bounce.game,Indoor and outdoor,Indoor and Outdoor,Yes,424,https://www.bounce.game/ | https://www.bounce.game/courts | https://www.bounce.game/pickleball/city/new-york-new-york-us/courts | https://www.bounce.game/pickleball/city/dallas-texas-us/courts | https://www.bounce.game/pickleball/city/houston-texas-us/courts | https://www.bounce.game/pickleball/city/austin-texas-us/courts | https://www.bounce.game/pickleball/city/san-antonio-texas-us/courts
TX-0445,TX-0445-,The App Powering Pickleball and Tennis,3 Courts Non-permanent nets 2960 Epic Pl,Grand Prairie,,TX,https://www.bounce.game/,bounce.game,Indoor and outdoor,Indoor and Outdoor,Yes,424,https://www.bounce.game/ | https://www.bounce.game/courts | https://www.bounce.game/pickleball/city/new-york-new-york-us/courts | https://www.bounce.game/pickleball/city/dallas-texas-us/courts | https://www.bounce.game/pickleball/city/houston-texas-us/courts | https://www.bounce.game/pickleball/city/austin-texas-us/courts | https://www.bounce.game/pickleball/city/san-antonio-texas-us/courts
TX-0445,TX-0445-,The App Powering Pickleball and Tennis,26 Courts Permanent nets 525 E Polo Rd,Grand Prairie,,TX,https://www.bounce.game/,bounce.game,Indoor and outdoor,Indoor and Outdoor,Yes,424,https://www.bounce.game/ | https://www.bounce.game/courts | https://www.bounce.game/pickleball/city/new-york-new-york-us/courts | https://www.bounce.game/pickleball/city/dallas-texas-us/courts | https://www.bounce.game/pickleball/city/houston-texas-us/courts | https://www.bounce.game/pickleball/city/austin-texas-us/courts | https://www.bounce.game/pickleball/city/san-antonio-texas-us/courts
TX-0445,TX-0445-,The App Powering Pickleball and Tennis,2 Courts Permanent nets 6801 W Park Blvd,Plano,,TX,https://www.bounce.game/,bounce.game,Indoor and outdoor,Indoor and Outdoor,Yes,424,https://www.bounce.game/ | https://www.bounce.game/courts | https://www.bounce.game/pickleball/city/new-york-new-york-us/courts | https://www.bounce.game/pickleball/city/dallas-texas-us/courts | https://www.bounce.game/pickleball/city/houston-texas-us/courts | https://www.bounce.game/pickleball/city/austin-texas-us/courts | https://www.bounce.game/pickleball/city/san-antonio-texas-us/courts
TX-0445,TX-0445-,The App Powering Pickleball and Tennis,414 West Broad Street,Forney,,TX,https://www.bounce.game/,bounce.game,Indoor and outdoor,Indoor and Outdoor,Yes,424,https://www.bounce.game/ | https://www.bounce.game/courts | https://www.bounce.game/pickleball/city/new-york-new-york-us/courts | https://www.bounce.game/pickleball/city/dallas-texas-us/courts | https://www.bounce.game/pickleball/city/houston-texas-us/courts | https://www.bounce.game/pickleball/city/austin-texas-us/courts | https://www.bounce.game/pickleball/city/san-antonio-texas-us/courts
TX-0445,TX-0445-,The App Powering Pickleball and Tennis,2 Courts Non-permanent nets 2203 Laurel Ln,Plano,75074,TX,https://www.bounce.game/,bounce.game,Indoor and outdoor,Indoor and Outdoor,Yes,424,https://www.bounce.game/ | https://www.bounce.game/courts | https://www.bounce.game/pickleball/city/new-york-new-york-us/courts | https://www.bounce.game/pickleball/city/dallas-texas-us/courts | https://www.bounce.game/pickleball/city/houston-texas-us/courts | https://www.bounce.game/pickleball/city/austin-texas-us/courts | https://www.bounce.game/pickleball/city/san-antonio-texas-us/courts
TX-0445,TX-0445-,The App Powering Pickleball and Tennis,2625 W Pioneer Pkwy,Grand Prairie,75051,TX,https://www.bounce.game/,bounce.game,Indoor and outdoor,Indoor and Outdoor,Yes,424,https://www.bounce.game/ | https://www.bounce.game/courts | https://www.bounce.game/pickleball/city/new-york-new-york-us/courts | https://www.bounce.game/pickleball/city/dallas-texas-us/courts | https://www.bounce.game/pickleball/city/houston-texas-us/courts | https://www.bounce.game/pickleball/city/austin-texas-us/courts | https://www.bounce.game/pickleball/city/san-antonio-texas-us/courts
TX-0445,TX-0445-,The App Powering Pickleball and Tennis,2 Courts Permanent nets 501 Yacht Club Dr,Rockwall,,TX,https://www.bounce.game/,bounce.game,Indoor and outdoor,Indoor and Outdoor,Yes,424,https://www.bounce.game/ | https://www.bounce.game/courts | https://www.bounce.game/pickleball/city/new-york-new-york-us/courts | https://www.bounce.game/pickleball/city/dallas-texas-us/courts | https://www.bounce.game/pickleball/city/houston-texas-us/courts | https://www.bounce.game/pickleball/city/austin-texas-us/courts | https://www.bounce.game/pickleball/city/san-antonio-texas-us/courts
TX-0445,TX-0445-,The App Powering Pickleball and Tennis,4 Courts Permanent nets 3905 Rainier Rd,Plano,,TX,https://www.bounce.game/,bounce.game,Indoor and outdoor,Indoor and Outdoor,Yes,424,https://www.bounce.game/ | https://www.bounce.game/courts | https://www.bounce.game/pickleball/city/new-york-new-york-us/courts | https://www.bounce.game/pickleball/city/dallas-texas-us/courts | https://www.bounce.game/pickleball/city/houston-texas-us/courts | https://www.bounce.game/pickleball/city/austin-texas-us/courts | https://www.bounce.game/pickleball/city/san-antonio-texas-us/courts
TX-0445,TX-0445-,The App Powering Pickleball and Tennis,4 Courts Permanent nets 146 Town Center Boulevard,Coppell,,TX,https://www.bounce.game/,bounce.game,Indoor and outdoor,Indoor and Outdoor,Yes,424,https://www.bounce.game/ | https://www.bounce.game/courts | https://www.bounce.game/pickleball/city/new-york-new-york-us/courts | https://www.bounce.game/pickleball/city/dallas-texas-us/courts | https://www.bounce.game/pickleball/city/houston-texas-us/courts | https://www.bounce.game/pickleball/city/austin-texas-us/courts | https://www.bounce.game/pickleball/city/san-antonio-texas-us/courts
TX-0445,TX-0445-,The App Powering Pickleball and Tennis,2 Courts Non-permanent nets 1003 College Ave,Forney,75126,TX,https://www.bounce.game/,bounce.game,Indoor and outdoor,Indoor and Outdoor,Yes,424,https://www.bounce.game/ | https://www.bounce.game/courts | https://www.bounce.game/pickleball/city/new-york-new-york-us/courts | https://www.bounce.game/pickleball/city/dallas-texas-us/courts | https://www.bounce.game/pickleball/city/houston-texas-us/courts | https://www.bounce.game/pickleball/city/austin-texas-us/courts | https://www.bounce.game/pickleball/city/san-antonio-texas-us/courts
TX-0445,TX-0445-,The App Powering Pickleball and Tennis,310 E Parkerville Rd,Cedar Hill,,TX,https://www.bounce.game/,bounce.game,Indoor and outdoor,Indoor and Outdoor,Yes,424,https://www.bounce.game/ | https://www.bounce.game/courts | https://www.bounce.game/pickleball/city/new-york-new-york-us/courts | https://www.bounce.game/pickleball/city/dallas-texas-us/courts | https://www.bounce.game/pickleball/city/houston-texas-us/courts | https://www.bounce.game/pickleball/city/austin-texas-us/courts | https://www.bounce.game/pickleball/city/san-antonio-texas-us/courts
TX-0445,TX-0445-,The App Powering Pickleball and Tennis,3 Courts Non-permanent nets 2057 W Hebron Pkwy,Carrollton,75010,TX,https://www.bounce.game/,bounce.game,Indoor and outdoor,Indoor and Outdoor,Yes,424,https://www.bounce.game/ | https://www.bounce.game/courts | https://www.bounce.game/pickleball/city/new-york-new-york-us/courts | https://www.bounce.game/pickleball/city/dallas-texas-us/courts | https://www.bounce.game/pickleball/city/houston-texas-us/courts | https://www.bounce.game/pickleball/city/austin-texas-us/courts | https://www.bounce.game/pickleball/city/san-antonio-texas-us/courts
TX-0445,TX-0445-,The App Powering Pickleball and Tennis,1 Court Permanent nets 670 North Murphy Road,Murphy,,TX,https://www.bounce.game/,bounce.game,Indoor and outdoor,Indoor and Outdoor,Yes,424,https://www.bounce.game/ | https://www.bounce.game/courts | https://www.bounce.game/pickleball/city/new-york-new-york-us/courts | https://www.bounce.game/pickleball/city/dallas-texas-us/courts | https://www.bounce.game/pickleball/city/houston-texas-us/courts | https://www.bounce.game/pickleball/city/austin-texas-us/courts | https://www.bounce.game/pickleball/city/san-antonio-texas-us/courts
TX-0445,TX-0445-,The App Powering Pickleball and Tennis,6500 Preston Meadow Drive,Plano,,TX,https://www.bounce.game/,bounce.game,Indoor and outdoor,Indoor and Outdoor,Yes,424,https://www.bounce.game/ | https://www.bounce.game/courts | https://www.bounce.game/pickleball/city/new-york-new-york-us/courts | https://www.bounce.game/pickleball/city/dallas-texas-us/courts | https://www.bounce.game/pickleball/city/houston-texas-us/courts | https://www.bounce.game/pickleball/city/austin-texas-us/courts | https://www.bounce.game/pickleball/city/san-antonio-texas-us/courts
TX-0445,TX-0445-,The App Powering Pickleball and Tennis,9 Courts Permanent nets 6701 Coit Rd,Plano,,TX,https://www.bounce.game/,bounce.game,Indoor and outdoor,Indoor and Outdoor,Yes,424,https://www.bounce.game/ | https://www.bounce.game/courts | https://www.bounce.game/pickleball/city/new-york-new-york-us/courts | https://www.bounce.game/pickleball/city/dallas-texas-us/courts | https://www.bounce.game/pickleball/city/houston-texas-us/courts | https://www.bounce.game/pickleball/city/austin-texas-us/courts | https://www.bounce.game/pickleball/city/san-antonio-texas-us/courts
TX-0445,TX-0445-,The App Powering Pickleball and Tennis,1601 NE Green Oaks Blvd,Arlington,,TX,https://www.bounce.game/,bounce.game,Indoor and outdoor,Indoor and Outdoor,Yes,424,https://www.bounce.game/ | https://www.bounce.game/courts | https://www.bounce.game/pickleball/city/new-york-new-york-us/courts | https://www.bounce.game/pickleball/city/dallas-texas-us/courts | https://www.bounce.game/pickleball/city/houston-texas-us/courts | https://www.bounce.game/pickleball/city/austin-texas-us/courts | https://www.bounce.game/pickleball/city/san-antonio-texas-us/courts
TX-0445,TX-0445-,The App Powering Pickleball and Tennis,5750 Stag's Leap Drive,The Colony,,TX,https://www.bounce.game/,bounce.game,Indoor and outdoor,Indoor and Outdoor,Yes,424,https://www.bounce.game/ | https://www.bounce.game/courts | https://www.bounce.game/pickleball/city/new-york-new-york-us/courts | https://www.bounce.game/pickleball/city/dallas-texas-us/courts | https://www.bounce.game/pickleball/city/houston-texas-us/courts | https://www.bounce.game/pickleball/city/austin-texas-us/courts | https://www.bounce.game/pickleball/city/san-antonio-texas-us/courts
TX-0445,TX-0445-,The App Powering Pickleball and Tennis,2 Courts Permanent nets 6000 Jupiter Rd,Plano,,TX,https://www.bounce.game/,bounce.game,Indoor and outdoor,Indoor and Outdoor,Yes,424,https://www.bounce.game/ | https://www.bounce.game/courts | https://www.bounce.game/pickleball/city/new-york-new-york-us/courts | https://www.bounce.game/pickleball/city/dallas-texas-us/courts | https://www.bounce.game/pickleball/city/houston-texas-us/courts | https://www.bounce.game/pickleball/city/austin-texas-us/courts | https://www.bounce.game/pickleball/city/san-antonio-texas-us/courts
TX-0445,TX-0445-,The App Powering Pickleball and Tennis,421 W Spring Creek Pkwy,Plano,,TX,https://www.bounce.game/,bounce.game,Indoor and outdoor,Indoor and Outdoor,Yes,424,https://www.bounce.game/ | https://www.bounce.game/courts | https://www.bounce.game/pickleball/city/new-york-new-york-us/courts | https://www.bounce.game/pickleball/city/dallas-texas-us/courts | https://www.bounce.game/pickleball/city/houston-texas-us/courts | https://www.bounce.game/pickleball/city/austin-texas-us/courts | https://www.bounce.game/pickleball/city/san-antonio-texas-us/courts
TX-0445,TX-0445-,The App Powering Pickleball and Tennis,16 Courts Permanent nets 615 North Main Street,Euless,,TX,https://www.bounce.game/,bounce.game,Indoor and outdoor,Indoor and Outdoor,Yes,424,https://www.bounce.game/ | https://www.bounce.game/courts | https://www.bounce.game/pickleball/city/new-york-new-york-us/courts | https://www.bounce.game/pickleball/city/dallas-texas-us/courts | https://www.bounce.game/pickleball/city/houston-texas-us/courts | https://www.bounce.game/pickleball/city/austin-texas-us/courts | https://www.bounce.game/pickleball/city/san-antonio-texas-us/courts
TX-0445,TX-0445-,The App Powering Pickleball and Tennis,1117 Viridian Park Ln,Arlington,76005,TX,https://www.bounce.game/,bounce.game,Indoor and outdoor,Indoor and Outdoor,Yes,424,https://www.bounce.game/ | https://www.bounce.game/courts | https://www.bounce.game/pickleball/city/new-york-new-york-us/courts | https://www.bounce.game/pickleball/city/dallas-texas-us/courts | https://www.bounce.game/pickleball/city/houston-texas-us/courts | https://www.bounce.game/pickleball/city/austin-texas-us/courts | https://www.bounce.game/pickleball/city/san-antonio-texas-us/courts
TX-0445,TX-0445-,The App Powering Pickleball and Tennis,4 Courts Permanent nets 950 Creekview Dr,Coppell,75019,TX,https://www.bounce.game/,bounce.game,Indoor and outdoor,Indoor and Outdoor,Yes,424,https://www.bounce.game/ | https://www.bounce.game/courts | https://www.bounce.game/pickleball/city/new-york-new-york-us/courts | https://www.bounce.game/pickleball/city/dallas-texas-us/courts | https://www.bounce.game/pickleball/city/houston-texas-us/courts | https://www.bounce.game/pickleball/city/austin-texas-us/courts | https://www.bounce.game/pickleball/city/san-antonio-texas-us/courts
TX-0445,TX-0445-,The App Powering Pickleball and Tennis,12 Courts Permanent nets 1817 New York Ave,Arlington,,TX,https://www.bounce.game/,bounce.game,Indoor and outdoor,Indoor and Outdoor,Yes,424,https://www.bounce.game/ | https://www.bounce.game/courts | https://www.bounce.game/pickleball/city/new-york-new-york-us/courts | https://www.bounce.game/pickleball/city/dallas-texas-us/courts | https://www.bounce.game/pickleball/city/houston-texas-us/courts | https://www.bounce.game/pickleball/city/austin-texas-us/courts | https://www.bounce.game/pickleball/city/san-antonio-texas-us/courts
TX-0445,TX-0445-,The App Powering Pickleball and Tennis,2 Courts Non-permanent nets 300 W Midway Dr,Euless,,TX,https://www.bounce.game/,bounce.game,Indoor and outdoor,Indoor and Outdoor,Yes,424,https://www.bounce.game/ | https://www.bounce.game/courts | https://www.bounce.game/pickleball/city/new-york-new-york-us/courts | https://www.bounce.game/pickleball/city/dallas-texas-us/courts | https://www.bounce.game/pickleball/city/houston-texas-us/courts | https://www.bounce.game/pickleball/city/austin-texas-us/courts | https://www.bounce.game/pickleball/city/san-antonio-texas-us/courts
TX-0445,TX-0445-,The App Powering Pickleball and Tennis,6701 Preston Meadow Dr,Plano,,TX,https://www.bounce.game/,bounce.game,Indoor and outdoor,Indoor and Outdoor,Yes,424,https://www.bounce.game/ | https://www.bounce.game/courts | https://www.bounce.game/pickleball/city/new-york-new-york-us/courts | https://www.bounce.game/pickleball/city/dallas-texas-us/courts | https://www.bounce.game/pickleball/city/houston-texas-us/courts | https://www.bounce.game/pickleball/city/austin-texas-us/courts | https://www.bounce.game/pickleball/city/san-antonio-texas-us/courts
TX-0445,TX-0445- ,The App Powering Pickleball and Tennis,2 Courts Non-permanent nets 6900 Preston Rd,Plano,75024,TX,https://www.bounce.game/,bounce.game,Indoor and outdoor,Indoor and Outdoor,Yes,424,https://www.bounce.game/ | https://www.bounce.game/courts | https://www.bounce.game/pickleball/city/new-york-new-york-us/courts | https://www.bounce.game/pickleball/city/dallas-texas-us/courts | https://www.bounce.game/pickleball/city/houston-texas-us/courts | https://www.bounce.game/pickleball/city/austin-texas-us/courts | https://www.bounce.game/pickleball/city/san-antonio-texas-us/courts
TX-0445,TX-0445-¡,The App Powering Pickleball and Tennis,1 Court Permanent nets 1005 Skyline Dr,Arlington,,TX,https://www.bounce.game/,bounce.game,Indoor and outdoor,Indoor and Outdoor,Yes,424,https://www.bounce.game/ | https://www.bounce.game/courts | https://www.bounce.game/pickleball/city/new-york-new-york-us/courts | https://www.bounce.game/pickleball/city/dallas-texas-us/courts | https://www.bounce.game/pickleball/city/houston-texas-us/courts | https://www.bounce.game/pickleball/city/austin-texas-us/courts | https://www.bounce.game/pickleball/city/san-antonio-texas-us/courts
TX-0445,TX-0445-¢,The App Powering Pickleball and Tennis,3 Courts Permanent nets 201 Legacy Dr,Plano,75023,TX,https://www.bounce.game/,bounce.game,Indoor and outdoor,Indoor and Outdoor,Yes,424,https://www.bounce.game/ | https://www.bounce.game/courts | https://www.bounce.game/pickleball/city/new-york-new-york-us/courts | https://www.bounce.game/pickleball/city/dallas-texas-us/courts | https://www.bounce.game/pickleball/city/houston-texas-us/courts | https://www.bounce.game/pickleball/city/austin-texas-us/courts | https://www.bounce.game/pickleball/city/san-antonio-texas-us/courts
TX-0445,TX-0445-£,The App Powering Pickleball and Tennis,3 Courts Permanent nets 2600 Champions Cir,Rockwall,,TX,https://www.bounce.game/,bounce.game,Indoor and outdoor,Indoor and Outdoor,Yes,424,https://www.bounce.game/ | https://www.bounce.game/courts | https://www.bounce.game/pickleball/city/new-york-new-york-us/courts | https://www.bounce.game/pickleball/city/dallas-texas-us/courts | https://www.bounce.game/pickleball/city/houston-texas-us/courts | https://www.bounce.game/pickleball/city/austin-texas-us/courts | https://www.bounce.game/pickleball/city/san-antonio-texas-us/courts
TX-0445,TX-0445-¤,The App Powering Pickleball and Tennis,8 Courts Non-permanent nets 630 Oakbrook Dr,Wylie,75098,TX,https://www.bounce.game/,bounce.game,Indoor and outdoor,Indoor and Outdoor,Yes,424,https://www.bounce.game/ | https://www.bounce.game/courts | https://www.bounce.game/pickleball/city/new-york-new-york-us/courts | https://www.bounce.game/pickleball/city/dallas-texas-us/courts | https://www.bounce.game/pickleball/city/houston-texas-us/courts | https://www.bounce.game/pickleball/city/austin-texas-us/courts | https://www.bounce.game/pickleball/city/san-antonio-texas-us/courts
TX-0445,TX-0445-¥,The App Powering Pickleball and Tennis,3 Courts Permanent nets 2922 S Goliad St,Rockwall,,TX,https://www.bounce.game/,bounce.game,Indoor and outdoor,Indoor and Outdoor,Yes,424,https://www.bounce.game/ | https://www.bounce.game/courts | https://www.bounce.game/pickleball/city/new-york-new-york-us/courts | https://www.bounce.game/pickleball/city/dallas-texas-us/courts | https://www.bounce.game/pickleball/city/houston-texas-us/courts | https://www.bounce.game/pickleball/city/austin-texas-us/courts | https://www.bounce.game/pickleball/city/san-antonio-texas-us/courts
TX-0445,TX-0445-¦,The App Powering Pickleball and Tennis,7 Courts Permanent nets 4600 Merlot Ave,Grapevine,76051,TX,https://www.bounce.game/,bounce.game,Indoor and outdoor,Indoor and Outdoor,Yes,424,https://www.bounce.game/ | https://www.bounce.game/courts | https://www.bounce.game/pickleball/city/new-york-new-york-us/courts | https://www.bounce.game/pickleball/city/dallas-texas-us/courts | https://www.bounce.game/pickleball/city/houston-texas-us/courts | https://www.bounce.game/pickleball/city/austin-texas-us/courts | https://www.bounce.game/pickleball/city/san-antonio-texas-us/courts
TX-0445,TX-0445-§,The App Powering Pickleball and Tennis,12 Courts Permanent nets 300 S Center St,Arlington,,TX,https://www.bounce.game/,bounce.game,Indoor and outdoor,Indoor and Outdoor,Yes,424,https://www.bounce.game/ | https://www.bounce.game/courts | https://www.bounce.game/pickleball/city/new-york-new-york-us/courts | https://www.bounce.game/pickleball/city/dallas-texas-us/courts | https://www.bounce.game/pickleball/city/houston-texas-us/courts | https://www.bounce.game/pickleball/city/austin-texas-us/courts | https://www.bounce.game/pickleball/city/san-antonio-texas-us/courts
TX-0445,TX-0445-¨,The App Powering Pickleball and Tennis,3 Courts Permanent nets 1175 Municipal Way,Grapevine,,TX,https://www.bounce.game/,bounce.game,Indoor and outdoor,Indoor and Outdoor,Yes,424,https://www.bounce.game/ | https://www.bounce.game/courts | https://www.bounce.game/pickleball/city/new-york-new-york-us/courts | https://www.bounce.game/pickleball/city/dallas-texas-us/courts | https://www.bounce.game/pickleball/city/houston-texas-us/courts | https://www.bounce.game/pickleball/city/austin-texas-us/courts | https://www.bounce.game/pickleball/city/san-antonio-texas-us/courts
TX-0445,TX-0445-©,The App Powering Pickleball and Tennis,1910 Walnut Ridge Dr,Rockwall,75032,TX,https://www.bounce.game/,bounce.game,Indoor and outdoor,Indoor and Outdoor,Yes,424,https://www.bounce.game/ | https://www.bounce.game/courts | https://www.bounce.game/pickleball/city/new-york-new-york-us/courts | https://www.bounce.game/pickleball/city/dallas-texas-us/courts | https://www.bounce.game/pickleball/city/houston-texas-us/courts | https://www.bounce.game/pickleball/city/austin-texas-us/courts | https://www.bounce.game/pickleball/city/san-antonio-texas-us/courts
TX-0445,TX-0445-ª,The App Powering Pickleball and Tennis,3 Courts Permanent nets 1210 N Goliad St,Rockwall,,TX,https://www.bounce.game/,bounce.game,Indoor and outdoor,Indoor and Outdoor,Yes,424,https://www.bounce.game/ | https://www.bounce.game/courts | https://www.bounce.game/pickleball/city/new-york-new-york-us/courts | https://www.bounce.game/pickleball/city/dallas-texas-us/courts | https://www.bounce.game/pickleball/city/houston-texas-us/courts | https://www.bounce.game/pickleball/city/austin-texas-us/courts | https://www.bounce.game/pickleball/city/san-antonio-texas-us/courts
TX-0445,TX-0445-«,The App Powering Pickleball and Tennis,815 E Washington St,Rockwall,,TX,https://www.bounce.game/,bounce.game,Indoor and outdoor,Indoor and Outdoor,Yes,424,https://www.bounce.game/ | https://www.bounce.game/courts | https://www.bounce.game/pickleball/city/new-york-new-york-us/courts | https://www.bounce.game/pickleball/city/dallas-texas-us/courts | https://www.bounce.game/pickleball/city/houston-texas-us/courts | https://www.bounce.game/pickleball/city/austin-texas-us/courts | https://www.bounce.game/pickleball/city/san-antonio-texas-us/courts
TX-0445,TX-0445-¬,The App Powering Pickleball and Tennis,3 Courts Permanent nets 8500 Gifford Dr,Plano,,TX,https://www.bounce.game/,bounce.game,Indoor and outdoor,Indoor and Outdoor,Yes,424,https://www.bounce.game/ | https://www.bounce.game/courts | https://www.bounce.game/pickleball/city/new-york-new-york-us/courts | https://www.bounce.game/pickleball/city/dallas-texas-us/courts | https://www.bounce.game/pickleball/city/houston-texas-us/courts | https://www.bounce.game/pickleball/city/austin-texas-us/courts | https://www.bounce.game/pickleball/city/san-antonio-texas-us/courts
TX-0445,TX-0445-­,The App Powering Pickleball and Tennis,4 Courts Permanent nets 1001 N Davis Dr,Arlington,,TX,https://www.bounce.game/,bounce.game,Indoor and outdoor,Indoor and Outdoor,Yes,424,https://www.bounce.game/ | https://www.bounce.game/courts | https://www.bounce.game/pickleball/city/new-york-new-york-us/courts | https://www.bounce.game/pickleball/city/dallas-texas-us/courts | https://www.bounce.game/pickleball/city/houston-texas-us/courts | https://www.bounce.game/pickleball/city/austin-texas-us/courts | https://www.bounce.game/pickleball/city/san-antonio-texas-us/courts
TX-0445,TX-0445-®,The App Powering Pickleball and Tennis,2 Courts Non-permanent nets Roberts Rd,Grapevine,76051,TX,https://www.bounce.game/,bounce.game,Indoor and outdoor,Indoor and Outdoor,Yes,424,https://www.bounce.game/ | https://www.bounce.game/courts | https://www.bounce.game/pickleball/city/new-york-new-york-us/courts | https://www.bounce.game/pickleball/city/dallas-texas-us/courts | https://www.bounce.game/pickleball/city/houston-texas-us/courts | https://www.bounce.game/pickleball/city/austin-texas-us/courts | https://www.bounce.game/pickleball/city/san-antonio-texas-us/courts
TX-0445,TX-0445-¯,The App Powering Pickleball and Tennis,2 Courts Permanent nets 5050 Country Club Dr,Frisco,,TX,https://www.bounce.game/,bounce.game,Indoor and outdoor,Indoor and Outdoor,Yes,424,https://www.bounce.game/ | https://www.bounce.game/courts | https://www.bounce.game/pickleball/city/new-york-new-york-us/courts | https://www.bounce.game/pickleball/city/dallas-texas-us/courts | https://www.bounce.game/pickleball/city/houston-texas-us/courts | https://www.bounce.game/pickleball/city/austin-texas-us/courts | https://www.bounce.game/pickleball/city/san-antonio-texas-us/courts
TX-0445,TX-0445-°,The App Powering Pickleball and Tennis,500 W Mayfield Rd,Arlington,,TX,https://www.bounce.game/,bounce.game,Indoor and outdoor,Indoor and Outdoor,Yes,424,https://www.bounce.game/ | https://www.bounce.game/courts | https://www.bounce.game/pickleball/city/new-york-new-york-us/courts | https://www.bounce.game/pickleball/city/dallas-texas-us/courts | https://www.bounce.game/pickleball/city/houston-texas-us/courts | https://www.bounce.game/pickleball/city/austin-texas-us/courts | https://www.bounce.game/pickleball/city/san-antonio-texas-us/courts
TX-0445,TX-0445-±,The App Powering Pickleball and Tennis,8 Courts Permanent nets 905 Bella Dr,Rockwall,,TX,https://www.bounce.game/,bounce.game,Indoor and outdoor,Indoor and Outdoor,Yes,424,https://www.bounce.game/ | https://www.bounce.game/courts | https://www.bounce.game/pickleball/city/new-york-new-york-us/courts | https://www.bounce.game/pickleball/city/dallas-texas-us/courts | https://www.bounce.game/pickleball/city/houston-texas-us/courts | https://www.bounce.game/pickleball/city/austin-texas-us/courts | https://www.bounce.game/pickleball/city/san-antonio-texas-us/courts
TX-0445,TX-0445-²,The App Powering Pickleball and Tennis,2 Courts Permanent nets 990 Bel Air Drive,Allen,,TX,https://www.bounce.game/,bounce.game,Indoor and outdoor,Indoor and Outdoor,Yes,424,https://www.bounce.game/ | https://www.bounce.game/courts | https://www.bounce.game/pickleball/city/new-york-new-york-us/courts | https://www.bounce.game/pickleball/city/dallas-texas-us/courts | https://www.bounce.game/pickleball/city/houston-texas-us/courts | https://www.bounce.game/pickleball/city/austin-texas-us/courts | https://www.bounce.game/pickleball/city/san-antonio-texas-us/courts
TX-0445,TX-0445-³,The App Powering Pickleball and Tennis,4 Courts Non-permanent nets 1950 S Valley Pkwy,Lewisville,,TX,https://www.bounce.game/,bounce.game,Indoor and outdoor,Indoor and Outdoor,Yes,424,https://www.bounce.game/ | https://www.bounce.game/courts | https://www.bounce.game/pickleball/city/new-york-new-york-us/courts | https://www.bounce.game/pickleball/city/dallas-texas-us/courts | https://www.bounce.game/pickleball/city/houston-texas-us/courts | https://www.bounce.game/pickleball/city/austin-texas-us/courts | https://www.bounce.game/pickleball/city/san-antonio-texas-us/courts
TX-0445,TX-0445-´,The App Powering Pickleball and Tennis,601 S Greenville Ave,Allen,,TX,https://www.bounce.game/,bounce.game,Indoor and outdoor,Indoor and Outdoor,Yes,424,https://www.bounce.game/ | https://www.bounce.game/courts | https://www.bounce.game/pickleball/city/new-york-new-york-us/courts | https://www.bounce.game/pickleball/city/dallas-texas-us/courts | https://www.bounce.game/pickleball/city/houston-texas-us/courts | https://www.bounce.game/pickleball/city/austin-texas-us/courts | https://www.bounce.game/pickleball/city/san-antonio-texas-us/courts
TX-0445,TX-0445-µ,The App Powering Pickleball and Tennis,2 Courts Non-permanent nets 1200 Gerault Rd,Flower Mound,,TX,https://www.bounce.game/,bounce.game,Indoor and outdoor,Indoor and Outdoor,Yes,424,https://www.bounce.game/ | https://www.bounce.game/courts | https://www.bounce.game/pickleball/city/new-york-new-york-us/courts | https://www.bounce.game/pickleball/city/dallas-texas-us/courts | https://www.bounce.game/pickleball/city/houston-texas-us/courts | https://www.bounce.game/pickleball/city/austin-texas-us/courts | https://www.bounce.game/pickleball/city/san-antonio-texas-us/courts
TX-0445,TX-0445-¶,The App Powering Pickleball and Tennis,401 Twin Creeks Dr,Allen,,TX,https://www.bounce.game/,bounce.game,Indoor and outdoor,Indoor and Outdoor,Yes,424,https://www.bounce.game/ | https://www.bounce.game/courts | https://www.bounce.game/pickleball/city/new-york-new-york-us/courts | https://www.bounce.game/pickleball/city/dallas-texas-us/courts | https://www.bounce.game/pickleball/city/houston-texas-us/courts | https://www.bounce.game/pickleball/city/austin-texas-us/courts | https://www.bounce.game/pickleball/city/san-antonio-texas-us/courts
TX-0445,TX-0445-·,The App Powering Pickleball and Tennis,2 Courts Non-permanent nets 2045 Bedford Rd,Bedford,,TX,https://www.bounce.game/,bounce.game,Indoor and outdoor,Indoor and Outdoor,Yes,424,https://www.bounce.game/ | https://www.bounce.game/courts | https://www.bounce.game/pickleball/city/new-york-new-york-us/courts | https://www.bounce.game/pickleball/city/dallas-texas-us/courts | https://www.bounce.game/pickleball/city/houston-texas-us/courts | https://www.bounce.game/pickleball/city/austin-texas-us/courts | https://www.bounce.game/pickleball/city/san-antonio-texas-us/courts
TX-0445,TX-0445-¸,The App Powering Pickleball and Tennis,2 Courts Non-permanent nets 6600 Miller Dr,The Colony,,TX,https://www.bounce.game/,bounce.game,Indoor and outdoor,Indoor and Outdoor,Yes,424,https://www.bounce.game/ | https://www.bounce.game/courts | https://www.bounce.game/pickleball/city/new-york-new-york-us/courts | https://www.bounce.game/pickleball/city/dallas-texas-us/courts | https://www.bounce.game/pickleball/city/houston-texas-us/courts | https://www.bounce.game/pickleball/city/austin-texas-us/courts | https://www.bounce.game/pickleball/city/san-antonio-texas-us/courts
TX-0445,TX-0445-¹,The App Powering Pickleball and Tennis,9725 Southern Hills Dr,Plano,,TX,https://www.bounce.game/,bounce.game,Indoor and outdoor,Indoor and Outdoor,Yes,424,https://www.bounce.game/ | https://www.bounce.game/courts | https://www.bounce.game/pickleball/city/new-york-new-york-us/courts | https://www.bounce.game/pickleball/city/dallas-texas-us/courts | https://www.bounce.game/pickleball/city/houston-texas-us/courts | https://www.bounce.game/pickleball/city/austin-texas-us/courts | https://www.bounce.game/pickleball/city/san-antonio-texas-us/courts
TX-0445,TX-0445-º,The App Powering Pickleball and Tennis,801 W Bardin Rd,Arlington,76017,TX,https://www.bounce.game/,bounce.game,Indoor and outdoor,Indoor and Outdoor,Yes,424,https://www.bounce.game/ | https://www.bounce.game/courts | https://www.bounce.game/pickleball/city/new-york-new-york-us/courts | https://www.bounce.game/pickleball/city/dallas-texas-us/courts | https://www.bounce.game/pickleball/city/houston-texas-us/courts | https://www.bounce.game/pickleball/city/austin-texas-us/courts | https://www.bounce.game/pickleball/city/san-antonio-texas-us/courts
TX-0445,TX-0445-»,The App Powering Pickleball and Tennis,1100 Mans Field Webb Rd,Arlington,,TX,https://www.bounce.game/,bounce.game,Indoor and outdoor,Indoor and Outdoor,Yes,424,https://www.bounce.game/ | https://www.bounce.game/courts | https://www.bounce.game/pickleball/city/new-york-new-york-us/courts | https://www.bounce.game/pickleball/city/dallas-texas-us/courts | https://www.bounce.game/pickleball/city/houston-texas-us/courts | https://www.bounce.game/pickleball/city/austin-texas-us/courts | https://www.bounce.game/pickleball/city/san-antonio-texas-us/courts
TX-0445,TX-0445-¼,The App Powering Pickleball and Tennis,4 Courts Non-permanent nets 1509 Hood Ln,Grapevine,,TX,https://www.bounce.game/,bounce.game,Indoor and outdoor,Indoor and Outdoor,Yes,424,https://www.bounce.game/ | https://www.bounce.game/courts | https://www.bounce.game/pickleball/city/new-york-new-york-us/courts | https://www.bounce.game/pickleball/city/dallas-texas-us/courts | https://www.bounce.game/pickleball/city/houston-texas-us/courts | https://www.bounce.game/pickleball/city/austin-texas-us/courts | https://www.bounce.game/pickleball/city/san-antonio-texas-us/courts
TX-0445,TX-0445-½,The App Powering Pickleball and Tennis,4 Courts Permanent nets 2801 Forest Ridge Dr,Bedford,,TX,https://www.bounce.game/,bounce.game,Indoor and outdoor,Indoor and Outdoor,Yes,424,https://www.bounce.game/ | https://www.bounce.game/courts | https://www.bounce.game/pickleball/city/new-york-new-york-us/courts | https://www.bounce.game/pickleball/city/dallas-texas-us/courts | https://www.bounce.game/pickleball/city/houston-texas-us/courts | https://www.bounce.game/pickleball/city/austin-texas-us/courts | https://www.bounce.game/pickleball/city/san-antonio-texas-us/courts
TX-0445,TX-0445-¾,The App Powering Pickleball and Tennis,6 Courts Non-permanent nets 4633 Coit Rd,Frisco,,TX,https://www.bounce.game/,bounce.game,Indoor and outdoor,Indoor and Outdoor,Yes,424,https://www.bounce.game/ | https://www.bounce.game/courts | https://www.bounce.game/pickleball/city/new-york-new-york-us/courts | https://www.bounce.game/pickleball/city/dallas-texas-us/courts | https://www.bounce.game/pickleball/city/houston-texas-us/courts | https://www.bounce.game/pickleball/city/austin-texas-us/courts | https://www.bounce.game/pickleball/city/san-antonio-texas-us/courts
TX-0445,TX-0445-¿,The App Powering Pickleball and Tennis,1 Court Non-permanent nets 4633 Coit Rd,Frisco,,TX,https://www.bounce.game/,bounce.game,Indoor and outdoor,Indoor and Outdoor,Yes,424,https://www.bounce.game/ | https://www.bounce.game/courts | https://www.bounce.game/pickleball/city/new-york-new-york-us/courts | https://www.bounce.game/pickleball/city/dallas-texas-us/courts | https://www.bounce.game/pickleball/city/houston-texas-us/courts | https://www.bounce.game/pickleball/city/austin-texas-us/courts | https://www.bounce.game/pickleball/city/san-antonio-texas-us/courts
TX-0445,TX-0445-À,The App Powering Pickleball and Tennis,10200 Independence Pkwy,Plano,75025,TX,https://www.bounce.game/,bounce.game,Indoor and outdoor,Indoor and Outdoor,Yes,424,https://www.bounce.game/ | https://www.bounce.game/courts | https://www.bounce.game/pickleball/city/new-york-new-york-us/courts | https://www.bounce.game/pickleball/city/dallas-texas-us/courts | https://www.bounce.game/pickleball/city/houston-texas-us/courts | https://www.bounce.game/pickleball/city/austin-texas-us/courts | https://www.bounce.game/pickleball/city/san-antonio-texas-us/courts
TX-0445,TX-0445-Á,The App Powering Pickleball and Tennis,1 Court Permanent nets 801 S Valley Pkwy,Lewisville,,TX,https://www.bounce.game/,bounce.game,Indoor and outdoor,Indoor and Outdoor,Yes,424,https://www.bounce.game/ | https://www.bounce.game/courts | https://www.bounce.game/pickleball/city/new-york-new-york-us/courts | https://www.bounce.game/pickleball/city/dallas-texas-us/courts | https://www.bounce.game/pickleball/city/houston-texas-us/courts | https://www.bounce.game/pickleball/city/austin-texas-us/courts | https://www.bounce.game/pickleball/city/san-antonio-texas-us/courts
TX-0445,TX-0445-Â,The App Powering Pickleball and Tennis,16 Courts Non-permanent nets 801 S Valley Pkwy,Lewisville,,TX,https://www.bounce.game/,bounce.game,Indoor and outdoor,Indoor and Outdoor,Yes,424,https://www.bounce.game/ | https://www.bounce.game/courts | https://www.bounce.game/pickleball/city/new-york-new-york-us/courts | https://www.bounce.game/pickleball/city/dallas-texas-us/courts | https://www.bounce.game/pickleball/city/houston-texas-us/courts | https://www.bounce.game/pickleball/city/austin-texas-us/courts | https://www.bounce.game/pickleball/city/san-antonio-texas-us/courts
TX-0445,TX-0445-Ã,The App Powering Pickleball and Tennis,16 Courts Non-permanent nets 1098 W Main St,Lewisville,,TX,https://www.bounce.game/,bounce.game,Indoor and outdoor,Indoor and Outdoor,Yes,424,https://www.bounce.game/ | https://www.bounce.game/courts | https://www.bounce.game/pickleball/city/new-york-new-york-us/courts | https://www.bounce.game/pickleball/city/dallas-texas-us/courts | https://www.bounce.game/pickleball/city/houston-texas-us/courts | https://www.bounce.game/pickleball/city/austin-texas-us/courts | https://www.bounce.game/pickleball/city/san-antonio-texas-us/courts
TX-0445,TX-0445-Ä,The App Powering Pickleball and Tennis,6 Courts Non-permanent nets 191 Civic Cir,Lewisville,,TX,https://www.bounce.game/,bounce.game,Indoor and outdoor,Indoor and Outdoor,Yes,424,https://www.bounce.game/ | https://www.bounce.game/courts | https://www.bounce.game/pickleball/city/new-york-new-york-us/courts | https://www.bounce.game/pickleball/city/dallas-texas-us/courts | https://www.bounce.game/pickleball/city/houston-texas-us/courts | https://www.bounce.game/pickleball/city/austin-texas-us/courts | https://www.bounce.game/pickleball/city/san-antonio-texas-us/courts
TX-0445,TX-0445-Å,The App Powering Pickleball and Tennis,1250 Rivercrest Blvd,Allen,75002,TX,https://www.bounce.game/,bounce.game,Indoor and outdoor,Indoor and Outdoor,Yes,424,https://www.bounce.game/ | https://www.bounce.game/courts | https://www.bounce.game/pickleball/city/new-york-new-york-us/courts | https://www.bounce.game/pickleball/city/dallas-texas-us/courts | https://www.bounce.game/pickleball/city/houston-texas-us/courts | https://www.bounce.game/pickleball/city/austin-texas-us/courts | https://www.bounce.game/pickleball/city/san-antonio-texas-us/courts
TX-0445,TX-0445-Æ,The App Powering Pickleball and Tennis,2 Courts Permanent nets 1221 Church Street,Colleyville,76034,TX,https://www.bounce.game/,bounce.game,Indoor and outdoor,Indoor and Outdoor,Yes,424,https://www.bounce.game/ | https://www.bounce.game/courts | https://www.bounce.game/pickleball/city/new-york-new-york-us/courts | https://www.bounce.game/pickleball/city/dallas-texas-us/courts | https://www.bounce.game/pickleball/city/houston-texas-us/courts | https://www.bounce.game/pickleball/city/austin-texas-us/courts | https://www.bounce.game/pickleball/city/san-antonio-texas-us/courts
TX-0445,TX-0445-Ç,The App Powering Pickleball and Tennis,11 Courts Non-permanent nets 10930 College Pkwy,Frisco,,TX,https://www.bounce.game/,bounce.game,Indoor and outdoor,Indoor and Outdoor,Yes,424,https://www.bounce.game/ | https://www.bounce.game/courts | https://www.bounce.game/pickleball/city/new-york-new-york-us/courts | https://www.bounce.game/pickleball/city/dallas-texas-us/courts | https://www.bounce.game/pickleball/city/houston-texas-us/courts | https://www.bounce.game/pickleball/city/austin-texas-us/courts | https://www.bounce.game/pickleball/city/san-antonio-texas-us/courts
TX-0445,TX-0445-È,The App Powering Pickleball and Tennis,1 Court Non-permanent nets 6605 Hillcrest Rd,Frisco,,TX,https://www.bounce.game/,bounce.game,Indoor and outdoor,Indoor and Outdoor,Yes,424,https://www.bounce.game/ | https://www.bounce.game/courts | https://www.bounce.game/pickleball/city/new-york-new-york-us/courts | https://www.bounce.game/pickleball/city/dallas-texas-us/courts | https://www.bounce.game/pickleball/city/houston-texas-us/courts | https://www.bounce.game/pickleball/city/austin-texas-us/courts | https://www.bounce.game/pickleball/city/san-antonio-texas-us/courts
TX-0445,TX-0445-É,The App Powering Pickleball and Tennis,5109 Bransford Rd,Colleyville,76034,TX,https://www.bounce.game/,bounce.game,Indoor and outdoor,Indoor and Outdoor,Yes,424,https://www.bounce.game/ | https://www.bounce.game/courts | https://www.bounce.game/pickleball/city/new-york-new-york-us/courts | https://www.bounce.game/pickleball/city/dallas-texas-us/courts | https://www.bounce.game/pickleball/city/houston-texas-us/courts | https://www.bounce.game/pickleball/city/austin-texas-us/courts | https://www.bounce.game/pickleball/city/san-antonio-texas-us/courts
TX-0445,TX-0445-Ê,The App Powering Pickleball and Tennis,2021 Cross Timbers Rd,Flower Mound,,TX,https://www.bounce.game/,bounce.game,Indoor and outdoor,Indoor and Outdoor,Yes,424,https://www.bounce.game/ | https://www.bounce.game/courts | https://www.bounce.game/pickleball/city/new-york-new-york-us/courts | https://www.bounce.game/pickleball/city/dallas-texas-us/courts | https://www.bounce.game/pickleball/city/houston-texas-us/courts | https://www.bounce.game/pickleball/city/austin-texas-us/courts | https://www.bounce.game/pickleball/city/san-antonio-texas-us/courts
TX-0445,TX-0445-Ë,The App Powering Pickleball and Tennis,3 Courts Non-permanent nets 700 Mary Dr,Hurst,,TX,https://www.bounce.game/,bounce.game,Indoor and outdoor,Indoor and Outdoor,Yes,424,https://www.bounce.game/ | https://www.bounce.game/courts | https://www.bounce.game/pickleball/city/new-york-new-york-us/courts | https://www.bounce.game/pickleball/city/dallas-texas-us/courts | https://www.bounce.game/pickleball/city/houston-texas-us/courts | https://www.bounce.game/pickleball/city/austin-texas-us/courts | https://www.bounce.game/pickleball/city/san-antonio-texas-us/courts
TX-0445,TX-0445-Ì,The App Powering Pickleball and Tennis,11 Courts Permanent nets 1551 E Debbie Ln,Mansfield,76063,TX,https://www.bounce.game/,bounce.game,Indoor and outdoor,Indoor and Outdoor,Yes,424,https://www.bounce.game/ | https://www.bounce.game/courts | https://www.bounce.game/pickleball/city/new-york-new-york-us/courts | https://www.bounce.game/pickleball/city/dallas-texas-us/courts | https://www.bounce.game/pickleball/city/houston-texas-us/courts | https://www.bounce.game/pickleball/city/austin-texas-us/courts | https://www.bounce.game/pickleball/city/san-antonio-texas-us/courts
TX-0445,TX-0445-Í,The App Powering Pickleball and Tennis,6 Courts Non-permanent nets 6145 Alma Rd,McKinney,,TX,https://www.bounce.game/,bounce.game,Indoor and outdoor,Indoor and Outdoor,Yes,424,https://www.bounce.game/ | https://www.bounce.game/courts | https://www.bounce.game/pickleball/city/new-york-new-york-us/courts | https://www.bounce.game/pickleball/city/dallas-texas-us/courts | https://www.bounce.game/pickleball/city/houston-texas-us/courts | https://www.bounce.game/pickleball/city/austin-texas-us/courts | https://www.bounce.game/pickleball/city/san-antonio-texas-us/courts
TX-0445,TX-0445-Î,The App Powering Pickleball and Tennis,7910 Collin McKinney Pkwy,McKinney,75070,TX,https://www.bounce.game/,bounce.game,Indoor and outdoor,Indoor and Outdoor,Yes,424,https://www.bounce.game/ | https://www.bounce.game/courts | https://www.bounce.game/pickleball/city/new-york-new-york-us/courts | https://www.bounce.game/pickleball/city/dallas-texas-us/courts | https://www.bounce.game/pickleball/city/houston-texas-us/courts | https://www.bounce.game/pickleball/city/austin-texas-us/courts | https://www.bounce.game/pickleball/city/san-antonio-texas-us/courts
TX-0445,TX-0445-Ï,The App Powering Pickleball and Tennis,12 Courts Permanent nets 3100 Churchill Dr,Flower Mound,75022,TX,https://www.bounce.game/,bounce.game,Indoor and outdoor,Indoor and Outdoor,Yes,424,https://www.bounce.game/ | https://www.bounce.game/courts | https://www.bounce.game/pickleball/city/new-york-new-york-us/courts | https://www.bounce.game/pickleball/city/dallas-texas-us/courts | https://www.bounce.game/pickleball/city/houston-texas-us/courts | https://www.bounce.game/pickleball/city/austin-texas-us/courts | https://www.bounce.game/pickleball/city/san-antonio-texas-us/courts
TX-0445,TX-0445-Ð,The App Powering Pickleball and Tennis,3 Courts Non-permanent nets 7120 S Cooper St,Arlington,,TX,https://www.bounce.game/,bounce.game,Indoor and outdoor,Indoor and Outdoor,Yes,424,https://www.bounce.game/ | https://www.bounce.game/courts | https://www.bounce.game/pickleball/city/new-york-new-york-us/courts | https://www.bounce.game/pickleball/city/dallas-texas-us/courts | https://www.bounce.game/pickleball/city/houston-texas-us/courts | https://www.bounce.game/pickleball/city/austin-texas-us/courts | https://www.bounce.game/pickleball/city/san-antonio-texas-us/courts
TX-0445,TX-0445-Ñ,The App Powering Pickleball and Tennis,10300 Huntington Rd.,Frisco,75035,TX,https://www.bounce.game/,bounce.game,Indoor and outdoor,Indoor and Outdoor,Yes,424,https://www.bounce.game/ | https://www.bounce.game/courts | https://www.bounce.game/pickleball/city/new-york-new-york-us/courts | https://www.bounce.game/pickleball/city/dallas-texas-us/courts | https://www.bounce.game/pickleball/city/houston-texas-us/courts | https://www.bounce.game/pickleball/city/austin-texas-us/courts | https://www.bounce.game/pickleball/city/san-antonio-texas-us/courts
TX-0445,TX-0445-Ò,The App Powering Pickleball and Tennis,1200 W Green Oaks Blvd,Arlington,,TX,https://www.bounce.game/,bounce.game,Indoor and outdoor,Indoor and Outdoor,Yes,424,https://www.bounce.game/ | https://www.bounce.game/courts | https://www.bounce.game/pickleball/city/new-york-new-york-us/courts | https://www.bounce.game/pickleball/city/dallas-texas-us/courts | https://www.bounce.game/pickleball/city/houston-texas-us/courts | https://www.bounce.game/pickleball/city/austin-texas-us/courts | https://www.bounce.game/pickleball/city/san-antonio-texas-us/courts
TX-0445,TX-0445-Ó,The App Powering Pickleball and Tennis,12 Courts Permanent nets 350 W Southlake Blvd,Southlake,76092,TX,https://www.bounce.game/,bounce.game,Indoor and outdoor,Indoor and Outdoor,Yes,424,https://www.bounce.game/ | https://www.bounce.game/courts | https://www.bounce.game/pickleball/city/new-york-new-york-us/courts | https://www.bounce.game/pickleball/city/dallas-texas-us/courts | https://www.bounce.game/pickleball/city/houston-texas-us/courts | https://www.bounce.game/pickleball/city/austin-texas-us/courts | https://www.bounce.game/pickleball/city/san-antonio-texas-us/courts
TX-0445,TX-0445-Ô,The App Powering Pickleball and Tennis,9 Courts Permanent nets 1220 CD Boren Pkwy,Fate,,TX,https://www.bounce.game/,bounce.game,Indoor and outdoor,Indoor and Outdoor,Yes,424,https://www.bounce.game/ | https://www.bounce.game/courts | https://www.bounce.game/pickleball/city/new-york-new-york-us/courts | https://www.bounce.game/pickleball/city/dallas-texas-us/courts | https://www.bounce.game/pickleball/city/houston-texas-us/courts | https://www.bounce.game/pickleball/city/austin-texas-us/courts | https://www.bounce.game/pickleball/city/san-antonio-texas-us/courts
TX-0445,TX-0445-Õ,The App Powering Pickleball and Tennis,4 Courts Permanent nets 1151 Country Club Dr,Mansfield,,TX,https://www.bounce.game/,bounce.game,Indoor and outdoor,Indoor and Outdoor,Yes,424,https://www.bounce.game/ | https://www.bounce.game/courts | https://www.bounce.game/pickleball/city/new-york-new-york-us/courts | https://www.bounce.game/pickleball/city/dallas-texas-us/courts | https://www.bounce.game/pickleball/city/houston-texas-us/courts | https://www.bounce.game/pickleball/city/austin-texas-us/courts | https://www.bounce.game/pickleball/city/san-antonio-texas-us/courts
TX-0445,TX-0445-Ö,The App Powering Pickleball and Tennis,14 Courts Permanent nets 4100 Weldon Drive,Flower Mound,,TX,https://www.bounce.game/,bounce.game,Indoor and outdoor,Indoor and Outdoor,Yes,424,https://www.bounce.game/ | https://www.bounce.game/courts | https://www.bounce.game/pickleball/city/new-york-new-york-us/courts | https://www.bounce.game/pickleball/city/dallas-texas-us/courts | https://www.bounce.game/pickleball/city/houston-texas-us/courts | https://www.bounce.game/pickleball/city/austin-texas-us/courts | https://www.bounce.game/pickleball/city/san-antonio-texas-us/courts
TX-0445,TX-0445-×,The App Powering Pickleball and Tennis,00 AM Pickleball 101 4801 Spring Valley Rd,Farmers Branch,75244,TX,https://www.bounce.game/,bounce.game,Indoor and outdoor,Indoor and Outdoor,Yes,424,https://www.bounce.game/ | https://www.bounce.game/courts | https://www.bounce.game/pickleball/city/new-york-new-york-us/courts | https://www.bounce.game/pickleball/city/dallas-texas-us/courts | https://www.bounce.game/pickleball/city/houston-texas-us/courts | https://www.bounce.game/pickleball/city/austin-texas-us/courts | https://www.bounce.game/pickleball/city/san-antonio-texas-us/courts
TX-0445,TX-0445-Ø,The App Powering Pickleball and Tennis,501 Yacht Club Dr,Rockwall,,TX,https://www.bounce.game/,bounce.game,Indoor and outdoor,Indoor and Outdoor,Yes,424,https://www.bounce.game/ | https://www.bounce.game/courts | https://www.bounce.game/pickleball/city/new-york-new-york-us/courts | https://www.bounce.game/pickleball/city/dallas-texas-us/courts | https://www.bounce.game/pickleball/city/houston-texas-us/courts | https://www.bounce.game/pickleball/city/austin-texas-us/courts | https://www.bounce.game/pickleball/city/san-antonio-texas-us/courts
TX-0445,TX-0445-Ù,The App Powering Pickleball and Tennis,6818 Shadyvilla Ln,Houston,,TX,https://www.bounce.game/,bounce.game,Indoor and outdoor,Indoor and Outdoor,Yes,424,https://www.bounce.game/ | https://www.bounce.game/courts | https://www.bounce.game/pickleball/city/new-york-new-york-us/courts | https://www.bounce.game/pickleball/city/dallas-texas-us/courts | https://www.bounce.game/pickleball/city/houston-texas-us/courts | https://www.bounce.game/pickleball/city/austin-texas-us/courts | https://www.bounce.game/pickleball/city/san-antonio-texas-us/courts
TX-0445,TX-0445-Ú,The App Powering Pickleball and Tennis,3 Courts Non-permanent nets 520 S 75th St,Houston,77023,TX,https://www.bounce.game/,bounce.game,Indoor and outdoor,Indoor and Outdoor,Yes,424,https://www.bounce.game/ | https://www.bounce.game/courts | https://www.bounce.game/pickleball/city/new-york-new-york-us/courts | https://www.bounce.game/pickleball/city/dallas-texas-us/courts | https://www.bounce.game/pickleball/city/houston-texas-us/courts | https://www.bounce.game/pickleball/city/austin-texas-us/courts | https://www.bounce.game/pickleball/city/san-antonio-texas-us/courts
TX-0445,TX-0445-Û,The App Powering Pickleball and Tennis,2 Courts Non-permanent nets 2603 Timmons Ln,Houston,77027,TX,https://www.bounce.game/,bounce.game,Indoor and outdoor,Indoor and Outdoor,Yes,424,https://www.bounce.game/ | https://www.bounce.game/courts | https://www.bounce.game/pickleball/city/new-york-new-york-us/courts | https://www.bounce.game/pickleball/city/dallas-texas-us/courts | https://www.bounce.game/pickleball/city/houston-texas-us/courts | https://www.bounce.game/pickleball/city/austin-texas-us/courts | https://www.bounce.game/pickleball/city/san-antonio-texas-us/courts
TX-0445,TX-0445-Ü,The App Powering Pickleball and Tennis,9 Courts Non-permanent nets 411 Smith St,Houston,77002,TX,https://www.bounce.game/,bounce.game,Indoor and outdoor,Indoor and Outdoor,Yes,424,https://www.bounce.game/ | https://www.bounce.game/courts | https://www.bounce.game/pickleball/city/new-york-new-york-us/courts | https://www.bounce.game/pickleball/city/dallas-texas-us/courts | https://www.bounce.game/pickleball/city/houston-texas-us/courts | https://www.bounce.game/pickleball/city/austin-texas-us/courts | https://www.bounce.game/pickleball/city/san-antonio-texas-us/courts
TX-0445,TX-0445-Ý,The App Powering Pickleball and Tennis,7 Courts Permanent nets 18900 Upper Bay Rd,Houston,77058,TX,https://www.bounce.game/,bounce.game,Indoor and outdoor,Indoor and Outdoor,Yes,424,https://www.bounce.game/ | https://www.bounce.game/courts | https://www.bounce.game/pickleball/city/new-york-new-york-us/courts | https://www.bounce.game/pickleball/city/dallas-texas-us/courts | https://www.bounce.game/pickleball/city/houston-texas-us/courts | https://www.bounce.game/pickleball/city/austin-texas-us/courts | https://www.bounce.game/pickleball/city/san-antonio-texas-us/courts
TX-0445,TX-0445-Þ,The App Powering Pickleball and Tennis,2 Courts Permanent nets 3403 Simsbrook Dr,Houston,77045,TX,https://www.bounce.game/,bounce.game,Indoor and outdoor,Indoor and Outdoor,Yes,424,https://www.bounce.game/ | https://www.bounce.game/courts | https://www.bounce.game/pickleball/city/new-york-new-york-us/courts | https://www.bounce.game/pickleball/city/dallas-texas-us/courts | https://www.bounce.game/pickleball/city/houston-texas-us/courts | https://www.bounce.game/pickleball/city/austin-texas-us/courts | https://www.bounce.game/pickleball/city/san-antonio-texas-us/courts
TX-0445,TX-0445-ß,The App Powering Pickleball and Tennis,17110 Northgate Forest Dr,Houston,,TX,https://www.bounce.game/,bounce.game,Indoor and outdoor,Indoor and Outdoor,Yes,424,https://www.bounce.game/ | https://www.bounce.game/courts | https://www.bounce.game/pickleball/city/new-york-new-york-us/courts | https://www.bounce.game/pickleball/city/dallas-texas-us/courts | https://www.bounce.game/pickleball/city/houston-texas-us/courts | https://www.bounce.game/pickleball/city/austin-texas-us/courts | https://www.bounce.game/pickleball/city/san-antonio-texas-us/courts
TX-0445,TX-0445-à,The App Powering Pickleball and Tennis,4 Courts Permanent nets 1475 W Gray St,Houston,77019,TX,https://www.bounce.game/,bounce.game,Indoor and outdoor,Indoor and Outdoor,Yes,424,https://www.bounce.game/ | https://www.bounce.game/courts | https://www.bounce.game/pickleball/city/new-york-new-york-us/courts | https://www.bounce.game/pickleball/city/dallas-texas-us/courts | https://www.bounce.game/pickleball/city/houston-texas-us/courts | https://www.bounce.game/pickleball/city/austin-texas-us/courts | https://www.bounce.game/pickleball/city/san-antonio-texas-us/courts
TX-0445,TX-0445-á,The App Powering Pickleball and Tennis,325 Kickerillo Dr,Houston,77079,TX,https://www.bounce.game/,bounce.game,Indoor and outdoor,Indoor and Outdoor,Yes,424,https://www.bounce.game/ | https://www.bounce.game/courts | https://www.bounce.game/pickleball/city/new-york-new-york-us/courts | https://www.bounce.game/pickleball/city/dallas-texas-us/courts | https://www.bounce.game/pickleball/city/houston-texas-us/courts | https://www.bounce.game/pickleball/city/austin-texas-us/courts | https://www.bounce.game/pickleball/city/san-antonio-texas-us/courts
TX-0445,TX-0445-â,The App Powering Pickleball and Tennis,2 Courts Non-permanent nets 3725 Fulton St,Houston,77009,TX,https://www.bounce.game/,bounce.game,Indoor and outdoor,Indoor and Outdoor,Yes,424,https://www.bounce.game/ | https://www.bounce.game/courts | https://www.bounce.game/pickleball/city/new-york-new-york-us/courts | https://www.bounce.game/pickleball/city/dallas-texas-us/courts | https://www.bounce.game/pickleball/city/houston-texas-us/courts | https://www.bounce.game/pickleball/city/austin-texas-us/courts | https://www.bounce.game/pickleball/city/san-antonio-texas-us/courts
TX-0445,TX-0445-ã,The App Powering Pickleball and Tennis,9551 N Wayside Dr,Houston,77078,TX,https://www.bounce.game/,bounce.game,Indoor and outdoor,Indoor and Outdoor,Yes,424,https://www.bounce.game/ | https://www.bounce.game/courts | https://www.bounce.game/pickleball/city/new-york-new-york-us/courts | https://www.bounce.game/pickleball/city/dallas-texas-us/courts | https://www.bounce.game/pickleball/city/houston-texas-us/courts | https://www.bounce.game/pickleball/city/austin-texas-us/courts | https://www.bounce.game/pickleball/city/san-antonio-texas-us/courts
TX-0445,TX-0445-ä,The App Powering Pickleball and Tennis,3 Courts Non-permanent nets 6104 Auden Street,Houston,,TX,https://www.bounce.game/,bounce.game,Indoor and outdoor,Indoor and Outdoor,Yes,424,https://www.bounce.game/ | https://www.bounce.game/courts | https://www.bounce.game/pickleball/city/new-york-new-york-us/courts | https://www.bounce.game/pickleball/city/dallas-texas-us/courts | https://www.bounce.game/pickleball/city/houston-texas-us/courts | https://www.bounce.game/pickleball/city/austin-texas-us/courts | https://www.bounce.game/pickleball/city/san-antonio-texas-us/courts
TX-0445,TX-0445-å,The App Powering Pickleball and Tennis,1 Court Non-permanent nets 2000 Bering Drive,Houston,,TX,https://www.bounce.game/,bounce.game,Indoor and outdoor,Indoor and Outdoor,Yes,424,https://www.bounce.game/ | https://www.bounce.game/courts | https://www.bounce.game/pickleball/city/new-york-new-york-us/courts | https://www.bounce.game/pickleball/city/dallas-texas-us/courts | https://www.bounce.game/pickleball/city/houston-texas-us/courts | https://www.bounce.game/pickleball/city/austin-texas-us/courts | https://www.bounce.game/pickleball/city/san-antonio-texas-us/courts
TX-0445,TX-0445-æ,The App Powering Pickleball and Tennis,1 Court Permanent nets 3030 Travis St,Houston,77006,TX,https://www.bounce.game/,bounce.game,Indoor and outdoor,Indoor and Outdoor,Yes,424,https://www.bounce.game/ | https://www.bounce.game/courts | https://www.bounce.game/pickleball/city/new-york-new-york-us/courts | https://www.bounce.game/pickleball/city/dallas-texas-us/courts | https://www.bounce.game/pickleball/city/houston-texas-us/courts | https://www.bounce.game/pickleball/city/austin-texas-us/courts | https://www.bounce.game/pickleball/city/san-antonio-texas-us/courts
TX-0445,TX-0445-ç,The App Powering Pickleball and Tennis,2600 Aldine Westfield Rd,Houston,,TX,https://www.bounce.game/,bounce.game,Indoor and outdoor,Indoor and Outdoor,Yes,424,https://www.bounce.game/ | https://www.bounce.game/courts | https://www.bounce.game/pickleball/city/new-york-new-york-us/courts | https://www.bounce.game/pickleball/city/dallas-texas-us/courts | https://www.bounce.game/pickleball/city/houston-texas-us/courts | https://www.bounce.game/pickleball/city/austin-texas-us/courts | https://www.bounce.game/pickleball/city/san-antonio-texas-us/courts
TX-0445,TX-0445-è,The App Powering Pickleball and Tennis,4 Courts Non-permanent nets 2520 Airline Blvd,Houston,77009,TX,https://www.bounce.game/,bounce.game,Indoor and outdoor,Indoor and Outdoor,Yes,424,https://www.bounce.game/ | https://www.bounce.game/courts | https://www.bounce.game/pickleball/city/new-york-new-york-us/courts | https://www.bounce.game/pickleball/city/dallas-texas-us/courts | https://www.bounce.game/pickleball/city/houston-texas-us/courts | https://www.bounce.game/pickleball/city/austin-texas-us/courts | https://www.bounce.game/pickleball/city/san-antonio-texas-us/courts
TX-0445,TX-0445-é,The App Powering Pickleball and Tennis,6 Courts Permanent nets 7500 Bay Area Blvd,Houston,77058,TX,https://www.bounce.game/,bounce.game,Indoor and outdoor,Indoor and Outdoor,Yes,424,https://www.bounce.game/ | https://www.bounce.game/courts | https://www.bounce.game/pickleball/city/new-york-new-york-us/courts | https://www.bounce.game/pickleball/city/dallas-texas-us/courts | https://www.bounce.game/pickleball/city/houston-texas-us/courts | https://www.bounce.game/pickleball/city/austin-texas-us/courts | https://www.bounce.game/pickleball/city/san-antonio-texas-us/courts
TX-0445,TX-0445-ê,The App Powering Pickleball and Tennis,1511 El Dorado Blvd,Houston,77062,TX,https://www.bounce.game/,bounce.game,Indoor and outdoor,Indoor and Outdoor,Yes,424,https://www.bounce.game/ | https://www.bounce.game/courts | https://www.bounce.game/pickleball/city/new-york-new-york-us/courts | https://www.bounce.game/pickleball/city/dallas-texas-us/courts | https://www.bounce.game/pickleball/city/houston-texas-us/courts | https://www.bounce.game/pickleball/city/austin-texas-us/courts | https://www.bounce.game/pickleball/city/san-antonio-texas-us/courts
TX-0445,TX-0445-ë,The App Powering Pickleball and Tennis,3 Courts Non-permanent nets 19915 Sh 249 Hwy,Houston,,TX,https://www.bounce.game/,bounce.game,Indoor and outdoor,Indoor and Outdoor,Yes,424,https://www.bounce.game/ | https://www.bounce.game/courts | https://www.bounce.game/pickleball/city/new-york-new-york-us/courts | https://www.bounce.game/pickleball/city/dallas-texas-us/courts | https://www.bounce.game/pickleball/city/houston-texas-us/courts | https://www.bounce.game/pickleball/city/austin-texas-us/courts | https://www.bounce.game/pickleball/city/san-antonio-texas-us/courts
TX-0445,TX-0445-ì,The App Powering Pickleball and Tennis,11905 Bellaire Blvd,Houston,77072,TX,https://www.bounce.game/,bounce.game,Indoor and outdoor,Indoor and Outdoor,Yes,424,https://www.bounce.game/ | https://www.bounce.game/courts | https://www.bounce.game/pickleball/city/new-york-new-york-us/courts | https://www.bounce.game/pickleball/city/dallas-texas-us/courts | https://www.bounce.game/pickleball/city/houston-texas-us/courts | https://www.bounce.game/pickleball/city/austin-texas-us/courts | https://www.bounce.game/pickleball/city/san-antonio-texas-us/courts
TX-0445,TX-0445-í,The App Powering Pickleball and Tennis,4 Courts Permanent nets 10655 Clay Rd,Houston,,TX,https://www.bounce.game/,bounce.game,Indoor and outdoor,Indoor and Outdoor,Yes,424,https://www.bounce.game/ | https://www.bounce.game/courts | https://www.bounce.game/pickleball/city/new-york-new-york-us/courts | https://www.bounce.game/pickleball/city/dallas-texas-us/courts | https://www.bounce.game/pickleball/city/houston-texas-us/courts | https://www.bounce.game/pickleball/city/austin-texas-us/courts | https://www.bounce.game/pickleball/city/san-antonio-texas-us/courts
TX-0445,TX-0445-î,The App Powering Pickleball and Tennis,14703 Eagle Vista Dr,Houston,77077,TX,https://www.bounce.game/,bounce.game,Indoor and outdoor,Indoor and Outdoor,Yes,424,https://www.bounce.game/ | https://www.bounce.game/courts | https://www.bounce.game/pickleball/city/new-york-new-york-us/courts | https://www.bounce.game/pickleball/city/dallas-texas-us/courts | https://www.bounce.game/pickleball/city/houston-texas-us/courts | https://www.bounce.game/pickleball/city/austin-texas-us/courts | https://www.bounce.game/pickleball/city/san-antonio-texas-us/courts
TX-0445,TX-0445-ï,The App Powering Pickleball and Tennis,1 Court Permanent nets 3535 War Memorial St,Houston,77084,TX,https://www.bounce.game/,bounce.game,Indoor and outdoor,Indoor and Outdoor,Yes,424,https://www.bounce.game/ | https://www.bounce.game/courts | https://www.bounce.game/pickleball/city/new-york-new-york-us/courts | https://www.bounce.game/pickleball/city/dallas-texas-us/courts | https://www.bounce.game/pickleball/city/houston-texas-us/courts | https://www.bounce.game/pickleball/city/austin-texas-us/courts | https://www.bounce.game/pickleball/city/san-antonio-texas-us/courts
TX-0445,TX-0445-ð,The App Powering Pickleball and Tennis,2 Courts Permanent nets 110 Sabine St,Houston,,TX,https://www.bounce.game/,bounce.game,Indoor and outdoor,Indoor and Outdoor,Yes,424,https://www.bounce.game/ | https://www.bounce.game/courts | https://www.bounce.game/pickleball/city/new-york-new-york-us/courts | https://www.bounce.game/pickleball/city/dallas-texas-us/courts | https://www.bounce.game/pickleball/city/houston-texas-us/courts | https://www.bounce.game/pickleball/city/austin-texas-us/courts | https://www.bounce.game/pickleball/city/san-antonio-texas-us/courts
TX-0445,TX-0445-ñ,The App Powering Pickleball and Tennis,8 Courts Non-permanent nets 1234 W 34th St,Houston,77018,TX,https://www.bounce.game/,bounce.game,Indoor and outdoor,Indoor and Outdoor,Yes,424,https://www.bounce.game/ | https://www.bounce.game/courts | https://www.bounce.game/pickleball/city/new-york-new-york-us/courts | https://www.bounce.game/pickleball/city/dallas-texas-us/courts | https://www.bounce.game/pickleball/city/houston-texas-us/courts | https://www.bounce.game/pickleball/city/austin-texas-us/courts | https://www.bounce.game/pickleball/city/san-antonio-texas-us/courts
TX-0445,TX-0445-ò,The App Powering Pickleball and Tennis,2 Courts Non-permanent nets 12233 Robin Blvd,Houston,,TX,https://www.bounce.game/,bounce.game,Indoor and outdoor,Indoor and Outdoor,Yes,424,https://www.bounce.game/ | https://www.bounce.game/courts | https://www.bounce.game/pickleball/city/new-york-new-york-us/courts | https://www.bounce.game/pickleball/city/dallas-texas-us/courts | https://www.bounce.game/pickleball/city/houston-texas-us/courts | https://www.bounce.game/pickleball/city/austin-texas-us/courts | https://www.bounce.game/pickleball/city/san-antonio-texas-us/courts
TX-0445,TX-0445-ó,The App Powering Pickleball and Tennis,13 Courts Permanent nets 5202 Griggs Rd,Houston,77021,TX,https://www.bounce.game/,bounce.game,Indoor and outdoor,Indoor and Outdoor,Yes,424,https://www.bounce.game/ | https://www.bounce.game/courts | https://www.bounce.game/pickleball/city/new-york-new-york-us/courts | https://www.bounce.game/pickleball/city/dallas-texas-us/courts | https://www.bounce.game/pickleball/city/houston-texas-us/courts | https://www.bounce.game/pickleball/city/austin-texas-us/courts | https://www.bounce.game/pickleball/city/san-antonio-texas-us/courts
TX-0445,TX-0445-ô,The App Powering Pickleball and Tennis,2 Courts Non-permanent nets 2020 Hermann Dr,Houston,77004,TX,https://www.bounce.game/,bounce.game,Indoor and outdoor,Indoor and Outdoor,Yes,424,https://www.bounce.game/ | https://www.bounce.game/courts | https://www.bounce.game/pickleball/city/new-york-new-york-us/courts | https://www.bounce.game/pickleball/city/dallas-texas-us/courts | https://www.bounce.game/pickleball/city/houston-texas-us/courts | https://www.bounce.game/pickleball/city/austin-texas-us/courts | https://www.bounce.game/pickleball/city/san-antonio-texas-us/courts
TX-0445,TX-0445-õ,The App Powering Pickleball and Tennis,609 N Eldridge Pkwy,Houston,77079,TX,https://www.bounce.game/,bounce.game,Indoor and outdoor,Indoor and Outdoor,Yes,424,https://www.bounce.game/ | https://www.bounce.game/courts | https://www.bounce.game/pickleball/city/new-york-new-york-us/courts | https://www.bounce.game/pickleball/city/dallas-texas-us/courts | https://www.bounce.game/pickleball/city/houston-texas-us/courts | https://www.bounce.game/pickleball/city/austin-texas-us/courts | https://www.bounce.game/pickleball/city/san-antonio-texas-us/courts
TX-0445,TX-0445-ö,The App Powering Pickleball and Tennis,7717 Willow Chase Blvd,Houston,77070,TX,https://www.bounce.game/,bounce.game,Indoor and outdoor,Indoor and Outdoor,Yes,424,https://www.bounce.game/ | https://www.bounce.game/courts | https://www.bounce.game/pickleball/city/new-york-new-york-us/courts | https://www.bounce.game/pickleball/city/dallas-texas-us/courts | https://www.bounce.game/pickleball/city/houston-texas-us/courts | https://www.bounce.game/pickleball/city/austin-texas-us/courts | https://www.bounce.game/pickleball/city/san-antonio-texas-us/courts
TX-0445,TX-0445-÷,The App Powering Pickleball and Tennis,6 Courts Permanent nets 1300 Seamist Dr,Houston,,TX,https://www.bounce.game/,bounce.game,Indoor and outdoor,Indoor and Outdoor,Yes,424,https://www.bounce.game/ | https://www.bounce.game/courts | https://www.bounce.game/pickleball/city/new-york-new-york-us/courts | https://www.bounce.game/pickleball/city/dallas-texas-us/courts | https://www.bounce.game/pickleball/city/houston-texas-us/courts | https://www.bounce.game/pickleball/city/austin-texas-us/courts | https://www.bounce.game/pickleball/city/san-antonio-texas-us/courts
TX-0445,TX-0445-ø,The App Powering Pickleball and Tennis,2 Courts Permanent nets 7717 Willow Chase Blvd,Houston,,TX,https://www.bounce.game/,bounce.game,Indoor and outdoor,Indoor and Outdoor,Yes,424,https://www.bounce.game/ | https://www.bounce.game/courts | https://www.bounce.game/pickleball/city/new-york-new-york-us/courts | https://www.bounce.game/pickleball/city/dallas-texas-us/courts | https://www.bounce.game/pickleball/city/houston-texas-us/courts | https://www.bounce.game/pickleball/city/austin-texas-us/courts | https://www.bounce.game/pickleball/city/san-antonio-texas-us/courts
TX-0445,TX-0445-ù,The App Powering Pickleball and Tennis,3 Courts Permanent nets 5775 Lost Forest Dr,Houston,,TX,https://www.bounce.game/,bounce.game,Indoor and outdoor,Indoor and Outdoor,Yes,424,https://www.bounce.game/ | https://www.bounce.game/courts | https://www.bounce.game/pickleball/city/new-york-new-york-us/courts | https://www.bounce.game/pickleball/city/dallas-texas-us/courts | https://www.bounce.game/pickleball/city/houston-texas-us/courts | https://www.bounce.game/pickleball/city/austin-texas-us/courts | https://www.bounce.game/pickleball/city/san-antonio-texas-us/courts
TX-0445,TX-0445-ú,The App Powering Pickleball and Tennis,15 Courts Permanent nets 25 West Lane,Houston,,TX,https://www.bounce.game/,bounce.game,Indoor and outdoor,Indoor and Outdoor,Yes,424,https://www.bounce.game/ | https://www.bounce.game/courts | https://www.bounce.game/pickleball/city/new-york-new-york-us/courts | https://www.bounce.game/pickleball/city/dallas-texas-us/courts | https://www.bounce.game/pickleball/city/houston-texas-us/courts | https://www.bounce.game/pickleball/city/austin-texas-us/courts | https://www.bounce.game/pickleball/city/san-antonio-texas-us/courts
TX-0445,TX-0445-û,The App Powering Pickleball and Tennis,1 Court Permanent nets 3600 Locke Ln,Houston,77027,TX,https://www.bounce.game/,bounce.game,Indoor and outdoor,Indoor and Outdoor,Yes,424,https://www.bounce.game/ | https://www.bounce.game/courts | https://www.bounce.game/pickleball/city/new-york-new-york-us/courts | https://www.bounce.game/pickleball/city/dallas-texas-us/courts | https://www.bounce.game/pickleball/city/houston-texas-us/courts | https://www.bounce.game/pickleball/city/austin-texas-us/courts | https://www.bounce.game/pickleball/city/san-antonio-texas-us/courts
TX-0445,TX-0445-ü,The App Powering Pickleball and Tennis,4 Courts Permanent nets 14690 Memorial Dr,Houston,77079,TX,https://www.bounce.game/,bounce.game,Indoor and outdoor,Indoor and Outdoor,Yes,424,https://www.bounce.game/ | https://www.bounce.game/courts | https://www.bounce.game/pickleball/city/new-york-new-york-us/courts | https://www.bounce.game/pickleball/city/dallas-texas-us/courts | https://www.bounce.game/pickleball/city/houston-texas-us/courts | https://www.bounce.game/pickleball/city/austin-texas-us/courts | https://www.bounce.game/pickleball/city/san-antonio-texas-us/courts
TX-0445,TX-0445-ý,The App Powering Pickleball and Tennis,18600 Space Center Blvd,Houston,,TX,https://www.bounce.game/,bounce.game,Indoor and outdoor,Indoor and Outdoor,Yes,424,https://www.bounce.game/ | https://www.bounce.game/courts | https://www.bounce.game/pickleball/city/new-york-new-york-us/courts | https://www.bounce.game/pickleball/city/dallas-texas-us/courts | https://www.bounce.game/pickleball/city/houston-texas-us/courts | https://www.bounce.game/pickleball/city/austin-texas-us/courts | https://www.bounce.game/pickleball/city/san-antonio-texas-us/courts
TX-0445,TX-0445-þ,The App Powering Pickleball and Tennis,14729 Almeda School Rd,Houston,77047,TX,https://www.bounce.game/,bounce.game,Indoor and outdoor,Indoor and Outdoor,Yes,424,https://www.bounce.game/ | https://www.bounce.game/courts | https://www.bounce.game/pickleball/city/new-york-new-york-us/courts | https://www.bounce.game/pickleball/city/dallas-texas-us/courts | https://www.bounce.game/pickleball/city/houston-texas-us/courts | https://www.bounce.game/pickleball/city/austin-texas-us/courts | https://www.bounce.game/pickleball/city/san-antonio-texas-us/courts
TX-0445,TX-0445-ÿ,The App Powering Pickleball and Tennis,4 Courts Non-permanent nets 1331 Augusta Dr,Houston,77057,TX,https://www.bounce.game/,bounce.game,Indoor and outdoor,Indoor and Outdoor,Yes,424,https://www.bounce.game/ | https://www.bounce.game/courts | https://www.bounce.game/pickleball/city/new-york-new-york-us/courts | https://www.bounce.game/pickleball/city/dallas-texas-us/courts | https://www.bounce.game/pickleball/city/houston-texas-us/courts | https://www.bounce.game/pickleball/city/austin-texas-us/courts | https://www.bounce.game/pickleball/city/san-antonio-texas-us/courts
TX-0445,TX-0445-Ā,The App Powering Pickleball and Tennis,4 Courts Non-permanent nets 10622 Hirsch Rd,Houston,,TX,https://www.bounce.game/,bounce.game,Indoor and outdoor,Indoor and Outdoor,Yes,424,https://www.bounce.game/ | https://www.bounce.game/courts | https://www.bounce.game/pickleball/city/new-york-new-york-us/courts | https://www.bounce.game/pickleball/city/dallas-texas-us/courts | https://www.bounce.game/pickleball/city/houston-texas-us/courts | https://www.bounce.game/pickleball/city/austin-texas-us/courts | https://www.bounce.game/pickleball/city/san-antonio-texas-us/courts
TX-0445,TX-0445-ā,The App Powering Pickleball and Tennis,14111 Summerwood Lakes Dr,Houston,,TX,https://www.bounce.game/,bounce.game,Indoor and outdoor,Indoor and Outdoor,Yes,424,https://www.bounce.game/ | https://www.bounce.game/courts | https://www.bounce.game/pickleball/city/new-york-new-york-us/courts | https://www.bounce.game/pickleball/city/dallas-texas-us/courts | https://www.bounce.game/pickleball/city/houston-texas-us/courts | https://www.bounce.game/pickleball/city/austin-texas-us/courts | https://www.bounce.game/pickleball/city/san-antonio-texas-us/courts
TX-0445,TX-0445-Ă,The App Powering Pickleball and Tennis,4 Courts Permanent nets 5800 Uvalde Rd,Houston,,TX,https://www.bounce.game/,bounce.game,Indoor and outdoor,Indoor and Outdoor,Yes,424,https://www.bounce.game/ | https://www.bounce.game/courts | https://www.bounce.game/pickleball/city/new-york-new-york-us/courts | https://www.bounce.game/pickleball/city/dallas-texas-us/courts | https://www.bounce.game/pickleball/city/houston-texas-us/courts | https://www.bounce.game/pickleball/city/austin-texas-us/courts | https://www.bounce.game/pickleball/city/san-antonio-texas-us/courts
TX-0445,TX-0445-ă,The App Powering Pickleball and Tennis,8 Courts Permanent nets 1015 Hemphill St,Houston,77007,TX,https://www.bounce.game/,bounce.game,Indoor and outdoor,Indoor and Outdoor,Yes,424,https://www.bounce.game/ | https://www.bounce.game/courts | https://www.bounce.game/pickleball/city/new-york-new-york-us/courts | https://www.bounce.game/pickleball/city/dallas-texas-us/courts | https://www.bounce.game/pickleball/city/houston-texas-us/courts | https://www.bounce.game/pickleball/city/austin-texas-us/courts | https://www.bounce.game/pickleball/city/san-antonio-texas-us/courts
TX-0445,TX-0445-Ą,The App Powering Pickleball and Tennis,3 Courts Permanent nets 9729 Spaulding St,Houston,,TX,https://www.bounce.game/,bounce.game,Indoor and outdoor,Indoor and Outdoor,Yes,424,https://www.bounce.game/ | https://www.bounce.game/courts | https://www.bounce.game/pickleball/city/new-york-new-york-us/courts | https://www.bounce.game/pickleball/city/dallas-texas-us/courts | https://www.bounce.game/pickleball/city/houston-texas-us/courts | https://www.bounce.game/pickleball/city/austin-texas-us/courts | https://www.bounce.game/pickleball/city/san-antonio-texas-us/courts
TX-0445,TX-0445-ą,The App Powering Pickleball and Tennis,7101 Stella Link Rd,Houston,,TX,https://www.bounce.game/,bounce.game,Indoor and outdoor,Indoor and Outdoor,Yes,424,https://www.bounce.game/ | https://www.bounce.game/courts | https://www.bounce.game/pickleball/city/new-york-new-york-us/courts | https://www.bounce.game/pickleball/city/dallas-texas-us/courts | https://www.bounce.game/pickleball/city/houston-texas-us/courts | https://www.bounce.game/pickleball/city/austin-texas-us/courts | https://www.bounce.game/pickleball/city/san-antonio-texas-us/courts
TX-0445,TX-0445-Ć,The App Powering Pickleball and Tennis,15055 Wallisville Rd,Houston,,TX,https://www.bounce.game/,bounce.game,Indoor and outdoor,Indoor and Outdoor,Yes,424,https://www.bounce.game/ | https://www.bounce.game/courts | https://www.bounce.game/pickleball/city/new-york-new-york-us/courts | https://www.bounce.game/pickleball/city/dallas-texas-us/courts | https://www.bounce.game/pickleball/city/houston-texas-us/courts | https://www.bounce.game/pickleball/city/austin-texas-us/courts | https://www.bounce.game/pickleball/city/san-antonio-texas-us/courts
TX-0445,TX-0445-ć,The App Powering Pickleball and Tennis,3 Courts Non-permanent nets 6104 Auden St,Houston,77005,TX,https://www.bounce.game/,bounce.game,Indoor and outdoor,Indoor and Outdoor,Yes,424,https://www.bounce.game/ | https://www.bounce.game/courts | https://www.bounce.game/pickleball/city/new-york-new-york-us/courts | https://www.bounce.game/pickleball/city/dallas-texas-us/courts | https://www.bounce.game/pickleball/city/houston-texas-us/courts | https://www.bounce.game/pickleball/city/austin-texas-us/courts | https://www.bounce.game/pickleball/city/san-antonio-texas-us/courts
TX-0445,TX-0445-Ĉ,The App Powering Pickleball and Tennis,1 Court Non-permanent nets 14545 Bay Oaks Blvd,Houston,,TX,https://www.bounce.game/,bounce.game,Indoor and outdoor,Indoor and Outdoor,Yes,424,https://www.bounce.game/ | https://www.bounce.game/courts | https://www.bounce.game/pickleball/city/new-york-new-york-us/courts | https://www.bounce.game/pickleball/city/dallas-texas-us/courts | https://www.bounce.game/pickleball/city/houston-texas-us/courts | https://www.bounce.game/pickleball/city/austin-texas-us/courts | https://www.bounce.game/pickleball/city/san-antonio-texas-us/courts
TX-0445,TX-0445-ĉ,The App Powering Pickleball and Tennis,15 Courts Permanent nets 7615 Ameswood Rd,Houston,,TX,https://www.bounce.game/,bounce.game,Indoor and outdoor,Indoor and Outdoor,Yes,424,https://www.bounce.game/ | https://www.bounce.game/courts | https://www.bounce.game/pickleball/city/new-york-new-york-us/courts | https://www.bounce.game/pickleball/city/dallas-texas-us/courts | https://www.bounce.game/pickleball/city/houston-texas-us/courts | https://www.bounce.game/pickleball/city/austin-texas-us/courts | https://www.bounce.game/pickleball/city/san-antonio-texas-us/courts
TX-0445,TX-0445-Ċ,The App Powering Pickleball and Tennis,9000 W Bellfort Ave,Houston,,TX,https://www.bounce.game/,bounce.game,Indoor and outdoor,Indoor and Outdoor,Yes,424,https://www.bounce.game/ | https://www.bounce.game/courts | https://www.bounce.game/pickleball/city/new-york-new-york-us/courts | https://www.bounce.game/pickleball/city/dallas-texas-us/courts | https://www.bounce.game/pickleball/city/houston-texas-us/courts | https://www.bounce.game/pickleball/city/austin-texas-us/courts | https://www.bounce.game/pickleball/city/san-antonio-texas-us/courts
TX-0445,TX-0445-ċ,The App Powering Pickleball and Tennis,1 Court Non-permanent nets 1 Healthy Way,Houston,77046,TX,https://www.bounce.game/,bounce.game,Indoor and outdoor,Indoor and Outdoor,Yes,424,https://www.bounce.game/ | https://www.bounce.game/courts | https://www.bounce.game/pickleball/city/new-york-new-york-us/courts | https://www.bounce.game/pickleball/city/dallas-texas-us/courts | https://www.bounce.game/pickleball/city/houston-texas-us/courts | https://www.bounce.game/pickleball/city/austin-texas-us/courts | https://www.bounce.game/pickleball/city/san-antonio-texas-us/courts
TX-0445,TX-0445-Č,The App Powering Pickleball and Tennis,3 Courts Permanent nets 16725 Longenbaugh Dr,Houston,,TX,https://www.bounce.game/,bounce.game,Indoor and outdoor,Indoor and Outdoor,Yes,424,https://www.bounce.game/ | https://www.bounce.game/courts | https://www.bounce.game/pickleball/city/new-york-new-york-us/courts | https://www.bounce.game/pickleball/city/dallas-texas-us/courts | https://www.bounce.game/pickleball/city/houston-texas-us/courts | https://www.bounce.game/pickleball/city/austin-texas-us/courts | https://www.bounce.game/pickleball/city/san-antonio-texas-us/courts
TX-0445,TX-0445-č,The App Powering Pickleball and Tennis,8 Courts Permanent nets 3035 Crossview Dr,Houston,77063,TX,https://www.bounce.game/,bounce.game,Indoor and outdoor,Indoor and Outdoor,Yes,424,https://www.bounce.game/ | https://www.bounce.game/courts | https://www.bounce.game/pickleball/city/new-york-new-york-us/courts | https://www.bounce.game/pickleball/city/dallas-texas-us/courts | https://www.bounce.game/pickleball/city/houston-texas-us/courts | https://www.bounce.game/pickleball/city/austin-texas-us/courts | https://www.bounce.game/pickleball/city/san-antonio-texas-us/courts
TX-0445,TX-0445-Ď,The App Powering Pickleball and Tennis,17901 Kings Park Ln,Houston,,TX,https://www.bounce.game/,bounce.game,Indoor and outdoor,Indoor and Outdoor,Yes,424,https://www.bounce.game/ | https://www.bounce.game/courts | https://www.bounce.game/pickleball/city/new-york-new-york-us/courts | https://www.bounce.game/pickleball/city/dallas-texas-us/courts | https://www.bounce.game/pickleball/city/houston-texas-us/courts | https://www.bounce.game/pickleball/city/austin-texas-us/courts | https://www.bounce.game/pickleball/city/san-antonio-texas-us/courts
TX-0445,TX-0445-ď,The App Powering Pickleball and Tennis,11 Courts Non-permanent nets 554 Lockwood Dr,Houston,,TX,https://www.bounce.game/,bounce.game,Indoor and outdoor,Indoor and Outdoor,Yes,424,https://www.bounce.game/ | https://www.bounce.game/courts | https://www.bounce.game/pickleball/city/new-york-new-york-us/courts | https://www.bounce.game/pickleball/city/dallas-texas-us/courts | https://www.bounce.game/pickleball/city/houston-texas-us/courts | https://www.bounce.game/pickleball/city/austin-texas-us/courts | https://www.bounce.game/pickleball/city/san-antonio-texas-us/courts
TX-0445,TX-0445-Đ,The App Powering Pickleball and Tennis,9 Courts Permanent nets 11905 Bellaire Blvd,Houston,77072,TX,https://www.bounce.game/,bounce.game,Indoor and outdoor,Indoor and Outdoor,Yes,424,https://www.bounce.game/ | https://www.bounce.game/courts | https://www.bounce.game/pickleball/city/new-york-new-york-us/courts | https://www.bounce.game/pickleball/city/dallas-texas-us/courts | https://www.bounce.game/pickleball/city/houston-texas-us/courts | https://www.bounce.game/pickleball/city/austin-texas-us/courts | https://www.bounce.game/pickleball/city/san-antonio-texas-us/courts
TX-0445,TX-0445-đ,The App Powering Pickleball and Tennis,2 Courts Permanent nets 8725 Meadowcroft Dr,Houston,77063,TX,https://www.bounce.game/,bounce.game,Indoor and outdoor,Indoor and Outdoor,Yes,424,https://www.bounce.game/ | https://www.bounce.game/courts | https://www.bounce.game/pickleball/city/new-york-new-york-us/courts | https://www.bounce.game/pickleball/city/dallas-texas-us/courts | https://www.bounce.game/pickleball/city/houston-texas-us/courts | https://www.bounce.game/pickleball/city/austin-texas-us/courts | https://www.bounce.game/pickleball/city/san-antonio-texas-us/courts
TX-0445,TX-0445-Ē,The App Powering Pickleball and Tennis,2 Courts Permanent nets 14041 Westheimer Rd,Houston,,TX,https://www.bounce.game/,bounce.game,Indoor and outdoor,Indoor and Outdoor,Yes,424,https://www.bounce.game/ | https://www.bounce.game/courts | https://www.bounce.game/pickleball/city/new-york-new-york-us/courts | https://www.bounce.game/pickleball/city/dallas-texas-us/courts | https://www.bounce.game/pickleball/city/houston-texas-us/courts | https://www.bounce.game/pickleball/city/austin-texas-us/courts | https://www.bounce.game/pickleball/city/san-antonio-texas-us/courts
TX-0445,TX-0445-ē,The App Powering Pickleball and Tennis,4 Courts Permanent nets 65 Hirsch Rd,Houston,77020,TX,https://www.bounce.game/,bounce.game,Indoor and outdoor,Indoor and Outdoor,Yes,424,https://www.bounce.game/ | https://www.bounce.game/courts | https://www.bounce.game/pickleball/city/new-york-new-york-us/courts | https://www.bounce.game/pickleball/city/dallas-texas-us/courts | https://www.bounce.game/pickleball/city/houston-texas-us/courts | https://www.bounce.game/pickleball/city/austin-texas-us/courts | https://www.bounce.game/pickleball/city/san-antonio-texas-us/courts
TX-0445,TX-0445-Ĕ,The App Powering Pickleball and Tennis,6 Courts Permanent nets 4203 Fannin St,Houston,77004,TX,https://www.bounce.game/,bounce.game,Indoor and outdoor,Indoor and Outdoor,Yes,424,https://www.bounce.game/ | https://www.bounce.game/courts | https://www.bounce.game/pickleball/city/new-york-new-york-us/courts | https://www.bounce.game/pickleball/city/dallas-texas-us/courts | https://www.bounce.game/pickleball/city/houston-texas-us/courts | https://www.bounce.game/pickleball/city/austin-texas-us/courts | https://www.bounce.game/pickleball/city/san-antonio-texas-us/courts
TX-0445,TX-0445-ĕ,The App Powering Pickleball and Tennis,6 Courts Permanent nets 4040 Watonga Blvd,Houston,77092,TX,https://www.bounce.game/,bounce.game,Indoor and outdoor,Indoor and Outdoor,Yes,424,https://www.bounce.game/ | https://www.bounce.game/courts | https://www.bounce.game/pickleball/city/new-york-new-york-us/courts | https://www.bounce.game/pickleball/city/dallas-texas-us/courts | https://www.bounce.game/pickleball/city/houston-texas-us/courts | https://www.bounce.game/pickleball/city/austin-texas-us/courts | https://www.bounce.game/pickleball/city/san-antonio-texas-us/courts
TX-0445,TX-0445-Ė,The App Powering Pickleball and Tennis,3 Courts Non-permanent nets 610 West 6th Street,Houston,,TX,https://www.bounce.game/,bounce.game,Indoor and outdoor,Indoor and Outdoor,Yes,424,https://www.bounce.game/ | https://www.bounce.game/courts | https://www.bounce.game/pickleball/city/new-york-new-york-us/courts | https://www.bounce.game/pickleball/city/dallas-texas-us/courts | https://www.bounce.game/pickleball/city/houston-texas-us/courts | https://www.bounce.game/pickleball/city/austin-texas-us/courts | https://www.bounce.game/pickleball/city/san-antonio-texas-us/courts
TX-0445,TX-0445-ė,The App Powering Pickleball and Tennis,15819 Tuckerton Rd,Houston,77095,TX,https://www.bounce.game/,bounce.game,Indoor and outdoor,Indoor and Outdoor,Yes,424,https://www.bounce.game/ | https://www.bounce.game/courts | https://www.bounce.game/pickleball/city/new-york-new-york-us/courts | https://www.bounce.game/pickleball/city/dallas-texas-us/courts | https://www.bounce.game/pickleball/city/houston-texas-us/courts | https://www.bounce.game/pickleball/city/austin-texas-us/courts | https://www.bounce.game/pickleball/city/san-antonio-texas-us/courts
TX-0445,TX-0445-Ę,The App Powering Pickleball and Tennis,1055 Conrad Sauer Dr,Houston,77043,TX,https://www.bounce.game/,bounce.game,Indoor and outdoor,Indoor and Outdoor,Yes,424,https://www.bounce.game/ | https://www.bounce.game/courts | https://www.bounce.game/pickleball/city/new-york-new-york-us/courts | https://www.bounce.game/pickleball/city/dallas-texas-us/courts | https://www.bounce.game/pickleball/city/houston-texas-us/courts | https://www.bounce.game/pickleball/city/austin-texas-us/courts | https://www.bounce.game/pickleball/city/san-antonio-texas-us/courts
TX-0445,TX-0445-ę,The App Powering Pickleball and Tennis,2 Courts Permanent nets 6224 Theall Road,Houston,77066,TX,https://www.bounce.game/,bounce.game,Indoor and outdoor,Indoor and Outdoor,Yes,424,https://www.bounce.game/ | https://www.bounce.game/courts | https://www.bounce.game/pickleball/city/new-york-new-york-us/courts | https://www.bounce.game/pickleball/city/dallas-texas-us/courts | https://www.bounce.game/pickleball/city/houston-texas-us/courts | https://www.bounce.game/pickleball/city/austin-texas-us/courts | https://www.bounce.game/pickleball/city/san-antonio-texas-us/courts
TX-0445,TX-0445-Ě,The App Powering Pickleball and Tennis,17 Courts Permanent nets 10506 Kinghurst Dr,Houston,77099,TX,https://www.bounce.game/,bounce.game,Indoor and outdoor,Indoor and Outdoor,Yes,424,https://www.bounce.game/ | https://www.bounce.game/courts | https://www.bounce.game/pickleball/city/new-york-new-york-us/courts | https://www.bounce.game/pickleball/city/dallas-texas-us/courts | https://www.bounce.game/pickleball/city/houston-texas-us/courts | https://www.bounce.game/pickleball/city/austin-texas-us/courts | https://www.bounce.game/pickleball/city/san-antonio-texas-us/courts
TX-0445,TX-0445-ě,The App Powering Pickleball and Tennis,2910 Royal Oaks Club Drive,Houston,,TX,https://www.bounce.game/,bounce.game,Indoor and outdoor,Indoor and Outdoor,Yes,424,https://www.bounce.game/ | https://www.bounce.game/courts | https://www.bounce.game/pickleball/city/new-york-new-york-us/courts | https://www.bounce.game/pickleball/city/dallas-texas-us/courts | https://www.bounce.game/pickleball/city/houston-texas-us/courts | https://www.bounce.game/pickleball/city/austin-texas-us/courts | https://www.bounce.game/pickleball/city/san-antonio-texas-us/courts
TX-0445,TX-0445-Ĝ,The App Powering Pickleball and Tennis,4 Courts Non-permanent nets 1112 Shepherd Dr,Houston,77007,TX,https://www.bounce.game/,bounce.game,Indoor and outdoor,Indoor and Outdoor,Yes,424,https://www.bounce.game/ | https://www.bounce.game/courts | https://www.bounce.game/pickleball/city/new-york-new-york-us/courts | https://www.bounce.game/pickleball/city/dallas-texas-us/courts | https://www.bounce.game/pickleball/city/houston-texas-us/courts | https://www.bounce.game/pickleball/city/austin-texas-us/courts | https://www.bounce.game/pickleball/city/san-antonio-texas-us/courts
TX-0445,TX-0445-ĝ,The App Powering Pickleball and Tennis,2 Cutten Rd,Houston,77066,TX,https://www.bounce.game/,bounce.game,Indoor and outdoor,Indoor and Outdoor,Yes,424,https://www.bounce.game/ | https://www.bounce.game/courts | https://www.bounce.game/pickleball/city/new-york-new-york-us/courts | https://www.bounce.game/pickleball/city/dallas-texas-us/courts | https://www.bounce.game/pickleball/city/houston-texas-us/courts | https://www.bounce.game/pickleball/city/austin-texas-us/courts | https://www.bounce.game/pickleball/city/san-antonio-texas-us/courts
TX-0445,TX-0445-Ğ,The App Powering Pickleball and Tennis,6 Courts Permanent nets 1220 Blalock Road,Houston,,TX,https://www.bounce.game/,bounce.game,Indoor and outdoor,Indoor and Outdoor,Yes,424,https://www.bounce.game/ | https://www.bounce.game/courts | https://www.bounce.game/pickleball/city/new-york-new-york-us/courts | https://www.bounce.game/pickleball/city/dallas-texas-us/courts | https://www.bounce.game/pickleball/city/houston-texas-us/courts | https://www.bounce.game/pickleball/city/austin-texas-us/courts | https://www.bounce.game/pickleball/city/san-antonio-texas-us/courts
TX-0445,TX-0445-ğ,The App Powering Pickleball and Tennis,4112 Washington Ave,Houston,77007,TX,https://www.bounce.game/,bounce.game,Indoor and outdoor,Indoor and Outdoor,Yes,424,https://www.bounce.game/ | https://www.bounce.game/courts | https://www.bounce.game/pickleball/city/new-york-new-york-us/courts | https://www.bounce.game/pickleball/city/dallas-texas-us/courts | https://www.bounce.game/pickleball/city/houston-texas-us/courts | https://www.bounce.game/pickleball/city/austin-texas-us/courts | https://www.bounce.game/pickleball/city/san-antonio-texas-us/courts
TX-0445,TX-0445-Ġ,The App Powering Pickleball and Tennis,1 Court Permanent nets 11260 Hempstead Highway,Houston,77092,TX,https://www.bounce.game/,bounce.game,Indoor and outdoor,Indoor and Outdoor,Yes,424,https://www.bounce.game/ | https://www.bounce.game/courts | https://www.bounce.game/pickleball/city/new-york-new-york-us/courts | https://www.bounce.game/pickleball/city/dallas-texas-us/courts | https://www.bounce.game/pickleball/city/houston-texas-us/courts | https://www.bounce.game/pickleball/city/austin-texas-us/courts | https://www.bounce.game/pickleball/city/san-antonio-texas-us/courts
TX-0445,TX-0445-ġ,The App Powering Pickleball and Tennis,4 Courts Permanent nets 11250 Steeple Way Blvd,Houston,77065,TX,https://www.bounce.game/,bounce.game,Indoor and outdoor,Indoor and Outdoor,Yes,424,https://www.bounce.game/ | https://www.bounce.game/courts | https://www.bounce.game/pickleball/city/new-york-new-york-us/courts | https://www.bounce.game/pickleball/city/dallas-texas-us/courts | https://www.bounce.game/pickleball/city/houston-texas-us/courts | https://www.bounce.game/pickleball/city/austin-texas-us/courts | https://www.bounce.game/pickleball/city/san-antonio-texas-us/courts
TX-0445,TX-0445-Ģ,The App Powering Pickleball and Tennis,2 Courts Permanent nets 5601 S Braeswood Blvd,Houston,77096,TX,https://www.bounce.game/,bounce.game,Indoor and outdoor,Indoor and Outdoor,Yes,424,https://www.bounce.game/ | https://www.bounce.game/courts | https://www.bounce.game/pickleball/city/new-york-new-york-us/courts | https://www.bounce.game/pickleball/city/dallas-texas-us/courts | https://www.bounce.game/pickleball/city/houston-texas-us/courts | https://www.bounce.game/pickleball/city/austin-texas-us/courts | https://www.bounce.game/pickleball/city/san-antonio-texas-us/courts
TX-0445,TX-0445-ģ,The App Powering Pickleball and Tennis,10 Courts Non-permanent nets 9950 Memorial Dr,Houston,,TX,https://www.bounce.game/,bounce.game,Indoor and outdoor,Indoor and Outdoor,Yes,424,https://www.bounce.game/ | https://www.bounce.game/courts | https://www.bounce.game/pickleball/city/new-york-new-york-us/courts | https://www.bounce.game/pickleball/city/dallas-texas-us/courts | https://www.bounce.game/pickleball/city/houston-texas-us/courts | https://www.bounce.game/pickleball/city/austin-texas-us/courts | https://www.bounce.game/pickleball/city/san-antonio-texas-us/courts
TX-0445,TX-0445-Ĥ,The App Powering Pickleball and Tennis,9 Courts Permanent nets 10709 Memorial Dr,Houston,,TX,https://www.bounce.game/,bounce.game,Indoor and outdoor,Indoor and Outdoor,Yes,424,https://www.bounce.game/ | https://www.bounce.game/courts | https://www.bounce.game/pickleball/city/new-york-new-york-us/courts | https://www.bounce.game/pickleball/city/dallas-texas-us/courts | https://www.bounce.game/pickleball/city/houston-texas-us/courts | https://www.bounce.game/pickleball/city/austin-texas-us/courts | https://www.bounce.game/pickleball/city/san-antonio-texas-us/courts
TX-0445,TX-0445-ĥ,The App Powering Pickleball and Tennis,40 Courts Permanent nets 5015 Westheimer Rd,Houston,77056,TX,https://www.bounce.game/,bounce.game,Indoor and outdoor,Indoor and Outdoor,Yes,424,https://www.bounce.game/ | https://www.bounce.game/courts | https://www.bounce.game/pickleball/city/new-york-new-york-us/courts | https://www.bounce.game/pickleball/city/dallas-texas-us/courts | https://www.bounce.game/pickleball/city/houston-texas-us/courts | https://www.bounce.game/pickleball/city/austin-texas-us/courts | https://www.bounce.game/pickleball/city/san-antonio-texas-us/courts
TX-0445,TX-0445-Ħ,The App Powering Pickleball and Tennis,4 Courts Permanent nets 12805 Boheme Drive,Houston,77024,TX,https://www.bounce.game/,bounce.game,Indoor and outdoor,Indoor and Outdoor,Yes,424,https://www.bounce.game/ | https://www.bounce.game/courts | https://www.bounce.game/pickleball/city/new-york-new-york-us/courts | https://www.bounce.game/pickleball/city/dallas-texas-us/courts | https://www.bounce.game/pickleball/city/houston-texas-us/courts | https://www.bounce.game/pickleball/city/austin-texas-us/courts | https://www.bounce.game/pickleball/city/san-antonio-texas-us/courts
TX-0445,TX-0445-ħ,The App Powering Pickleball and Tennis,15006 Lakewood Forest Drive,Houston,77070,TX,https://www.bounce.game/,bounce.game,Indoor and outdoor,Indoor and Outdoor,Yes,424,https://www.bounce.game/ | https://www.bounce.game/courts | https://www.bounce.game/pickleball/city/new-york-new-york-us/courts | https://www.bounce.game/pickleball/city/dallas-texas-us/courts | https://www.bounce.game/pickleball/city/houston-texas-us/courts | https://www.bounce.game/pickleball/city/austin-texas-us/courts | https://www.bounce.game/pickleball/city/san-antonio-texas-us/courts
TX-0445,TX-0445-Ĩ,The App Powering Pickleball and Tennis,8 Courts Permanent nets 12539 Perry Rd,Houston,77070,TX,https://www.bounce.game/,bounce.game,Indoor and outdoor,Indoor and Outdoor,Yes,424,https://www.bounce.game/ | https://www.bounce.game/courts | https://www.bounce.game/pickleball/city/new-york-new-york-us/courts | https://www.bounce.game/pickleball/city/dallas-texas-us/courts | https://www.bounce.game/pickleball/city/houston-texas-us/courts | https://www.bounce.game/pickleball/city/austin-texas-us/courts | https://www.bounce.game/pickleball/city/san-antonio-texas-us/courts
TX-0445,TX-0445-ĩ,The App Powering Pickleball and Tennis,25 miles 7008 5th St,Bellaire,,TX,https://www.bounce.game/,bounce.game,Indoor and outdoor,Indoor and Outdoor,Yes,424,https://www.bounce.game/ | https://www.bounce.game/courts | https://www.bounce.game/pickleball/city/new-york-new-york-us/courts | https://www.bounce.game/pickleball/city/dallas-texas-us/courts | https://www.bounce.game/pickleball/city/houston-texas-us/courts | https://www.bounce.game/pickleball/city/austin-texas-us/courts | https://www.bounce.game/pickleball/city/san-antonio-texas-us/courts
TX-0445,TX-0445-Ī,The App Powering Pickleball and Tennis,5 Courts Permanent nets 10550 W Airport Blvd,Stafford,,TX,https://www.bounce.game/,bounce.game,Indoor and outdoor,Indoor and Outdoor,Yes,424,https://www.bounce.game/ | https://www.bounce.game/courts | https://www.bounce.game/pickleball/city/new-york-new-york-us/courts | https://www.bounce.game/pickleball/city/dallas-texas-us/courts | https://www.bounce.game/pickleball/city/houston-texas-us/courts | https://www.bounce.game/pickleball/city/austin-texas-us/courts | https://www.bounce.game/pickleball/city/san-antonio-texas-us/courts
TX-0445,TX-0445-ī,The App Powering Pickleball and Tennis,2910 Southmore Ave,Pasadena,77503,TX,https://www.bounce.game/,bounce.game,Indoor and outdoor,Indoor and Outdoor,Yes,424,https://www.bounce.game/ | https://www.bounce.game/courts | https://www.bounce.game/pickleball/city/new-york-new-york-us/courts | https://www.bounce.game/pickleball/city/dallas-texas-us/courts | https://www.bounce.game/pickleball/city/houston-texas-us/courts | https://www.bounce.game/pickleball/city/austin-texas-us/courts | https://www.bounce.game/pickleball/city/san-antonio-texas-us/courts
TX-0445,TX-0445-Ĭ,The App Powering Pickleball and Tennis,15607 Roscobie Park Drive,Atascocita,,TX,https://www.bounce.game/,bounce.game,Indoor and outdoor,Indoor and Outdoor,Yes,424,https://www.bounce.game/ | https://www.bounce.game/courts | https://www.bounce.game/pickleball/city/new-york-new-york-us/courts | https://www.bounce.game/pickleball/city/dallas-texas-us/courts | https://www.bounce.game/pickleball/city/houston-texas-us/courts | https://www.bounce.game/pickleball/city/austin-texas-us/courts | https://www.bounce.game/pickleball/city/san-antonio-texas-us/courts
TX-0445,TX-0445-ĭ,The App Powering Pickleball and Tennis,1 Court Permanent nets 2701 Cypress Point Dr,Missouri City,77459,TX,https://www.bounce.game/,bounce.game,Indoor and outdoor,Indoor and Outdoor,Yes,424,https://www.bounce.game/ | https://www.bounce.game/courts | https://www.bounce.game/pickleball/city/new-york-new-york-us/courts | https://www.bounce.game/pickleball/city/dallas-texas-us/courts | https://www.bounce.game/pickleball/city/houston-texas-us/courts | https://www.bounce.game/pickleball/city/austin-texas-us/courts | https://www.bounce.game/pickleball/city/san-antonio-texas-us/courts
TX-0445,TX-0445-Į,The App Powering Pickleball and Tennis,1314 Sheffield Drive,Missouri City,,TX,https://www.bounce.game/,bounce.game,Indoor and outdoor,Indoor and Outdoor,Yes,424,https://www.bounce.game/ | https://www.bounce.game/courts | https://www.bounce.game/pickleball/city/new-york-new-york-us/courts | https://www.bounce.game/pickleball/city/dallas-texas-us/courts | https://www.bounce.game/pickleball/city/houston-texas-us/courts | https://www.bounce.game/pickleball/city/austin-texas-us/courts | https://www.bounce.game/pickleball/city/san-antonio-texas-us/courts
TX-0445,TX-0445-į,The App Powering Pickleball and Tennis,4 Courts Permanent nets 315 Luella Ave,Deer Park,77536,TX,https://www.bounce.game/,bounce.game,Indoor and outdoor,Indoor and Outdoor,Yes,424,https://www.bounce.game/ | https://www.bounce.game/courts | https://www.bounce.game/pickleball/city/new-york-new-york-us/courts | https://www.bounce.game/pickleball/city/dallas-texas-us/courts | https://www.bounce.game/pickleball/city/houston-texas-us/courts | https://www.bounce.game/pickleball/city/austin-texas-us/courts | https://www.bounce.game/pickleball/city/san-antonio-texas-us/courts
TX-0445,TX-0445-İ,The App Powering Pickleball and Tennis,17623 Moss Point Dr,Spring,77379,TX,https://www.bounce.game/,bounce.game,Indoor and outdoor,Indoor and Outdoor,Yes,424,https://www.bounce.game/ | https://www.bounce.game/courts | https://www.bounce.game/pickleball/city/new-york-new-york-us/courts | https://www.bounce.game/pickleball/city/dallas-texas-us/courts | https://www.bounce.game/pickleball/city/houston-texas-us/courts | https://www.bounce.game/pickleball/city/austin-texas-us/courts | https://www.bounce.game/pickleball/city/san-antonio-texas-us/courts
TX-0445,TX-0445-ı,The App Powering Pickleball and Tennis,610 E San Augustine St,Deer Park,77536,TX,https://www.bounce.game/,bounce.game,Indoor and outdoor,Indoor and Outdoor,Yes,424,https://www.bounce.game/ | https://www.bounce.game/courts | https://www.bounce.game/pickleball/city/new-york-new-york-us/courts | https://www.bounce.game/pickleball/city/dallas-texas-us/courts | https://www.bounce.game/pickleball/city/houston-texas-us/courts | https://www.bounce.game/pickleball/city/austin-texas-us/courts | https://www.bounce.game/pickleball/city/san-antonio-texas-us/courts
TX-0445,TX-0445-Ĳ,The App Powering Pickleball and Tennis,4 Courts Permanent nets 16400 Sir William Dr,Spring,,TX,https://www.bounce.game/,bounce.game,Indoor and outdoor,Indoor and Outdoor,Yes,424,https://www.bounce.game/ | https://www.bounce.game/courts | https://www.bounce.game/pickleball/city/new-york-new-york-us/courts | https://www.bounce.game/pickleball/city/dallas-texas-us/courts | https://www.bounce.game/pickleball/city/houston-texas-us/courts | https://www.bounce.game/pickleball/city/austin-texas-us/courts | https://www.bounce.game/pickleball/city/san-antonio-texas-us/courts
TX-0445,TX-0445-ĳ,The App Powering Pickleball and Tennis,4 Courts Permanent nets 6901 Fairmont Pkwy,Pasadena,,TX,https://www.bounce.game/,bounce.game,Indoor and outdoor,Indoor and Outdoor,Yes,424,https://www.bounce.game/ | https://www.bounce.game/courts | https://www.bounce.game/pickleball/city/new-york-new-york-us/courts | https://www.bounce.game/pickleball/city/dallas-texas-us/courts | https://www.bounce.game/pickleball/city/houston-texas-us/courts | https://www.bounce.game/pickleball/city/austin-texas-us/courts | https://www.bounce.game/pickleball/city/san-antonio-texas-us/courts
TX-0445,TX-0445-Ĵ,The App Powering Pickleball and Tennis,3 Courts Non-permanent nets 321 7th St,Sugar Land,77498,TX,https://www.bounce.game/,bounce.game,Indoor and outdoor,Indoor and Outdoor,Yes,424,https://www.bounce.game/ | https://www.bounce.game/courts | https://www.bounce.game/pickleball/city/new-york-new-york-us/courts | https://www.bounce.game/pickleball/city/dallas-texas-us/courts | https://www.bounce.game/pickleball/city/houston-texas-us/courts | https://www.bounce.game/pickleball/city/austin-texas-us/courts | https://www.bounce.game/pickleball/city/san-antonio-texas-us/courts
TX-0445,TX-0445-ĵ,The App Powering Pickleball and Tennis,4433 Cartwright Rd,Missouri City,77459,TX,https://www.bounce.game/,bounce.game,Indoor and outdoor,Indoor and Outdoor,Yes,424,https://www.bounce.game/ | https://www.bounce.game/courts | https://www.bounce.game/pickleball/city/new-york-new-york-us/courts | https://www.bounce.game/pickleball/city/dallas-texas-us/courts | https://www.bounce.game/pickleball/city/houston-texas-us/courts | https://www.bounce.game/pickleball/city/austin-texas-us/courts | https://www.bounce.game/pickleball/city/san-antonio-texas-us/courts
TX-0445,TX-0445-Ķ,The App Powering Pickleball and Tennis,5200 Woodville Ln,Spring,77379,TX,https://www.bounce.game/,bounce.game,Indoor and outdoor,Indoor and Outdoor,Yes,424,https://www.bounce.game/ | https://www.bounce.game/courts | https://www.bounce.game/pickleball/city/new-york-new-york-us/courts | https://www.bounce.game/pickleball/city/dallas-texas-us/courts | https://www.bounce.game/pickleball/city/houston-texas-us/courts | https://www.bounce.game/pickleball/city/austin-texas-us/courts | https://www.bounce.game/pickleball/city/san-antonio-texas-us/courts
TX-0445,TX-0445-ķ,The App Powering Pickleball and Tennis,15700 Old Richmond Rd.,Sugar Land,77498,TX,https://www.bounce.game/,bounce.game,Indoor and outdoor,Indoor and Outdoor,Yes,424,https://www.bounce.game/ | https://www.bounce.game/courts | https://www.bounce.game/pickleball/city/new-york-new-york-us/courts | https://www.bounce.game/pickleball/city/dallas-texas-us/courts | https://www.bounce.game/pickleball/city/houston-texas-us/courts | https://www.bounce.game/pickleball/city/austin-texas-us/courts | https://www.bounce.game/pickleball/city/san-antonio-texas-us/courts
TX-0445,TX-0445-ĸ,The App Powering Pickleball and Tennis,3018 Cumberland Dr,Missouri City,77459,TX,https://www.bounce.game/,bounce.game,Indoor and outdoor,Indoor and Outdoor,Yes,424,https://www.bounce.game/ | https://www.bounce.game/courts | https://www.bounce.game/pickleball/city/new-york-new-york-us/courts | https://www.bounce.game/pickleball/city/dallas-texas-us/courts | https://www.bounce.game/pickleball/city/houston-texas-us/courts | https://www.bounce.game/pickleball/city/austin-texas-us/courts | https://www.bounce.game/pickleball/city/san-antonio-texas-us/courts
TX-0445,TX-0445-Ĺ,The App Powering Pickleball and Tennis,3 Courts Permanent nets 4141 Bailey Rd,Pearland,77584,TX,https://www.bounce.game/,bounce.game,Indoor and outdoor,Indoor and Outdoor,Yes,424,https://www.bounce.game/ | https://www.bounce.game/courts | https://www.bounce.game/pickleball/city/new-york-new-york-us/courts | https://www.bounce.game/pickleball/city/dallas-texas-us/courts | https://www.bounce.game/pickleball/city/houston-texas-us/courts | https://www.bounce.game/pickleball/city/austin-texas-us/courts | https://www.bounce.game/pickleball/city/san-antonio-texas-us/courts
TX-0445,TX-0445-ĺ,The App Powering Pickleball and Tennis,6 Courts Non-permanent nets 4102 Veterans Dr,Pearland,77584,TX,https://www.bounce.game/,bounce.game,Indoor and outdoor,Indoor and Outdoor,Yes,424,https://www.bounce.game/ | https://www.bounce.game/courts | https://www.bounce.game/pickleball/city/new-york-new-york-us/courts | https://www.bounce.game/pickleball/city/dallas-texas-us/courts | https://www.bounce.game/pickleball/city/houston-texas-us/courts | https://www.bounce.game/pickleball/city/austin-texas-us/courts | https://www.bounce.game/pickleball/city/san-antonio-texas-us/courts
TX-0445,TX-0445-Ļ,The App Powering Pickleball and Tennis,17440 Theiss Mail Route Rd,Spring,,TX,https://www.bounce.game/,bounce.game,Indoor and outdoor,Indoor and Outdoor,Yes,424,https://www.bounce.game/ | https://www.bounce.game/courts | https://www.bounce.game/pickleball/city/new-york-new-york-us/courts | https://www.bounce.game/pickleball/city/dallas-texas-us/courts | https://www.bounce.game/pickleball/city/houston-texas-us/courts | https://www.bounce.game/pickleball/city/austin-texas-us/courts | https://www.bounce.game/pickleball/city/san-antonio-texas-us/courts
TX-0445,TX-0445-ļ,The App Powering Pickleball and Tennis,20100 Holzwarth Rd,Spring,77388,TX,https://www.bounce.game/,bounce.game,Indoor and outdoor,Indoor and Outdoor,Yes,424,https://www.bounce.game/ | https://www.bounce.game/courts | https://www.bounce.game/pickleball/city/new-york-new-york-us/courts | https://www.bounce.game/pickleball/city/dallas-texas-us/courts | https://www.bounce.game/pickleball/city/houston-texas-us/courts | https://www.bounce.game/pickleball/city/austin-texas-us/courts | https://www.bounce.game/pickleball/city/san-antonio-texas-us/courts
TX-0445,TX-0445-Ľ,The App Powering Pickleball and Tennis,19 Courts Permanent nets 234 Matlage Way,Sugar Land,,TX,https://www.bounce.game/,bounce.game,Indoor and outdoor,Indoor and Outdoor,Yes,424,https://www.bounce.game/ | https://www.bounce.game/courts | https://www.bounce.game/pickleball/city/new-york-new-york-us/courts | https://www.bounce.game/pickleball/city/dallas-texas-us/courts | https://www.bounce.game/pickleball/city/houston-texas-us/courts | https://www.bounce.game/pickleball/city/austin-texas-us/courts | https://www.bounce.game/pickleball/city/san-antonio-texas-us/courts
TX-0445,TX-0445-ľ,The App Powering Pickleball and Tennis,12803 Mcswain Rd,Cypress,77429,TX,https://www.bounce.game/,bounce.game,Indoor and outdoor,Indoor and Outdoor,Yes,424,https://www.bounce.game/ | https://www.bounce.game/courts | https://www.bounce.game/pickleball/city/new-york-new-york-us/courts | https://www.bounce.game/pickleball/city/dallas-texas-us/courts | https://www.bounce.game/pickleball/city/houston-texas-us/courts | https://www.bounce.game/pickleball/city/austin-texas-us/courts | https://www.bounce.game/pickleball/city/san-antonio-texas-us/courts
TX-0445,TX-0445-Ŀ,The App Powering Pickleball and Tennis,8920 Barker Cypress Rd,Cypress,77433,TX,https://www.bounce.game/,bounce.game,Indoor and outdoor,Indoor and Outdoor,Yes,424,https://www.bounce.game/ | https://www.bounce.game/courts | https://www.bounce.game/pickleball/city/new-york-new-york-us/courts | https://www.bounce.game/pickleball/city/dallas-texas-us/courts | https://www.bounce.game/pickleball/city/houston-texas-us/courts | https://www.bounce.game/pickleball/city/austin-texas-us/courts | https://www.bounce.game/pickleball/city/san-antonio-texas-us/courts
TX-0445,TX-0445-ŀ,The App Powering Pickleball and Tennis,1705 Woodland Hills Dr,Houston,77339,TX,https://www.bounce.game/,bounce.game,Indoor and outdoor,Indoor and Outdoor,Yes,424,https://www.bounce.game/ | https://www.bounce.game/courts | https://www.bounce.game/pickleball/city/new-york-new-york-us/courts | https://www.bounce.game/pickleball/city/dallas-texas-us/courts | https://www.bounce.game/pickleball/city/houston-texas-us/courts | https://www.bounce.game/pickleball/city/austin-texas-us/courts | https://www.bounce.game/pickleball/city/san-antonio-texas-us/courts
TX-0445,TX-0445-Ł,The App Powering Pickleball and Tennis,20515 West Lake Houston Parkway,Humble,77346,TX,https://www.bounce.game/,bounce.game,Indoor and outdoor,Indoor and Outdoor,Yes,424,https://www.bounce.game/ | https://www.bounce.game/courts | https://www.bounce.game/pickleball/city/new-york-new-york-us/courts | https://www.bounce.game/pickleball/city/dallas-texas-us/courts | https://www.bounce.game/pickleball/city/houston-texas-us/courts | https://www.bounce.game/pickleball/city/austin-texas-us/courts | https://www.bounce.game/pickleball/city/san-antonio-texas-us/courts
TX-0445,TX-0445-ł,The App Powering Pickleball and Tennis,11703 Spring Cypress Road,Tomball,,TX,https://www.bounce.game/,bounce.game,Indoor and outdoor,Indoor and Outdoor,Yes,424,https://www.bounce.game/ | https://www.bounce.game/courts | https://www.bounce.game/pickleball/city/new-york-new-york-us/courts | https://www.bounce.game/pickleball/city/dallas-texas-us/courts | https://www.bounce.game/pickleball/city/houston-texas-us/courts | https://www.bounce.game/pickleball/city/austin-texas-us/courts | https://www.bounce.game/pickleball/city/san-antonio-texas-us/courts
TX-0445,TX-0445-Ń,The App Powering Pickleball and Tennis,18100 Walden Forest Dr,Humble,,TX,https://www.bounce.game/,bounce.game,Indoor and outdoor,Indoor and Outdoor,Yes,424,https://www.bounce.game/ | https://www.bounce.game/courts | https://www.bounce.game/pickleball/city/new-york-new-york-us/courts | https://www.bounce.game/pickleball/city/dallas-texas-us/courts | https://www.bounce.game/pickleball/city/houston-texas-us/courts | https://www.bounce.game/pickleball/city/austin-texas-us/courts | https://www.bounce.game/pickleball/city/san-antonio-texas-us/courts
TX-0445,TX-0445-ń,The App Powering Pickleball and Tennis,1207 Price Plaza Dr,Katy,77449,TX,https://www.bounce.game/,bounce.game,Indoor and outdoor,Indoor and Outdoor,Yes,424,https://www.bounce.game/ | https://www.bounce.game/courts | https://www.bounce.game/pickleball/city/new-york-new-york-us/courts | https://www.bounce.game/pickleball/city/dallas-texas-us/courts | https://www.bounce.game/pickleball/city/houston-texas-us/courts | https://www.bounce.game/pickleball/city/austin-texas-us/courts | https://www.bounce.game/pickleball/city/san-antonio-texas-us/courts
TX-0445,TX-0445-Ņ,The App Powering Pickleball and Tennis,12995 Longwood Trace Dr,Cypress,,TX,https://www.bounce.game/,bounce.game,Indoor and outdoor,Indoor and Outdoor,Yes,424,https://www.bounce.game/ | https://www.bounce.game/courts | https://www.bounce.game/pickleball/city/new-york-new-york-us/courts | https://www.bounce.game/pickleball/city/dallas-texas-us/courts | https://www.bounce.game/pickleball/city/houston-texas-us/courts | https://www.bounce.game/pickleball/city/austin-texas-us/courts | https://www.bounce.game/pickleball/city/san-antonio-texas-us/courts
TX-0445,TX-0445-ņ,The App Powering Pickleball and Tennis,18353 University Blvd,Sugar Land,,TX,https://www.bounce.game/,bounce.game,Indoor and outdoor,Indoor and Outdoor,Yes,424,https://www.bounce.game/ | https://www.bounce.game/courts | https://www.bounce.game/pickleball/city/new-york-new-york-us/courts | https://www.bounce.game/pickleball/city/dallas-texas-us/courts | https://www.bounce.game/pickleball/city/houston-texas-us/courts | https://www.bounce.game/pickleball/city/austin-texas-us/courts | https://www.bounce.game/pickleball/city/san-antonio-texas-us/courts
TX-0445,TX-0445-Ň,The App Powering Pickleball and Tennis,2 Courts Permanent nets 8440 Greenhouse Rd,Cypress,77433,TX,https://www.bounce.game/,bounce.game,Indoor and outdoor,Indoor and Outdoor,Yes,424,https://www.bounce.game/ | https://www.bounce.game/courts | https://www.bounce.game/pickleball/city/new-york-new-york-us/courts | https://www.bounce.game/pickleball/city/dallas-texas-us/courts | https://www.bounce.game/pickleball/city/houston-texas-us/courts | https://www.bounce.game/pickleball/city/austin-texas-us/courts | https://www.bounce.game/pickleball/city/san-antonio-texas-us/courts
TX-0445,TX-0445-ň,The App Powering Pickleball and Tennis,12950 Barker Cypress Rd,Cypress,,TX,https://www.bounce.game/,bounce.game,Indoor and outdoor,Indoor and Outdoor,Yes,424,https://www.bounce.game/ | https://www.bounce.game/courts | https://www.bounce.game/pickleball/city/new-york-new-york-us/courts | https://www.bounce.game/pickleball/city/dallas-texas-us/courts | https://www.bounce.game/pickleball/city/houston-texas-us/courts | https://www.bounce.game/pickleball/city/austin-texas-us/courts | https://www.bounce.game/pickleball/city/san-antonio-texas-us/courts
TX-0445,TX-0445-ŉ,The App Powering Pickleball and Tennis,20700 Atascocita Shores Drive,Humble,,TX,https://www.bounce.game/,bounce.game,Indoor and outdoor,Indoor and Outdoor,Yes,424,https://www.bounce.game/ | https://www.bounce.game/courts | https://www.bounce.game/pickleball/city/new-york-new-york-us/courts | https://www.bounce.game/pickleball/city/dallas-texas-us/courts | https://www.bounce.game/pickleball/city/houston-texas-us/courts | https://www.bounce.game/pickleball/city/austin-texas-us/courts | https://www.bounce.game/pickleball/city/san-antonio-texas-us/courts
TX-0445,TX-0445-Ŋ,The App Powering Pickleball and Tennis,2 Courts Permanent nets 21055 Westheimer Pkwy,Katy,,TX,https://www.bounce.game/,bounce.game,Indoor and outdoor,Indoor and Outdoor,Yes,424,https://www.bounce.game/ | https://www.bounce.game/courts | https://www.bounce.game/pickleball/city/new-york-new-york-us/courts | https://www.bounce.game/pickleball/city/dallas-texas-us/courts | https://www.bounce.game/pickleball/city/houston-texas-us/courts | https://www.bounce.game/pickleball/city/austin-texas-us/courts | https://www.bounce.game/pickleball/city/san-antonio-texas-us/courts
TX-0445,TX-0445-ŋ,The App Powering Pickleball and Tennis,9 Courts Permanent nets 2523 Kings Chapel Rd,Friendswood,,TX,https://www.bounce.game/,bounce.game,Indoor and outdoor,Indoor and Outdoor,Yes,424,https://www.bounce.game/ | https://www.bounce.game/courts | https://www.bounce.game/pickleball/city/new-york-new-york-us/courts | https://www.bounce.game/pickleball/city/dallas-texas-us/courts | https://www.bounce.game/pickleball/city/houston-texas-us/courts | https://www.bounce.game/pickleball/city/austin-texas-us/courts | https://www.bounce.game/pickleball/city/san-antonio-texas-us/courts
TX-0445,TX-0445-Ō,The App Powering Pickleball and Tennis,1100 S Friendswood Dr,Friendswood,77546,TX,https://www.bounce.game/,bounce.game,Indoor and outdoor,Indoor and Outdoor,Yes,424,https://www.bounce.game/ | https://www.bounce.game/courts | https://www.bounce.game/pickleball/city/new-york-new-york-us/courts | https://www.bounce.game/pickleball/city/dallas-texas-us/courts | https://www.bounce.game/pickleball/city/houston-texas-us/courts | https://www.bounce.game/pickleball/city/austin-texas-us/courts | https://www.bounce.game/pickleball/city/san-antonio-texas-us/courts
TX-0445,TX-0445-ō,The App Powering Pickleball and Tennis,19250 Gulfbrook Drive,Friendswood,77546,TX,https://www.bounce.game/,bounce.game,Indoor and outdoor,Indoor and Outdoor,Yes,424,https://www.bounce.game/ | https://www.bounce.game/courts | https://www.bounce.game/pickleball/city/new-york-new-york-us/courts | https://www.bounce.game/pickleball/city/dallas-texas-us/courts | https://www.bounce.game/pickleball/city/houston-texas-us/courts | https://www.bounce.game/pickleball/city/austin-texas-us/courts | https://www.bounce.game/pickleball/city/san-antonio-texas-us/courts
TX-0445,TX-0445-Ŏ,The App Powering Pickleball and Tennis,3 Courts Non-permanent nets 9922 Fry Rd,Cypress,77433,TX,https://www.bounce.game/,bounce.game,Indoor and outdoor,Indoor and Outdoor,Yes,424,https://www.bounce.game/ | https://www.bounce.game/courts | https://www.bounce.game/pickleball/city/new-york-new-york-us/courts | https://www.bounce.game/pickleball/city/dallas-texas-us/courts | https://www.bounce.game/pickleball/city/houston-texas-us/courts | https://www.bounce.game/pickleball/city/austin-texas-us/courts | https://www.bounce.game/pickleball/city/san-antonio-texas-us/courts
TX-0445,TX-0445-ŏ,The App Powering Pickleball and Tennis,2 Courts Non-permanent nets 18003 Shaw Rd,Cypress,77429,TX,https://www.bounce.game/,bounce.game,Indoor and outdoor,Indoor and Outdoor,Yes,424,https://www.bounce.game/ | https://www.bounce.game/courts | https://www.bounce.game/pickleball/city/new-york-new-york-us/courts | https://www.bounce.game/pickleball/city/dallas-texas-us/courts | https://www.bounce.game/pickleball/city/houston-texas-us/courts | https://www.bounce.game/pickleball/city/austin-texas-us/courts | https://www.bounce.game/pickleball/city/san-antonio-texas-us/courts
TX-0445,TX-0445-Ő,The App Powering Pickleball and Tennis,4550 Lexington Blvd,Spring,77386,TX,https://www.bounce.game/,bounce.game,Indoor and outdoor,Indoor and Outdoor,Yes,424,https://www.bounce.game/ | https://www.bounce.game/courts | https://www.bounce.game/pickleball/city/new-york-new-york-us/courts | https://www.bounce.game/pickleball/city/dallas-texas-us/courts | https://www.bounce.game/pickleball/city/houston-texas-us/courts | https://www.bounce.game/pickleball/city/austin-texas-us/courts | https://www.bounce.game/pickleball/city/san-antonio-texas-us/courts
TX-0445,TX-0445-ő,The App Powering Pickleball and Tennis,6541 Stockdick School Road,Katy,,TX,https://www.bounce.game/,bounce.game,Indoor and outdoor,Indoor and Outdoor,Yes,424,https://www.bounce.game/ | https://www.bounce.game/courts | https://www.bounce.game/pickleball/city/new-york-new-york-us/courts | https://www.bounce.game/pickleball/city/dallas-texas-us/courts | https://www.bounce.game/pickleball/city/houston-texas-us/courts | https://www.bounce.game/pickleball/city/austin-texas-us/courts | https://www.bounce.game/pickleball/city/san-antonio-texas-us/courts
TX-0445,TX-0445-Œ,The App Powering Pickleball and Tennis,10 Courts Permanent nets 22807 Westheimer Pkwy,Katy,,TX,https://www.bounce.game/,bounce.game,Indoor and outdoor,Indoor and Outdoor,Yes,424,https://www.bounce.game/ | https://www.bounce.game/courts | https://www.bounce.game/pickleball/city/new-york-new-york-us/courts | https://www.bounce.game/pickleball/city/dallas-texas-us/courts | https://www.bounce.game/pickleball/city/houston-texas-us/courts | https://www.bounce.game/pickleball/city/austin-texas-us/courts | https://www.bounce.game/pickleball/city/san-antonio-texas-us/courts
TX-0445,TX-0445-œ,The App Powering Pickleball and Tennis,8802 Greatwood Pkwy,Sugar Land,77479,TX,https://www.bounce.game/,bounce.game,Indoor and outdoor,Indoor and Outdoor,Yes,424,https://www.bounce.game/ | https://www.bounce.game/courts | https://www.bounce.game/pickleball/city/new-york-new-york-us/courts | https://www.bounce.game/pickleball/city/dallas-texas-us/courts | https://www.bounce.game/pickleball/city/houston-texas-us/courts | https://www.bounce.game/pickleball/city/austin-texas-us/courts | https://www.bounce.game/pickleball/city/san-antonio-texas-us/courts
TX-0445,TX-0445-Ŕ,The App Powering Pickleball and Tennis,2 Courts Permanent nets 23211 Cinco Ranch Blvd,Katy,77494,TX,https://www.bounce.game/,bounce.game,Indoor and outdoor,Indoor and Outdoor,Yes,424,https://www.bounce.game/ | https://www.bounce.game/courts | https://www.bounce.game/pickleball/city/new-york-new-york-us/courts | https://www.bounce.game/pickleball/city/dallas-texas-us/courts | https://www.bounce.game/pickleball/city/houston-texas-us/courts | https://www.bounce.game/pickleball/city/austin-texas-us/courts | https://www.bounce.game/pickleball/city/san-antonio-texas-us/courts
TX-0445,TX-0445-ŕ,The App Powering Pickleball and Tennis,21015 Long Meadow Farms Pkwy,Richmond,77406,TX,https://www.bounce.game/,bounce.game,Indoor and outdoor,Indoor and Outdoor,Yes,424,https://www.bounce.game/ | https://www.bounce.game/courts | https://www.bounce.game/pickleball/city/new-york-new-york-us/courts | https://www.bounce.game/pickleball/city/dallas-texas-us/courts | https://www.bounce.game/pickleball/city/houston-texas-us/courts | https://www.bounce.game/pickleball/city/austin-texas-us/courts | https://www.bounce.game/pickleball/city/san-antonio-texas-us/courts
TX-0445,TX-0445-Ŗ,The App Powering Pickleball and Tennis,4 Courts Permanent nets 701 Harlem Rd,Richmond,77406,TX,https://www.bounce.game/,bounce.game,Indoor and outdoor,Indoor and Outdoor,Yes,424,https://www.bounce.game/ | https://www.bounce.game/courts | https://www.bounce.game/pickleball/city/new-york-new-york-us/courts | https://www.bounce.game/pickleball/city/dallas-texas-us/courts | https://www.bounce.game/pickleball/city/houston-texas-us/courts | https://www.bounce.game/pickleball/city/austin-texas-us/courts | https://www.bounce.game/pickleball/city/san-antonio-texas-us/courts
TX-0445,TX-0445-ŗ,The App Powering Pickleball and Tennis,4 Courts Permanent nets 1241 Shadow Bend Dr,Sugar Land,,TX,https://www.bounce.game/,bounce.game,Indoor and outdoor,Indoor and Outdoor,Yes,424,https://www.bounce.game/ | https://www.bounce.game/courts | https://www.bounce.game/pickleball/city/new-york-new-york-us/courts | https://www.bounce.game/pickleball/city/dallas-texas-us/courts | https://www.bounce.game/pickleball/city/houston-texas-us/courts | https://www.bounce.game/pickleball/city/austin-texas-us/courts | https://www.bounce.game/pickleball/city/san-antonio-texas-us/courts
TX-0445,TX-0445-Ř,The App Powering Pickleball and Tennis,6 Courts Permanent nets 22056 West Ford Road,Porter,,TX,https://www.bounce.game/,bounce.game,Indoor and outdoor,Indoor and Outdoor,Yes,424,https://www.bounce.game/ | https://www.bounce.game/courts | https://www.bounce.game/pickleball/city/new-york-new-york-us/courts | https://www.bounce.game/pickleball/city/dallas-texas-us/courts | https://www.bounce.game/pickleball/city/houston-texas-us/courts | https://www.bounce.game/pickleball/city/austin-texas-us/courts | https://www.bounce.game/pickleball/city/san-antonio-texas-us/courts
TX-0445,TX-0445-ř,The App Powering Pickleball and Tennis,10 Courts Permanent nets 180 Grogans Point Rd,The Woodlands,77380,TX,https://www.bounce.game/,bounce.game,Indoor and outdoor,Indoor and Outdoor,Yes,424,https://www.bounce.game/ | https://www.bounce.game/courts | https://www.bounce.game/pickleball/city/new-york-new-york-us/courts | https://www.bounce.game/pickleball/city/dallas-texas-us/courts | https://www.bounce.game/pickleball/city/houston-texas-us/courts | https://www.bounce.game/pickleball/city/austin-texas-us/courts | https://www.bounce.game/pickleball/city/san-antonio-texas-us/courts
TX-0445,TX-0445-Ś,The App Powering Pickleball and Tennis,15028 Boudreaux Road,Tomball,,TX,https://www.bounce.game/,bounce.game,Indoor and outdoor,Indoor and Outdoor,Yes,424,https://www.bounce.game/ | https://www.bounce.game/courts | https://www.bounce.game/pickleball/city/new-york-new-york-us/courts | https://www.bounce.game/pickleball/city/dallas-texas-us/courts | https://www.bounce.game/pickleball/city/houston-texas-us/courts | https://www.bounce.game/pickleball/city/austin-texas-us/courts | https://www.bounce.game/pickleball/city/san-antonio-texas-us/courts
TX-0445,TX-0445-ś,The App Powering Pickleball and Tennis,6 Courts Permanent nets 295 Sawdust Rd,The Woodlands,77380,TX,https://www.bounce.game/,bounce.game,Indoor and outdoor,Indoor and Outdoor,Yes,424,https://www.bounce.game/ | https://www.bounce.game/courts | https://www.bounce.game/pickleball/city/new-york-new-york-us/courts | https://www.bounce.game/pickleball/city/dallas-texas-us/courts | https://www.bounce.game/pickleball/city/houston-texas-us/courts | https://www.bounce.game/pickleball/city/austin-texas-us/courts | https://www.bounce.game/pickleball/city/san-antonio-texas-us/courts
TX-0445,TX-0445-Ŝ,The App Powering Pickleball and Tennis,8 Courts Permanent nets 295 Sawdust Rd,The Woodlands,77380,TX,https://www.bounce.game/,bounce.game,Indoor and outdoor,Indoor and Outdoor,Yes,424,https://www.bounce.game/ | https://www.bounce.game/courts | https://www.bounce.game/pickleball/city/new-york-new-york-us/courts | https://www.bounce.game/pickleball/city/dallas-texas-us/courts | https://www.bounce.game/pickleball/city/houston-texas-us/courts | https://www.bounce.game/pickleball/city/austin-texas-us/courts | https://www.bounce.game/pickleball/city/san-antonio-texas-us/courts
TX-0445,TX-0445-ŝ,The App Powering Pickleball and Tennis,13 Courts Permanent nets 23437 Clay Road,Katy,77449,TX,https://www.bounce.game/,bounce.game,Indoor and outdoor,Indoor and Outdoor,Yes,424,https://www.bounce.game/ | https://www.bounce.game/courts | https://www.bounce.game/pickleball/city/new-york-new-york-us/courts | https://www.bounce.game/pickleball/city/dallas-texas-us/courts | https://www.bounce.game/pickleball/city/houston-texas-us/courts | https://www.bounce.game/pickleball/city/austin-texas-us/courts | https://www.bounce.game/pickleball/city/san-antonio-texas-us/courts
TX-0445,TX-0445-Ş,The App Powering Pickleball and Tennis,12 Courts Permanent nets 2407 Market St,Baytown,77520,TX,https://www.bounce.game/,bounce.game,Indoor and outdoor,Indoor and Outdoor,Yes,424,https://www.bounce.game/ | https://www.bounce.game/courts | https://www.bounce.game/pickleball/city/new-york-new-york-us/courts | https://www.bounce.game/pickleball/city/dallas-texas-us/courts | https://www.bounce.game/pickleball/city/houston-texas-us/courts | https://www.bounce.game/pickleball/city/austin-texas-us/courts | https://www.bounce.game/pickleball/city/san-antonio-texas-us/courts
TX-0445,TX-0445-ş,The App Powering Pickleball and Tennis,380 Green Wing Street,Webster,,TX,https://www.bounce.game/,bounce.game,Indoor and outdoor,Indoor and Outdoor,Yes,424,https://www.bounce.game/ | https://www.bounce.game/courts | https://www.bounce.game/pickleball/city/new-york-new-york-us/courts | https://www.bounce.game/pickleball/city/dallas-texas-us/courts | https://www.bounce.game/pickleball/city/houston-texas-us/courts | https://www.bounce.game/pickleball/city/austin-texas-us/courts | https://www.bounce.game/pickleball/city/san-antonio-texas-us/courts
TX-0445,TX-0445-Š,The App Powering Pickleball and Tennis,1322 S Broadway St,LA Porte,,TX,https://www.bounce.game/,bounce.game,Indoor and outdoor,Indoor and Outdoor,Yes,424,https://www.bounce.game/ | https://www.bounce.game/courts | https://www.bounce.game/pickleball/city/new-york-new-york-us/courts | https://www.bounce.game/pickleball/city/dallas-texas-us/courts | https://www.bounce.game/pickleball/city/houston-texas-us/courts | https://www.bounce.game/pickleball/city/austin-texas-us/courts | https://www.bounce.game/pickleball/city/san-antonio-texas-us/courts
TX-0445,TX-0445-š,The App Powering Pickleball and Tennis,3022 Windemere Park Lane,Katy,77494,TX,https://www.bounce.game/,bounce.game,Indoor and outdoor,Indoor and Outdoor,Yes,424,https://www.bounce.game/ | https://www.bounce.game/courts | https://www.bounce.game/pickleball/city/new-york-new-york-us/courts | https://www.bounce.game/pickleball/city/dallas-texas-us/courts | https://www.bounce.game/pickleball/city/houston-texas-us/courts | https://www.bounce.game/pickleball/city/austin-texas-us/courts | https://www.bounce.game/pickleball/city/san-antonio-texas-us/courts
TX-0445,TX-0445-Ţ,The App Powering Pickleball and Tennis,4 Courts Permanent nets House Hahl Rd,Cypress,,TX,https://www.bounce.game/,bounce.game,Indoor and outdoor,Indoor and Outdoor,Yes,424,https://www.bounce.game/ | https://www.bounce.game/courts | https://www.bounce.game/pickleball/city/new-york-new-york-us/courts | https://www.bounce.game/pickleball/city/dallas-texas-us/courts | https://www.bounce.game/pickleball/city/houston-texas-us/courts | https://www.bounce.game/pickleball/city/austin-texas-us/courts | https://www.bounce.game/pickleball/city/san-antonio-texas-us/courts
TX-0445,TX-0445-ţ,The App Powering Pickleball and Tennis,24503 Falcon Point Dr,Katy,,TX,https://www.bounce.game/,bounce.game,Indoor and outdoor,Indoor and Outdoor,Yes,424,https://www.bounce.game/ | https://www.bounce.game/courts | https://www.bounce.game/pickleball/city/new-york-new-york-us/courts | https://www.bounce.game/pickleball/city/dallas-texas-us/courts | https://www.bounce.game/pickleball/city/houston-texas-us/courts | https://www.bounce.game/pickleball/city/austin-texas-us/courts | https://www.bounce.game/pickleball/city/san-antonio-texas-us/courts
TX-0445,TX-0445-Ť,The App Powering Pickleball and Tennis,1156 Fox Meadow Dr,Alvin,,TX,https://www.bounce.game/,bounce.game,Indoor and outdoor,Indoor and Outdoor,Yes,424,https://www.bounce.game/ | https://www.bounce.game/courts | https://www.bounce.game/pickleball/city/new-york-new-york-us/courts | https://www.bounce.game/pickleball/city/dallas-texas-us/courts | https://www.bounce.game/pickleball/city/houston-texas-us/courts | https://www.bounce.game/pickleball/city/austin-texas-us/courts | https://www.bounce.game/pickleball/city/san-antonio-texas-us/courts
TX-0445,TX-0445-ť,The App Powering Pickleball and Tennis,7 Courts Permanent nets 24825 Roesner Rd,Katy,77494,TX,https://www.bounce.game/,bounce.game,Indoor and outdoor,Indoor and Outdoor,Yes,424,https://www.bounce.game/ | https://www.bounce.game/courts | https://www.bounce.game/pickleball/city/new-york-new-york-us/courts | https://www.bounce.game/pickleball/city/dallas-texas-us/courts | https://www.bounce.game/pickleball/city/houston-texas-us/courts | https://www.bounce.game/pickleball/city/austin-texas-us/courts | https://www.bounce.game/pickleball/city/san-antonio-texas-us/courts
TX-0445,TX-0445-Ŧ,The App Powering Pickleball and Tennis,8725 Meadowcroft Dr,Houston,77063,TX,https://www.bounce.game/,bounce.game,Indoor and outdoor,Indoor and Outdoor,Yes,424,https://www.bounce.game/ | https://www.bounce.game/courts | https://www.bounce.game/pickleball/city/new-york-new-york-us/courts | https://www.bounce.game/pickleball/city/dallas-texas-us/courts | https://www.bounce.game/pickleball/city/houston-texas-us/courts | https://www.bounce.game/pickleball/city/austin-texas-us/courts | https://www.bounce.game/pickleball/city/san-antonio-texas-us/courts
TX-0445,TX-0445-ŧ,The App Powering Pickleball and Tennis,300 Clay St,Houston,77002,TX,https://www.bounce.game/,bounce.game,Indoor and outdoor,Indoor and Outdoor,Yes,424,https://www.bounce.game/ | https://www.bounce.game/courts | https://www.bounce.game/pickleball/city/new-york-new-york-us/courts | https://www.bounce.game/pickleball/city/dallas-texas-us/courts | https://www.bounce.game/pickleball/city/houston-texas-us/courts | https://www.bounce.game/pickleball/city/austin-texas-us/courts | https://www.bounce.game/pickleball/city/san-antonio-texas-us/courts
TX-0445,TX-0445-Ũ,The App Powering Pickleball and Tennis,8011 Beckett Rd,Austin,,TX,https://www.bounce.game/,bounce.game,Indoor and outdoor,Indoor and Outdoor,Yes,424,https://www.bounce.game/ | https://www.bounce.game/courts | https://www.bounce.game/pickleball/city/new-york-new-york-us/courts | https://www.bounce.game/pickleball/city/dallas-texas-us/courts | https://www.bounce.game/pickleball/city/houston-texas-us/courts | https://www.bounce.game/pickleball/city/austin-texas-us/courts | https://www.bounce.game/pickleball/city/san-antonio-texas-us/courts
TX-0445,TX-0445-ũ,The App Powering Pickleball and Tennis,5 Courts Non-permanent nets 513 Vargas Rd,Austin,,TX,https://www.bounce.game/,bounce.game,Indoor and outdoor,Indoor and Outdoor,Yes,424,https://www.bounce.game/ | https://www.bounce.game/courts | https://www.bounce.game/pickleball/city/new-york-new-york-us/courts | https://www.bounce.game/pickleball/city/dallas-texas-us/courts | https://www.bounce.game/pickleball/city/houston-texas-us/courts | https://www.bounce.game/pickleball/city/austin-texas-us/courts | https://www.bounce.game/pickleball/city/san-antonio-texas-us/courts
TX-0445,TX-0445-Ū,The App Powering Pickleball and Tennis,1100 Cumberland Rd,Austin,,TX,https://www.bounce.game/,bounce.game,Indoor and outdoor,Indoor and Outdoor,Yes,424,https://www.bounce.game/ | https://www.bounce.game/courts | https://www.bounce.game/pickleball/city/new-york-new-york-us/courts | https://www.bounce.game/pickleball/city/dallas-texas-us/courts | https://www.bounce.game/pickleball/city/houston-texas-us/courts | https://www.bounce.game/pickleball/city/austin-texas-us/courts | https://www.bounce.game/pickleball/city/san-antonio-texas-us/courts
TX-0445,TX-0445-ū,The App Powering Pickleball and Tennis,1803 Evergreen Avenue,Austin,78704,TX,https://www.bounce.game/,bounce.game,Indoor and outdoor,Indoor and Outdoor,Yes,424,https://www.bounce.game/ | https://www.bounce.game/courts | https://www.bounce.game/pickleball/city/new-york-new-york-us/courts | https://www.bounce.game/pickleball/city/dallas-texas-us/courts | https://www.bounce.game/pickleball/city/houston-texas-us/courts | https://www.bounce.game/pickleball/city/austin-texas-us/courts | https://www.bounce.game/pickleball/city/san-antonio-texas-us/courts
TX-0445,TX-0445-Ŭ,The App Powering Pickleball and Tennis,2 Courts Permanent nets 21427 Martin Ln,Pflugerville,78660,TX,https://www.bounce.game/,bounce.game,Indoor and outdoor,Indoor and Outdoor,Yes,424,https://www.bounce.game/ | https://www.bounce.game/courts | https://www.bounce.game/pickleball/city/new-york-new-york-us/courts | https://www.bounce.game/pickleball/city/dallas-texas-us/courts | https://www.bounce.game/pickleball/city/houston-texas-us/courts | https://www.bounce.game/pickleball/city/austin-texas-us/courts | https://www.bounce.game/pickleball/city/san-antonio-texas-us/courts
TX-0445,TX-0445-ŭ,The App Powering Pickleball and Tennis,16 Courts Permanent nets 5801 Ainez Drive,Austin,78744,TX,https://www.bounce.game/,bounce.game,Indoor and outdoor,Indoor and Outdoor,Yes,424,https://www.bounce.game/ | https://www.bounce.game/courts | https://www.bounce.game/pickleball/city/new-york-new-york-us/courts | https://www.bounce.game/pickleball/city/dallas-texas-us/courts | https://www.bounce.game/pickleball/city/houston-texas-us/courts | https://www.bounce.game/pickleball/city/austin-texas-us/courts | https://www.bounce.game/pickleball/city/san-antonio-texas-us/courts
TX-0445,TX-0445-Ů,The App Powering Pickleball and Tennis,3 Courts Permanent nets 2008 Enfield Rd,Austin,,TX,https://www.bounce.game/,bounce.game,Indoor and outdoor,Indoor and Outdoor,Yes,424,https://www.bounce.game/ | https://www.bounce.game/courts | https://www.bounce.game/pickleball/city/new-york-new-york-us/courts | https://www.bounce.game/pickleball/city/dallas-texas-us/courts | https://www.bounce.game/pickleball/city/houston-texas-us/courts | https://www.bounce.game/pickleball/city/austin-texas-us/courts | https://www.bounce.game/pickleball/city/san-antonio-texas-us/courts
TX-0445,TX-0445-ů,The App Powering Pickleball and Tennis,3 Courts Permanent nets 1900 Bluebonnet Ln,Austin,,TX,https://www.bounce.game/,bounce.game,Indoor and outdoor,Indoor and Outdoor,Yes,424,https://www.bounce.game/ | https://www.bounce.game/courts | https://www.bounce.game/pickleball/city/new-york-new-york-us/courts | https://www.bounce.game/pickleball/city/dallas-texas-us/courts | https://www.bounce.game/pickleball/city/houston-texas-us/courts | https://www.bounce.game/pickleball/city/austin-texas-us/courts | https://www.bounce.game/pickleball/city/san-antonio-texas-us/courts
TX-0445,TX-0445-Ű,The App Powering Pickleball and Tennis,4504 Travis Country Cir,Austin,78735,TX,https://www.bounce.game/,bounce.game,Indoor and outdoor,Indoor and Outdoor,Yes,424,https://www.bounce.game/ | https://www.bounce.game/courts | https://www.bounce.game/pickleball/city/new-york-new-york-us/courts | https://www.bounce.game/pickleball/city/dallas-texas-us/courts | https://www.bounce.game/pickleball/city/houston-texas-us/courts | https://www.bounce.game/pickleball/city/austin-texas-us/courts | https://www.bounce.game/pickleball/city/san-antonio-texas-us/courts
TX-0445,TX-0445-ű,The App Powering Pickleball and Tennis,6 Courts Permanent nets 2100 Alamo St,Austin,,TX,https://www.bounce.game/,bounce.game,Indoor and outdoor,Indoor and Outdoor,Yes,424,https://www.bounce.game/ | https://www.bounce.game/courts | https://www.bounce.game/pickleball/city/new-york-new-york-us/courts | https://www.bounce.game/pickleball/city/dallas-texas-us/courts | https://www.bounce.game/pickleball/city/houston-texas-us/courts | https://www.bounce.game/pickleball/city/austin-texas-us/courts | https://www.bounce.game/pickleball/city/san-antonio-texas-us/courts
TX-0445,TX-0445-Ų,The App Powering Pickleball and Tennis,1717 West Cesar Chavez Street,Austin,,TX,https://www.bounce.game/,bounce.game,Indoor and outdoor,Indoor and Outdoor,Yes,424,https://www.bounce.game/ | https://www.bounce.game/courts | https://www.bounce.game/pickleball/city/new-york-new-york-us/courts | https://www.bounce.game/pickleball/city/dallas-texas-us/courts | https://www.bounce.game/pickleball/city/houston-texas-us/courts | https://www.bounce.game/pickleball/city/austin-texas-us/courts | https://www.bounce.game/pickleball/city/san-antonio-texas-us/courts
TX-0445,TX-0445-ų,The App Powering Pickleball and Tennis,3 Courts Permanent nets 1717 West 6th Street,Austin,,TX,https://www.bounce.game/,bounce.game,Indoor and outdoor,Indoor and Outdoor,Yes,424,https://www.bounce.game/ | https://www.bounce.game/courts | https://www.bounce.game/pickleball/city/new-york-new-york-us/courts | https://www.bounce.game/pickleball/city/dallas-texas-us/courts | https://www.bounce.game/pickleball/city/houston-texas-us/courts | https://www.bounce.game/pickleball/city/austin-texas-us/courts | https://www.bounce.game/pickleball/city/san-antonio-texas-us/courts
TX-0445,TX-0445-Ŵ,The App Powering Pickleball and Tennis,8 Courts Permanent nets 1301 Shoal Creek Blvd,Austin,78701,TX,https://www.bounce.game/,bounce.game,Indoor and outdoor,Indoor and Outdoor,Yes,424,https://www.bounce.game/ | https://www.bounce.game/courts | https://www.bounce.game/pickleball/city/new-york-new-york-us/courts | https://www.bounce.game/pickleball/city/dallas-texas-us/courts | https://www.bounce.game/pickleball/city/houston-texas-us/courts | https://www.bounce.game/pickleball/city/austin-texas-us/courts | https://www.bounce.game/pickleball/city/san-antonio-texas-us/courts
TX-0445,TX-0445-ŵ,The App Powering Pickleball and Tennis,3 Courts Non-permanent nets 2027 S Lamar Blvd,Austin,,TX,https://www.bounce.game/,bounce.game,Indoor and outdoor,Indoor and Outdoor,Yes,424,https://www.bounce.game/ | https://www.bounce.game/courts | https://www.bounce.game/pickleball/city/new-york-new-york-us/courts | https://www.bounce.game/pickleball/city/dallas-texas-us/courts | https://www.bounce.game/pickleball/city/houston-texas-us/courts | https://www.bounce.game/pickleball/city/austin-texas-us/courts | https://www.bounce.game/pickleball/city/san-antonio-texas-us/courts
TX-0445,TX-0445-Ŷ,The App Powering Pickleball and Tennis,1717 W Cesar Chavez St,Austin,,TX,https://www.bounce.game/,bounce.game,Indoor and outdoor,Indoor and Outdoor,Yes,424,https://www.bounce.game/ | https://www.bounce.game/courts | https://www.bounce.game/pickleball/city/new-york-new-york-us/courts | https://www.bounce.game/pickleball/city/dallas-texas-us/courts | https://www.bounce.game/pickleball/city/houston-texas-us/courts | https://www.bounce.game/pickleball/city/austin-texas-us/courts | https://www.bounce.game/pickleball/city/san-antonio-texas-us/courts
TX-0445,TX-0445-ŷ,The App Powering Pickleball and Tennis,7800 Johnny Morris Rd,Austin,,TX,https://www.bounce.game/,bounce.game,Indoor and outdoor,Indoor and Outdoor,Yes,424,https://www.bounce.game/ | https://www.bounce.game/courts | https://www.bounce.game/pickleball/city/new-york-new-york-us/courts | https://www.bounce.game/pickleball/city/dallas-texas-us/courts | https://www.bounce.game/pickleball/city/houston-texas-us/courts | https://www.bounce.game/pickleball/city/austin-texas-us/courts | https://www.bounce.game/pickleball/city/san-antonio-texas-us/courts
TX-0445,TX-0445-Ÿ,The App Powering Pickleball and Tennis,8 Courts Permanent nets 1009 W Dittmar Rd,Austin,,TX,https://www.bounce.game/,bounce.game,Indoor and outdoor,Indoor and Outdoor,Yes,424,https://www.bounce.game/ | https://www.bounce.game/courts | https://www.bounce.game/pickleball/city/new-york-new-york-us/courts | https://www.bounce.game/pickleball/city/dallas-texas-us/courts | https://www.bounce.game/pickleball/city/houston-texas-us/courts | https://www.bounce.game/pickleball/city/austin-texas-us/courts | https://www.bounce.game/pickleball/city/san-antonio-texas-us/courts
TX-0445,TX-0445-Ź,The App Powering Pickleball and Tennis,5315 Ed Bluestein Blvd,Austin,,TX,https://www.bounce.game/,bounce.game,Indoor and outdoor,Indoor and Outdoor,Yes,424,https://www.bounce.game/ | https://www.bounce.game/courts | https://www.bounce.game/pickleball/city/new-york-new-york-us/courts | https://www.bounce.game/pickleball/city/dallas-texas-us/courts | https://www.bounce.game/pickleball/city/houston-texas-us/courts | https://www.bounce.game/pickleball/city/austin-texas-us/courts | https://www.bounce.game/pickleball/city/san-antonio-texas-us/courts
TX-0445,TX-0445-ź,The App Powering Pickleball and Tennis,8900 Westerkirk Dr,Austin,,TX,https://www.bounce.game/,bounce.game,Indoor and outdoor,Indoor and Outdoor,Yes,424,https://www.bounce.game/ | https://www.bounce.game/courts | https://www.bounce.game/pickleball/city/new-york-new-york-us/courts | https://www.bounce.game/pickleball/city/dallas-texas-us/courts | https://www.bounce.game/pickleball/city/houston-texas-us/courts | https://www.bounce.game/pickleball/city/austin-texas-us/courts | https://www.bounce.game/pickleball/city/san-antonio-texas-us/courts
TX-0445,TX-0445-Ż,The App Powering Pickleball and Tennis,1201 E Rundberg Ln,Austin,,TX,https://www.bounce.game/,bounce.game,Indoor and outdoor,Indoor and Outdoor,Yes,424,https://www.bounce.game/ | https://www.bounce.game/courts | https://www.bounce.game/pickleball/city/new-york-new-york-us/courts | https://www.bounce.game/pickleball/city/dallas-texas-us/courts | https://www.bounce.game/pickleball/city/houston-texas-us/courts | https://www.bounce.game/pickleball/city/austin-texas-us/courts | https://www.bounce.game/pickleball/city/san-antonio-texas-us/courts
TX-0445,TX-0445-ż,The App Powering Pickleball and Tennis,13875 Bee Cave Pkwy,Austin,,TX,https://www.bounce.game/,bounce.game,Indoor and outdoor,Indoor and Outdoor,Yes,424,https://www.bounce.game/ | https://www.bounce.game/courts | https://www.bounce.game/pickleball/city/new-york-new-york-us/courts | https://www.bounce.game/pickleball/city/dallas-texas-us/courts | https://www.bounce.game/pickleball/city/houston-texas-us/courts | https://www.bounce.game/pickleball/city/austin-texas-us/courts | https://www.bounce.game/pickleball/city/san-antonio-texas-us/courts
TX-0445,TX-0445-Ž,The App Powering Pickleball and Tennis,3 Courts Permanent nets 1811 W 11th St,Austin,78703,TX,https://www.bounce.game/,bounce.game,Indoor and outdoor,Indoor and Outdoor,Yes,424,https://www.bounce.game/ | https://www.bounce.game/courts | https://www.bounce.game/pickleball/city/new-york-new-york-us/courts | https://www.bounce.game/pickleball/city/dallas-texas-us/courts | https://www.bounce.game/pickleball/city/houston-texas-us/courts | https://www.bounce.game/pickleball/city/austin-texas-us/courts | https://www.bounce.game/pickleball/city/san-antonio-texas-us/courts
TX-0445,TX-0445-ž,The App Powering Pickleball and Tennis,907 W Slaughter Ln,Austin,78748,TX,https://www.bounce.game/,bounce.game,Indoor and outdoor,Indoor and Outdoor,Yes,424,https://www.bounce.game/ | https://www.bounce.game/courts | https://www.bounce.game/pickleball/city/new-york-new-york-us/courts | https://www.bounce.game/pickleball/city/dallas-texas-us/courts | https://www.bounce.game/pickleball/city/houston-texas-us/courts | https://www.bounce.game/pickleball/city/austin-texas-us/courts | https://www.bounce.game/pickleball/city/san-antonio-texas-us/courts
TX-0445,TX-0445-ſ,The App Powering Pickleball and Tennis,2913 Northland Dr,Austin,,TX,https://www.bounce.game/,bounce.game,Indoor and outdoor,Indoor and Outdoor,Yes,424,https://www.bounce.game/ | https://www.bounce.game/courts | https://www.bounce.game/pickleball/city/new-york-new-york-us/courts | https://www.bounce.game/pickleball/city/dallas-texas-us/courts | https://www.bounce.game/pickleball/city/houston-texas-us/courts | https://www.bounce.game/pickleball/city/austin-texas-us/courts | https://www.bounce.game/pickleball/city/san-antonio-texas-us/courts
TX-0445,TX-0445-ƀ,The App Powering Pickleball and Tennis,3 Courts Non-permanent nets 5807 Mc Neil Dr,Austin,,TX,https://www.bounce.game/,bounce.game,Indoor and outdoor,Indoor and Outdoor,Yes,424,https://www.bounce.game/ | https://www.bounce.game/courts | https://www.bounce.game/pickleball/city/new-york-new-york-us/courts | https://www.bounce.game/pickleball/city/dallas-texas-us/courts | https://www.bounce.game/pickleball/city/houston-texas-us/courts | https://www.bounce.game/pickleball/city/austin-texas-us/courts | https://www.bounce.game/pickleball/city/san-antonio-texas-us/courts
TX-0445,TX-0445-Ɓ,The App Powering Pickleball and Tennis,4 Courts Non-permanent nets 2608 Gonzales St,Austin,78702,TX,https://www.bounce.game/,bounce.game,Indoor and outdoor,Indoor and Outdoor,Yes,424,https://www.bounce.game/ | https://www.bounce.game/courts | https://www.bounce.game/pickleball/city/new-york-new-york-us/courts | https://www.bounce.game/pickleball/city/dallas-texas-us/courts | https://www.bounce.game/pickleball/city/houston-texas-us/courts | https://www.bounce.game/pickleball/city/austin-texas-us/courts | https://www.bounce.game/pickleball/city/san-antonio-texas-us/courts
TX-0445,TX-0445-Ƃ,The App Powering Pickleball and Tennis,1 Court Non-permanent nets 4200 Brookview Rd,Austin,,TX,https://www.bounce.game/,bounce.game,Indoor and outdoor,Indoor and Outdoor,Yes,424,https://www.bounce.game/ | https://www.bounce.game/courts | https://www.bounce.game/pickleball/city/new-york-new-york-us/courts | https://www.bounce.game/pickleball/city/dallas-texas-us/courts | https://www.bounce.game/pickleball/city/houston-texas-us/courts | https://www.bounce.game/pickleball/city/austin-texas-us/courts | https://www.bounce.game/pickleball/city/san-antonio-texas-us/courts
TX-0445,TX-0445-ƃ,The App Powering Pickleball and Tennis,2 Courts Permanent nets 2300 Rosewood Ave,Austin,,TX,https://www.bounce.game/,bounce.game,Indoor and outdoor,Indoor and Outdoor,Yes,424,https://www.bounce.game/ | https://www.bounce.game/courts | https://www.bounce.game/pickleball/city/new-york-new-york-us/courts | https://www.bounce.game/pickleball/city/dallas-texas-us/courts | https://www.bounce.game/pickleball/city/houston-texas-us/courts | https://www.bounce.game/pickleball/city/austin-texas-us/courts | https://www.bounce.game/pickleball/city/san-antonio-texas-us/courts
TX-0445,TX-0445-Ƅ,The App Powering Pickleball and Tennis,2 Courts Permanent nets 1203 Fieldcrest Dr,Austin,78704,TX,https://www.bounce.game/,bounce.game,Indoor and outdoor,Indoor and Outdoor,Yes,424,https://www.bounce.game/ | https://www.bounce.game/courts | https://www.bounce.game/pickleball/city/new-york-new-york-us/courts | https://www.bounce.game/pickleball/city/dallas-texas-us/courts | https://www.bounce.game/pickleball/city/houston-texas-us/courts | https://www.bounce.game/pickleball/city/austin-texas-us/courts | https://www.bounce.game/pickleball/city/san-antonio-texas-us/courts
TX-0445,TX-0445-ƅ,The App Powering Pickleball and Tennis,4 Courts Non-permanent nets 7300 Hart Ln,Austin,,TX,https://www.bounce.game/,bounce.game,Indoor and outdoor,Indoor and Outdoor,Yes,424,https://www.bounce.game/ | https://www.bounce.game/courts | https://www.bounce.game/pickleball/city/new-york-new-york-us/courts | https://www.bounce.game/pickleball/city/dallas-texas-us/courts | https://www.bounce.game/pickleball/city/houston-texas-us/courts | https://www.bounce.game/pickleball/city/austin-texas-us/courts | https://www.bounce.game/pickleball/city/san-antonio-texas-us/courts
TX-0445,TX-0445-Ɔ,The App Powering Pickleball and Tennis,8 Courts Permanent nets 1100 Cumberland Rd,Austin,,TX,https://www.bounce.game/,bounce.game,Indoor and outdoor,Indoor and Outdoor,Yes,424,https://www.bounce.game/ | https://www.bounce.game/courts | https://www.bounce.game/pickleball/city/new-york-new-york-us/courts | https://www.bounce.game/pickleball/city/dallas-texas-us/courts | https://www.bounce.game/pickleball/city/houston-texas-us/courts | https://www.bounce.game/pickleball/city/austin-texas-us/courts | https://www.bounce.game/pickleball/city/san-antonio-texas-us/courts
TX-0445,TX-0445-Ƈ,The App Powering Pickleball and Tennis,13000 Harris Ridge Blvd,Austin,78753,TX,https://www.bounce.game/,bounce.game,Indoor and outdoor,Indoor and Outdoor,Yes,424,https://www.bounce.game/ | https://www.bounce.game/courts | https://www.bounce.game/pickleball/city/new-york-new-york-us/courts | https://www.bounce.game/pickleball/city/dallas-texas-us/courts | https://www.bounce.game/pickleball/city/houston-texas-us/courts | https://www.bounce.game/pickleball/city/austin-texas-us/courts | https://www.bounce.game/pickleball/city/san-antonio-texas-us/courts
TX-0445,TX-0445-ƈ,The App Powering Pickleball and Tennis,3 Courts Permanent nets 5604 Southwest Pkwy,Austin,78735,TX,https://www.bounce.game/,bounce.game,Indoor and outdoor,Indoor and Outdoor,Yes,424,https://www.bounce.game/ | https://www.bounce.game/courts | https://www.bounce.game/pickleball/city/new-york-new-york-us/courts | https://www.bounce.game/pickleball/city/dallas-texas-us/courts | https://www.bounce.game/pickleball/city/houston-texas-us/courts | https://www.bounce.game/pickleball/city/austin-texas-us/courts | https://www.bounce.game/pickleball/city/san-antonio-texas-us/courts
TX-0445,TX-0445-Ɖ,The App Powering Pickleball and Tennis,1100 W Cesar Chavez St,Austin,,TX,https://www.bounce.game/,bounce.game,Indoor and outdoor,Indoor and Outdoor,Yes,424,https://www.bounce.game/ | https://www.bounce.game/courts | https://www.bounce.game/pickleball/city/new-york-new-york-us/courts | https://www.bounce.game/pickleball/city/dallas-texas-us/courts | https://www.bounce.game/pickleball/city/houston-texas-us/courts | https://www.bounce.game/pickleball/city/austin-texas-us/courts | https://www.bounce.game/pickleball/city/san-antonio-texas-us/courts
TX-0445,TX-0445-Ɗ,The App Powering Pickleball and Tennis,4 Courts Permanent nets 2200 E 6th St,Austin,78702,TX,https://www.bounce.game/,bounce.game,Indoor and outdoor,Indoor and Outdoor,Yes,424,https://www.bounce.game/ | https://www.bounce.game/courts | https://www.bounce.game/pickleball/city/new-york-new-york-us/courts | https://www.bounce.game/pickleball/city/dallas-texas-us/courts | https://www.bounce.game/pickleball/city/houston-texas-us/courts | https://www.bounce.game/pickleball/city/austin-texas-us/courts | https://www.bounce.game/pickleball/city/san-antonio-texas-us/courts
TX-0445,TX-0445-Ƌ,The App Powering Pickleball and Tennis,2 Courts Non-permanent nets Blessing Ave,Austin,,TX,https://www.bounce.game/,bounce.game,Indoor and outdoor,Indoor and Outdoor,Yes,424,https://www.bounce.game/ | https://www.bounce.game/courts | https://www.bounce.game/pickleball/city/new-york-new-york-us/courts | https://www.bounce.game/pickleball/city/dallas-texas-us/courts | https://www.bounce.game/pickleball/city/houston-texas-us/courts | https://www.bounce.game/pickleball/city/austin-texas-us/courts | https://www.bounce.game/pickleball/city/san-antonio-texas-us/courts
TX-0445,TX-0445-ƌ,The App Powering Pickleball and Tennis,3000 Shoreline Drive,Austin,,TX,https://www.bounce.game/,bounce.game,Indoor and outdoor,Indoor and Outdoor,Yes,424,https://www.bounce.game/ | https://www.bounce.game/courts | https://www.bounce.game/pickleball/city/new-york-new-york-us/courts | https://www.bounce.game/pickleball/city/dallas-texas-us/courts | https://www.bounce.game/pickleball/city/houston-texas-us/courts | https://www.bounce.game/pickleball/city/austin-texas-us/courts | https://www.bounce.game/pickleball/city/san-antonio-texas-us/courts
TX-0445,TX-0445-ƍ,The App Powering Pickleball and Tennis,2 Courts Non-permanent nets 2008 Enfield Rd,Austin,,TX,https://www.bounce.game/,bounce.game,Indoor and outdoor,Indoor and Outdoor,Yes,424,https://www.bounce.game/ | https://www.bounce.game/courts | https://www.bounce.game/pickleball/city/new-york-new-york-us/courts | https://www.bounce.game/pickleball/city/dallas-texas-us/courts | https://www.bounce.game/pickleball/city/houston-texas-us/courts | https://www.bounce.game/pickleball/city/austin-texas-us/courts | https://www.bounce.game/pickleball/city/san-antonio-texas-us/courts
TX-0445,TX-0445-Ǝ,The App Powering Pickleball and Tennis,8605 Balcones Club Drive,Austin,,TX,https://www.bounce.game/,bounce.game,Indoor and outdoor,Indoor and Outdoor,Yes,424,https://www.bounce.game/ | https://www.bounce.game/courts | https://www.bounce.game/pickleball/city/new-york-new-york-us/courts | https://www.bounce.game/pickleball/city/dallas-texas-us/courts | https://www.bounce.game/pickleball/city/houston-texas-us/courts | https://www.bounce.game/pickleball/city/austin-texas-us/courts | https://www.bounce.game/pickleball/city/san-antonio-texas-us/courts
TX-0445,TX-0445-Ə,The App Powering Pickleball and Tennis,14 Courts Non-permanent nets 11401 Boulder Ln,Austin,78726,TX,https://www.bounce.game/,bounce.game,Indoor and outdoor,Indoor and Outdoor,Yes,424,https://www.bounce.game/ | https://www.bounce.game/courts | https://www.bounce.game/pickleball/city/new-york-new-york-us/courts | https://www.bounce.game/pickleball/city/dallas-texas-us/courts | https://www.bounce.game/pickleball/city/houston-texas-us/courts | https://www.bounce.game/pickleball/city/austin-texas-us/courts | https://www.bounce.game/pickleball/city/san-antonio-texas-us/courts
TX-0445,TX-0445-Ɛ,The App Powering Pickleball and Tennis,2 Courts Permanent nets 979 Springdale Rd,Austin,78702,TX,https://www.bounce.game/,bounce.game,Indoor and outdoor,Indoor and Outdoor,Yes,424,https://www.bounce.game/ | https://www.bounce.game/courts | https://www.bounce.game/pickleball/city/new-york-new-york-us/courts | https://www.bounce.game/pickleball/city/dallas-texas-us/courts | https://www.bounce.game/pickleball/city/houston-texas-us/courts | https://www.bounce.game/pickleball/city/austin-texas-us/courts | https://www.bounce.game/pickleball/city/san-antonio-texas-us/courts
TX-0445,TX-0445-Ƒ,The App Powering Pickleball and Tennis,10 Courts Permanent nets 12915 Nutty Brown Rd,Austin,78737,TX,https://www.bounce.game/,bounce.game,Indoor and outdoor,Indoor and Outdoor,Yes,424,https://www.bounce.game/ | https://www.bounce.game/courts | https://www.bounce.game/pickleball/city/new-york-new-york-us/courts | https://www.bounce.game/pickleball/city/dallas-texas-us/courts | https://www.bounce.game/pickleball/city/houston-texas-us/courts | https://www.bounce.game/pickleball/city/austin-texas-us/courts | https://www.bounce.game/pickleball/city/san-antonio-texas-us/courts
TX-0445,TX-0445-ƒ,The App Powering Pickleball and Tennis,3 Courts Permanent nets 300 San Antonio Street,Austin,,TX,https://www.bounce.game/,bounce.game,Indoor and outdoor,Indoor and Outdoor,Yes,424,https://www.bounce.game/ | https://www.bounce.game/courts | https://www.bounce.game/pickleball/city/new-york-new-york-us/courts | https://www.bounce.game/pickleball/city/dallas-texas-us/courts | https://www.bounce.game/pickleball/city/houston-texas-us/courts | https://www.bounce.game/pickleball/city/austin-texas-us/courts | https://www.bounce.game/pickleball/city/san-antonio-texas-us/courts
TX-0445,TX-0445-Ɠ,The App Powering Pickleball and Tennis,8706 Westover Club Dr,Austin,,TX,https://www.bounce.game/,bounce.game,Indoor and outdoor,Indoor and Outdoor,Yes,424,https://www.bounce.game/ | https://www.bounce.game/courts | https://www.bounce.game/pickleball/city/new-york-new-york-us/courts | https://www.bounce.game/pickleball/city/dallas-texas-us/courts | https://www.bounce.game/pickleball/city/houston-texas-us/courts | https://www.bounce.game/pickleball/city/austin-texas-us/courts | https://www.bounce.game/pickleball/city/san-antonio-texas-us/courts
TX-0445,TX-0445-Ɣ,The App Powering Pickleball and Tennis,8 Courts Permanent nets 2612 Lost Creek Boulevard,Austin,,TX,https://www.bounce.game/,bounce.game,Indoor and outdoor,Indoor and Outdoor,Yes,424,https://www.bounce.game/ | https://www.bounce.game/courts | https://www.bounce.game/pickleball/city/new-york-new-york-us/courts | https://www.bounce.game/pickleball/city/dallas-texas-us/courts | https://www.bounce.game/pickleball/city/houston-texas-us/courts | https://www.bounce.game/pickleball/city/austin-texas-us/courts | https://www.bounce.game/pickleball/city/san-antonio-texas-us/courts
TX-0445,TX-0445-ƕ,The App Powering Pickleball and Tennis,11210 Spicewood Club Drive,Austin,78750,TX,https://www.bounce.game/,bounce.game,Indoor and outdoor,Indoor and Outdoor,Yes,424,https://www.bounce.game/ | https://www.bounce.game/courts | https://www.bounce.game/pickleball/city/new-york-new-york-us/courts | https://www.bounce.game/pickleball/city/dallas-texas-us/courts | https://www.bounce.game/pickleball/city/houston-texas-us/courts | https://www.bounce.game/pickleball/city/austin-texas-us/courts | https://www.bounce.game/pickleball/city/san-antonio-texas-us/courts
TX-0445,TX-0445-Ɩ,The App Powering Pickleball and Tennis,4207 River Place Blvd,Austin,,TX,https://www.bounce.game/,bounce.game,Indoor and outdoor,Indoor and Outdoor,Yes,424,https://www.bounce.game/ | https://www.bounce.game/courts | https://www.bounce.game/pickleball/city/new-york-new-york-us/courts | https://www.bounce.game/pickleball/city/dallas-texas-us/courts | https://www.bounce.game/pickleball/city/houston-texas-us/courts | https://www.bounce.game/pickleball/city/austin-texas-us/courts | https://www.bounce.game/pickleball/city/san-antonio-texas-us/courts
TX-0445,TX-0445-Ɨ,The App Powering Pickleball and Tennis,10 Courts Permanent nets 410 Pressler Street,Austin,,TX,https://www.bounce.game/,bounce.game,Indoor and outdoor,Indoor and Outdoor,Yes,424,https://www.bounce.game/ | https://www.bounce.game/courts | https://www.bounce.game/pickleball/city/new-york-new-york-us/courts | https://www.bounce.game/pickleball/city/dallas-texas-us/courts | https://www.bounce.game/pickleball/city/houston-texas-us/courts | https://www.bounce.game/pickleball/city/austin-texas-us/courts | https://www.bounce.game/pickleball/city/san-antonio-texas-us/courts
TX-0445,TX-0445-Ƙ,The App Powering Pickleball and Tennis,3 Courts Permanent nets 2100 E 3rd St,Austin,,TX,https://www.bounce.game/,bounce.game,Indoor and outdoor,Indoor and Outdoor,Yes,424,https://www.bounce.game/ | https://www.bounce.game/courts | https://www.bounce.game/pickleball/city/new-york-new-york-us/courts | https://www.bounce.game/pickleball/city/dallas-texas-us/courts | https://www.bounce.game/pickleball/city/houston-texas-us/courts | https://www.bounce.game/pickleball/city/austin-texas-us/courts | https://www.bounce.game/pickleball/city/san-antonio-texas-us/courts
TX-0445,TX-0445-ƙ,The App Powering Pickleball and Tennis,6 Courts Permanent nets 811 E 41st St,Austin,,TX,https://www.bounce.game/,bounce.game,Indoor and outdoor,Indoor and Outdoor,Yes,424,https://www.bounce.game/ | https://www.bounce.game/courts | https://www.bounce.game/pickleball/city/new-york-new-york-us/courts | https://www.bounce.game/pickleball/city/dallas-texas-us/courts | https://www.bounce.game/pickleball/city/houston-texas-us/courts | https://www.bounce.game/pickleball/city/austin-texas-us/courts | https://www.bounce.game/pickleball/city/san-antonio-texas-us/courts
TX-0445,TX-0445-ƚ,The App Powering Pickleball and Tennis,7601 S Congress Ave,Austin,78745,TX,https://www.bounce.game/,bounce.game,Indoor and outdoor,Indoor and Outdoor,Yes,424,https://www.bounce.game/ | https://www.bounce.game/courts | https://www.bounce.game/pickleball/city/new-york-new-york-us/courts | https://www.bounce.game/pickleball/city/dallas-texas-us/courts | https://www.bounce.game/pickleball/city/houston-texas-us/courts | https://www.bounce.game/pickleball/city/austin-texas-us/courts | https://www.bounce.game/pickleball/city/san-antonio-texas-us/courts
TX-0445,TX-0445-ƛ,The App Powering Pickleball and Tennis,1 Court Permanent nets Republic of Texas Blvd,Austin,,TX,https://www.bounce.game/,bounce.game,Indoor and outdoor,Indoor and Outdoor,Yes,424,https://www.bounce.game/ | https://www.bounce.game/courts | https://www.bounce.game/pickleball/city/new-york-new-york-us/courts | https://www.bounce.game/pickleball/city/dallas-texas-us/courts | https://www.bounce.game/pickleball/city/houston-texas-us/courts | https://www.bounce.game/pickleball/city/austin-texas-us/courts | https://www.bounce.game/pickleball/city/san-antonio-texas-us/courts
TX-0445,TX-0445-Ɯ,The App Powering Pickleball and Tennis,2 Courts Permanent nets 4901 Guadalupe Street,Austin,,TX,https://www.bounce.game/,bounce.game,Indoor and outdoor,Indoor and Outdoor,Yes,424,https://www.bounce.game/ | https://www.bounce.game/courts | https://www.bounce.game/pickleball/city/new-york-new-york-us/courts | https://www.bounce.game/pickleball/city/dallas-texas-us/courts | https://www.bounce.game/pickleball/city/houston-texas-us/courts | https://www.bounce.game/pickleball/city/austin-texas-us/courts | https://www.bounce.game/pickleball/city/san-antonio-texas-us/courts
TX-0445,TX-0445-Ɲ,The App Powering Pickleball and Tennis,18 Courts Permanent nets 1200 Montopolis Dr,Austin,,TX,https://www.bounce.game/,bounce.game,Indoor and outdoor,Indoor and Outdoor,Yes,424,https://www.bounce.game/ | https://www.bounce.game/courts | https://www.bounce.game/pickleball/city/new-york-new-york-us/courts | https://www.bounce.game/pickleball/city/dallas-texas-us/courts | https://www.bounce.game/pickleball/city/houston-texas-us/courts | https://www.bounce.game/pickleball/city/austin-texas-us/courts | https://www.bounce.game/pickleball/city/san-antonio-texas-us/courts
TX-0445,TX-0445-ƞ,The App Powering Pickleball and Tennis,2 Courts Non-permanent nets 7000 Ardath St,Austin,,TX,https://www.bounce.game/,bounce.game,Indoor and outdoor,Indoor and Outdoor,Yes,424,https://www.bounce.game/ | https://www.bounce.game/courts | https://www.bounce.game/pickleball/city/new-york-new-york-us/courts | https://www.bounce.game/pickleball/city/dallas-texas-us/courts | https://www.bounce.game/pickleball/city/houston-texas-us/courts | https://www.bounce.game/pickleball/city/austin-texas-us/courts | https://www.bounce.game/pickleball/city/san-antonio-texas-us/courts
TX-0445,TX-0445-Ɵ,The App Powering Pickleball and Tennis,6 Courts Permanent nets 7809 Jester Blvd,Austin,78750,TX,https://www.bounce.game/,bounce.game,Indoor and outdoor,Indoor and Outdoor,Yes,424,https://www.bounce.game/ | https://www.bounce.game/courts | https://www.bounce.game/pickleball/city/new-york-new-york-us/courts | https://www.bounce.game/pickleball/city/dallas-texas-us/courts | https://www.bounce.game/pickleball/city/houston-texas-us/courts | https://www.bounce.game/pickleball/city/austin-texas-us/courts | https://www.bounce.game/pickleball/city/san-antonio-texas-us/courts
TX-0445,TX-0445-Ơ,The App Powering Pickleball and Tennis,2 Courts Permanent nets 2717 Manor Road,Austin,,TX,https://www.bounce.game/,bounce.game,Indoor and outdoor,Indoor and Outdoor,Yes,424,https://www.bounce.game/ | https://www.bounce.game/courts | https://www.bounce.game/pickleball/city/new-york-new-york-us/courts | https://www.bounce.game/pickleball/city/dallas-texas-us/courts | https://www.bounce.game/pickleball/city/houston-texas-us/courts | https://www.bounce.game/pickleball/city/austin-texas-us/courts | https://www.bounce.game/pickleball/city/san-antonio-texas-us/courts
TX-0445,TX-0445-ơ,The App Powering Pickleball and Tennis,25 miles 7809 Jester Boulevard,Austin,,TX,https://www.bounce.game/,bounce.game,Indoor and outdoor,Indoor and Outdoor,Yes,424,https://www.bounce.game/ | https://www.bounce.game/courts | https://www.bounce.game/pickleball/city/new-york-new-york-us/courts | https://www.bounce.game/pickleball/city/dallas-texas-us/courts | https://www.bounce.game/pickleball/city/houston-texas-us/courts | https://www.bounce.game/pickleball/city/austin-texas-us/courts | https://www.bounce.game/pickleball/city/san-antonio-texas-us/courts
TX-0445,TX-0445-Ƣ,The App Powering Pickleball and Tennis,2 Courts Permanent nets 13875 Bee Cave Pkwy,Bee Cave,78738,TX,https://www.bounce.game/,bounce.game,Indoor and outdoor,Indoor and Outdoor,Yes,424,https://www.bounce.game/ | https://www.bounce.game/courts | https://www.bounce.game/pickleball/city/new-york-new-york-us/courts | https://www.bounce.game/pickleball/city/dallas-texas-us/courts | https://www.bounce.game/pickleball/city/houston-texas-us/courts | https://www.bounce.game/pickleball/city/austin-texas-us/courts | https://www.bounce.game/pickleball/city/san-antonio-texas-us/courts
TX-0445,TX-0445-ƣ,The App Powering Pickleball and Tennis,3 Courts Non-permanent nets 400 Immanuel Rd,Pflugerville,,TX,https://www.bounce.game/,bounce.game,Indoor and outdoor,Indoor and Outdoor,Yes,424,https://www.bounce.game/ | https://www.bounce.game/courts | https://www.bounce.game/pickleball/city/new-york-new-york-us/courts | https://www.bounce.game/pickleball/city/dallas-texas-us/courts | https://www.bounce.game/pickleball/city/houston-texas-us/courts | https://www.bounce.game/pickleball/city/austin-texas-us/courts | https://www.bounce.game/pickleball/city/san-antonio-texas-us/courts
TX-0445,TX-0445-Ƥ,The App Powering Pickleball and Tennis,3 Courts Non-permanent nets 16800 Gower St,Pflugerville,,TX,https://www.bounce.game/,bounce.game,Indoor and outdoor,Indoor and Outdoor,Yes,424,https://www.bounce.game/ | https://www.bounce.game/courts | https://www.bounce.game/pickleball/city/new-york-new-york-us/courts | https://www.bounce.game/pickleball/city/dallas-texas-us/courts | https://www.bounce.game/pickleball/city/houston-texas-us/courts | https://www.bounce.game/pickleball/city/austin-texas-us/courts | https://www.bounce.game/pickleball/city/san-antonio-texas-us/courts
TX-0445,TX-0445-ƥ,The App Powering Pickleball and Tennis,1 Court Permanent nets 1000 Old Mill Rd,Cedar Park,,TX,https://www.bounce.game/,bounce.game,Indoor and outdoor,Indoor and Outdoor,Yes,424,https://www.bounce.game/ | https://www.bounce.game/courts | https://www.bounce.game/pickleball/city/new-york-new-york-us/courts | https://www.bounce.game/pickleball/city/dallas-texas-us/courts | https://www.bounce.game/pickleball/city/houston-texas-us/courts | https://www.bounce.game/pickleball/city/austin-texas-us/courts | https://www.bounce.game/pickleball/city/san-antonio-texas-us/courts
TX-0445,TX-0445-Ʀ,The App Powering Pickleball and Tennis,16318 Great Oaks Dr,Round Rock,,TX,https://www.bounce.game/,bounce.game,Indoor and outdoor,Indoor and Outdoor,Yes,424,https://www.bounce.game/ | https://www.bounce.game/courts | https://www.bounce.game/pickleball/city/new-york-new-york-us/courts | https://www.bounce.game/pickleball/city/dallas-texas-us/courts | https://www.bounce.game/pickleball/city/houston-texas-us/courts | https://www.bounce.game/pickleball/city/austin-texas-us/courts | https://www.bounce.game/pickleball/city/san-antonio-texas-us/courts
TX-0445,TX-0445-Ƨ,The App Powering Pickleball and Tennis,502 Hurst Creek Road,Lakeway,78734,TX,https://www.bounce.game/,bounce.game,Indoor and outdoor,Indoor and Outdoor,Yes,424,https://www.bounce.game/ | https://www.bounce.game/courts | https://www.bounce.game/pickleball/city/new-york-new-york-us/courts | https://www.bounce.game/pickleball/city/dallas-texas-us/courts | https://www.bounce.game/pickleball/city/houston-texas-us/courts | https://www.bounce.game/pickleball/city/austin-texas-us/courts | https://www.bounce.game/pickleball/city/san-antonio-texas-us/courts
TX-0445,TX-0445-ƨ,The App Powering Pickleball and Tennis,4 Courts Permanent nets 224 Sailmaster St,Lakeway,,TX,https://www.bounce.game/,bounce.game,Indoor and outdoor,Indoor and Outdoor,Yes,424,https://www.bounce.game/ | https://www.bounce.game/courts | https://www.bounce.game/pickleball/city/new-york-new-york-us/courts | https://www.bounce.game/pickleball/city/dallas-texas-us/courts | https://www.bounce.game/pickleball/city/houston-texas-us/courts | https://www.bounce.game/pickleball/city/austin-texas-us/courts | https://www.bounce.game/pickleball/city/san-antonio-texas-us/courts
TX-0445,TX-0445-Ʃ,The App Powering Pickleball and Tennis,3 Courts Permanent nets 8700 Oconnor Dr,Round Rock,,TX,https://www.bounce.game/,bounce.game,Indoor and outdoor,Indoor and Outdoor,Yes,424,https://www.bounce.game/ | https://www.bounce.game/courts | https://www.bounce.game/pickleball/city/new-york-new-york-us/courts | https://www.bounce.game/pickleball/city/dallas-texas-us/courts | https://www.bounce.game/pickleball/city/houston-texas-us/courts | https://www.bounce.game/pickleball/city/austin-texas-us/courts | https://www.bounce.game/pickleball/city/san-antonio-texas-us/courts
TX-0445,TX-0445-ƪ,The App Powering Pickleball and Tennis,26 Club Estates Parkway,The Hills,,TX,https://www.bounce.game/,bounce.game,Indoor and outdoor,Indoor and Outdoor,Yes,424,https://www.bounce.game/ | https://www.bounce.game/courts | https://www.bounce.game/pickleball/city/new-york-new-york-us/courts | https://www.bounce.game/pickleball/city/dallas-texas-us/courts | https://www.bounce.game/pickleball/city/houston-texas-us/courts | https://www.bounce.game/pickleball/city/austin-texas-us/courts | https://www.bounce.game/pickleball/city/san-antonio-texas-us/courts
TX-0445,TX-0445-ƫ,The App Powering Pickleball and Tennis,1600 Gattis School Rd,Round Rock,,TX,https://www.bounce.game/,bounce.game,Indoor and outdoor,Indoor and Outdoor,Yes,424,https://www.bounce.game/ | https://www.bounce.game/courts | https://www.bounce.game/pickleball/city/new-york-new-york-us/courts | https://www.bounce.game/pickleball/city/dallas-texas-us/courts | https://www.bounce.game/pickleball/city/houston-texas-us/courts | https://www.bounce.game/pickleball/city/austin-texas-us/courts | https://www.bounce.game/pickleball/city/san-antonio-texas-us/courts
TX-0445,TX-0445-Ƭ,The App Powering Pickleball and Tennis,7 Courts Non-permanent nets 301 W Bagdad Ave,Round Rock,,TX,https://www.bounce.game/,bounce.game,Indoor and outdoor,Indoor and Outdoor,Yes,424,https://www.bounce.game/ | https://www.bounce.game/courts | https://www.bounce.game/pickleball/city/new-york-new-york-us/courts | https://www.bounce.game/pickleball/city/dallas-texas-us/courts | https://www.bounce.game/pickleball/city/houston-texas-us/courts | https://www.bounce.game/pickleball/city/austin-texas-us/courts | https://www.bounce.game/pickleball/city/san-antonio-texas-us/courts
TX-0445,TX-0445-ƭ,The App Powering Pickleball and Tennis,1 Court Non-permanent nets 2610 Main Street,Buda,78610,TX,https://www.bounce.game/,bounce.game,Indoor and outdoor,Indoor and Outdoor,Yes,424,https://www.bounce.game/ | https://www.bounce.game/courts | https://www.bounce.game/pickleball/city/new-york-new-york-us/courts | https://www.bounce.game/pickleball/city/dallas-texas-us/courts | https://www.bounce.game/pickleball/city/houston-texas-us/courts | https://www.bounce.game/pickleball/city/austin-texas-us/courts | https://www.bounce.game/pickleball/city/san-antonio-texas-us/courts
TX-0445,TX-0445-Ʈ,The App Powering Pickleball and Tennis,12 Courts Non-permanent nets 903 Highlands Boulevard,Lakeway,78738,TX,https://www.bounce.game/,bounce.game,Indoor and outdoor,Indoor and Outdoor,Yes,424,https://www.bounce.game/ | https://www.bounce.game/courts | https://www.bounce.game/pickleball/city/new-york-new-york-us/courts | https://www.bounce.game/pickleball/city/dallas-texas-us/courts | https://www.bounce.game/pickleball/city/houston-texas-us/courts | https://www.bounce.game/pickleball/city/austin-texas-us/courts | https://www.bounce.game/pickleball/city/san-antonio-texas-us/courts
TX-0445,TX-0445-Ư,The App Powering Pickleball and Tennis,465 Buda Sportsplex Dr,Buda,,TX,https://www.bounce.game/,bounce.game,Indoor and outdoor,Indoor and Outdoor,Yes,424,https://www.bounce.game/ | https://www.bounce.game/courts | https://www.bounce.game/pickleball/city/new-york-new-york-us/courts | https://www.bounce.game/pickleball/city/dallas-texas-us/courts | https://www.bounce.game/pickleball/city/houston-texas-us/courts | https://www.bounce.game/pickleball/city/austin-texas-us/courts | https://www.bounce.game/pickleball/city/san-antonio-texas-us/courts
TX-0445,TX-0445-ư,The App Powering Pickleball and Tennis,840 N Vista Ridge Blvd,Cedar Park,78613,TX,https://www.bounce.game/,bounce.game,Indoor and outdoor,Indoor and Outdoor,Yes,424,https://www.bounce.game/ | https://www.bounce.game/courts | https://www.bounce.game/pickleball/city/new-york-new-york-us/courts | https://www.bounce.game/pickleball/city/dallas-texas-us/courts | https://www.bounce.game/pickleball/city/houston-texas-us/courts | https://www.bounce.game/pickleball/city/austin-texas-us/courts | https://www.bounce.game/pickleball/city/san-antonio-texas-us/courts
TX-0445,TX-0445-Ʊ,The App Powering Pickleball and Tennis,8 Courts Permanent nets 1435 Main St,Cedar Park,,TX,https://www.bounce.game/,bounce.game,Indoor and outdoor,Indoor and Outdoor,Yes,424,https://www.bounce.game/ | https://www.bounce.game/courts | https://www.bounce.game/pickleball/city/new-york-new-york-us/courts | https://www.bounce.game/pickleball/city/dallas-texas-us/courts | https://www.bounce.game/pickleball/city/houston-texas-us/courts | https://www.bounce.game/pickleball/city/austin-texas-us/courts | https://www.bounce.game/pickleball/city/san-antonio-texas-us/courts
TX-0445,TX-0445-Ʋ,The App Powering Pickleball and Tennis,19120 Old Burnet Road,Jonestown,,TX,https://www.bounce.game/,bounce.game,Indoor and outdoor,Indoor and Outdoor,Yes,424,https://www.bounce.game/ | https://www.bounce.game/courts | https://www.bounce.game/pickleball/city/new-york-new-york-us/courts | https://www.bounce.game/pickleball/city/dallas-texas-us/courts | https://www.bounce.game/pickleball/city/houston-texas-us/courts | https://www.bounce.game/pickleball/city/austin-texas-us/courts | https://www.bounce.game/pickleball/city/san-antonio-texas-us/courts
TX-0445,TX-0445-Ƴ,The App Powering Pickleball and Tennis,2525 W New Hope Dr,Cedar Park,78613,TX,https://www.bounce.game/,bounce.game,Indoor and outdoor,Indoor and Outdoor,Yes,424,https://www.bounce.game/ | https://www.bounce.game/courts | https://www.bounce.game/pickleball/city/new-york-new-york-us/courts | https://www.bounce.game/pickleball/city/dallas-texas-us/courts | https://www.bounce.game/pickleball/city/houston-texas-us/courts | https://www.bounce.game/pickleball/city/austin-texas-us/courts | https://www.bounce.game/pickleball/city/san-antonio-texas-us/courts
TX-0445,TX-0445-ƴ,The App Powering Pickleball and Tennis,8 Courts Permanent nets 2525 W New Hope Dr,Cedar Park,78613,TX,https://www.bounce.game/,bounce.game,Indoor and outdoor,Indoor and Outdoor,Yes,424,https://www.bounce.game/ | https://www.bounce.game/courts | https://www.bounce.game/pickleball/city/new-york-new-york-us/courts | https://www.bounce.game/pickleball/city/dallas-texas-us/courts | https://www.bounce.game/pickleball/city/houston-texas-us/courts | https://www.bounce.game/pickleball/city/austin-texas-us/courts | https://www.bounce.game/pickleball/city/san-antonio-texas-us/courts
TX-0445,TX-0445-Ƶ,The App Powering Pickleball and Tennis,2 Courts Permanent nets 77 Twin Ridge Pkwy,Round Rock,78664,TX,https://www.bounce.game/,bounce.game,Indoor and outdoor,Indoor and Outdoor,Yes,424,https://www.bounce.game/ | https://www.bounce.game/courts | https://www.bounce.game/pickleball/city/new-york-new-york-us/courts | https://www.bounce.game/pickleball/city/dallas-texas-us/courts | https://www.bounce.game/pickleball/city/houston-texas-us/courts | https://www.bounce.game/pickleball/city/austin-texas-us/courts | https://www.bounce.game/pickleball/city/san-antonio-texas-us/courts
TX-0445,TX-0445-ƶ,The App Powering Pickleball and Tennis,6 Courts Permanent nets 21427 Martin Lane,Pflugerville,78660,TX,https://www.bounce.game/,bounce.game,Indoor and outdoor,Indoor and Outdoor,Yes,424,https://www.bounce.game/ | https://www.bounce.game/courts | https://www.bounce.game/pickleball/city/new-york-new-york-us/courts | https://www.bounce.game/pickleball/city/dallas-texas-us/courts | https://www.bounce.game/pickleball/city/houston-texas-us/courts | https://www.bounce.game/pickleball/city/austin-texas-us/courts | https://www.bounce.game/pickleball/city/san-antonio-texas-us/courts
TX-0445,TX-0445-Ʒ,The App Powering Pickleball and Tennis,9 Courts Permanent nets 4616 Rimrock Dr,Lago Vista,,TX,https://www.bounce.game/,bounce.game,Indoor and outdoor,Indoor and Outdoor,Yes,424,https://www.bounce.game/ | https://www.bounce.game/courts | https://www.bounce.game/pickleball/city/new-york-new-york-us/courts | https://www.bounce.game/pickleball/city/dallas-texas-us/courts | https://www.bounce.game/pickleball/city/houston-texas-us/courts | https://www.bounce.game/pickleball/city/austin-texas-us/courts | https://www.bounce.game/pickleball/city/san-antonio-texas-us/courts
TX-0445,TX-0445-Ƹ,The App Powering Pickleball and Tennis,6 Courts Permanent nets 4514 Bob Wire Rd,Spicewood,,TX,https://www.bounce.game/,bounce.game,Indoor and outdoor,Indoor and Outdoor,Yes,424,https://www.bounce.game/ | https://www.bounce.game/courts | https://www.bounce.game/pickleball/city/new-york-new-york-us/courts | https://www.bounce.game/pickleball/city/dallas-texas-us/courts | https://www.bounce.game/pickleball/city/houston-texas-us/courts | https://www.bounce.game/pickleball/city/austin-texas-us/courts | https://www.bounce.game/pickleball/city/san-antonio-texas-us/courts
TX-0445,TX-0445-ƹ,The App Powering Pickleball and Tennis,6 Courts Permanent nets 4514 Bob Wire Rd,Spicewood,78669,TX,https://www.bounce.game/,bounce.game,Indoor and outdoor,Indoor and Outdoor,Yes,424,https://www.bounce.game/ | https://www.bounce.game/courts | https://www.bounce.game/pickleball/city/new-york-new-york-us/courts | https://www.bounce.game/pickleball/city/dallas-texas-us/courts | https://www.bounce.game/pickleball/city/houston-texas-us/courts | https://www.bounce.game/pickleball/city/austin-texas-us/courts | https://www.bounce.game/pickleball/city/san-antonio-texas-us/courts
TX-0445,TX-0445-ƺ,The App Powering Pickleball and Tennis,6 Courts Permanent nets 200 Alliance Boulevard,Hutto,,TX,https://www.bounce.game/,bounce.game,Indoor and outdoor,Indoor and Outdoor,Yes,424,https://www.bounce.game/ | https://www.bounce.game/courts | https://www.bounce.game/pickleball/city/new-york-new-york-us/courts | https://www.bounce.game/pickleball/city/dallas-texas-us/courts | https://www.bounce.game/pickleball/city/houston-texas-us/courts | https://www.bounce.game/pickleball/city/austin-texas-us/courts | https://www.bounce.game/pickleball/city/san-antonio-texas-us/courts
TX-0445,TX-0445-ƻ,The App Powering Pickleball and Tennis,3 Courts Non-permanent nets 4418 Brasada Ln,Marble Falls,,TX,https://www.bounce.game/,bounce.game,Indoor and outdoor,Indoor and Outdoor,Yes,424,https://www.bounce.game/ | https://www.bounce.game/courts | https://www.bounce.game/pickleball/city/new-york-new-york-us/courts | https://www.bounce.game/pickleball/city/dallas-texas-us/courts | https://www.bounce.game/pickleball/city/houston-texas-us/courts | https://www.bounce.game/pickleball/city/austin-texas-us/courts | https://www.bounce.game/pickleball/city/san-antonio-texas-us/courts
TX-0445,TX-0445-Ƽ,The App Powering Pickleball and Tennis,25609 Kahala Sunset Court,Spicewood,,TX,https://www.bounce.game/,bounce.game,Indoor and outdoor,Indoor and Outdoor,Yes,424,https://www.bounce.game/ | https://www.bounce.game/courts | https://www.bounce.game/pickleball/city/new-york-new-york-us/courts | https://www.bounce.game/pickleball/city/dallas-texas-us/courts | https://www.bounce.game/pickleball/city/houston-texas-us/courts | https://www.bounce.game/pickleball/city/austin-texas-us/courts | https://www.bounce.game/pickleball/city/san-antonio-texas-us/courts
TX-0445,TX-0445-ƽ,The App Powering Pickleball and Tennis,5 Courts Permanent nets 103 Thousand Oaks Blvd,Georgetown,78628,TX,https://www.bounce.game/,bounce.game,Indoor and outdoor,Indoor and Outdoor,Yes,424,https://www.bounce.game/ | https://www.bounce.game/courts | https://www.bounce.game/pickleball/city/new-york-new-york-us/courts | https://www.bounce.game/pickleball/city/dallas-texas-us/courts | https://www.bounce.game/pickleball/city/houston-texas-us/courts | https://www.bounce.game/pickleball/city/austin-texas-us/courts | https://www.bounce.game/pickleball/city/san-antonio-texas-us/courts
TX-0445,TX-0445-ƾ,The App Powering Pickleball and Tennis,1 Court Permanent nets 101 W L Walden Dr,Georgetown,,TX,https://www.bounce.game/,bounce.game,Indoor and outdoor,Indoor and Outdoor,Yes,424,https://www.bounce.game/ | https://www.bounce.game/courts | https://www.bounce.game/pickleball/city/new-york-new-york-us/courts | https://www.bounce.game/pickleball/city/dallas-texas-us/courts | https://www.bounce.game/pickleball/city/houston-texas-us/courts | https://www.bounce.game/pickleball/city/austin-texas-us/courts | https://www.bounce.game/pickleball/city/san-antonio-texas-us/courts
TX-0445,TX-0445-ƿ,The App Powering Pickleball and Tennis,6 Courts Permanent nets 101 W L Walden Dr,Georgetown,78626,TX,https://www.bounce.game/,bounce.game,Indoor and outdoor,Indoor and Outdoor,Yes,424,https://www.bounce.game/ | https://www.bounce.game/courts | https://www.bounce.game/pickleball/city/new-york-new-york-us/courts | https://www.bounce.game/pickleball/city/dallas-texas-us/courts | https://www.bounce.game/pickleball/city/houston-texas-us/courts | https://www.bounce.game/pickleball/city/austin-texas-us/courts | https://www.bounce.game/pickleball/city/san-antonio-texas-us/courts
TX-0445,TX-0445-ǀ,The App Powering Pickleball and Tennis,6 Courts Permanent nets 1003 N Austin Ave,Georgetown,,TX,https://www.bounce.game/,bounce.game,Indoor and outdoor,Indoor and Outdoor,Yes,424,https://www.bounce.game/ | https://www.bounce.game/courts | https://www.bounce.game/pickleball/city/new-york-new-york-us/courts | https://www.bounce.game/pickleball/city/dallas-texas-us/courts | https://www.bounce.game/pickleball/city/houston-texas-us/courts | https://www.bounce.game/pickleball/city/austin-texas-us/courts | https://www.bounce.game/pickleball/city/san-antonio-texas-us/courts
TX-0445,TX-0445-ǁ,The App Powering Pickleball and Tennis,77 Twin Ridge Pkwy,Round Rock,78664,TX,https://www.bounce.game/,bounce.game,Indoor and outdoor,Indoor and Outdoor,Yes,424,https://www.bounce.game/ | https://www.bounce.game/courts | https://www.bounce.game/pickleball/city/new-york-new-york-us/courts | https://www.bounce.game/pickleball/city/dallas-texas-us/courts | https://www.bounce.game/pickleball/city/houston-texas-us/courts | https://www.bounce.game/pickleball/city/austin-texas-us/courts | https://www.bounce.game/pickleball/city/san-antonio-texas-us/courts
TX-0445,TX-0445-ǂ,The App Powering Pickleball and Tennis,438 1717 W 6th St,Austin,78703,TX,https://www.bounce.game/,bounce.game,Indoor and outdoor,Indoor and Outdoor,Yes,424,https://www.bounce.game/ | https://www.bounce.game/courts | https://www.bounce.game/pickleball/city/new-york-new-york-us/courts | https://www.bounce.game/pickleball/city/dallas-texas-us/courts | https://www.bounce.game/pickleball/city/houston-texas-us/courts | https://www.bounce.game/pickleball/city/austin-texas-us/courts | https://www.bounce.game/pickleball/city/san-antonio-texas-us/courts
TX-0445,TX-0445-ǃ,The App Powering Pickleball and Tennis,302 Zephyr Dr,Windcrest,,TX,https://www.bounce.game/,bounce.game,Indoor and outdoor,Indoor and Outdoor,Yes,424,https://www.bounce.game/ | https://www.bounce.game/courts | https://www.bounce.game/pickleball/city/new-york-new-york-us/courts | https://www.bounce.game/pickleball/city/dallas-texas-us/courts | https://www.bounce.game/pickleball/city/houston-texas-us/courts | https://www.bounce.game/pickleball/city/austin-texas-us/courts | https://www.bounce.game/pickleball/city/san-antonio-texas-us/courts
TX-0445,TX-0445-Ǆ,The App Powering Pickleball and Tennis,4 Courts Permanent nets 23808 Resort Parkway,San Antonio,78261,TX,https://www.bounce.game/,bounce.game,Indoor and outdoor,Indoor and Outdoor,Yes,424,https://www.bounce.game/ | https://www.bounce.game/courts | https://www.bounce.game/pickleball/city/new-york-new-york-us/courts | https://www.bounce.game/pickleball/city/dallas-texas-us/courts | https://www.bounce.game/pickleball/city/houston-texas-us/courts | https://www.bounce.game/pickleball/city/austin-texas-us/courts | https://www.bounce.game/pickleball/city/san-antonio-texas-us/courts
TX-0445,TX-0445-ǅ,The App Powering Pickleball and Tennis,5025 David Edwards Dr,San Antonio,,TX,https://www.bounce.game/,bounce.game,Indoor and outdoor,Indoor and Outdoor,Yes,424,https://www.bounce.game/ | https://www.bounce.game/courts | https://www.bounce.game/pickleball/city/new-york-new-york-us/courts | https://www.bounce.game/pickleball/city/dallas-texas-us/courts | https://www.bounce.game/pickleball/city/houston-texas-us/courts | https://www.bounce.game/pickleball/city/austin-texas-us/courts | https://www.bounce.game/pickleball/city/san-antonio-texas-us/courts
TX-0445,TX-0445-ǆ,The App Powering Pickleball and Tennis,16400 Parkstone Blvd,San Antonio,,TX,https://www.bounce.game/,bounce.game,Indoor and outdoor,Indoor and Outdoor,Yes,424,https://www.bounce.game/ | https://www.bounce.game/courts | https://www.bounce.game/pickleball/city/new-york-new-york-us/courts | https://www.bounce.game/pickleball/city/dallas-texas-us/courts | https://www.bounce.game/pickleball/city/houston-texas-us/courts | https://www.bounce.game/pickleball/city/austin-texas-us/courts | https://www.bounce.game/pickleball/city/san-antonio-texas-us/courts
TX-0445,TX-0445-Ǉ,The App Powering Pickleball and Tennis,14747 Jones Maltsberger Rd,San Antonio,78247,TX,https://www.bounce.game/,bounce.game,Indoor and outdoor,Indoor and Outdoor,Yes,424,https://www.bounce.game/ | https://www.bounce.game/courts | https://www.bounce.game/pickleball/city/new-york-new-york-us/courts | https://www.bounce.game/pickleball/city/dallas-texas-us/courts | https://www.bounce.game/pickleball/city/houston-texas-us/courts | https://www.bounce.game/pickleball/city/austin-texas-us/courts | https://www.bounce.game/pickleball/city/san-antonio-texas-us/courts
TX-0445,TX-0445-ǈ,The App Powering Pickleball and Tennis,2 Courts Non-permanent nets 8227 Broadway,San Antonio,,TX,https://www.bounce.game/,bounce.game,Indoor and outdoor,Indoor and Outdoor,Yes,424,https://www.bounce.game/ | https://www.bounce.game/courts | https://www.bounce.game/pickleball/city/new-york-new-york-us/courts | https://www.bounce.game/pickleball/city/dallas-texas-us/courts | https://www.bounce.game/pickleball/city/houston-texas-us/courts | https://www.bounce.game/pickleball/city/austin-texas-us/courts | https://www.bounce.game/pickleball/city/san-antonio-texas-us/courts
TX-0445,TX-0445-ǉ,The App Powering Pickleball and Tennis,16333 Vance Jackson Rd,San Antonio,,TX,https://www.bounce.game/,bounce.game,Indoor and outdoor,Indoor and Outdoor,Yes,424,https://www.bounce.game/ | https://www.bounce.game/courts | https://www.bounce.game/pickleball/city/new-york-new-york-us/courts | https://www.bounce.game/pickleball/city/dallas-texas-us/courts | https://www.bounce.game/pickleball/city/houston-texas-us/courts | https://www.bounce.game/pickleball/city/austin-texas-us/courts | https://www.bounce.game/pickleball/city/san-antonio-texas-us/courts
TX-0445,TX-0445-Ǌ,The App Powering Pickleball and Tennis,1214 E Crockett St,San Antonio,78202,TX,https://www.bounce.game/,bounce.game,Indoor and outdoor,Indoor and Outdoor,Yes,424,https://www.bounce.game/ | https://www.bounce.game/courts | https://www.bounce.game/pickleball/city/new-york-new-york-us/courts | https://www.bounce.game/pickleball/city/dallas-texas-us/courts | https://www.bounce.game/pickleball/city/houston-texas-us/courts | https://www.bounce.game/pickleball/city/austin-texas-us/courts | https://www.bounce.game/pickleball/city/san-antonio-texas-us/courts
TX-0445,TX-0445-ǋ,The App Powering Pickleball and Tennis,18 Courts Permanent nets 10700 Nacogdoches Rd,San Antonio,,TX,https://www.bounce.game/,bounce.game,Indoor and outdoor,Indoor and Outdoor,Yes,424,https://www.bounce.game/ | https://www.bounce.game/courts | https://www.bounce.game/pickleball/city/new-york-new-york-us/courts | https://www.bounce.game/pickleball/city/dallas-texas-us/courts | https://www.bounce.game/pickleball/city/houston-texas-us/courts | https://www.bounce.game/pickleball/city/austin-texas-us/courts | https://www.bounce.game/pickleball/city/san-antonio-texas-us/courts
TX-0445,TX-0445-ǌ,The App Powering Pickleball and Tennis,2 Courts Non-permanent nets 5639 Worth Pkwy,San Antonio,78257,TX,https://www.bounce.game/,bounce.game,Indoor and outdoor,Indoor and Outdoor,Yes,424,https://www.bounce.game/ | https://www.bounce.game/courts | https://www.bounce.game/pickleball/city/new-york-new-york-us/courts | https://www.bounce.game/pickleball/city/dallas-texas-us/courts | https://www.bounce.game/pickleball/city/houston-texas-us/courts | https://www.bounce.game/pickleball/city/austin-texas-us/courts | https://www.bounce.game/pickleball/city/san-antonio-texas-us/courts
TX-0445,TX-0445-Ǎ,The App Powering Pickleball and Tennis,2 Courts Permanent nets 10700 Nacogdoches Road,San Antonio,,TX,https://www.bounce.game/,bounce.game,Indoor and outdoor,Indoor and Outdoor,Yes,424,https://www.bounce.game/ | https://www.bounce.game/courts | https://www.bounce.game/pickleball/city/new-york-new-york-us/courts | https://www.bounce.game/pickleball/city/dallas-texas-us/courts | https://www.bounce.game/pickleball/city/houston-texas-us/courts | https://www.bounce.game/pickleball/city/austin-texas-us/courts | https://www.bounce.game/pickleball/city/san-antonio-texas-us/courts
TX-0445,TX-0445-ǎ,The App Powering Pickleball and Tennis,5919 West Commerce Street,San Antonio,,TX,https://www.bounce.game/,bounce.game,Indoor and outdoor,Indoor and Outdoor,Yes,424,https://www.bounce.game/ | https://www.bounce.game/courts | https://www.bounce.game/pickleball/city/new-york-new-york-us/courts | https://www.bounce.game/pickleball/city/dallas-texas-us/courts | https://www.bounce.game/pickleball/city/houston-texas-us/courts | https://www.bounce.game/pickleball/city/austin-texas-us/courts | https://www.bounce.game/pickleball/city/san-antonio-texas-us/courts
TX-0445,TX-0445-Ǐ,The App Powering Pickleball and Tennis,6 Courts Permanent nets 16400 Parkstone Blvd,San Antonio,,TX,https://www.bounce.game/,bounce.game,Indoor and outdoor,Indoor and Outdoor,Yes,424,https://www.bounce.game/ | https://www.bounce.game/courts | https://www.bounce.game/pickleball/city/new-york-new-york-us/courts | https://www.bounce.game/pickleball/city/dallas-texas-us/courts | https://www.bounce.game/pickleball/city/houston-texas-us/courts | https://www.bounce.game/pickleball/city/austin-texas-us/courts | https://www.bounce.game/pickleball/city/san-antonio-texas-us/courts
TX-0445,TX-0445-ǐ,The App Powering Pickleball and Tennis,5 Courts Permanent nets 5131 Beckwith Blvd,San Antonio,78249,TX,https://www.bounce.game/,bounce.game,Indoor and outdoor,Indoor and Outdoor,Yes,424,https://www.bounce.game/ | https://www.bounce.game/courts | https://www.bounce.game/pickleball/city/new-york-new-york-us/courts | https://www.bounce.game/pickleball/city/dallas-texas-us/courts | https://www.bounce.game/pickleball/city/houston-texas-us/courts | https://www.bounce.game/pickleball/city/austin-texas-us/courts | https://www.bounce.game/pickleball/city/san-antonio-texas-us/courts
TX-0445,TX-0445-Ǒ,The App Powering Pickleball and Tennis,10 Courts Permanent nets 2635 E Ramblewood St,San Antonio,,TX,https://www.bounce.game/,bounce.game,Indoor and outdoor,Indoor and Outdoor,Yes,424,https://www.bounce.game/ | https://www.bounce.game/courts | https://www.bounce.game/pickleball/city/new-york-new-york-us/courts | https://www.bounce.game/pickleball/city/dallas-texas-us/courts | https://www.bounce.game/pickleball/city/houston-texas-us/courts | https://www.bounce.game/pickleball/city/austin-texas-us/courts | https://www.bounce.game/pickleball/city/san-antonio-texas-us/courts
TX-0445,TX-0445-ǒ,The App Powering Pickleball and Tennis,2 Courts Permanent nets 5215 UTSA Boulevard,San Antonio,78249,TX,https://www.bounce.game/,bounce.game,Indoor and outdoor,Indoor and Outdoor,Yes,424,https://www.bounce.game/ | https://www.bounce.game/courts | https://www.bounce.game/pickleball/city/new-york-new-york-us/courts | https://www.bounce.game/pickleball/city/dallas-texas-us/courts | https://www.bounce.game/pickleball/city/houston-texas-us/courts | https://www.bounce.game/pickleball/city/austin-texas-us/courts | https://www.bounce.game/pickleball/city/san-antonio-texas-us/courts
TX-0445,TX-0445-Ǔ,The App Powering Pickleball and Tennis,10 Courts Permanent nets 21750 Hardy Oak Blvd,San Antonio,78258,TX,https://www.bounce.game/,bounce.game,Indoor and outdoor,Indoor and Outdoor,Yes,424,https://www.bounce.game/ | https://www.bounce.game/courts | https://www.bounce.game/pickleball/city/new-york-new-york-us/courts | https://www.bounce.game/pickleball/city/dallas-texas-us/courts | https://www.bounce.game/pickleball/city/houston-texas-us/courts | https://www.bounce.game/pickleball/city/austin-texas-us/courts | https://www.bounce.game/pickleball/city/san-antonio-texas-us/courts
TX-0445,TX-0445-ǔ,The App Powering Pickleball and Tennis,4 Courts Permanent nets 1 Dominion Dr,San Antonio,,TX,https://www.bounce.game/,bounce.game,Indoor and outdoor,Indoor and Outdoor,Yes,424,https://www.bounce.game/ | https://www.bounce.game/courts | https://www.bounce.game/pickleball/city/new-york-new-york-us/courts | https://www.bounce.game/pickleball/city/dallas-texas-us/courts | https://www.bounce.game/pickleball/city/houston-texas-us/courts | https://www.bounce.game/pickleball/city/austin-texas-us/courts | https://www.bounce.game/pickleball/city/san-antonio-texas-us/courts
TX-0445,TX-0445-Ǖ,The App Powering Pickleball and Tennis,9 Courts Permanent nets 7900 Fair Oaks Pkwy,San Antonio,,TX,https://www.bounce.game/,bounce.game,Indoor and outdoor,Indoor and Outdoor,Yes,424,https://www.bounce.game/ | https://www.bounce.game/courts | https://www.bounce.game/pickleball/city/new-york-new-york-us/courts | https://www.bounce.game/pickleball/city/dallas-texas-us/courts | https://www.bounce.game/pickleball/city/houston-texas-us/courts | https://www.bounce.game/pickleball/city/austin-texas-us/courts | https://www.bounce.game/pickleball/city/san-antonio-texas-us/courts
TX-0445,TX-0445-ǖ,The App Powering Pickleball and Tennis,22 Courts Permanent nets 1002 W Huisache Ave,San Antonio,78201,TX,https://www.bounce.game/,bounce.game,Indoor and outdoor,Indoor and Outdoor,Yes,424,https://www.bounce.game/ | https://www.bounce.game/courts | https://www.bounce.game/pickleball/city/new-york-new-york-us/courts | https://www.bounce.game/pickleball/city/dallas-texas-us/courts | https://www.bounce.game/pickleball/city/houston-texas-us/courts | https://www.bounce.game/pickleball/city/austin-texas-us/courts | https://www.bounce.game/pickleball/city/san-antonio-texas-us/courts
TX-0445,TX-0445-Ǘ,The App Powering Pickleball and Tennis,12500 NW Military Highway,San Antonio,,TX,https://www.bounce.game/,bounce.game,Indoor and outdoor,Indoor and Outdoor,Yes,424,https://www.bounce.game/ | https://www.bounce.game/courts | https://www.bounce.game/pickleball/city/new-york-new-york-us/courts | https://www.bounce.game/pickleball/city/dallas-texas-us/courts | https://www.bounce.game/pickleball/city/houston-texas-us/courts | https://www.bounce.game/pickleball/city/austin-texas-us/courts | https://www.bounce.game/pickleball/city/san-antonio-texas-us/courts
TX-0445,TX-0445-ǘ,The App Powering Pickleball and Tennis,3 Courts Permanent nets 15110 Eagle Grove Street,San Antonio,78232,TX,https://www.bounce.game/,bounce.game,Indoor and outdoor,Indoor and Outdoor,Yes,424,https://www.bounce.game/ | https://www.bounce.game/courts | https://www.bounce.game/pickleball/city/new-york-new-york-us/courts | https://www.bounce.game/pickleball/city/dallas-texas-us/courts | https://www.bounce.game/pickleball/city/houston-texas-us/courts | https://www.bounce.game/pickleball/city/austin-texas-us/courts | https://www.bounce.game/pickleball/city/san-antonio-texas-us/courts
TX-0445,TX-0445-Ǚ,The App Powering Pickleball and Tennis,7 Courts Permanent nets 901 East Sonterra Boulevard,San Antonio,78258,TX,https://www.bounce.game/,bounce.game,Indoor and outdoor,Indoor and Outdoor,Yes,424,https://www.bounce.game/ | https://www.bounce.game/courts | https://www.bounce.game/pickleball/city/new-york-new-york-us/courts | https://www.bounce.game/pickleball/city/dallas-texas-us/courts | https://www.bounce.game/pickleball/city/houston-texas-us/courts | https://www.bounce.game/pickleball/city/austin-texas-us/courts | https://www.bounce.game/pickleball/city/san-antonio-texas-us/courts
TX-0445,TX-0445-ǚ,The App Powering Pickleball and Tennis,3511 Colony Dr,San Antonio,78230,TX,https://www.bounce.game/,bounce.game,Indoor and outdoor,Indoor and Outdoor,Yes,424,https://www.bounce.game/ | https://www.bounce.game/courts | https://www.bounce.game/pickleball/city/new-york-new-york-us/courts | https://www.bounce.game/pickleball/city/dallas-texas-us/courts | https://www.bounce.game/pickleball/city/houston-texas-us/courts | https://www.bounce.game/pickleball/city/austin-texas-us/courts | https://www.bounce.game/pickleball/city/san-antonio-texas-us/courts
TX-0445,TX-0445-Ǜ,The App Powering Pickleball and Tennis,4 Courts Permanent nets 4721 Callaghan Road,San Antonio,,TX,https://www.bounce.game/,bounce.game,Indoor and outdoor,Indoor and Outdoor,Yes,424,https://www.bounce.game/ | https://www.bounce.game/courts | https://www.bounce.game/pickleball/city/new-york-new-york-us/courts | https://www.bounce.game/pickleball/city/dallas-texas-us/courts | https://www.bounce.game/pickleball/city/houston-texas-us/courts | https://www.bounce.game/pickleball/city/austin-texas-us/courts | https://www.bounce.game/pickleball/city/san-antonio-texas-us/courts
TX-0445,TX-0445-ǜ,The App Powering Pickleball and Tennis,10 Courts Permanent nets 314 Nolan St,San Antonio,78202,TX,https://www.bounce.game/,bounce.game,Indoor and outdoor,Indoor and Outdoor,Yes,424,https://www.bounce.game/ | https://www.bounce.game/courts | https://www.bounce.game/pickleball/city/new-york-new-york-us/courts | https://www.bounce.game/pickleball/city/dallas-texas-us/courts | https://www.bounce.game/pickleball/city/houston-texas-us/courts | https://www.bounce.game/pickleball/city/austin-texas-us/courts | https://www.bounce.game/pickleball/city/san-antonio-texas-us/courts
TX-0445,TX-0445-ǝ,The App Powering Pickleball and Tennis,25 miles 1214 E. Crockett St,San Antonio,78202,TX,https://www.bounce.game/,bounce.game,Indoor and outdoor,Indoor and Outdoor,Yes,424,https://www.bounce.game/ | https://www.bounce.game/courts | https://www.bounce.game/pickleball/city/new-york-new-york-us/courts | https://www.bounce.game/pickleball/city/dallas-texas-us/courts | https://www.bounce.game/pickleball/city/houston-texas-us/courts | https://www.bounce.game/pickleball/city/austin-texas-us/courts | https://www.bounce.game/pickleball/city/san-antonio-texas-us/courts
TX-0445,TX-0445-Ǟ,The App Powering Pickleball and Tennis,18 Courts Non-permanent nets 302 Zephyr Dr,Windcrest,78239,TX,https://www.bounce.game/,bounce.game,Indoor and outdoor,Indoor and Outdoor,Yes,424,https://www.bounce.game/ | https://www.bounce.game/courts | https://www.bounce.game/pickleball/city/new-york-new-york-us/courts | https://www.bounce.game/pickleball/city/dallas-texas-us/courts | https://www.bounce.game/pickleball/city/houston-texas-us/courts | https://www.bounce.game/pickleball/city/austin-texas-us/courts | https://www.bounce.game/pickleball/city/san-antonio-texas-us/courts
TX-0445,TX-0445-ǟ,The App Powering Pickleball and Tennis,9 Courts Permanent nets 302 Zephyr Dr,Windcrest,,TX,https://www.bounce.game/,bounce.game,Indoor and outdoor,Indoor and Outdoor,Yes,424,https://www.bounce.game/ | https://www.bounce.game/courts | https://www.bounce.game/pickleball/city/new-york-new-york-us/courts | https://www.bounce.game/pickleball/city/dallas-texas-us/courts | https://www.bounce.game/pickleball/city/houston-texas-us/courts | https://www.bounce.game/pickleball/city/austin-texas-us/courts | https://www.bounce.game/pickleball/city/san-antonio-texas-us/courts
TX-0445,TX-0445-Ǡ,The App Powering Pickleball and Tennis,7 Courts Permanent nets 9310 Jim Seal Dr,Windcrest,,TX,https://www.bounce.game/,bounce.game,Indoor and outdoor,Indoor and Outdoor,Yes,424,https://www.bounce.game/ | https://www.bounce.game/courts | https://www.bounce.game/pickleball/city/new-york-new-york-us/courts | https://www.bounce.game/pickleball/city/dallas-texas-us/courts | https://www.bounce.game/pickleball/city/houston-texas-us/courts | https://www.bounce.game/pickleball/city/austin-texas-us/courts | https://www.bounce.game/pickleball/city/san-antonio-texas-us/courts
TX-0445,TX-0445-ǡ,The App Powering Pickleball and Tennis,1 Court Permanent nets 12045 Leslie Road,Helotes,,TX,https://www.bounce.game/,bounce.game,Indoor and outdoor,Indoor and Outdoor,Yes,424,https://www.bounce.game/ | https://www.bounce.game/courts | https://www.bounce.game/pickleball/city/new-york-new-york-us/courts | https://www.bounce.game/pickleball/city/dallas-texas-us/courts | https://www.bounce.game/pickleball/city/houston-texas-us/courts | https://www.bounce.game/pickleball/city/austin-texas-us/courts | https://www.bounce.game/pickleball/city/san-antonio-texas-us/courts
TX-0445,TX-0445-Ǣ,The App Powering Pickleball and Tennis,3 Courts Permanent nets 13200 Bandera Rd,Helotes,,TX,https://www.bounce.game/,bounce.game,Indoor and outdoor,Indoor and Outdoor,Yes,424,https://www.bounce.game/ | https://www.bounce.game/courts | https://www.bounce.game/pickleball/city/new-york-new-york-us/courts | https://www.bounce.game/pickleball/city/dallas-texas-us/courts | https://www.bounce.game/pickleball/city/houston-texas-us/courts | https://www.bounce.game/pickleball/city/austin-texas-us/courts | https://www.bounce.game/pickleball/city/san-antonio-texas-us/courts
TX-0445,TX-0445-ǣ,The App Powering Pickleball and Tennis,2 Courts Non-permanent nets 13153 Antonio Dr,Helotes,78023,TX,https://www.bounce.game/,bounce.game,Indoor and outdoor,Indoor and Outdoor,Yes,424,https://www.bounce.game/ | https://www.bounce.game/courts | https://www.bounce.game/pickleball/city/new-york-new-york-us/courts | https://www.bounce.game/pickleball/city/dallas-texas-us/courts | https://www.bounce.game/pickleball/city/houston-texas-us/courts | https://www.bounce.game/pickleball/city/austin-texas-us/courts | https://www.bounce.game/pickleball/city/san-antonio-texas-us/courts
TX-0445,TX-0445-Ǥ,The App Powering Pickleball and Tennis,4 Courts Non-permanent nets 14769 Bandera Rd,Helotes,,TX,https://www.bounce.game/,bounce.game,Indoor and outdoor,Indoor and Outdoor,Yes,424,https://www.bounce.game/ | https://www.bounce.game/courts | https://www.bounce.game/pickleball/city/new-york-new-york-us/courts | https://www.bounce.game/pickleball/city/dallas-texas-us/courts | https://www.bounce.game/pickleball/city/houston-texas-us/courts | https://www.bounce.game/pickleball/city/austin-texas-us/courts | https://www.bounce.game/pickleball/city/san-antonio-texas-us/courts
TX-0445,TX-0445-ǥ,The App Powering Pickleball and Tennis,4 Courts Permanent nets 8020 Pat Booker Rd,Live Oak,,TX,https://www.bounce.game/,bounce.game,Indoor and outdoor,Indoor and Outdoor,Yes,424,https://www.bounce.game/ | https://www.bounce.game/courts | https://www.bounce.game/pickleball/city/new-york-new-york-us/courts | https://www.bounce.game/pickleball/city/dallas-texas-us/courts | https://www.bounce.game/pickleball/city/houston-texas-us/courts | https://www.bounce.game/pickleball/city/austin-texas-us/courts | https://www.bounce.game/pickleball/city/san-antonio-texas-us/courts
TX-0445,TX-0445-Ǧ,The App Powering Pickleball and Tennis,1 Court Permanent nets 621 Westchester Dr,Schertz,,TX,https://www.bounce.game/,bounce.game,Indoor and outdoor,Indoor and Outdoor,Yes,424,https://www.bounce.game/ | https://www.bounce.game/courts | https://www.bounce.game/pickleball/city/new-york-new-york-us/courts | https://www.bounce.game/pickleball/city/dallas-texas-us/courts | https://www.bounce.game/pickleball/city/houston-texas-us/courts | https://www.bounce.game/pickleball/city/austin-texas-us/courts | https://www.bounce.game/pickleball/city/san-antonio-texas-us/courts
TX-0445,TX-0445-ǧ,The App Powering Pickleball and Tennis,3 Courts Non-permanent nets 5850 Derby Way,Bulverde,,TX,https://www.bounce.game/,bounce.game,Indoor and outdoor,Indoor and Outdoor,Yes,424,https://www.bounce.game/ | https://www.bounce.game/courts | https://www.bounce.game/pickleball/city/new-york-new-york-us/courts | https://www.bounce.game/pickleball/city/dallas-texas-us/courts | https://www.bounce.game/pickleball/city/houston-texas-us/courts | https://www.bounce.game/pickleball/city/austin-texas-us/courts | https://www.bounce.game/pickleball/city/san-antonio-texas-us/courts
TX-0445,TX-0445-Ǩ,The App Powering Pickleball and Tennis,5 Courts Permanent nets 106 City Park Rd,Boerne,,TX,https://www.bounce.game/,bounce.game,Indoor and outdoor,Indoor and Outdoor,Yes,424,https://www.bounce.game/ | https://www.bounce.game/courts | https://www.bounce.game/pickleball/city/new-york-new-york-us/courts | https://www.bounce.game/pickleball/city/dallas-texas-us/courts | https://www.bounce.game/pickleball/city/houston-texas-us/courts | https://www.bounce.game/pickleball/city/austin-texas-us/courts | https://www.bounce.game/pickleball/city/san-antonio-texas-us/courts
TX-0446,TX-0446-A,The Birch,660 Keller Smithfield Road,Keller,,TX,https://www.thebirch.com/,thebirch.com,Indoor and outdoor,Indoor and Outdoor,No,1,https://www.thebirch.com/ | https://www.thebirch.com/team | https://www.thebirch.com/junior-programs | https://www.thebirch.com/adult-programs | https://www.thebirch.com/copy-of-junior-programs | https://www.thebirch.com/membership-1
TX-0447,TX-0447-A,The Club,,Houston,,TX,https://www.myhoustonian.com/,myhoustonian.com,Indoor and outdoor,Indoor and Outdoor,No,1,https://www.myhoustonian.com/ | https://www.myhoustonian.com/business-directory-home.aspx | https://houstonian.zenoti.com/webstoreNew/services/7e0e89c0-e30e-44bc-acf7-cfebe0a96904 | https://www.myhoustonian.com/contactus.aspx | https://www.myhoustonian.com/FitnessPrograms.aspx | https://www.myhoustonian.com/NutritionServices/nutritional-programs.aspx | https://www.myhoustonian.com/aquaticsprogramregistration.aspx
TX-0448,TX-0448-A,The Club at Sonterra,,San Antonio,,TX,https://www.clubatsonterra.com/,clubatsonterra.com,Indoor and outdoor,Indoor and Outdoor,No,1,https://www.clubatsonterra.com/ | https://www.clubatsonterra.com/membership | https://www.clubatsonterra.com/our-team | https://www.clubatsonterra.com/facilities | https://www.clubatsonterra.com/golf | https://www.clubatsonterra.com/tennis | https://www.clubatsonterra.com/tennis/junior
TX-0449,TX-0449-A,The Court Scout,881 Google reviews 21427 Martin Lane,Pflugerville,78660,TX,https://thecourtscout.com/,thecourtscout.com,Indoor and outdoor,Indoor and Outdoor,Yes,2,https://thecourtscout.com/ | https://thecourtscout.com/pickleball/court/united-states/texas/pflugerville/pickleland-pflugerville | https://thecourtscout.com/pickleball/court/united-states/texas/san-antonio/fit-high-performance-pickleball-san-antonio | https://thecourtscout.com/pickleball/court/united-states/maryland/baltimore/sos-pickleball-baltimore | https://thecourtscout.com/pickleball/court/united-states/maryland/baltimore/sos-pickleball-baltimore-md | https://thecourtscout.com/pickleball/court/united-states/ohio/cleveland/cleveland-premier-pickleball-avon-lake
TX-0449,TX-0449-B,The Court Scout,260 Google reviews 302 Zyphyr Dr,San Antonio,78239,TX,https://thecourtscout.com/,thecourtscout.com,Indoor and outdoor,Indoor and Outdoor,Yes,2,https://thecourtscout.com/ | https://thecourtscout.com/pickleball/court/united-states/texas/pflugerville/pickleland-pflugerville | https://thecourtscout.com/pickleball/court/united-states/texas/san-antonio/fit-high-performance-pickleball-san-antonio | https://thecourtscout.com/pickleball/court/united-states/maryland/baltimore/sos-pickleball-baltimore | https://thecourtscout.com/pickleball/court/united-states/maryland/baltimore/sos-pickleball-baltimore-md | https://thecourtscout.com/pickleball/court/united-states/ohio/cleveland/cleveland-premier-pickleball-avon-lake
TX-0450,TX-0450-A,The Courthouse,,New Braunfels,,TX,https://thecourthouse.net/,thecourthouse.net,Indoor and outdoor,Indoor and Outdoor,No,1,https://thecourthouse.net/ | https://thecourthouse.net/blog | https://thecourthouse.net/reservations | https://thecourthouse.net/memberships | https://thecourthouse.net/pickleball | https://thecourthouse.net/whats-on | https://thecourthouse.net/dogs
TX-0451,TX-0451-A,The Falls Tennis & Athletic Club,,Lubbock,,TX,https://thefallslubbock.com/,thefallslubbock.com,Indoor and outdoor,Indoor and Outdoor,No,1,https://thefallslubbock.com/ | https://thefallslubbock.com/tennis/court-reservations/ | https://thefallslubbock.com/about-us/ | https://thefallslubbock.com/about-us/kids-club/ | https://thefallslubbock.com/contact-us/ | https://thefallslubbock.com/free-trial-membership/
TX-0452,TX-0452-A,The Fitness Center,,League City,,TX,https://www.southshorefitness.com/,southshorefitness.com,Indoor and outdoor,Indoor and Outdoor,No,1,https://www.southshorefitness.com/ | https://www.southshorefitness.com/memberships | https://www.southshorefitness.com/corporate-memberships | https://www.southshorefitness.com/about-us | https://www.southshorefitness.com/contact-us
TX-0453,TX-0453-A,"The Houstonian Hotel, Club & Spa",,Houston,,TX,https://www.houstonian.com/,houstonian.com,Indoor and outdoor,Indoor and Outdoor,No,1,https://www.houstonian.com/ | https://www.houstonian.com/the-club/membership | https://www.houstonian.com/the-club/about-us/the-covery | https://www.houstonian.com/do-business/meet-the-team | https://www.houstonian.com/the-club/membership/why-become-a-member | https://www.houstonian.com/the-club/about-us/fitness | https://www.houstonian.com/the-club/about-us/group-exercise
TX-0454,TX-0454-A,The Lakes At Castle Hills,,Lewisville,,TX,https://thelakesatcastlehills.com/,thelakesch.com,Indoor and outdoor,Indoor and Outdoor,No,1,https://thelakesatcastlehills.com/ | https://thelakesatcastlehills.com/About_Us | https://thelakesatcastlehills.com/Membership | https://thelakesatcastlehills.com/Membership/Request_More_Information | https://thelakesatcastlehills.com/Contact_Us | https://thelakesatcastlehills.com/Contact_Us/Careers | https://thelakesatcastlehills.com/Contact_Us/Privacy
TX-0455,TX-0455-A,The Nelson Golf and Sports Club,,Irving,,TX,https://www.thenelsongolfandsportsclub.com/,thenelsongolfandsportsclub.com,Indoor and outdoor,Indoor and Outdoor,No,1,https://www.thenelsongolfandsportsclub.com/ | https://www.thenelsongolfandsportsclub.com/membership/login | https://www.thenelsongolfandsportsclub.com/membership/directions | https://www.thenelsongolfandsportsclub.com/membership/calendar | https://www.thenelsongolfandsportsclub.com/membership | https://www.thenelsongolfandsportsclub.com/membership/history | https://www.thenelsongolfandsportsclub.com/membership/palmer-advantage
TX-0456,TX-0456-A,The Pickleball Source,,San Antonio,,TX,https://thepickleballsource.com/,thepickleballsource.com,Indoor and outdoor,Indoor and Outdoor,No,1,https://thepickleballsource.com/ | https://thepickleballsource.com/category/courts/ | https://thepickleballsource.com/contact/
TX-0457,TX-0457-A,The Woodlands Texas Community Site,602 Pruitt Rd,The Woodlands,77380,TX,https://www.woodlandsonline.com/,woodlandsonline.com,Indoor and outdoor,Indoor and Outdoor,No,1,https://www.woodlandsonline.com/ | https://www.woodlandsonline.com/contactus.cfm | https://www.woodlandsonline.com/cdps/kidschildren.cfm | https://www.woodlandsonline.com/rrps/ | https://www.woodlandsonline.com/cdps/ | https://www.woodlandsonline.com/cdps/realestatehomes.cfm | https://www.woodlandsonline.com/cdps/sportsrecreation.cfm
TX-0458,TX-0458-A,TopSpin Tennis Academy,,CedarPark,,TX,https://www.thetopspinacademy.com/,topspinatx.com,Indoor and outdoor,Indoor and Outdoor,No,1,https://www.thetopspinacademy.com/
TX-0459,TX-0459-A,TPC Houston,,Sugar Land,,TX,https://www.swcclub.com/,swcclub.com,Indoor and outdoor,Indoor and Outdoor,No,1,https://www.swcclub.com/ | https://www.swcclub.com/about | https://www.swcclub.com/contact
TX-0460,TX-0460-A,TWU Home,,Denton,,TX,https://twu.edu/,twu.edu,Indoor and outdoor,Indoor and Outdoor,No,1,https://twu.edu/ | https://twu.edu/faculty-staff/ | https://twu.edu/about-twu/ | https://twu.edu/contact-twu/ | https://twu.edu/administration/ | https://twu.edu/about-twu/campuses-institutes-and-centers/ | https://twu.edu/about-twu/history-of-twu/
TX-0461,TX-0461-A,uletesports.com,2308 Dean Way,Southlake,76092,TX,https://uletesports.com/,uletesports.com,Indoor and outdoor,Indoor and Outdoor,Yes,2,https://uletesports.com/ | https://uletesports.com/about/ | https://uletesports.com/rentals/ | https://uletesports.com/baseball-and-softball/ | https://uletesports.com/lacrosse/ | https://uletesports.com/contact-us/
TX-0461,TX-0461-B,uletesports.com,9311 to confirm. 2308 Dean Way,Southlake,76092,TX,https://uletesports.com/,uletesports.com,Indoor and outdoor,Indoor and Outdoor,Yes,2,https://uletesports.com/ | https://uletesports.com/about/ | https://uletesports.com/rentals/ | https://uletesports.com/baseball-and-softball/ | https://uletesports.com/lacrosse/ | https://uletesports.com/contact-us/
TX-0462,TX-0462-A,University of Houston Athletics,,Houston,,TX,https://uhcougars.com/,uhcougars.com,Indoor and outdoor,Indoor and Outdoor,No,1,https://uhcougars.com/ | https://uhcougars.com/sports/2018/6/12/facilities-facilities-html | https://uhcougars.com/honors/university-of-houston-athletics-hall-of-honor | https://uhcougars.com/sports/2018/6/12/athletics-communications-html | https://uhcougars.com/staff-directory
TX-0463,TX-0463-A,University of Mary Hardin-Baylor,,Belton,,TX,https://events.umhb.edu/,events.umhb.edu,Indoor and outdoor,Indoor and Outdoor,No,1,https://events.umhb.edu/ | https://events.umhb.edu/event/program-coordinator-meeting-1916 | https://events.umhb.edu/calendar
TX-0464,TX-0464-A,University of Texas Athletics,,Austin,,TX,https://texaslonghorns.com/,texaslonghorns.com,Indoor and outdoor,Indoor and Outdoor,No,1,https://texaslonghorns.com/ | https://texaslonghorns.com/sports/2017/6/29/social-media-directory | https://texaslonghorns.com/facilities | https://texaslonghorns.com/staff-directory | https://texaslonghorns.com/sports/2024/8/28/neighborhood-longhorns-program | https://texaslonghorns.com/sports/2017/6/12/texas-athletics-about-us | https://texaslonghorns.com/sports/2022/5/16/texas-athletics-learfield-directors-cup
TX-0465,TX-0465-A,University of Texas Golf Club,,Austin,,TX,https://www.utgolfclub.com/,utgolfclub.com,Indoor and outdoor,Indoor and Outdoor,No,1,https://www.utgolfclub.com/ | https://www.utgolfclub.com/membership/login | https://www.utgolfclub.com/membership | https://www.utgolfclub.com/membership/membership-opportunities | https://www.utgolfclub.com/membership/forms/membership-info-request-form | https://www.utgolfclub.com/golf/personnel | https://www.utgolfclub.com/tennis/personnel
TX-0466,TX-0466-A,USA Racquetball Homepage,,Houston,,TX,https://www.usaracquetball.com/,usaracquetball.com,Indoor and outdoor,Indoor and Outdoor,No,1,https://www.usaracquetball.com/ | https://www.usaracquetball.com/membership | https://www.usaracquetball.com/facility-partnership | https://www.usaracquetball.com/play/court-specification | https://www.usaracquetball.com/contact-us | https://www.usaracquetball.com/about/history | https://www.usaracquetball.com/about
TX-0467,TX-0467-A,USA Volleyball,,Schertz,,TX,https://usavolleyball.org/,azregionvolleyball.org,Indoor and outdoor,Indoor and Outdoor,No,1,https://usavolleyball.org/ | https://usavolleyball.org/contact/ | https://usavolleyball.org/play/national-team-development-program/ | https://usavolleyball.org/membership/ | https://usavolleyball.org/play/about-sitting-volleyball/ | https://usavolleyball.org/play/national-team-development-program/beach-ntdp/ | https://usavolleyball.org/play/national-team-development-program/indoor-ntdp/
TX-0468,TX-0468-A,USSPT LLC,,Lewisville,,TX,https://usspt.com/,usspt.com,Indoor and outdoor,Indoor and Outdoor,No,1,https://usspt.com/ | https://usspt.com/pages/memberships | https://usspt.com/pages/rentals | https://usspt.com/pages/about-us | https://usspt.com/pages/contact
TX-0469,TX-0469-A,UT Arlington - UTA - The University of Texas at Arlington,,Arlington,,TX,https://www.uta.edu/,uta.edu,Indoor and outdoor,Indoor and Outdoor,No,1,https://www.uta.edu/ | https://www.uta.edu/about | https://www.uta.edu/academics/programs | https://www.uta.edu/academics/schools-colleges/social-work/programs/dsw | https://www.uta.edu/news/news-releases/2026/06/24/uta-launches-paid-teacher-residency-program | https://www.uta.edu/academics/programs/multidisciplinary-studies-mms?&level=mas&program=multidiscstudies | https://www.uta.edu/admissions/visit
TX-0470,TX-0470-A,UT RecSports,,Austin,,TX,https://www.utrecsports.org/,utrecsports.org,Indoor and outdoor,Indoor and Outdoor,No,1,https://www.utrecsports.org/ | https://www.utrecsports.org/about/about-recsports | https://www.utrecsports.org/about/brodnax-recreation-fund | https://www.utrecsports.org/about/committees-councils | https://www.utrecsports.org/about/contact-us | https://www.utrecsports.org/about/alerts | https://www.utrecsports.org/about/longhorn-run
TX-0471,TX-0471-A,UTMB WWW (ROOT),,Galveston,,TX,https://www.utmb.edu/,utmb.edu,Indoor and outdoor,Indoor and Outdoor,No,1,https://www.utmb.edu/ | https://www.utmb.edu/about | https://www.utmb.edu/contact | https://www.utmb.edu/utmb/news-article/utmb-news/2026/08/05/strong-at-any-age--utmb-health-strength-training-program-helps-older-adults-improve-health-and-independence | https://www.utmb.edu/caps/about-us
TX-0472,TX-0472-A,UTPB Athletics,,Odessa,,TX,https://utpbfalcons.com/,utpbfalcons.com,Indoor and outdoor,Indoor and Outdoor,No,1,https://utpbfalcons.com/ | https://utpbfalcons.com/staff-directory | https://utpbfalcons.com/sports/2020/7/13/athletics-communications.aspx | https://utpbfalcons.com/facilities | https://utpbfalcons.com/sports/2024/5/31/about.aspx | https://utpbfalcons.com/sports/2022/8/12/hometown-hero-program | https://utpbfalcons.com/news/2026/7/28/utpb-athletics-announces-hall-of-fame-induction-ceremony-tickets-now-available.aspx
TX-0473,TX-0473-A,UTRGV Athletics,,Edinburg,,TX,https://goutrgv.com/,goutrgv.com,Indoor and outdoor,Indoor and Outdoor,No,1,https://goutrgv.com/ | https://goutrgv.com/staff-directory | https://goutrgv.com/feature/facilities | https://goutrgv.com/sports/2015/7/17/UTB_History.aspx | https://goutrgv.com/sports/2024/6/11/utrgv-athletics-premium-seating.aspx | https://goutrgv.com/sports/2025/5/29/hospitality-program.aspx | https://goutrgv.com/sports/2020/12/18/contact-us.aspx
TX-0474,TX-0474-A,V Ranch,,Mission,,TX,https://vranchvenue.com/,vranchvenue.com,Indoor and outdoor,Indoor and Outdoor,No,1,https://vranchvenue.com/
TX-0475,TX-0475-A,"Visit Beaumont, TX",,Beaumont,,TX,https://www.beaumontcvb.com/,beaumontcvb.com,Indoor and outdoor,Indoor and Outdoor,No,1,https://www.beaumontcvb.com/ | https://www.beaumontcvb.com/about-us/history-of-beaumont/ | https://www.beaumontcvb.com/about-us/ | https://www.beaumontcvb.com/contact/
TX-0476,TX-0476-A,"Visit Irving, TX",,Irving,,TX,https://www.irvingtexas.com/,irvingtexas.com,Indoor and outdoor,Indoor and Outdoor,No,1,https://www.irvingtexas.com/ | https://www.irvingtexas.com/about-us/community-relations/ | https://www.irvingtexas.com/about-us/ | https://www.irvingtexas.com/contact-us/ | https://www.irvingtexas.com/plan-your-visit/about-irving/history/ | https://www.irvingtexas.com/listing/texican-court/1412/
TX-0477,TX-0477-A,"Vistara Sports| Badminton, Pickleball, Table Tennis",,Lewisville,,TX,https://vistarasports.com/,vistarasports.com,Indoor and outdoor,Indoor and Outdoor,No,1,https://vistarasports.com/ | https://vistarasports.com/about-us/ | https://vistarasports.com/contact-us/ | https://vistarasports.com/facility_policy/
TX-0478,TX-0478-A,Waco Pickleball,900 W. Lake Shore Drive,Waco,76708,TX,https://www.wacopickleball.net/,wacopickleball.net,Indoor and outdoor,Indoor and Outdoor,No,1,https://www.wacopickleball.net/ | https://www.wacopickleball.net/about | https://www.wacopickleball.net/p/pickleball-courts-waco | https://www.wacopickleball.net/p/waco-regional-tennis-fitness-pickleball | https://www.wacopickleball.net/p/intro-to-pickleball-with-jodi | https://www.wacopickleball.net/p/intro-to-pickleball-with-peter
TX-0479,TX-0479-A,Waco Regional Tennis & Fitness,,Waco,,TX,https://www.wacotennis.com/,wacotennis.com,Indoor and outdoor,Indoor and Outdoor,No,1,https://www.wacotennis.com/ | https://www.wacotennis.com/about-wrtf/ | https://www.wacotennis.com/about-wrtf/who-we-are/ | https://www.wacotennis.com/about-wrtf/hours-of-operation/ | https://www.wacotennis.com/about-wrtf/membership/ | https://www.wacotennis.com/about-wrtf/pro-shop/ | https://www.wacotennis.com/about-wrtf/kids-club/
TX-0480,TX-0480-A,Waco SSC,,,,TX,https://www.wacossc.com/,wacossc.com,Indoor and outdoor,Indoor and Outdoor,No,1,https://www.wacossc.com/ | https://www.wacossc.com/about | https://www.wacossc.com/staff | https://www.wacossc.com/contact
TX-0481,TX-0481-A,Water Damage and Roofing of Lakeway,,Lakeway,,TX,https://lakewayroofingandwaterdamage.com/,lakewayroofingandwaterdamage.com,Indoor and outdoor,Indoor and Outdoor,No,1,https://lakewayroofingandwaterdamage.com/ | https://lakewayroofingandwaterdamage.com/about-us/ | https://lakewayroofingandwaterdamage.com/contact-us/
TX-0482,TX-0482-A,Wayland Baptist University Athletics,,Plainview,,TX,https://wbuathletics.com/,wayland.wbu.edu,Indoor and outdoor,Indoor and Outdoor,No,1,https://wbuathletics.com/ | https://wbuathletics.com/sports/2012/10/4/gen_1004124208.aspx | https://wbuathletics.com/staff-directory | https://wbuathletics.com/documents/2024/10/1/Athletic_Staff_Policy_Manual.pdf | https://wbuathletics.com/sports/2012/10/4/gen_1004124208 | https://wbuathletics.com/sports/2023/10/16/annual-notification-of-waylands-drug-and-alcohol-abuse-prevention-program.aspx
TX-0483,TX-0483-A,Weatherford Pickleball,309 Love St,Weatherford,76086,TX,https://weatherfordpickleball.com/,weatherfordpickleball.com,Indoor and outdoor,Indoor and Outdoor,Yes,6,https://weatherfordpickleball.com/
TX-0483,TX-0483-B,Weatherford Pickleball,222 W Church St,Weatherford,76086,TX,https://weatherfordpickleball.com/,weatherfordpickleball.com,Indoor and outdoor,Indoor and Outdoor,Yes,6,https://weatherfordpickleball.com/
TX-0483,TX-0483-C,Weatherford Pickleball,910 N Main St,Weatherford,76086,TX,https://weatherfordpickleball.com/,weatherfordpickleball.com,Indoor and outdoor,Indoor and Outdoor,Yes,6,https://weatherfordpickleball.com/
TX-0483,TX-0483-D,Weatherford Pickleball,302 W Lee Ave,Weatherford,76086,TX,https://weatherfordpickleball.com/,weatherfordpickleball.com,Indoor and outdoor,Indoor and Outdoor,Yes,6,https://weatherfordpickleball.com/
TX-0483,TX-0483-E,Weatherford Pickleball,128 Elm St,Aledo,76008,TX,https://weatherfordpickleball.com/,weatherfordpickleball.com,Indoor and outdoor,Indoor and Outdoor,Yes,6,https://weatherfordpickleball.com/
TX-0483,TX-0483-F,Weatherford Pickleball,6471 E Bankhead Hwy,Willow Park,,TX,https://weatherfordpickleball.com/,weatherfordpickleball.com,Indoor and outdoor,Indoor and Outdoor,Yes,6,https://weatherfordpickleball.com/
TX-0484,TX-0484-A,"Welcome to Grapevine, Texas",,Grapevine,,TX,https://www.grapevinetexasusa.com/,grapevinetexasusa.com,Indoor and outdoor,Indoor and Outdoor,No,1,https://www.grapevinetexasusa.com/ | https://www.grapevinetexasusa.com/about-us/ | https://www.grapevinetexasusa.com/contact/
TX-0485,TX-0485-A,WeSouthlake,250 Players Cir,Southlake,76092,TX,https://wesouthlake.com/,wesouthlake.com,Indoor and outdoor,Indoor and Outdoor,Yes,6,https://wesouthlake.com/ | https://wesouthlake.com/about/ | https://wesouthlake.com/sports-facilities/
TX-0485,TX-0485-B,WeSouthlake,285 Shady Oaks Dr,Southlake,76092,TX,https://wesouthlake.com/,wesouthlake.com,Indoor and outdoor,Indoor and Outdoor,Yes,6,https://wesouthlake.com/ | https://wesouthlake.com/about/ | https://wesouthlake.com/sports-facilities/
TX-0485,TX-0485-C,WeSouthlake,8019 2100 Crooked Ln,Southlake,76092,TX,https://wesouthlake.com/,wesouthlake.com,Indoor and outdoor,Indoor and Outdoor,Yes,6,https://wesouthlake.com/ | https://wesouthlake.com/about/ | https://wesouthlake.com/sports-facilities/
TX-0485,TX-0485-D,WeSouthlake,5237 6113 Colleyville Blvd,Colleyville,76034,TX,https://wesouthlake.com/,wesouthlake.com,Indoor and outdoor,Indoor and Outdoor,Yes,6,https://wesouthlake.com/ | https://wesouthlake.com/about/ | https://wesouthlake.com/sports-facilities/
TX-0485,TX-0485-E,WeSouthlake,9815 3105 William D Tate Ave,Grapevine,76051,TX,https://wesouthlake.com/,wesouthlake.com,Indoor and outdoor,Indoor and Outdoor,Yes,6,https://wesouthlake.com/ | https://wesouthlake.com/about/ | https://wesouthlake.com/sports-facilities/
TX-0485,TX-0485-F,WeSouthlake,8851 Ice House Drive,North Richland Hills,76180,TX,https://wesouthlake.com/,wesouthlake.com,Indoor and outdoor,Indoor and Outdoor,Yes,6,https://wesouthlake.com/ | https://wesouthlake.com/about/ | https://wesouthlake.com/sports-facilities/
TX-0486,TX-0486-A,Westinghouse Sportplex Home,,Georgetown,,TX,https://www.westinghousesportsplex.org/page/home,westinghousesportsplex.org,Indoor and outdoor,Indoor and Outdoor,No,1,https://www.westinghousesportsplex.org/page/home | https://www.westinghousesportsplex.org/page/facilities | https://www.westinghousesportsplex.org/page/system/bookingreg-shopping | https://www.westinghousesportsplex.org/page/custom-page1 | https://www.westinghousesportsplex.org/page/custom-page
TX-0487,TX-0487-A,Westover Hills Club,8706 Westover Club Dr,Austin,78759,TX,https://www.westoverclub.com/,westoverclub.com,Indoor and outdoor,Indoor and Outdoor,No,1,https://www.westoverclub.com/ | https://www.westoverclub.com/tennis/spring-program/ | https://www.westoverclub.com/tennis/fall-program/ | https://www.westoverclub.com/tennis/lessons-programs-more/ | https://www.westoverclub.com/swimming/fall-programing/ | https://www.westoverclub.com/swimming/cabana-pool-rental/ | https://www.westoverclub.com/membership/
TX-0488,TX-0488-A,WherePickleball,,Dallas,,TX,https://wherepickleball.com/,wherepickleball.com,Indoor and outdoor,Indoor and Outdoor,No,1,https://wherepickleball.com/ | https://wherepickleball.com/courts | https://wherepickleball.com/submit-court | https://wherepickleball.com/blog/build-pickleball-court-home-diy-guide | https://wherepickleball.com/blog/pickleball-court-surfaces-guide | https://wherepickleball.com/courts/alabama
TX-0489,TX-0489-A,Wichita Falls,,Wichita Falls,,TX,https://discoverwichitafalls.com/,discoverwichitafalls.com,Indoor and outdoor,Indoor and Outdoor,No,1,https://discoverwichitafalls.com/ | https://discoverwichitafalls.com/event-directory | https://discoverwichitafalls.com/about-wf | https://discoverwichitafalls.com/meet-the-cvb-staff
TX-0490,TX-0490-A,WinterGreen Synthetic Grass,,Fort Worth,,TX,https://www.wintergreengrass.com/,wintergreengrass.com,Indoor and outdoor,Indoor and Outdoor,No,1,https://www.wintergreengrass.com/ | https://www.wintergreengrass.com/about-us/contact-us | https://www.wintergreengrass.com/commercial/field-and-courts | https://www.wintergreengrass.com/commercial/field-and-courts/bocce-ball | https://www.wintergreengrass.com/commercial/field-and-courts/multi-sport-turf | https://www.wintergreengrass.com/commercial/field-and-courts/padel-court-installation | https://www.wintergreengrass.com/commercial/field-and-courts/pickleball-courts
TX-0491,TX-0491-A,Women's National Championship,,Irving,,TX,https://www.invitedclubs.com/experiences/golf/member-tournaments/invited-womens-national-championship,clublifetennis.com,Indoor and outdoor,Indoor and Outdoor,No,1,https://www.invitedclubs.com/experiences/golf/member-tournaments/invited-womens-national-championship
TX-0492,TX-0492-A,"Wylie High School (Abilene, TX) Athletics",,Abilene,,TX,https://www.wyliebulldogathletics.com/,wyliebulldogathletics.com,Indoor and outdoor,Indoor and Outdoor,No,1,https://www.wyliebulldogathletics.com/ | https://www.wyliebulldogathletics.com/directory | https://www.wyliebulldogathletics.com/facilities | https://www.wyliebulldogathletics.com/facility-use-requests
TX-0493,TX-0493-A,YMCA of Central Texas,,Geography,,TX,https://ymcactx.org/,ymcactx.org,Indoor and outdoor,Indoor and Outdoor,No,1,https://ymcactx.org/ | https://ymcactx.org/programs/ | https://ymcactx.org/childcare/staff/ | https://ymcactx.org/swimming-programs/ | https://ymcactx.org/programs/homeschool/ | https://ymcactx.org/training/ | https://ymcactx.org/youth-family/
TX-0494,TX-0494-A,YMCA of Fort Worth,,Fort Worth,,TX,https://ymcafw.org/,ymcafw.org,Indoor and outdoor,Indoor and Outdoor,No,1,https://ymcafw.org/ | https://ymcafw.org/programs/ | https://ymcafw.org/disease-management/ | https://ymcafw.org/programs/adult-sports-leagues/ | https://ymcafw.org/camp-carter/ | https://ymcafw.org/about-fw/
TX-0495,TX-0495-A,Abilene Christian School,,Abilene,,TX,https://www.abilenechristian.com/,abilenechristian.com,Indoor,Confirmed Indoor,No,1,https://www.abilenechristian.com/ | https://www.abilenechristian.com/about-us/calendar.cfm | https://www.abilenechristian.com/about-us/contact-us.cfm | https://www.abilenechristian.com/about-us/faculty-staff.cfm | https://www.abilenechristian.com/about-us/ | https://www.abilenechristian.com/about-us/why-choose-abilene-christian.cfm | https://www.abilenechristian.com/about-us/history.cfm | https://www.abilenechristian.com/about-us/administration.cfm | https://www.abilenechristian.com/about-us/teacherofyear.cfm | https://www.abilenechristian.com/about-us/accreditation.cfm | https://www.abilenechristian.com/about-us/employment-opportunities.cfm
TX-0496,TX-0496-A,Abilene Christian University,,Abilene,,TX,https://acu.edu/,acu.edu,Indoor,Confirmed Indoor,No,1,https://acu.edu/ | https://acu.edu/about/careers | https://acu.edu/about | https://acu.edu/about/rankings | https://acu.edu/about/notable-alumni | https://acu.edu/about/history-and-traditions | https://acu.edu/about/our-city | https://acu.edu/about/visit-us | https://acu.edu/2026/08/04/acu-remembers-dr-rodney-ashlock | https://acu.edu/about/office-of-intercultural-engagement-and-belonging | https://acu.edu/office-of-international-students-and-visiting-scholars | https://acu.edu/about/testing
TX-0497,TX-0497-A,ABS Basketball,,San Antonio,,TX,https://absbasketball.com/,absbasketball.com,Indoor and outdoor,Indoor and Outdoor,No,1,https://absbasketball.com/ | https://absbasketball.com/location | https://absbasketball.com/pricing
TX-0498,TX-0498-A,Allen ISD,,Allen,,TX,https://www.allenisd.org/,allenisd.org,Indoor,Confirmed Indoor,No,1,https://www.allenisd.org/ | https://www.allenisd.org/page/athletics-facilities | https://www.allenisd.org/page/facilities-maintenance | https://www.allenisd.org/page/facilityrental | https://www.allenisd.org/page/job-applications-instructions-forms-faqs | https://www.allenisd.org/page/learn-n-playday | https://www.allenisd.org/page/learn-n-playday-activities-photo-gallery | https://www.allenisd.org/page/about-us | https://www.allenisd.org/o/aisd/page/learn-n-playday | https://www.allenisd.org/page/parental-rights-and-options-information | https://www.allenisd.org/o/aisd/page/academic-school-year-calendar
TX-0499,TX-0499-A,"Argyle Eagles (Flower Mound, TX)",,Flower Mound,,TX,https://www.argyleeaglessports.com/,argyleisd.com,Indoor,Confirmed Indoor,No,1,https://www.argyleeaglessports.com/ | https://www.argyleeaglessports.com/sub-varsity-visiting-team-information
TX-0500,TX-0500-A,Be Elite Basketball,,,,TX,https://www.beelitebasketball.com/,beelitebasketball.com,Indoor,Confirmed Indoor,No,1,https://www.beelitebasketball.com/ | https://www.beelitebasketball.com/about-us | https://www.beelitebasketball.com/basketball-schedule
TX-0501,TX-0501-A,CLUB4 Fitness | Family Owned and Operated Since 2002,,Tennessee,,TX,https://www.club4fitness.com/,club4fitness.com,Indoor,Confirmed Indoor,No,1,https://www.club4fitness.com/ | https://www.club4fitness.com/locations/ | https://www.club4fitness.com/memberships/ | https://www.club4fitness.com/amenities/ | https://www.club4fitness.com/amenity/hyrox-training-club/ | https://www.club4fitness.com/amenity/move-strong/ | https://www.club4fitness.com/about/ | https://www.club4fitness.com/about/our-story/ | https://www.club4fitness.com/about/news/ | https://www.club4fitness.com/about/join-our-team/ | https://www.club4fitness.com/faq/ | https://www.club4fitness.com/membership-policy/
TX-0502,TX-0502-A,Corpus Christi Force Volleyball Club,,Corpus Christi,,TX,https://ccforcevb.com/,ccforcevb.com,Indoor,Confirmed Indoor,No,1,https://ccforcevb.com/
TX-0503,TX-0503-A,Eldorado Country Club,,McKinney,,TX,https://www.eldoradocc.com/,eldoradocc.com,Indoor and outdoor,Indoor and Outdoor,No,1,https://www.eldoradocc.com/ | https://www.eldoradocc.com/club-hours | https://www.eldoradocc.com/membership | https://www.eldoradocc.com/course | https://www.eldoradocc.com/summer-jd-tennis | https://www.eldoradocc.com/facility | https://www.eldoradocc.com/amenities
TX-0504,TX-0504-A,Excel Volleyball Club,,Carrollton,,TX,https://excelvbc.com/,excelvbc.com,Indoor,Confirmed Indoor,No,1,https://excelvbc.com/ | https://excelvbc.com/about/ | https://excelvbc.com/facility/ | https://excelvbc.com/tournaments/
TX-0505,TX-0505-A,Fairfield Athletic Club,,Cypress,,TX,https://www.fairfieldathleticclub.com/,fairfieldathleticclub.com,Indoor,Confirmed Indoor,No,1,https://www.fairfieldathleticclub.com/ | https://www.fairfieldathleticclub.com/become-a-member | https://www.fairfieldathleticclub.com/trainers-content | https://www.fairfieldathleticclub.com/basketball-gym | https://www.fairfieldathleticclub.com/tennis-courts
TX-0506,TX-0506-A,FitMAC,,Houston,,TX,https://www.fitmac.com/,fitmac.com,Indoor and outdoor,Indoor and Outdoor,No,1,https://www.fitmac.com/ | https://www.fitmac.com/membership | https://www.fitmac.com/tour | https://www.fitmac.com/facility-info | https://www.fitmac.com/parisi-about | https://www.fitmac.com/terms-of-membership
TX-0507,TX-0507-A,Giammalva Racquet Club & Elite Tennis Academy,,Spring,,TX,https://giammalva.com/,giammalva.com,Indoor and outdoor,Indoor and Outdoor,No,1,https://giammalva.com/ | https://giammalva.com/giammalva-club-amenities-story | https://giammalva.com/tennis-club-memberships | https://giammalva.com/play-padel-giammalva-padel-club | https://giammalva.com/about-prep | https://giammalva.com/giammalva-venue-rentals | https://giammalva.com/giammalva-tournaments | https://giammalva.com/giammalva-tournaments/usta-level6-august1-2 | https://giammalva.com/giammalva-tournaments/uspa250-padel-tournament-august1-2 | https://giammalva.com/giammalva-tournaments/giammalvacup-summer-circuit-week4 | https://giammalva.com/giammalva-tournaments/usta-level5boysandgirls12-16-august8-9 | https://giammalva.com/giammalva-tournaments/usta-level7-august16
TX-0508,TX-0508-A,HEB ISD Home,,Bedford,,TX,https://www.hebisd.edu/,hebisd.edu,Indoor and outdoor,Indoor and Outdoor,No,1,https://www.hebisd.edu/ | https://www.hebisd.edu/about/about-heb-isd | https://www.hebisd.edu/about/bond-2023/bond-2023-updates | https://www.hebisd.edu/about/bond-2023/bond-2023-updates/1701-hwy-10 | https://www.hebisd.edu/about/bond-2023/bond-2023-updates/2100-plaza | https://www.hebisd.edu/about/bond-2023/bond-2023-updates/hurstjh | https://www.hebisd.edu/about/bond-2023/bond-2023-updates/bhs-bond23-updates | https://www.hebisd.edu/about/bond-2023/bond-2023-updates/ths-bond23-updates | https://www.hebisd.edu/about/bond-2023/bond-2023-updates/bell-manor-new | https://www.hebisd.edu/about/bond-2023/bond-2023-updates/hurst-hills | https://www.hebisd.edu/about/bond-2023/bond-2023-updates/midway-park | https://www.hebisd.edu/about/bond-2023/bond-2023-updates/wilshire | https://www.hebisd.edu/about/bond-2023/bond-2023-updates/future-keys
TX-0509,TX-0509-A,Home,,Lubbock,,TX,https://www.leelewis.com/,leelewis.com,Indoor,Confirmed Indoor,No,1,https://www.leelewis.com/ | https://www.leelewis.com/about | https://www.leelewis.com/expertise | https://www.leelewis.com/projects/buddy-holly-hall-of-performing-arts-and-sciences | https://www.leelewis.com/projects/highland-park-isd-moody-advanced-professional-studies | https://www.leelewis.com/projects/frisco-isd-heritage-high-school
TX-0510,TX-0510-A,HOME,,Plano,,TX,https://pbc.pike13.com/pages/home,pbc.pike13.com,Indoor,Confirmed Indoor,No,1,https://pbc.pike13.com/pages/home | https://pbc.pike13.com/pages/open-play-75fb421b-869d-4f53-bb84-c79c75467356 | https://pbc.pike13.com/shop | https://pbc.pike13.com/pages/faqs | https://pbc.pike13.com/pages/about-us | https://pbc.pike13.com/locations/plano-badminton-center | https://pbc.pike13.com/locations/dfw-badminton-center-irving | https://pbc.pike13.com/locations/lewisville-badminton-center
TX-0511,TX-0511-A,HOME,,McKinney,,TX,https://mbc.pike13.com/pages/home,mbc.pike13.com,Indoor,Confirmed Indoor,No,1,https://mbc.pike13.com/pages/home | https://mbc.pike13.com/pages/open-play | https://mbc.pike13.com/shop | https://mbc.pike13.com/pages/faqs | https://mbc.pike13.com/pages/about-us | https://mbc.pike13.com/locations/mckinney-badminton-center | https://mbc.pike13.com/locations/carrollton-badminton-center-valley-ranch
TX-0512,TX-0512-A,HSAA,,Plano,,TX,https://www.hsaa.org/,hsaa.org,Indoor and outdoor,Indoor and Outdoor,No,1,https://www.hsaa.org/ | https://www.hsaa.org/tourney/hcgt | https://www.hsaa.org/tourney/angels-classic | https://www.hsaa.org/about/board | https://www.hsaa.org/about/commissioners | https://www.hsaa.org/about/statement-of-faith | https://www.hsaa.org/about/contacts | https://www.hsaa.org/about/back-office | https://www.hsaa.org/play/eligibility-requirements | https://www.hsaa.org/play/forms | https://www.hsaa.org/baseball/about | https://www.hsaa.org/basketball/about
TX-0513,TX-0513-A,Innovily Sports Academy,,Houston,,TX,https://www.innovily.org/,innovily.org,Indoor,Confirmed Indoor,No,1,https://www.innovily.org/ | https://www.innovily.org/about | https://www.innovily.org/league-play | https://www.innovily.org/methodologymain
TX-0514,TX-0514-A,Integrity Volleyball Club,,North Richland Hills,,TX,https://integrityvbc.sportsengine-prelive.com/,integrityvbc.com,Indoor,Confirmed Indoor,No,1,https://integrityvbc.sportsengine-prelive.com/ | https://integrityvbc.sportsengine-prelive.com/page/show/3506954-about-us | https://integrityvbc.sportsengine-prelive.com/page/show/6903181-events-and-tournaments
TX-0515,TX-0515-A,Josh Mayo Hoopz,,Mansfield,,TX,https://www.joshmayohoopz.com/,joshmayohoopz.com,Indoor and outdoor,Indoor and Outdoor,No,1,https://www.joshmayohoopz.com/ | https://www.joshmayohoopz.com/about | https://www.joshmayohoopz.com/about-1 | https://www.joshmayohoopz.com/faq
TX-0516,TX-0516-A,Katy Stars Volleyball,,Katy,,TX,https://katystars.org/,houstonstars.org,Indoor,Confirmed Indoor,No,1,https://katystars.org/ | https://katystars.org/about/why-stars/ | https://katystars.org/about/our-history/ | https://katystars.org/about/sponsors/ | https://katystars.org/about/our-team/ | https://katystars.org/about/our-coaches/ | https://katystars.org/about/coaching-opportunities/ | https://katystars.org/about/locations/ | https://katystars.org/tournaments/
TX-0517,TX-0517-A,Lamar.edu,,Beaumont,,TX,https://www.lamar.edu/,lamar.edu,Indoor,Confirmed Indoor,No,1,https://www.lamar.edu/ | https://www.lamar.edu/about-lu/campus-map/v-1.1.0/index.html#!/ | https://www.lamar.edu/about-lu/index.html | https://www.lamar.edu/about-lu/athletics/index.html | https://www.lamar.edu/admissions/campus-tours/index.html | https://www.lamar.edu/admissions/campus-tours/ | https://www.lamar.edu/about-lu/mission-and-accreditation/index.html | https://www.lamar.edu/about-lu/mission-and-accreditation/compact-with-texans.html | https://www.lamar.edu/about-lu/accessibility.html | https://www.lamar.edu/about-lu/privacy-and-security.html | https://www.lamar.edu/about-lu/mission-and-accreditation/open-records-tx-public-info-act.html
TX-0518,TX-0518-A,Live Oak Classical School,,Waco,,TX,https://liveoakclassical.com/,liveoakclassical.com,Indoor,Confirmed Indoor,No,1,https://liveoakclassical.com/ | https://liveoakclassical.com/about/ | https://liveoakclassical.com/about/mission-history/ | https://liveoakclassical.com/about/leadership/ | https://liveoakclassical.com/about/faculty-and-staff/ | https://liveoakclassical.com/about/contact-us/
TX-0519,TX-0519-A,Odessa,,Odessa,,TX,https://www.odessacc.com/,odessacc.com,Indoor and outdoor,Indoor and Outdoor,No,1,https://www.odessacc.com/ | https://www.odessacc.com/amenities/ | https://www.odessacc.com/location/
TX-0520,TX-0520-A,PACBBVB,,Leander,,TX,https://pac-tx.sportsengine-prelive.com/,pac-tx.sportsengine-prelive.com,Indoor,Confirmed Indoor,No,1,https://pac-tx.sportsengine-prelive.com/ | https://pac-tx.sportsengine-prelive.com/aboutus | https://pac-tx.sportsengine-prelive.com/page/show/6575072-tournaments- | https://pac-tx.sportsengine-prelive.com/rentals-parties | https://pac-tx.sportsengine-prelive.com/page/show/6529835-pac-memberships- | https://pac-tx.sportsengine-prelive.com/page/show/6533818-basketball-tournaments-
TX-0521,TX-0521-A,Palestine YMCA,,Palestine,,TX,https://www.palestineymca.org/,palestineymca.org,Indoor,Confirmed Indoor,No,1,https://www.palestineymca.org/ | https://www.palestineymca.org/member-orientation | https://www.palestineymca.org/membership | https://www.palestineymca.org/amenities
TX-0522,TX-0522-A,Quarries Sports & Recreation,,,,TX,https://quarriesrec.org/,quarriesrec.org,Indoor and outdoor,Indoor and Outdoor,No,1,https://quarriesrec.org/ | https://quarriesrec.org/index.php/membership/ | https://quarriesrec.org/index.php/host-an-event/gym-fields/ | https://quarriesrec.org/index.php/locations/
TX-0523,TX-0523-A,R4 Gymnasium,,Fort Worth,,TX,https://r4gym.com/,r4gym.com,Indoor,Confirmed Indoor,No,1,https://r4gym.com/ | https://r4gym.com/sports-rentals | https://r4gym.com/request
TX-0524,TX-0524-A,Sam Houston,,,,TX,https://gobearkats.com/,gobearkats.com,Indoor,Confirmed Indoor,No,1,https://gobearkats.com/ | https://gobearkats.com/form/39 | https://gobearkats.com/documents/2021/3/29/Visitors_Guide_2025-26.pdf | https://gobearkats.com/facilities | https://gobearkats.com/sports/2011/1/12/205075861 | https://gobearkats.com/news/2026/5/21/baseball-flames-end-kats-tourney-run-on-day-2 | https://gobearkats.com/news/2026/5/20/baseball-kats-rally-to-down-la-tech-in-tourney-opener
TX-0525,TX-0525-A,"San Angelo ISD (San Angelo, TX) Athletics",,San Angelo,,TX,https://www.saisdathletics.org/,saisdathletics.org,Indoor,Confirmed Indoor,No,1,https://www.saisdathletics.org/ | https://www.saisdathletics.org/facilities
TX-0526,TX-0526-A,Sarah Street Wellness,,Beaumont,,TX,https://www.sarahstreetwellness.com/,sarahstreetwellness..com,Indoor,Confirmed Indoor,No,1,https://www.sarahstreetwellness.com/ | https://www.sarahstreetwellness.com/david-gym | https://www.sarahstreetwellness.com/about
TX-0527,TX-0527-A,"Southlake Carroll High School (Southlake, TX) Athletics",,Southlake,,TX,https://www.dragonsportsnetwork.com/,dragonsportsnetwork.com,Indoor,Confirmed Indoor,No,1,https://www.dragonsportsnetwork.com/ | https://www.dragonsportsnetwork.com/uil-facility-rentals | https://www.dragonsportsnetwork.com/facilities
TX-0528,TX-0528-A,Sports Academy,,Frisco,,TX,https://sportsacademy.us/,sportsacademy.us,Indoor,Confirmed Indoor,No,1,https://sportsacademy.us/ | https://sportsacademy.us/pages/locations | https://sportsacademy.us/pages/youth-sports-1 | https://sportsacademy.us/pages/basketball-training-to | https://sportsacademy.us/pages/training-memberships | https://sportsacademy.us/pages/campus-rentals-to | https://sportsacademy.us/pages/2025-tournaments-sb | https://sportsacademy.us/pages/basketball-training-sb | https://sportsacademy.us/pages/copy-of-training-memberships-seal-beach | https://sportsacademy.us/pages/aag-training-memberships | https://sportsacademy.us/pages/aag-athletic-training-membership | https://sportsacademy.us/pages/sports-performance-frisco | https://sportsacademy.us/pages/return-to-play
TX-0529,TX-0529-A,StarCenter Multisport,,,,TX,https://www.starcentermultisport.com/,starcentermultisport.com,Indoor,Confirmed Indoor,No,1,https://www.starcentermultisport.com/ | https://www.starcentermultisport.com/about | https://www.starcentermultisport.com/openplay | https://www.starcentermultisport.com/open-court-rental | https://www.starcentermultisport.com/directions | https://www.starcentermultisport.com/news/coming-soon-northlake-pickleball-courts
TX-0530,TX-0530-A,Texas Christian School,,Houston,,TX,https://texaschristianschool.org/,texaschristianschool.org,Indoor,Confirmed Indoor,No,1,https://texaschristianschool.org/ | https://texaschristianschool.org/about/ | https://texaschristianschool.org/facility-rental/
TX-0531,TX-0531-A,Texas Tech Red Raiders,,Lubbock,,TX,https://texastech.com/,texastech.com,Indoor and outdoor,Indoor and Outdoor,No,1,https://texastech.com/ | https://texastech.com/facilities | https://texastech.com/facilities/cash-family-sports-nutrition-center/31 | https://texastech.com/facilities/sports-performance-center/12 | https://texastech.com/facilities/marsha-sharp-center-for-student-athletes/11 | https://texastech.com/facilities/united-supermarkets-arena/4 | https://texastech.com/facilities/the-dustin-r-womble-basketball-center/21 | https://texastech.com/facilities/dan-law-field-at-rip-griffin-park/5 | https://texastech.com/facilities/the-rawls-course/9 | https://texastech.com/facilities/john-walker-soccer-complex/6 | https://texastech.com/facilities/rocky-johnson-field/7 | https://texastech.com/facilities/fuller-track-field/8 | https://texastech.com/facilities/mcleod-tennis-center/10
TX-0532,TX-0532-A,The Midlothian Historic Gymnasium Project,,Midlothian,,TX,https://theoldgym.org/,theoldgym.org,Indoor,Confirmed Indoor,No,1,https://theoldgym.org/ | https://theoldgym.org/facility-rental | https://theoldgym.org/about-us
TX-0533,TX-0533-A,The Woodlands Resort,,The Woodlands,,TX,https://woodlandsresort.com/,woodlandsresort.com,Indoor and outdoor,Indoor and Outdoor,No,1,https://woodlandsresort.com/ | https://woodlandsresort.com/resort/virtual-tour/ | https://woodlandsresort.com/our-accommodations/amenities-services/
TX-0534,TX-0534-A,Ultimate Hoops,,Plano,,TX,https://www.uhlife.com/,uhlife.com,Indoor,Confirmed Indoor,No,1,https://www.uhlife.com/ | https://www.uhlife.com/about | https://www.uhlife.com/ultimate-tournaments | https://www.uhlife.com/league-locations | https://www.uhlife.com/training-locations
TX-0535,TX-0535-A,Walden Community Association,,Montgomery,,TX,https://www.waldenonlakeconroe.com/,waldenonlakeconroe.com,Indoor and outdoor,Indoor and Outdoor,No,1,https://www.waldenonlakeconroe.com/ | https://www.waldenonlakeconroe.com/web/pages/amenities | https://www.waldenonlakeconroe.com/web/pages/location | https://www.waldenonlakeconroe.com/web/pages/faq
TX-0536,TX-0536-A,"Weatherford High School (Weatherford, TX) Athletics",,Weatherford,,TX,https://www.weatherfordisdkangaroos.com/,weatherfordisd.com,Indoor,Confirmed Indoor,No,1,https://www.weatherfordisdkangaroos.com/ | https://www.weatherfordisdkangaroos.com/facilities
