Facility Name,Website,City,State,Facility Type,Sports Offered,Indoor Court Status,Number of Courts,Court Count Notes,Decision Maker First Name,Decision Maker Last Name,Decision Maker Title,Public Direct Email,Shared Facility Email,Guessed Email 1,Guessed Email 2,Guessed Email 3,Guessed Email 4,Guessed Email 5,Guessed Email 6,Email Domain,Qualification Status,Research Notes,Source URLs,Retrieval Method,Requested URL,Final URL,Failure Reason
Adaptive Arena,https://adaptivearena.org/,Bluffdale,UT,School,pickleball; basketball; volleyball,Indoor,,,Ashley,Guymon,CEO,ashley@adaptivearena.org,info@adaptivearena.org,,,,,,,adaptivearena.org,Confirmed Indoor,Indoor court language found on site. UT location evidence: address. No court count stated by a reliable source; left blank. Paid access signals present (membership/rental/program).,https://adaptivearena.org/ | https://adaptivearena.org/contact-us/ | https://adaptivearena.org/about/ | https://adaptivearena.org/facility-rentals/,Playwright,https://adaptivearena.org,https://adaptivearena.org/,
Advantage Tennis Clubs,https://advantagetennisclubs.com/,,UT,Racquet / Tennis Club,tennis,Indoor,36,"ur child’s age, size, and experience! Prev Red 1 Age: 4-5 Level: Beginners Ball: Foam/Red Court: 36’x18’ Racquet: Up to 21″ Learning Objectives: Students learn hand-eye coordination and rac",,,,,play@advantagetennisclubs.com,,,,,,,advantagetennisclubs.com,Confirmed Indoor,Indoor court language found on site. UT location evidence: mention. No decision maker found on public pages. Paid access signals present (membership/rental/program).,https://advantagetennisclubs.com/ | https://advantagetennisclubs.com/adult-programs-overview | https://advantagetennisclubs.com/adult-programs | https://advantagetennisclubs.com/junior-programs-overview | https://advantagetennisclubs.com/junior-programs | https://advantagetennisclubs.com/camps-overview,Playwright,https://advantagetennisclubs.com,https://advantagetennisclubs.com/,
Allied Products | Athletic Sports Flooring | Commercial Rubber Flooring | Racquetball Court Construction | Squash Courts,https://alliedproductsllc.com/,,UT,Racquet / Tennis Club,pickleball; tennis; basketball; volleyball; badminton; squash; racquetball; handball,Indoor,,,John,Gearhart,Manager,,,john@alliedproductsllc.com,john.gearhart@alliedproductsllc.com,johngearhart@alliedproductsllc.com,jgearhart@alliedproductsllc.com,j.gearhart@alliedproductsllc.com,johng@alliedproductsllc.com,alliedproductsllc.com,Confirmed Indoor,Indoor court language found on site. UT location evidence: mention. No court count stated by a reliable source; left blank. Paid access signals present (membership/rental/program). Guessed emails are UNVERIFIED pattern permutations - not published addresses.,https://alliedproductsllc.com/ | https://alliedproductsllc.com/about/ | https://alliedproductsllc.com/racquetball-court-construction/ | https://alliedproductsllc.com/squash-court-construction/ | https://alliedproductsllc.com/racquetball-court-construction/pickleball-court/ | https://alliedproductsllc.com/led-court-lights/,Playwright,https://alliedproductsllc.com,https://alliedproductsllc.com/,
Alpha Basketball Academy,https://www.alphaballacademy.com/,Orem,UT,School,basketball,Indoor,,,ALEX,CELEDON,Founder,,,alex@alphaballacademy.com,alex.celedon@alphaballacademy.com,alexceledon@alphaballacademy.com,aceledon@alphaballacademy.com,a.celedon@alphaballacademy.com,alexc@alphaballacademy.com,alphaballacademy.com,Confirmed Indoor,Indoor court language found on site. UT location evidence: address. No court count stated by a reliable source; left blank. Paid access signals present (membership/rental/program). Guessed emails are UNVERIFIED pattern permutations - not published addresses.,https://www.alphaballacademy.com/ | https://www.alphaballacademy.com/meettheteam | https://www.alphaballacademy.com/about | https://www.alphaballacademy.com/contact | https://www.alphaballacademy.com/abafacility | https://www.alphaballacademy.com/book-our-facility,Playwright,https://alphaballacademy.com,https://www.alphaballacademy.com/,
Basketball Shooting Machine,https://www.drdishbasketball.com/,Woods Cross,UT,College / University,basketball,Indoor,,,,,,,info@drdishbasketball.com,,,,,,,drdishbasketball.com,Confirmed Indoor,Indoor court language found on site. UT location evidence: address. No decision maker found on public pages. No court count stated by a reliable source; left blank. Paid access signals present (membership/rental/program).,https://www.drdishbasketball.com/ | https://www.drdishbasketball.com/upgrade | https://www.drdishbasketball.com/home/membership | https://www.drdishbasketball.com/facilities | https://www.drdishbasketball.com/facilities/products/fclty | https://www.drdishbasketball.com/facilities/products/fclty1 | https://www.drdishbasketball.com/facilities/featured,Playwright,https://drdishbasketball.com,https://www.drdishbasketball.com/,
Beach Elite,https://www.beach-elite.com/,Lehi,UT,School,volleyball,Indoor,,,,,,,,,,,,,,beach-elite.com,Confirmed Indoor,Indoor court language found on site. UT location evidence: address. No decision maker found on public pages. No court count stated by a reliable source; left blank. Paid access signals present (membership/rental/program).,https://www.beach-elite.com/ | https://www.beach-elite.com/coachingstaff | https://www.beach-elite.com/contact-us | https://www.beach-elite.com/whoweare,Playwright,https://beach-elite.com,https://www.beach-elite.com/,
Beach House,https://www.beachhouseut.com/,,UT,Unknown,volleyball,Indoor,4,"als Rent a court To play with your friends or family. ($60 for 2 hrs) Rent the Venue (all 4 courts) Great for birthday parties, team building activities, church events, and more. ($350 for",,,,beachhouseut@gmail.com,,,,,,,,beachhouseut.com,Confirmed Indoor,Indoor court language found on site. UT location evidence: phone. No decision maker found on public pages. Paid access signals present (membership/rental/program).,https://www.beachhouseut.com/ | https://www.beachhouseut.com/programdetails,Playwright,https://beachhouseut.com,https://www.beachhouseut.com/,
Beehive Sport and Social Club,https://www.beehivesports.com/,Salt Lake City,UT,College / University,pickleball; basketball; volleyball; futsal,Indoor,,,,,,,,,,,,,,beehivesports.com,Confirmed Indoor,Indoor court language found on site. UT location evidence: address. No decision maker found on public pages. No court count stated by a reliable source; left blank. Paid access signals present (membership/rental/program).,https://www.beehivesports.com/ | https://www.beehivesports.com/page/About | https://www.beehivesports.com/page/staffbio | https://www.beehivesports.com/page/Contact | https://www.beehivesports.com/page/Staff,Playwright,https://beehivesports.com,https://www.beehivesports.com/,
Burton Basketball Academy,https://www.burtonbasketballacademy.com/,Pleasant View,UT,School,basketball; volleyball; futsal,Indoor,,,MARK,BURTON,Owner,,,mark@burtonbasketballacademy.com,mark.burton@burtonbasketballacademy.com,markburton@burtonbasketballacademy.com,mburton@burtonbasketballacademy.com,m.burton@burtonbasketballacademy.com,markb@burtonbasketballacademy.com,burtonbasketballacademy.com,Confirmed Indoor,Indoor court language found on site. UT location evidence: address. No court count stated by a reliable source; left blank. Paid access signals present (membership/rental/program). Guessed emails are UNVERIFIED pattern permutations - not published addresses.,https://www.burtonbasketballacademy.com/ | https://www.burtonbasketballacademy.com/about | https://www.burtonbasketballacademy.com/contact,Playwright,https://burtonbasketballacademy.com,https://www.burtonbasketballacademy.com/,
Canyons Facility Rentals,https://rentals.canyonsdistrict.org/home,,UT,School,tennis,Indoor,,,,,,robynn.lefler@canyonsdistrict.org,,,,,,,,canyonsdistrict.org,Confirmed Indoor,Indoor court language found on site. UT location evidence: phone. No decision maker found on public pages. No court count stated by a reliable source; left blank. Paid access signals present (membership/rental/program).,https://rentals.canyonsdistrict.org/home | https://rentals.canyonsdistrict.org/page/rentalguidelines,Playwright,https://rentals.canyonsdistrict.org,https://rentals.canyonsdistrict.org/home,
Club GSL,https://clubgsl.com/,South Jordan,UT,Private Club,volleyball,Indoor,3,"lleyball Untitled Club GSL Volleyball Club GSL is excited to introduce The Jetty, our new 3 court indoor facility for hosting tournaments. ... 11194 S Redwood Rd. South Jordan, UT 84095.",,,,,,,,,,,,clubgsl.com,Confirmed Indoor,Indoor court language found on site. UT location evidence: address. No decision maker found on public pages. Paid access signals present (membership/rental/program).,https://clubgsl.com/ | https://clubgsl.com/club/saltlakeboysprogramming | https://clubgsl.com/club/51336 | https://clubgsl.com/club/saltlakestaff | https://clubgsl.com/club/55679 | https://clubgsl.com/club/aboutus | https://clubgsl.com/club/contactus,Playwright,https://clubgsl.com,https://clubgsl.com/,
Club V,https://clubvsports.com/,North Salt Lake,UT,Private Club,basketball; volleyball,Indoor,,,,,,,info@clubvsports.com,,,,,,,clubvsports.com,Confirmed Indoor,Indoor court language found on site. UT location evidence: address. No decision maker found on public pages. No court count stated by a reliable source; left blank.,https://clubvsports.com/ | https://clubvsports.com/club/leadership | https://clubvsports.com/club/facilities | https://clubvsports.com/club/courtreservation | https://clubvsports.com/all-programs/category/1007 | https://clubvsports.com/program-details/19460 | https://clubvsports.com/program-details/19491,Playwright,https://clubvsports.com,https://clubvsports.com/,
Club Volleyball,https://www.clubelevatevolleyball.com/,Park City,UT,School,volleyball,Indoor,,,,,,,info@clubelevatevolleyball.com,,,,,,,clubelevatevolleyball.com,Confirmed Indoor,Indoor court language found on site. UT location evidence: address. No decision maker found on public pages. No court count stated by a reliable source; left blank. Paid access signals present (membership/rental/program).,https://www.clubelevatevolleyball.com/ | https://www.clubelevatevolleyball.com/about | https://www.clubelevatevolleyball.com/contact,Playwright,https://clubelevatevolleyball.com,https://www.clubelevatevolleyball.com/,
Comflors,https://www.comflors.com/,Kaysville,UT,Indoor Sports Complex,pickleball; basketball; volleyball,Indoor,,,Brian,Snoke,President,brian@comflors.com,info@comflors.com,,,,,,,comflors.com,Confirmed Indoor,Indoor court language found on site. UT location evidence: address. No court count stated by a reliable source; left blank.,https://www.comflors.com/ | https://www.comflors.com/about-us/ | https://www.comflors.com/contact-us/,Playwright,https://comflors.com,https://www.comflors.com/,
Community Development Finance Alliance,https://cdfautah.org/,Moab,UT,Fieldhouse,basketball,Indoor,,,,,,,,,,,,,,cdfautah.org,Confirmed Indoor,Indoor court language found on site. UT location evidence: address. No decision maker found on public pages. No court count stated by a reliable source; left blank.,https://cdfautah.org/,Playwright,https://cdfautah.org,https://cdfautah.org/,
Construction Management Pros,https://www.thecmpros.com/,Sandy,UT,Health Club,squash,Indoor,,,David,Thorne,CEO,,info@thecmpros.com,david@thecmpros.com,david.thorne@thecmpros.com,davidthorne@thecmpros.com,dthorne@thecmpros.com,d.thorne@thecmpros.com,davidt@thecmpros.com,thecmpros.com,Confirmed Indoor,Indoor court language found on site. UT location evidence: address. No court count stated by a reliable source; left blank. Paid access signals present (membership/rental/program). Guessed emails are UNVERIFIED pattern permutations - not published addresses.,https://www.thecmpros.com/ | https://www.thecmpros.com/about/ | https://www.thecmpros.com/meet-our-team/,Playwright,https://thecmpros.com,https://www.thecmpros.com/,
Court Builder in Utah,https://www.acecourtsutah.com/,Riverton,UT,Pickleball Club,pickleball; tennis; basketball,Indoor,,,,,,tyler@acecourtsutah.com,,,,,,,,acecourtsutah.com,Confirmed Indoor,Indoor court language found on site. UT location evidence: address. No decision maker found on public pages. No court count stated by a reliable source; left blank. Paid access signals present (membership/rental/program).,https://www.acecourtsutah.com/ | https://www.acecourtsutah.com/court-designer | https://www.acecourtsutah.com/about-us | https://www.acecourtsutah.com/services/full-court-builds | https://www.acecourtsutah.com/services/court-lighting-hoops-nets | https://www.acecourtsutah.com/services/court-resurfacing | https://www.acecourtsutah.com/contact,Playwright,https://acecourtsutah.com,https://www.acecourtsutah.com/,
CROSSROADS ACADEMY,https://www.crossroadsrtc.com/,Ogden,UT,School,pickleball; tennis; basketball,Indoor,,,,,,,,,,,,,,crossroadsrtc.com,Confirmed Indoor,Indoor court language found on site. UT location evidence: address. No decision maker found on public pages. No court count stated by a reliable source; left blank. Paid access signals present (membership/rental/program).,https://www.crossroadsrtc.com/ | https://www.crossroadsrtc.com/programs/ | https://www.crossroadsrtc.com/programs/teen-inpatient-residential-treatment/ | https://www.crossroadsrtc.com/programs/teen-therapeutic-boarding-academy/ | https://www.crossroadsrtc.com/staff/ | https://www.crossroadsrtc.com/contact/,Playwright,https://crossroadsrtc.com,https://www.crossroadsrtc.com/,
Davis County Utah,https://daviscountyutah.com/,Layton,UT,School,pickleball; tennis; basketball,Indoor,,,,,,jared@daviscountyutah.com,,,,,,,,daviscountyutah.com,Confirmed Indoor,Indoor court language found on site. UT location evidence: address. No decision maker found on public pages. No court count stated by a reliable source; left blank. Paid access signals present (membership/rental/program).,https://daviscountyutah.com/ | https://daviscountyutah.com/centerville/recreation/recreation-programs/ | https://daviscountyutah.com/farmington/recreation/programs-classes/ | https://daviscountyutah.com/kaysville/recreation/programs-classes/ | https://daviscountyutah.com/layton/recreation/programs-classes/ | https://daviscountyutah.com/layton/schools/leadership-learning-academy/ | https://daviscountyutah.com/business/directory/,Playwright,https://daviscountyutah.com,https://daviscountyutah.com/,
Davis School District Facility Rentals,https://davis.schoolspace.us/home,Farmington,UT,School,tennis,Indoor,,,,,,,,,,,,,,davis.schoolspace.us,Confirmed Indoor,Indoor court language found on site. UT location evidence: address. No decision maker found on public pages. No court count stated by a reliable source; left blank. Paid access signals present (membership/rental/program).,https://davis.schoolspace.us/home,Playwright,https://davis.schoolspace.us,https://davis.schoolspace.us/home,
Desert Color Resort,https://www.desertcolorresort.com/,George,UT,Unknown,pickleball,Indoor,,,,,,,,,,,,,,desertcolorresort.com,Confirmed Indoor,Indoor court language found on site. UT location evidence: address. No decision maker found on public pages. No court count stated by a reliable source; left blank. Paid access signals present (membership/rental/program).,https://www.desertcolorresort.com/ | https://www.desertcolorresort.com/rentals | https://www.desertcolorresort.com/large-group-rentals | https://www.desertcolorresort.com/pickleball-courts | https://www.desertcolorresort.com/resort-rental-items | https://www.desertcolorresort.com/contact-us | https://www.desertcolorresort.com/lagoon-front,Playwright,https://desertcolorresort.com,https://www.desertcolorresort.com/,
"Elite Private Soccer Training in St. George, Utah",https://stgsoccerskills.com/,George,UT,Unknown,futsal,Indoor,,,,,,book@stgsoccerskills.com,,,,,,,,stgsoccerskills.com,Confirmed Indoor,Indoor court language found on site. UT location evidence: address. No decision maker found on public pages. No court count stated by a reliable source; left blank. Paid access signals present (membership/rental/program).,https://stgsoccerskills.com/ | https://stgsoccerskills.com/stg-soccer-memberships/ | https://stgsoccerskills.com/birthday-party-rentals-in-st-george-utah-st-georges-premier-indoor-party-venue/,Playwright,https://stgsoccerskills.com,https://stgsoccerskills.com/,
EvoGov Demo Website,https://www.monticelloutah.org/,Monticello,UT,Unknown,basketball; volleyball,Indoor,,,Kaeden,Kulow,Manager,kaeden@monticelloutah.org,,,,,,,,monticelloutah.org,Confirmed Indoor,Indoor court language found on site. UT location evidence: address. No court count stated by a reliable source; left blank. Paid access signals present (membership/rental/program).,https://www.monticelloutah.org/ | https://www.monticelloutah.org/departments/justicecourt | https://www.monticelloutah.org/departments/Administration,Playwright,https://monticelloutah.org,https://www.monticelloutah.org/,
"Explore Gated, Golf & 55+ Active Adult in Master-Planned Communities",https://www.privatecommunities.com/,Heber City,UT,Country Club,pickleball; tennis,Indoor,,,,,,,info@privatecommunities.com,,,,,,,privatecommunities.com,Confirmed Indoor,Indoor court language found on site. UT location evidence: address. No decision maker found on public pages. No court count stated by a reliable source; left blank. Paid access signals present (membership/rental/program).,https://www.privatecommunities.com/ | https://www.privatecommunities.com/contact-us/index.htm | https://www.privatecommunities.com/about-us/index.htm,Playwright,https://privatecommunities.com,https://www.privatecommunities.com/,
Forbes,https://www.forbes.com/,,UT,Unknown,pickleball,Indoor,,,Stephanie,Ferris,President,,,stephanie@forbes.com,stephanie.ferris@forbes.com,stephanieferris@forbes.com,sferris@forbes.com,s.ferris@forbes.com,stephanief@forbes.com,forbes.com,Confirmed Indoor,Indoor court language found on site. UT location evidence: mention. No court count stated by a reliable source; left blank. Paid access signals present (membership/rental/program). Guessed emails are UNVERIFIED pattern permutations - not published addresses.,https://www.forbes.com/ | https://www.forbes.com/sites/forbesstaff/article/tips-and-confidential-sources/ | https://www.forbes.com/sites/courtney-connley-hampton/2026/08/03/7-new-rules-for-success-in-the-first-year-of-your-career/ | https://www.forbes.com/sites/sap/2026/08/05/humanity-at-the-heart-of-work-how-ai-can-unleash-the-power-of-people/ | https://www.forbes.com/sites/workday/2026/07/27/how-midsize-companies-get-trapped-between-ai-promise-and-ai-reality/ | https://www.forbes.com/sites/dataiku/2026/07/10/the-ai-risks-ceos-didnt-budget-for/ | https://www.forbes.com/sites/insights-sentry-insurance/2026/06/30/the-resilient-enterprise-how-a-strategic-insurance-partner-helps-large-firms-navigate-evolving-threats/,Playwright,https://forbes.com,https://www.forbes.com/,
Freeplay,https://www.freeplayapp.com/,South Jordan,UT,Health Club,basketball; racquetball,Indoor,,,,,,,hello@freeplayapp.com,,,,,,,freeplayapp.com,Confirmed Indoor,Indoor court language found on site. UT location evidence: address. No decision maker found on public pages. No court count stated by a reliable source; left blank. Paid access signals present (membership/rental/program).,https://www.freeplayapp.com/,Playwright,https://freeplayapp.com,https://www.freeplayapp.com/,
Funrise Indoor Playground,https://www.funriseutah.com/,Cedar Hills,UT,Private Club,basketball,Indoor,,,,,,funriseutah@gmail.com,,,,,,,,funriseutah.com,Confirmed Indoor,Indoor court language found on site. UT location evidence: address. No decision maker found on public pages. No court count stated by a reliable source; left blank. Paid access signals present (membership/rental/program).,https://www.funriseutah.com/,Playwright,https://funriseutah.com,https://www.funriseutah.com/,
Granite School District,https://www.graniteschools.org/,Salt Lake City,UT,School,volleyball,Indoor,,,,,,,,,,,,,,graniteschools.org,Confirmed Indoor,Indoor court language found on site. UT location evidence: address. No decision maker found on public pages. No court count stated by a reliable source; left blank. Paid access signals present (membership/rental/program).,https://www.graniteschools.org/ | https://www.graniteschools.org/schools/specialty-schools-programs/ | https://www.graniteschools.org/contact/ | https://www.graniteschools.org/budgetdevelopment/ | https://www.graniteschools.org/curriculuminstruction/athletics/ | https://www.graniteschools.org/facilityrentals/ | https://www.graniteschools.org/communications/contact/,Playwright,https://graniteschools.org,https://www.graniteschools.org/,
High School Tournaments,https://hstourney.com/,Blanding,UT,School,tennis; basketball; volleyball; badminton; squash,Indoor,,,,,,rftownsend@hstourney.com,,,,,,,,hstourney.com,Confirmed Indoor,Indoor court language found on site. UT location evidence: address. No decision maker found on public pages. No court count stated by a reliable source; left blank.,https://hstourney.com/ | https://hstourney.com/about | https://hstourney.com/contact,Playwright,https://hstourney.com,https://hstourney.com/,
HIPPIES.COM,https://hippies.com/,Sandy,UT,Unknown,volleyball,Indoor,,,,,,hippiescompany@gmail.com,,,,,,,,hippies.com,Confirmed Indoor,Indoor court language found on site. UT location evidence: address. No decision maker found on public pages. No court count stated by a reliable source; left blank. Paid access signals present (membership/rental/program).,https://hippies.com/ | https://hippies.com/pages/about-us | https://hippies.com/pages/contact-us,Playwright,https://hippies.com,https://hippies.com/,
Hurricane Recreation,https://www.hurricanerecreation.com/,Hurricane,UT,Health Club,pickleball; tennis; basketball; volleyball,Indoor,,,,,,jennifer@hurricane.utah.gov,info@hurricane.utah.gov,,,,,,,hurricane.utah.gov,Confirmed Indoor,Indoor court language found on site. UT location evidence: address. No decision maker found on public pages. No court count stated by a reliable source; left blank. Paid access signals present (membership/rental/program).,https://www.hurricanerecreation.com/ | https://www.hurricanerecreation.com/about-3 | https://www.hurricanerecreation.com/staff | https://www.hurricanerecreation.com/about1-c24nz | https://www.hurricanerecreation.com/about-1 | https://www.hurricanerecreation.com/kidszone | https://www.hurricanerecreation.com/s-projects-side-by-side,Playwright,https://hurricanerecreation.com,https://www.hurricanerecreation.com/,
Impact United Soccer Club | Utah,https://impactunited.com/,Sandy,UT,School,futsal,Indoor,,,,,,,,,,,,,,impactunited.com,Confirmed Indoor,Indoor court language found on site. UT location evidence: address. No decision maker found on public pages. No court count stated by a reliable source; left blank. Paid access signals present (membership/rental/program).,https://impactunited.com/ | https://impactunited.com/about/ | https://impactunited.com/leadership/,Playwright,https://impactunited.com,https://impactunited.com/,
Indoor Beach Volleyball,https://www.beachboxutah.com/,Pleasant Grove,UT,Private Club,volleyball,Indoor,,,,,,melissa@projectbeachutah.com,admin@beachboxutah.com,,,,,,,projectbeachutah.com,Confirmed Indoor,Indoor court language found on site. UT location evidence: address. No decision maker found on public pages. No court count stated by a reliable source; left blank. Paid access signals present (membership/rental/program).,https://www.beachboxutah.com/ | https://www.beachboxutah.com/court-rentals | https://www.beachboxutah.com/youth-beach-volleyball-training-programs | https://www.beachboxutah.com/contact-us | https://www.beachboxutah.com/contact-us/pleasant-grove-ut | https://www.beachboxutah.com/contact-us/terms-of-service | https://www.beachboxutah.com/youth-beginner-programs,Playwright,https://beachboxutah.com,https://www.beachboxutah.com/,
"Institute for Disability Research, Policy, & Practice",https://idrpp.usu.edu/,Logan,UT,College / University,tennis; basketball,Indoor,,,Joey,Hanna,Executive Director,,,joey@idrpp.usu.edu,joey.hanna@idrpp.usu.edu,joeyhanna@idrpp.usu.edu,jhanna@idrpp.usu.edu,j.hanna@idrpp.usu.edu,joeyh@idrpp.usu.edu,idrpp.usu.edu,Confirmed Indoor,Indoor court language found on site. UT location evidence: address. No court count stated by a reliable source; left blank. Paid access signals present (membership/rental/program). Guessed emails are UNVERIFIED pattern permutations - not published addresses.,https://idrpp.usu.edu/ | https://idrpp.usu.edu/about/ | https://idrpp.usu.edu/about/contact-us | https://idrpp.usu.edu/about/divisions | https://idrpp.usu.edu/about/history | https://idrpp.usu.edu/about/all-projects | https://idrpp.usu.edu/about/annual-reports,Playwright,https://idrpp.usu.edu,https://idrpp.usu.edu/,
KJ,https://kjsicebarn.org/,Enoch,UT,Health Club,pickleball,Indoor,,,,,,,info@kjsicebarn.org,,,,,,,kjsicebarn.org,Confirmed Indoor,Indoor court language found on site. UT location evidence: address. No decision maker found on public pages. No court count stated by a reliable source; left blank. Paid access signals present (membership/rental/program).,https://kjsicebarn.org/ | https://kjsicebarn.org/Contact | https://kjsicebarn.org/Entertainment/Pickleball-Court-Rental | https://kjsicebarn.org/Programs/Public-Skate | https://kjsicebarn.org/Programs/Figure-Skating | https://kjsicebarn.org/Programs/Learn-to-Skate,Playwright,https://kjsicebarn.org,https://kjsicebarn.org/,
Linkd Sports - Building Better Athletes Together,https://linkdsports.com/,Hyde Park,UT,Health Club,basketball,Indoor,,,,,,dan@linkdsports.com,,,,,,,,linkdsports.com,Confirmed Indoor,Indoor court language found on site. UT location evidence: address. No decision maker found on public pages. No court count stated by a reliable source; left blank. Paid access signals present (membership/rental/program).,https://linkdsports.com/ | https://linkdsports.com/about/ | https://linkdsports.com/linkd-facilities/ | https://linkdsports.com/contact/,Playwright,https://linkdsports.com,https://linkdsports.com/,
Logan City School District,https://loganschools.org/,,UT,School,tennis; racquetball,Indoor,3,"Friday: 5:30 pm to 9:30 pm (Leisure Arts Gym, indoor walking track, indoor tennis courts, three racquetball courts, game room) ... Buildings are not left without facility supervision while occupied by a r",,,,shana.longhurst@loganschools.org,,,,,,,,loganschools.org,Confirmed Indoor,Indoor court language found on site. UT location evidence: address. No decision maker found on public pages. Paid access signals present (membership/rental/program).,https://loganschools.org/ | https://loganschools.org/36359_3 | https://loganschools.org/12391_4 | https://jobs.utah.gov/occ/cac.html | https://loganschools.org/whatisdli | https://loganschools.org/12491_4 | https://loganschools.org/facilitiesandmaintenance,Playwright,https://loganschools.org,https://loganschools.org/,
MaxPreps.com,https://www.maxpreps.com/,,UT,College / University,tennis; basketball; volleyball; badminton,Indoor,,,,,,,support@maxpreps.com,,,,,,,maxpreps.com,Confirmed Indoor,Indoor court language found on site. UT location evidence: mention. No decision maker found on public pages. No court count stated by a reliable source; left blank. Paid access signals present (membership/rental/program).,https://www.maxpreps.com/,Playwright,https://maxpreps.com,https://www.maxpreps.com/,
Mercy Housing,https://mercyhousing.org/,Texas,UT,School,basketball,Indoor,,,,,,,,,,,,,,mercyhousing.org,Confirmed Indoor,Indoor court language found on site. UT location evidence: address. No decision maker found on public pages. No court count stated by a reliable source; left blank. Paid access signals present (membership/rental/program).,https://mercyhousing.org/ | https://mercyhousing.org/contact-us/ | https://mercyhousing.org/about/charitable-partners/ | https://mercyhousing.org/about/careers/ | https://mercyhousing.org/partner-with-us/property-management/ | https://mercyhousing.org/about/ | https://mercyhousing.org/about/our-values/,Playwright,https://mercyhousing.org,https://mercyhousing.org/,
MetaSport Futbol Club,https://www.metasportfc.com/,Farmington,UT,Private Club,futsal,Indoor,,,Britain,Thomas,Founder,,,britain@metasportfc.com,britain.thomas@metasportfc.com,britainthomas@metasportfc.com,bthomas@metasportfc.com,b.thomas@metasportfc.com,britaint@metasportfc.com,metasportfc.com,Confirmed Indoor,Indoor court language found on site. UT location evidence: address. No court count stated by a reliable source; left blank. Paid access signals present (membership/rental/program). Guessed emails are UNVERIFIED pattern permutations - not published addresses.,https://www.metasportfc.com/ | https://www.metasportfc.com/about-us | https://www.metasportfc.com/leadership-staff | https://www.metasportfc.com/indoor-facility-rentals | https://www.metasportfc.com/contact | https://www.metasportfc.com/youth-rec-leagues,Playwright,https://metasportfc.com,https://www.metasportfc.com/,
Metro Padel Club - World,https://www.metropadelclub.com/,,UT,Pickleball Club,pickleball; tennis; squash; racquetball; padel,Indoor,20,n Acapulco. Problem: his backyard wasn’t big enough. So he improvised. He built a smaller court—20 by 10 meters—and surrounded it with walls to keep the ball from flying into the neighbor’,,,,,,,,,,,,metropadelclub.com,Confirmed Indoor,Indoor court language found on site. UT location evidence: mention. No decision maker found on public pages. Paid access signals present (membership/rental/program).,https://www.metropadelclub.com/ | https://www.metropadelclub.com/blog/what-is-padel,Playwright,https://metropadelclub.com,https://www.metropadelclub.com/,
Mid Valley Pickleball,https://www.midvalleypickleball.com/,Midvale,UT,Pickleball Club,pickleball,Indoor,3,"Valley Pickleball is the place to be. BECOME A MEMBER FOR FREE PLAY EXCLUSIVELY WITH OUR THREE COURTS BOOK A COURT WITH EASE IN COURT RESERVE. AVAILABLE IN ALL APP STORES *Please note, Mid Va",,,,,info@midvalleypickleball.com,,,,,,,midvalleypickleball.com,Confirmed Indoor,Indoor court language found on site. UT location evidence: address. No decision maker found on public pages. Paid access signals present (membership/rental/program).,https://www.midvalleypickleball.com/ | https://www.midvalleypickleball.com/about-mid-valley-pickleball | https://www.midvalleypickleball.com/contact,Playwright,https://midvalleypickleball.com,https://www.midvalleypickleball.com/,
Moabadventurecondo,https://www.moabadventurecondo.com/,Moab,UT,Unknown,tennis; basketball,Indoor,,,,,,,info@moabadventurecondo.com,,,,,,,moabadventurecondo.com,Confirmed Indoor,Indoor court language found on site. UT location evidence: address. No decision maker found on public pages. No court count stated by a reliable source; left blank. Paid access signals present (membership/rental/program).,https://www.moabadventurecondo.com/ | https://www.moabadventurecondo.com/7a2-rim-vista-moab-utah | https://www.moabadventurecondo.com/moab-vacation-rental-8a3-la-sal-views | https://www.moabadventurecondo.com/moab-vacation-rental-10a7-pet-friendly | https://www.moabadventurecondo.com/10a8-sleeps-8-moab-vacation-home | https://www.moabadventurecondo.com/11a3-rim-vista-moab-vacation-rental | https://www.moabadventurecondo.com/pet-friendly-vacation-rental-moab,Playwright,https://moabadventurecondo.com,https://www.moabadventurecondo.com/,
Mountain Crest High School,https://mountaincrest.ccsdut.org/,Hyrum,UT,School,tennis; basketball; volleyball,Indoor,,,,,,,,,,,,,,mountaincrest.ccsdut.org,Confirmed Indoor,Indoor court language found on site. UT location evidence: address. No decision maker found on public pages. No court count stated by a reliable source; left blank. Paid access signals present (membership/rental/program).,https://mountaincrest.ccsdut.org/ | https://mountaincrest.ccsdut.org/about-us/calendars-and-schedules | https://mountaincrest.ccsdut.org/about-us | https://mountaincrest.ccsdut.org/about-us/administration | https://mountaincrest.ccsdut.org/about-us/calendars-and-schedules/weekly-schedule | https://mountaincrest.ccsdut.org/about-us/contact-us | https://mountaincrest.ccsdut.org/directory,Playwright,https://mountaincrest.ccsdut.org,https://mountaincrest.ccsdut.org/,
"Murray S.C. Soccer ""Open to ALL Utah residents""",https://www.murraysoccer.com/,Murray,UT,School,futsal,Indoor,,,,,,,info@murraysoccer.com,,,,,,,murraysoccer.com,Confirmed Indoor,Indoor court language found on site. UT location evidence: address. No decision maker found on public pages. No court count stated by a reliable source; left blank. Paid access signals present (membership/rental/program).,https://www.murraysoccer.com/ | https://www.murraysoccer.com/contactus | https://www.murraysoccer.com/about | https://www.murraysoccer.com/page/show/3179776-soccer-programs-,Playwright,https://murraysoccer.com,https://www.murraysoccer.com/,
North Logan Rec,https://www.northloganrec.org/,,UT,Private Club,pickleball,Indoor,,,,,,,,,,,,,,northloganrec.org,Confirmed Indoor,Indoor court language found on site. UT location evidence: phone. No decision maker found on public pages. No court count stated by a reliable source; left blank. Paid access signals present (membership/rental/program).,https://www.northloganrec.org/ | https://www.northloganrec.org/pricing | https://www.northloganrec.org/programsandclasses,Playwright,https://northloganrec.org,https://www.northloganrec.org/,
North Sevier Recreation,https://rec.salinacity.org/,Salina,UT,Health Club,pickleball,Indoor,,,,,,nsrecreation@salinacity.org,,,,,,,,salinacity.org,Confirmed Indoor,Indoor court language found on site. UT location evidence: address. No decision maker found on public pages. No court count stated by a reliable source; left blank. Paid access signals present (membership/rental/program).,https://rec.salinacity.org/ | https://rec.salinacity.org/facilityrentals | https://rec.salinacity.org/membershipprices,Playwright,https://rec.salinacity.org,https://rec.salinacity.org/,
NUU Soccer,https://www.nuusoccer.com/,,UT,College / University,futsal,Indoor,,,Wendee,Lamb,Director of Operations,,,wendee@nuusoccer.com,wendee.lamb@nuusoccer.com,wendeelamb@nuusoccer.com,wlamb@nuusoccer.com,w.lamb@nuusoccer.com,wendeel@nuusoccer.com,nuusoccer.com,Confirmed Indoor,Indoor court language found on site. UT location evidence: mention. No court count stated by a reliable source; left blank. Paid access signals present (membership/rental/program). Guessed emails are UNVERIFIED pattern permutations - not published addresses.,https://www.nuusoccer.com/ | https://www.nuusoccer.com/programs/ | https://www.nuusoccer.com/about/ | https://www.nuusoccer.com/administrative-staff/ | https://www.nuusoccer.com/contact-us/ | https://www.nuusoccer.com/leadership-messages/ | https://www.nuusoccer.com/category/programs-and-leagues/,Playwright,https://nuusoccer.com,https://www.nuusoccer.com/,
Ogden Athletic Club Home Page,https://oac.caclubs.com/,South Ogden,UT,Athletic Center,tennis,Indoor,,,,,,,,,,,,,,oac.caclubs.com,Confirmed Indoor,Indoor court language found on site. UT location evidence: address. No decision maker found on public pages. No court count stated by a reliable source; left blank. Paid access signals present (membership/rental/program).,https://oac.caclubs.com/ | https://oac.caclubs.com/public | https://oac.caclubs.com/membership | https://oac.caclubs.com/public/directions,Playwright,https://oac.caclubs.com,https://oac.caclubs.com/,
Ogden Soccer > Home,https://www.ogdensoccer.com/,Ogden,UT,College / University,futsal,Indoor,,,,,,,support@ogdensoccer.org,,,,,,,ogdensoccer.org,Confirmed Indoor,Indoor court language found on site. UT location evidence: address. No decision maker found on public pages. No court count stated by a reliable source; left blank. Paid access signals present (membership/rental/program).,https://www.ogdensoccer.com/ | https://www.ogdensoccer.com/Default.aspx,Playwright,https://ogdensoccer.com,https://www.ogdensoccer.com/,
Padel Den,https://padeldenusa.com/,,UT,Private Club,pickleball; tennis; padel,Indoor,4,Club in Woods Cross (3085 S Wall Ave) offers Utah's most established padel facility with four indoor courts. Victory Ranch near Park City ... Utah County's first padel courts! Padel Den opens Febru,,,,,info@padeldenusa.com,,,,,,,padeldenusa.com,Confirmed Indoor,Indoor court language found on site. UT location evidence: phone. No decision maker found on public pages. Paid access signals present (membership/rental/program).,https://padeldenusa.com/ | https://padeldenusa.com/memberships/ | https://padeldenusa.com/contact-padel-den/,Playwright,https://padeldenusa.com,https://padeldenusa.com/,
Padel Park,https://www.padelparkutah.com/,West Jordan,UT,Unknown,pickleball; tennis; squash; padel,Indoor,,,,,,,info@padelparkut.com,,,,,,,padelparkut.com,Confirmed Indoor,Indoor court language found on site. UT location evidence: address. No decision maker found on public pages. No court count stated by a reliable source; left blank. Paid access signals present (membership/rental/program).,https://www.padelparkutah.com/ | https://www.padelparkutah.com/memberships,Playwright,https://padelparkutah.com,https://www.padelparkutah.com/,
Paramount Pickleball Club,https://paramountpickleballclub.com/,Lehi,UT,Pickleball Club,pickleball,Indoor,2,'+ $60 21–28 people: + $120 29–35 people: +$180 Come Play with Us NO MEMBERSHIPS REQUIRED 2 indoor pickleball courts Pay and Play Reservation Only Open daily (yes even holidays) Access codes activate at you,,,,,hello@paramountpickleballclub.com,,,,,,,paramountpickleballclub.com,Confirmed Indoor,Indoor court language found on site. UT location evidence: address. No decision maker found on public pages. Paid access signals present (membership/rental/program).,https://paramountpickleballclub.com/ | https://paramountpickleballclub.com/about | https://paramountpickleballclub.com/contact,Playwright,https://paramountpickleballclub.com,https://paramountpickleballclub.com/,
Parowan High School,https://phs.irondistrict.org/,Parowan,UT,Fieldhouse,basketball; volleyball,Indoor,,,,,,,,,,,,,,phs.irondistrict.org,Confirmed Indoor,Indoor court language found on site. UT location evidence: address. No decision maker found on public pages. No court count stated by a reliable source; left blank. Paid access signals present (membership/rental/program).,https://phs.irondistrict.org/ | https://phs.irondistrict.org/o/phs/page/phs | https://phs.irondistrict.org/o/phs/staff | https://phs.irondistrict.org/o/phs/page/athletics,Playwright,https://phs.irondistrict.org,https://phs.irondistrict.org/,
Peak Pickleball Club,https://mypeakpickleballclub.com/,Draper,UT,Pickleball Club,pickleball,Indoor,,,,,,,info@mypeakpickleballclub.com,,,,,,,mypeakpickleballclub.com,Confirmed Indoor,Indoor court language found on site. UT location evidence: address. No decision maker found on public pages. No court count stated by a reliable source; left blank. Paid access signals present (membership/rental/program).,https://mypeakpickleballclub.com/ | https://mypeakpickleballclub.com/memberships/ | https://mypeakpickleballclub.com/programming/ | https://mypeakpickleballclub.com/about/ | https://mypeakpickleballclub.com/contact/,Playwright,https://mypeakpickleballclub.com,https://mypeakpickleballclub.com/,
Peckleball Palace,https://www.peckleballpalace.com/,Salt Lake City,UT,Private Club,pickleball,Indoor,,,,,,,,,,,,,,peckleballpalace.com,Confirmed Indoor,Indoor court language found on site. UT location evidence: address. No decision maker found on public pages. No court count stated by a reliable source; left blank. Paid access signals present (membership/rental/program).,https://www.peckleballpalace.com/ | https://www.peckleballpalace.com/blank-1 | https://www.peckleballpalace.com/contact-us,Playwright,https://peckleballpalace.com,https://www.peckleballpalace.com/,
Peer Event Center,https://www.peereventcenter.com/,Pleasant View,UT,Indoor Sports Complex,pickleball; volleyball,Indoor,2,"CE OUT AN EVENT ABOUT US Indoor sports facility equipped with full size volleyball court, two pickleball courts, indoor soccer, and group fitness PRICE OUT AN EVENT ABOUT US A place to gather with fami",,,,,info@peereventcenter.com,,,,,,,peereventcenter.com,Confirmed Indoor,Indoor court language found on site. UT location evidence: address. No decision maker found on public pages.,https://www.peereventcenter.com/,Playwright,https://peereventcenter.com,https://www.peereventcenter.com/,
Pickle Barn Scheduling Website,https://thepicklebarnutah.com/,Midway,UT,Unknown,pickleball,Indoor,,,Darrian,Wright,Owner,,,darrian@thepicklebarnutah.com,darrian.wright@thepicklebarnutah.com,darrianwright@thepicklebarnutah.com,dwright@thepicklebarnutah.com,d.wright@thepicklebarnutah.com,darrianw@thepicklebarnutah.com,thepicklebarnutah.com,Confirmed Indoor,Indoor court language found on site. UT location evidence: address. No court count stated by a reliable source; left blank. Paid access signals present (membership/rental/program). Guessed emails are UNVERIFIED pattern permutations - not published addresses.,https://thepicklebarnutah.com/,Playwright,https://thepicklebarnutah.com,https://thepicklebarnutah.com/,
RallyWith.io,https://rallywith.io/,Sunset,UT,Unknown,pickleball; tennis; badminton; squash; racquetball; padel,Indoor,,,,,,,,,,,,,,rallywith.io,Confirmed Indoor,Indoor court language found on site. UT location evidence: address. No decision maker found on public pages. No court count stated by a reliable source; left blank. Paid access signals present (membership/rental/program).,https://rallywith.io/ | https://rallywith.io/explore-courts | https://rallywith.io/about | https://rallywith.io/court/cmjzalpxr0001shbe2sefzm7o | https://rallywith.io/court/cmk388il60026sh2eztve3izo | https://rallywith.io/court/cmk38g3hy0006shk3vf91416m | https://rallywith.io/court/cmk38ah8j0002shq9o4kixjj5,Playwright,https://rallywith.io,https://rallywith.io/,
Reach Higher Performance Center,https://reachhigherperformancecenter.com/,George,UT,Indoor Sports Complex,pickleball; basketball; volleyball,Indoor,,,,,,rhperformancecenter@gmail.com,,,,,,,,reachhigherperformancecenter.com,Confirmed Indoor,Indoor court language found on site. UT location evidence: address. No decision maker found on public pages. No court count stated by a reliable source; left blank. Paid access signals present (membership/rental/program).,https://reachhigherperformancecenter.com/ | https://reachhigherperformancecenter.com/weight-room-membership/ | https://reachhigherperformancecenter.com/rentals/ | https://reachhigherperformancecenter.com/rentals/volleyball-court/ | https://reachhigherperformancecenter.com/rentals/basketball-courts/ | https://reachhigherperformancecenter.com/rentals/corporate-events/ | https://reachhigherperformancecenter.com/contact-us/,Playwright,https://reachhigherperformancecenter.com,https://reachhigherperformancecenter.com/,
Reaveley Engineers,https://www.reaveley.com/,Salt Lake City,UT,School,basketball,Indoor,,,,,,,info@reaveley.com,,,,,,,reaveley.com,Confirmed Indoor,Indoor court language found on site. UT location evidence: address. No decision maker found on public pages. No court count stated by a reliable source; left blank. Paid access signals present (membership/rental/program).,https://www.reaveley.com/ | https://www.reaveley.com/about | https://www.reaveley.com/connect | https://www.reaveley.com/projects/orrin-g-hatch-us-district-courthouse,Playwright,https://reaveley.com,https://www.reaveley.com/,
Red Rock Heat Volley,https://www.redrockheatvb.com/,,UT,College / University,volleyball,Indoor,,,,,,redrockheat@gmail.com,,,,,,,,redrockheatvb.com,Confirmed Indoor,Indoor court language found on site. UT location evidence: mention. No decision maker found on public pages. No court count stated by a reliable source; left blank. Paid access signals present (membership/rental/program).,https://www.redrockheatvb.com/ | https://www.redrockheatvb.com/about-5 | https://www.redrockheatvb.com/about-5-2 | https://www.redrockheatvb.com/about-the-club | https://www.redrockheatvb.com/contact,Playwright,https://redrockheatvb.com,https://www.redrockheatvb.com/,
Richfield High School,https://richfieldhigh.org/wordpress/,Richfield,UT,School,tennis; volleyball,Indoor,,,,,,,,,,,,,,richfieldhigh.org,Confirmed Indoor,Indoor court language found on site. UT location evidence: address. No decision maker found on public pages. No court count stated by a reliable source; left blank. Paid access signals present (membership/rental/program).,https://richfieldhigh.org/wordpress/ | https://richfieldhigh.org/wordpress/teachers/ | https://richfieldhigh.org/wordpress/youth-court/ | https://richfieldhigh.org/wordpress/rhs-athletic-page/ | https://richfieldhigh.org/wordpress/about-rhs/,Playwright,https://richfieldhigh.org,https://richfieldhigh.org/wordpress/,
Rugby Utah,https://www.sportcityutah.com/,Draper,UT,School,basketball; volleyball; futsal,Indoor,6,"r ... We are excited to work with athletes that participate in Basketball ... ... courts, 6 volleyball courts, 4 basketball courts, a party room (26 x 43), and a fitness studio (26 x 26), we are Utah",,,,leagues@sportcityutah.com,info@sportcityutah.com,,,,,,,sportcityutah.com,Confirmed Indoor,Indoor court language found on site. UT location evidence: address. No decision maker found on public pages. Paid access signals present (membership/rental/program).,https://www.sportcityutah.com/ | https://www.sportcityutah.com/programs | https://www.sportcityutah.com/program-types/league | https://www.sportcityutah.com/program-types/open-play | https://www.sportcityutah.com/programs/football-academy | https://www.sportcityutah.com/programs/volleyball-academy | https://www.sportcityutah.com/programs/major-impact-training,Playwright,https://sportcityutah.com,https://www.sportcityutah.com/,
Saratoga Springs Recreation,https://saratogaspringsrec.com/home,,UT,Unknown,pickleball; basketball; volleyball,Indoor,,,,,,recshared@saratogaspringscity.com,,,,,,,,saratogaspringscity.com,Confirmed Indoor,Indoor court language found on site. UT location evidence: phone. No decision maker found on public pages. No court count stated by a reliable source; left blank. Paid access signals present (membership/rental/program).,https://saratogaspringsrec.com/home | https://saratogaspringsrec.com/current-programs | https://saratogaspringsrec.com/form/7798/Patriot-Park-Rentals-2026 | https://saratogaspringsrec.com/contact | https://saratogaspringsrec.com/TimeOut.htm?aspxerrorpath=/Org/ContactOrg.aspx,Playwright,https://saratogaspringsrec.com,https://saratogaspringsrec.com/home,
Sky Zone Trampoline Park,https://www.skyzone.com/,Provo,UT,Unknown,basketball; volleyball,Indoor,,,Chief,Officer,President,,,chief@skyzone.com,chief.officer@skyzone.com,chiefofficer@skyzone.com,cofficer@skyzone.com,c.officer@skyzone.com,chiefo@skyzone.com,skyzone.com,Confirmed Indoor,Indoor court language found on site. UT location evidence: address. No court count stated by a reliable source; left blank. Paid access signals present (membership/rental/program). Guessed emails are UNVERIFIED pattern permutations - not published addresses.,https://www.skyzone.com/ | https://www.skyzone.com/memberships/ | https://www.skyzone.com/facility-rentals/ | https://www.skyzone.com/programs/ | https://www.skyzone.com/programs/glow/ | https://www.skyzone.com/attractions/air-court/ | https://www.skyzone.com/sky-zone-announces-key-leadership-appointments/,Playwright,https://skyzone.com,https://www.skyzone.com/,
SLCC,https://recwell.slcc.edu/,Salt Lake City,UT,Pickleball Club,pickleball; tennis; basketball; racquetball,Indoor,1,ward_ios NAP ROOM Redwood Campus Recreation > Nap Room arrow_forward_ios PICKLEBALL COURT 1 Pickleball Court 1 arrow_forward_ios PICKLEBALL COURT 10 Pickleball Court 10 arrow_forward_ios PICKLEBALL,,,,,,,,,,,,recwell.slcc.edu,Confirmed Indoor,Indoor court language found on site. UT location evidence: address. No decision maker found on public pages. Paid access signals present (membership/rental/program).,https://recwell.slcc.edu/ | https://recwell.slcc.edu/Facility | https://recwell.slcc.edu/program | https://recwell.slcc.edu/home/signin?redirect=%252Fmembership%252Findex | https://recwell.slcc.edu/Program | https://recwell.slcc.edu/FacilityOccupancy | https://recwell.slcc.edu/booking,Playwright,https://recwell.slcc.edu,https://recwell.slcc.edu/,
Snow College Athletics,https://snowbadgers.com/,Ephraim,UT,College / University,basketball; volleyball,Indoor,,,,,,,,,,,,,,snowbadgers.com,Confirmed Indoor,Indoor court language found on site. UT location evidence: address. No decision maker found on public pages. No court count stated by a reliable source; left blank. Paid access signals present (membership/rental/program).,https://snowbadgers.com/ | https://snowbadgers.com/staff-directory | https://snowbadgers.com/sports/2020/7/28/facilities | https://snowbadgers.com/sports/2024/9/18/athletics-hall-of-fame-inductees.aspx | https://snowbadgers.com/news/2026/8/6/mens-basketball-announces-2026-27-coaching-staff.aspx,Playwright,https://snowbadgers.com,https://snowbadgers.com/,
Sports Hub,https://www.thesportshubut.com/,Springville,UT,Unknown,futsal,Indoor,,,,,,sportshubut@gmail.com,,,,,,,,thesportshubut.com,Confirmed Indoor,Indoor court language found on site. UT location evidence: address. No decision maker found on public pages. No court count stated by a reliable source; left blank. Paid access signals present (membership/rental/program).,https://www.thesportshubut.com/ | https://www.thesportshubut.com/facilityinfo,Playwright,https://thesportshubut.com,https://www.thesportshubut.com/,
STO Building Group (STOBG),https://stobuildinggroup.com/,West Jordan,UT,Racquet / Tennis Club,tennis; padel,Indoor,,,Troy,Stedman,President,,,troy@stobuildinggroup.com,troy.stedman@stobuildinggroup.com,troystedman@stobuildinggroup.com,tstedman@stobuildinggroup.com,t.stedman@stobuildinggroup.com,troys@stobuildinggroup.com,stobuildinggroup.com,Confirmed Indoor,Indoor court language found on site. UT location evidence: address. No court count stated by a reliable source; left blank. Paid access signals present (membership/rental/program). Guessed emails are UNVERIFIED pattern permutations - not published addresses.,https://stobuildinggroup.com/ | https://stobuildinggroup.com/contact-us/ | https://stobuildinggroup.com/about-us/ | https://stobuildinggroup.com/services/construction-management/ | https://stobuildinggroup.com/services/facilities-construction-services/ | https://stobuildinggroup.com/leadership/,Playwright,https://stobuildinggroup.com,https://stobuildinggroup.com/,
Summer Citizens,https://summercitizens.usu.edu/,Logan,UT,College / University,pickleball; basketball; badminton; racquetball,Indoor,6,"ion - USU - Summer Citizens Campus Recreation - USU - Summer Citizens Basketball courts · 6 Racquetball courts · 1 indoor pickleball court · Cardio machines, free-weights, and plate-loaded machines ·",,,,,,,,,,,,summercitizens.usu.edu,Confirmed Indoor,Indoor court language found on site. UT location evidence: address. No decision maker found on public pages. Paid access signals present (membership/rental/program).,https://summercitizens.usu.edu/ | https://summercitizens.usu.edu/programinfo/registration.cfm | https://summercitizens.usu.edu/programinfo/benefits.cfm | https://summercitizens.usu.edu/programinfo/faqs.cfm | https://summercitizens.usu.edu/aboutus.cfm,Playwright,https://summercitizens.usu.edu,https://summercitizens.usu.edu/,
Summit Athletic Club,https://summitathleticclub.com/,George,UT,Athletic Center,pickleball; basketball,Indoor,,,,,,,,,,,,,,summitathleticclub.com,Confirmed Indoor,Indoor court language found on site. UT location evidence: address. No decision maker found on public pages. No court count stated by a reliable source; left blank. Paid access signals present (membership/rental/program).,https://summitathleticclub.com/ | https://summitathleticclub.com/contact/,Playwright,https://summitathleticclub.com,https://summitathleticclub.com/,
Summit Volleyball,https://summitvolleyballut.com/,Utah County,UT,Health Club,volleyball,Indoor,,,,,,,,,,,,,,summitvolleyballut.com,Confirmed Indoor,Indoor court language found on site. UT location evidence: address. No decision maker found on public pages. No court count stated by a reliable source; left blank. Paid access signals present (membership/rental/program).,https://summitvolleyballut.com/,Playwright,https://summitvolleyballut.com,https://summitvolleyballut.com/,
Sunward Steel Buildings,https://sunwardsteel.com/,Farmington,UT,School,tennis; basketball,Indoor,,,,,,,info@sunwardsteel.com,,,,,,,sunwardsteel.com,Confirmed Indoor,Indoor court language found on site. UT location evidence: address. No decision maker found on public pages. No court count stated by a reliable source; left blank. Paid access signals present (membership/rental/program).,https://sunwardsteel.com/ | https://sunwardsteel.com/colorado/golden/spyderco-manufacturing-facility/ | https://sunwardsteel.com/colorado/parker/indoor-tennis-facility/ | https://sunwardsteel.com/new-hampshire/seabrook/prefabricated-steel-cold-storage-facility/ | https://sunwardsteel.com/canada/alberta/whitecourt/shop-and-commercial-office/ | https://sunwardsteel.com/canada/alberta/whitecourt/steel-shop-building-kit/ | https://sunwardsteel.com/connecticut/orange/prefabricated-metal-shop-and-shipping-facility/,Playwright,https://sunwardsteel.com,https://sunwardsteel.com/,
TeamWork Online,https://www.teamworkonline.com/,Salt Lake City,UT,Fieldhouse,tennis; basketball,Indoor,,,KRISTIN,BERNERT,Co-Owner,,info@teamworkonline.com,kristin@teamworkonline.com,kristin.bernert@teamworkonline.com,kristinbernert@teamworkonline.com,kbernert@teamworkonline.com,k.bernert@teamworkonline.com,kristinb@teamworkonline.com,teamworkonline.com,Confirmed Indoor,Indoor court language found on site. UT location evidence: address. No court count stated by a reliable source; left blank. Paid access signals present (membership/rental/program). Guessed emails are UNVERIFIED pattern permutations - not published addresses.,https://www.teamworkonline.com/ | https://www.teamworkonline.com/arenas-facilities-jobs/asm-global-jobs/asm-global-jobs/merchandise-associate-georgia-tech-2185342 | https://www.teamworkonline.com/college-jobs | https://www.teamworkonline.com/arenas-facilities-jobs | https://www.teamworkonline.com/pages/about-us,Playwright,https://teamworkonline.com,https://www.teamworkonline.com/,
The Back Nine Golf,https://thebackninegolf.com/,Ogden,UT,Unknown,tennis,Indoor,,,,,,,info@thebackninegolf.com,,,,,,,thebackninegolf.com,Confirmed Indoor,Indoor court language found on site. UT location evidence: address. No decision maker found on public pages. No court count stated by a reliable source; left blank. Paid access signals present (membership/rental/program).,https://thebackninegolf.com/ | https://thebackninegolf.com/contact | https://thebackninegolf.com/local | https://thebackninegolf.com/about | https://thebackninegolf.com/agreement,Playwright,https://thebackninegolf.com,https://thebackninegolf.com/,
"The Hive Padel Club, Salt Lake City Padel Club",https://www.thehivepadel.com/,Salt Lake City,UT,Health Club,padel,Indoor,,,,,,,,,,,,,,thehivepadel.com,Confirmed Indoor,Indoor court language found on site. UT location evidence: address. No decision maker found on public pages. No court count stated by a reliable source; left blank. Paid access signals present (membership/rental/program).,https://www.thehivepadel.com/ | https://www.thehivepadel.com/memberships | https://www.thehivepadel.com/about-thehive | https://www.thehivepadel.com/contact-us,Playwright,https://thehivepadel.com,https://www.thehivepadel.com/,
The LAB Volleyball,https://thelab.teamsnapsites.com/,,UT,College / University,volleyball,Indoor,,,Diamond,Folks,Director of Operations,,,diamond@thelab.teamsnapsites.com,diamond.folks@thelab.teamsnapsites.com,diamondfolks@thelab.teamsnapsites.com,dfolks@thelab.teamsnapsites.com,d.folks@thelab.teamsnapsites.com,diamondf@thelab.teamsnapsites.com,thelab.teamsnapsites.com,Confirmed Indoor,Indoor court language found on site. UT location evidence: mention. No court count stated by a reliable source; left blank. Paid access signals present (membership/rental/program). Third-party email removed (not on facility domain). Guessed emails are UNVERIFIED pattern permutations - not published addresses.,https://thelab.teamsnapsites.com/ | https://thelab.teamsnapsites.com/programs/ | https://thelab.teamsnapsites.com/summer-program-2026-2/ | https://thelab.teamsnapsites.com/contact-us/,Playwright,https://thelab.teamsnapsites.com,https://thelab.teamsnapsites.com/,
The Paddle Pickleball,https://www.thepaddlepickleball.com/,Hyrum,UT,Pickleball Club,pickleball,Indoor,,,,,,,,,,,,,,thepaddlepickleball.com,Confirmed Indoor,Indoor court language found on site. UT location evidence: address. No decision maker found on public pages. No court count stated by a reliable source; left blank. Paid access signals present (membership/rental/program).,https://www.thepaddlepickleball.com/ | https://www.thepaddlepickleball.com/membership/ | https://www.thepaddlepickleball.com/contact/,Playwright,https://thepaddlepickleball.com,https://www.thepaddlepickleball.com/,
The Shed Pickleball,https://www.theshedpb.com/,Ogden,UT,Pickleball Club,pickleball,Indoor,4,"ll be able to participate in open play, leagues and tournaments. You will be able to book FOUR court reservation at the rate of $25 (per court) for a 2 hour window. FEATURES ​ Reserve courts",,,,theshedpb@gmail.com,,,,,,,,theshedpb.com,Confirmed Indoor,Indoor court language found on site. UT location evidence: address. No decision maker found on public pages. Paid access signals present (membership/rental/program).,https://www.theshedpb.com/,Playwright,https://theshedpb.com,https://www.theshedpb.com/,
The Valor Hotel,https://thevalorhotel.com/,Parowan,UT,Unknown,pickleball,Indoor,,,,,,thevalorhotel@gmail.com,info@thevalorhotel.com,,,,,,,thevalorhotel.com,Confirmed Indoor,Indoor court language found on site. UT location evidence: address. No decision maker found on public pages. No court count stated by a reliable source; left blank.,https://thevalorhotel.com/ | https://thevalorhotel.com/contact/,Playwright,https://thevalorhotel.com,https://thevalorhotel.com/,
Training Zone,https://www.trainingzoneutah.com/,Herriman,UT,School,basketball,Indoor,,,,,,,,,,,,,,trainingzoneutah.com,Confirmed Indoor,Indoor court language found on site. UT location evidence: address. No decision maker found on public pages. No court count stated by a reliable source; left blank. Paid access signals present (membership/rental/program).,https://www.trainingzoneutah.com/ | https://www.trainingzoneutah.com/shot-program/,Playwright,https://trainingzoneutah.com,https://www.trainingzoneutah.com/,
Travel Sports,https://football.travelsports.com/,Highland,UT,College / University,basketball; volleyball,Indoor,,,,,,,info@travelsports.com,,,,,,,travelsports.com,Confirmed Indoor,Indoor court language found on site. UT location evidence: address. No decision maker found on public pages. No court count stated by a reliable source; left blank. Paid access signals present (membership/rental/program).,https://football.travelsports.com/ | https://football.travelsports.com/clinics/connecticut-sports-management-group-northeast-football-showcase | https://football.travelsports.com/facilities/anointed-faith-family-church | https://football.travelsports.com/facilities/club-v-south-highland | https://football.travelsports.com/facilities/davidson-college-alumni-soccer-stadium | https://football.travelsports.com/facilities/university-of-michigan-dearborn-fieldhouse | https://football.travelsports.com/facilities/canada-games-field,Playwright,https://football.travelsports.com,https://football.travelsports.com/,
Treehouse Fitness,https://www.treehousefitness.com/,Draper,UT,Athletic Center,pickleball; basketball; squash; racquetball,Indoor,4,"with a pick up game on one of our full, medium, or small basketball courts! We also have 4 courts open daily for pickleball and racquetball on a first come first serve basis. FOR THE LITT",,,,,,,,,,,,treehousefitness.com,Confirmed Indoor,Indoor court language found on site. UT location evidence: address. No decision maker found on public pages. Paid access signals present (membership/rental/program).,https://www.treehousefitness.com/ | https://www.treehousefitness.com/connect,Playwright,https://treehousefitness.com,https://www.treehousefitness.com/,
Uintah Basin Medical Clinic,https://ubh.org/,Roosevelt,UT,Unknown,pickleball,Indoor,2,"edical Center UFitness - Roosevelt, UT - Uintah Basin Medical Center At UFitness we offer 2 indoor pickleball courts that can be reserved throughout the week on our UFitness app. ... North Roosevelt, UT 840",,,,comments@ubh.org,,,,,,,,ubh.org,Confirmed Indoor,Indoor court language found on site. UT location evidence: address. No decision maker found on public pages. Paid access signals present (membership/rental/program).,https://ubh.org/ | https://ubh.org/diabetes | https://ubh.org/about-us,Playwright,https://ubh.org,https://ubh.org/,
University of Denver Athletics,https://denverpioneers.com/,,UT,College / University,tennis; basketball; volleyball,Indoor,,,Jon,Boos,General Manager,,,jon@denverpioneers.com,jon.boos@denverpioneers.com,jonboos@denverpioneers.com,jboos@denverpioneers.com,j.boos@denverpioneers.com,jonb@denverpioneers.com,denverpioneers.com,Confirmed Indoor,Indoor court language found on site. UT location evidence: mention. No court count stated by a reliable source; left blank. Paid access signals present (membership/rental/program). Guessed emails are UNVERIFIED pattern permutations - not published addresses.,https://denverpioneers.com/ | https://denverpioneers.com/sports/2018/5/24/facilities-parking-html | https://denverpioneers.com/staff-directory | https://denverpioneers.com/sports/2018/5/24/facilities-denv-facilities-html | https://denverpioneers.com/sports/2022/8/22/university-of-denver-athletics-sport-performance-psychology-services | https://denverpioneers.com/sports/2022/12/15/denver-athletics-and-title-ix | https://denverpioneers.com/news/2026/6/24/athletics-pioneers-end-2025-26-as-top-ranked-i-aaa-school-nationally-for-13th-straight-year,Playwright,https://denverpioneers.com,https://denverpioneers.com/,
Urban Air Adventure Park,https://www.urbanair.com/,NC Fort Union,UT,Unknown,basketball; volleyball,Indoor,,,Michael,Browning,CEO,,,michael@urbanair.com,michael.browning@urbanair.com,michaelbrowning@urbanair.com,mbrowning@urbanair.com,m.browning@urbanair.com,michaelb@urbanair.com,urbanair.com,Confirmed Indoor,Indoor court language found on site. UT location evidence: address. No court count stated by a reliable source; left blank. Paid access signals present (membership/rental/program). Guessed emails are UNVERIFIED pattern permutations - not published addresses.,https://www.urbanair.com/ | https://www.urbanair.com/membership/ | https://www.urbanair.com/group-events/private-park-rentals/ | https://www.urbanair.com/about-urban-air/awards/ | https://www.urbanair.com/about-urban-air/ | https://www.urbanair.com/about-urban-air/safety-and-cleaning/ | https://www.urbanair.com/contact-us/,Playwright,https://urbanair.com,https://www.urbanair.com/,
US Sports Camps,https://www.ussportscamps.com/,,UT,College / University,pickleball; tennis; basketball; volleyball,Indoor,,,,,,,,,,,,,,ussportscamps.com,Confirmed Indoor,Indoor court language found on site. UT location evidence: mention. No decision maker found on public pages. No court count stated by a reliable source; left blank. Paid access signals present (membership/rental/program).,https://www.ussportscamps.com/ | https://www.ussportscamps.com/contact,Playwright,https://ussportscamps.com,https://www.ussportscamps.com/,
Utah,https://www.utahsadventurefamily.com/,,UT,Unknown,pickleball; tennis; basketball; volleyball,Indoor,,,,,,,info@utahsadventurefamily.com,,,,,,,utahsadventurefamily.com,Confirmed Indoor,Indoor court language found on site. UT location evidence: mention. No decision maker found on public pages. No court count stated by a reliable source; left blank. Paid access signals present (membership/rental/program).,https://www.utahsadventurefamily.com/ | https://www.utahsadventurefamily.com/about-us/ | https://www.utahsadventurefamily.com/sawtooth-traxx-rentals-in-stanley-idaho/ | https://www.utahsadventurefamily.com/lowell-observatory/ | https://www.utahsadventurefamily.com/contact/,Playwright,https://utahsadventurefamily.com,https://www.utahsadventurefamily.com/,
Utah Business,https://www.utahbusiness.com/,Toquerville,UT,Unknown,pickleball; tennis; squash; padel,Indoor,,,By,Barker,Founder,,,by@utahbusiness.com,by.barker@utahbusiness.com,bybarker@utahbusiness.com,bbarker@utahbusiness.com,b.barker@utahbusiness.com,byb@utahbusiness.com,utahbusiness.com,Confirmed Indoor,Indoor court language found on site. UT location evidence: address. No court count stated by a reliable source; left blank. Paid access signals present (membership/rental/program). Guessed emails are UNVERIFIED pattern permutations - not published addresses.,https://www.utahbusiness.com/ | https://www.utahbusiness.com/press-releases/2026/08/12/sunwest-management-partners-american-momentum-bank-support-accelerated-growth/ | https://www.utahbusiness.com/thought-leadership/2026/08/06/gladys-gonzalez-suazo-business-center-silvia-castro-bennett-utah-business/ | https://www.utahbusiness.com/thought-leadership/ | https://www.utahbusiness.com/pages/about-us/ | https://www.utahbusiness.com/leadership/,Playwright,https://utahbusiness.com,https://www.utahbusiness.com/,
Utah Celtic FC,https://www.utahceltic.com/,,UT,College / University,futsal,Indoor,,,,,,,,,,,,,,utahceltic.com,Confirmed Indoor,Indoor court language found on site. UT location evidence: mention. No decision maker found on public pages. No court count stated by a reliable source; left blank. Paid access signals present (membership/rental/program).,https://www.utahceltic.com/ | https://www.utahceltic.com/about | https://www.utahceltic.com/staff | https://www.utahceltic.com/programs | https://www.utahceltic.com/contact,Playwright,https://utahceltic.com,https://www.utahceltic.com/,
Utah Club Volleyball,https://www.utahclubvolleyball.com/,,UT,College / University,volleyball,Indoor,,,,,,,,,,,,,,utahclubvolleyball.com,Confirmed Indoor,Indoor court language found on site. UT location evidence: mention. No decision maker found on public pages. No court count stated by a reliable source; left blank. Paid access signals present (membership/rental/program).,https://www.utahclubvolleyball.com/,Playwright,https://utahclubvolleyball.com,https://www.utahclubvolleyball.com/,
Utah Parent Center,https://utahparentcenter.org/,Murray,UT,School,basketball,Indoor,,,,,,,info@utahparentcenter.org,,,,,,,utahparentcenter.org,Confirmed Indoor,Indoor court language found on site. UT location evidence: address. No decision maker found on public pages. No court count stated by a reliable source; left blank. Paid access signals present (membership/rental/program).,https://utahparentcenter.org/ | https://utahparentcenter.org/contact-us/ | https://utahparentcenter.org/about/ | https://utahparentcenter.org/programs/ | https://utahparentcenter.org/program/pti/ | https://utahparentcenter.org/transition-university/ | https://utahparentcenter.org/program/system-of-care-soc/,Playwright,https://utahparentcenter.org,https://utahparentcenter.org/,
Utah Performance Institute,https://utahperforms.com/,West Haven,UT,Indoor Sports Complex,tennis; basketball; badminton,Indoor,,,,,,,info@utahperforms.com,,,,,,,utahperforms.com,Confirmed Indoor,Indoor court language found on site. UT location evidence: address. No decision maker found on public pages. No court count stated by a reliable source; left blank. Paid access signals present (membership/rental/program).,https://utahperforms.com/ | https://utahperforms.com/facility-rental/ | https://utahperforms.com/contact-utah-performance-institute/,Playwright,https://utahperforms.com,https://utahperforms.com/,
Utah System of Higher Education,https://ushe.edu/,Salt Lake City,UT,College / University,basketball; volleyball; racquetball; handball,Indoor,,,,,,,,,,,,,,ushe.edu,Confirmed Indoor,Indoor court language found on site. UT location evidence: address. No decision maker found on public pages. No court count stated by a reliable source; left blank. Paid access signals present (membership/rental/program).,https://ushe.edu/ | https://ushe.edu/state-scholarships-aid/ | https://ushe.edu/program-alignment/ | https://ushe.edu/board/about-the-board/ | https://ushe.edu/office-of-commissioner/commissioner-staff/ | https://ushe.edu/mandatory-staff-training/ | https://ushe.edu/office-of-commissioner/institutional-resources/capital-facilities/,Playwright,https://ushe.edu,https://ushe.edu/,
Utah Tech University,https://utahtech.edu/,George,UT,College / University,basketball; volleyball; badminton,Indoor,1,"volleyball, basketball, indoor soccer, badminton and much more. Costs. Basketball Courts. 1 Court.",,,,,,,,,,,,utahtech.edu,Confirmed Indoor,Indoor court language found on site. UT location evidence: address. No decision maker found on public pages. Paid access signals present (membership/rental/program).,https://utahtech.edu/ | https://utahtech.edu/contact/,Playwright,https://utahtech.edu,https://utahtech.edu/,
Utah Tech University Athletics,https://utahtechtrailblazers.com/,George,UT,College / University,basketball,Indoor,,,,,,,,,,,,,,utahtechtrailblazers.com,Confirmed Indoor,Indoor court language found on site. UT location evidence: address. No decision maker found on public pages. No court count stated by a reliable source; left blank.,https://utahtechtrailblazers.com/,Playwright,https://utahtechtrailblazers.com,https://utahtechtrailblazers.com/,
Utah Valley University Athletics,https://gouvu.com/,Orem,UT,College / University,basketball; volleyball,Indoor,,,Wolverine,Properties,General Manager,,,wolverine@gouvu.com,wolverine.properties@gouvu.com,wolverineproperties@gouvu.com,wproperties@gouvu.com,w.properties@gouvu.com,wolverinep@gouvu.com,gouvu.com,Confirmed Indoor,Indoor court language found on site. UT location evidence: address. No court count stated by a reliable source; left blank. Paid access signals present (membership/rental/program). Guessed emails are UNVERIFIED pattern permutations - not published addresses.,https://gouvu.com/ | https://gouvu.com/sports/2023/10/5/uvu-athletics-tickets.aspx | https://gouvu.com/staff-directory | https://gouvu.com/sports/2014/9/30/facilities | https://gouvu.com/documents/2026/8/7/UVUAthleticsRestaurant_HotelGuide080726.pdf | https://gouvu.com/news/2026/8/12/baseball-harmon-departs-utah-valley-staff-for-assistant-role-at-whitman-college.aspx,Playwright,https://gouvu.com,https://gouvu.com/,
utahfutsal,https://www.utahfutsal.org/,,UT,Unknown,futsal,Indoor,,,,,,,admin@utahfutsal.org,,,,,,,utahfutsal.org,Confirmed Indoor,Indoor court language found on site. UT location evidence: phone. No decision maker found on public pages. No court count stated by a reliable source; left blank. Paid access signals present (membership/rental/program).,https://www.utahfutsal.org/ | https://www.utahfutsal.org/contact,Playwright,https://utahfutsal.org,https://www.utahfutsal.org/,
UtahRealtyGroup.com,https://www.utahrealtygroup.com/,Sandy,UT,Unknown,pickleball; tennis,Indoor,,,,,,,,,,,,,,utahrealtygroup.com,Confirmed Indoor,Indoor court language found on site. UT location evidence: address. No decision maker found on public pages. No court count stated by a reliable source; left blank. Paid access signals present (membership/rental/program).,https://www.utahrealtygroup.com/ | https://www.utahrealtygroup.com/about/ | https://www.utahrealtygroup.com/contact-us/ | https://www.utahrealtygroup.com/member/contact/ | https://www.utahrealtygroup.com/site-map/,Playwright,https://utahrealtygroup.com,https://www.utahrealtygroup.com/,
Virgin Gifts,https://www.virgingifts.com/,,UT,Unknown,pickleball,Indoor,,,,,,,info@virgingifts.com,,,,,,,virgingifts.com,Confirmed Indoor,Indoor court language found on site. UT location evidence: mention. No decision maker found on public pages. No court count stated by a reliable source; left blank. Paid access signals present (membership/rental/program).,https://www.virgingifts.com/ | https://www.virgingifts.com/page/about-us | https://www.virgingifts.com/page/contact,Playwright,https://virgingifts.com,https://www.virgingifts.com/,
"Visit Heber Valley, Utah",https://www.gohebervalley.com/,Heber City,UT,Unknown,pickleball; basketball; volleyball; racquetball,Indoor,,,Dallin,Koecher,Executive Director,dallin@gohebervalley.com,info@gohebervalley.com,,,,,,,gohebervalley.com,Confirmed Indoor,Indoor court language found on site. UT location evidence: address. No court count stated by a reliable source; left blank. Paid access signals present (membership/rental/program).,https://www.gohebervalley.com/ | https://www.gohebervalley.com/Contact-Us/,Playwright,https://gohebervalley.com,https://www.gohebervalley.com/,
Wasatch Soccer Club Wasatch Soccer Club,https://wasatchsoccer.org/,Ogden,UT,Private Club,futsal,Indoor,,,,,,pat@wasatchsoccer.org,,,,,,,,wasatchsoccer.org,Confirmed Indoor,Indoor court language found on site. UT location evidence: address. No decision maker found on public pages. No court count stated by a reliable source; left blank. Paid access signals present (membership/rental/program).,https://wasatchsoccer.org/ | https://wasatchsoccer.org/club/14898 | https://wasatchsoccer.org/club/fieldsandfacilities | https://wasatchsoccer.org/club/contactus,Playwright,https://wasatchsoccer.org,https://wasatchsoccer.org/,
Water Design Inc.,https://waterdesign.com/,Salt Lake City,UT,Unknown,tennis; basketball,Indoor,,,Tom,Anderson,President,,,tom@waterdesign.com,tom.anderson@waterdesign.com,tomanderson@waterdesign.com,tanderson@waterdesign.com,t.anderson@waterdesign.com,toma@waterdesign.com,waterdesign.com,Confirmed Indoor,Indoor court language found on site. UT location evidence: address. No court count stated by a reliable source; left blank. Paid access signals present (membership/rental/program). Guessed emails are UNVERIFIED pattern permutations - not published addresses.,https://waterdesign.com/ | https://waterdesign.com/our-team | https://waterdesign.com/about-us | https://waterdesign.com/contact-us | https://waterdesign.com/educational-facilities-and-therapy-facilities,Playwright,https://waterdesign.com,https://waterdesign.com/,
Weber State University Athletics,https://weberstatesports.com/,Ogden,UT,College / University,tennis; basketball; volleyball,Indoor,6,"ic Club (Tennis) - Facilities Ogden Athletic Club (Tennis) - Facilities The club features six indoor courts, four in a primary year-round bubble, with an additional two in a separate bubble that co",Eric,Duft,President,ericduft@weber.edu,,,,,,,,weber.edu,Confirmed Indoor,Indoor court language found on site. UT location evidence: address. Paid access signals present (membership/rental/program).,https://weberstatesports.com/ | https://weberstatesports.com/sports/2007/9/20/1245127 | https://weberstatesports.com/sports/2015/12/17/210592202 | https://weberstatesports.com/facilities | https://weberstatesports.com/staff-directory | https://weberstatesports.com/documents/2017/6/29/Org_Chart_WSU_Athletics-031226.pdf | https://weberstatesports.com/sports/2021/3/24/weber-state-athletics-live-stats,Playwright,https://weberstatesports.com,https://weberstatesports.com/,
Western Sports Park,https://westernsportspark.com/,Farmington,UT,Indoor Sports Complex,basketball; volleyball,Indoor,,,,,,sales@westernsportspark.com,,,,,,,,westernsportspark.com,Confirmed Indoor,Indoor court language found on site. UT location evidence: address. No decision maker found on public pages. No court count stated by a reliable source; left blank. Paid access signals present (membership/rental/program).,https://westernsportspark.com/,Playwright,https://westernsportspark.com,https://westernsportspark.com/,
World Badminton,https://worldbadminton.com/,,UT,School,basketball; volleyball; badminton,Indoor,32,"CA - training for all ages [18APR2019] Michael's Badminton Academy - Malaysia -Puchong ( 32 courts), Taman Megah ( 16 Courts) [21AUG2011] Fernando's Badminton Academy, Junior Coaching and",,,,stan@worldbadminton.com,,,,,,,,worldbadminton.com,Confirmed Indoor,Indoor court language found on site. UT location evidence: mention. No decision maker found on public pages. Paid access signals present (membership/rental/program).,https://worldbadminton.com/,Playwright,https://worldbadminton.com,https://worldbadminton.com/,
Ace Athletics,https://aceathleticsutah.org/,Farmington,UT,Racquet / Tennis Club,tennis,Indoor and outdoor,3,"Kassia agreed to jump in full time, and Ace Athletics was born. We have since grown to a three court outdoor facility plus an additional three court indoor which opened April 2021. We love w",,,,aceathleticspayments@gmail.com,,,,,,,,aceathleticsutah.org,Indoor and Outdoor,Both indoor and outdoor court language found on site. UT location evidence: address. No decision maker found on public pages. Paid access signals present (membership/rental/program).,https://aceathleticsutah.org/ | https://aceathleticsutah.org/about/ | https://aceathleticsutah.org/services/ | https://aceathleticsutah.org/contact/,Playwright,https://aceathleticsutah.org,https://aceathleticsutah.org/,
Addison Park District,https://addisonparks.org/,,UT,School,tennis; basketball,Indoor and outdoor,,,,,,awarneke@addisonparks.org,,,,,,,,addisonparks.org,Indoor and Outdoor,Both indoor and outdoor court language found on site. UT location evidence: mention. No decision maker found on public pages. No court count stated by a reliable source; left blank. Paid access signals present (membership/rental/program).,https://addisonparks.org/ | https://addisonparks.org/parks-facility-map/ | https://addisonparks.org/links-tees-golf-facility/ | https://addisonparks.org/commemorative-tree-program/ | https://addisonparks.org/childcare-assistance-program/ | https://addisonparks.org/birthday-parties-and-rentals/ | https://addisonparks.org/program-evaluation-form/,Playwright,https://addisonparks.org,https://addisonparks.org/,
Address - Utah Masters Swimming,https://www.utahmasters.org/,Salt Lake City,UT,YMCA / JCC,tennis,Indoor and outdoor,,,,,,utahmastersswimming@gmail.com,,,,,,,,utahmasters.org,Indoor and Outdoor,Both indoor and outdoor court language found on site. UT location evidence: address. No decision maker found on public pages. No court count stated by a reliable source; left blank. Paid access signals present (membership/rental/program).,https://www.utahmasters.org/ | https://www.utahmasters.org/page.cfm | https://www.utahmasters.org/Facilities.cfm | https://www.utahmasters.org/contact_us.cfm,Playwright,https://utahmasters.org,https://www.utahmasters.org/,
Armed Forces Vacation Club,https://www.afvclub.com//,,UT,Private Club,tennis,Indoor and outdoor,3,Donatello Shell Vacations Club @ The Suites at Fisherman's Wharf Stanford Court Stanford Court - 3 Nights Stanford Court - 5 Nights The Sandman Hotel The Sandman Hotel - 3 Nights The Sandm,,,,,,,,,,,,afvclub.com,Indoor and Outdoor,Both indoor and outdoor court language found on site. UT location evidence: mention. No decision maker found on public pages. Paid access signals present (membership/rental/program).,https://www.afvclub.com// | https://www.afvclub.com/premium-membership | https://www.afvclub.com/about-us | https://www.afvclub.com/contact-us | https://www.afvclub.com/resort-directory | https://www.afvclub.com/destination-directory | https://www.afvclub.com/premium-membership/terms-and-conditions,Playwright,https://afvclub.com,https://www.afvclub.com//,
Base Directory,https://www.basedirectory.com/,,UT,School,basketball; racquetball,Indoor and outdoor,2,"ascular exercise equipment, universal equipment, saunas, steam rooms, racquetball courts, 2 basketball courts, a ...",,,,,,,,,,,,basedirectory.com,Indoor and Outdoor,Both indoor and outdoor court language found on site. UT location evidence: mention. No decision maker found on public pages. Paid access signals present (membership/rental/program).,https://www.basedirectory.com/ | https://www.basedirectory.com/eielson-afb-directory | https://www.basedirectory.com/elmendorf-afb-joint-base-elmendorf-richardson-directory | https://www.basedirectory.com/gunter-annex-maxwell-afb-directory | https://www.basedirectory.com/maxwell-afb-directory | https://www.basedirectory.com/little-rock-afb-directory,Playwright,https://basedirectory.com,https://www.basedirectory.com/,
Basin Now,https://www.basinnow.com/,Vernal,UT,Unknown,pickleball,Indoor and outdoor,,,Lisa,Evans,Owner,,,lisa@basinnow.com,lisa.evans@basinnow.com,lisaevans@basinnow.com,levans@basinnow.com,l.evans@basinnow.com,lisae@basinnow.com,basinnow.com,Indoor and Outdoor,Both indoor and outdoor court language found on site. UT location evidence: address. No court count stated by a reliable source; left blank. Paid access signals present (membership/rental/program). Guessed emails are UNVERIFIED pattern permutations - not published addresses.,https://www.basinnow.com/ | https://www.basinnow.com/meet-the-canidates/ | https://www.basinnow.com/about/ | https://www.basinnow.com/contact/,Playwright,https://basinnow.com,https://www.basinnow.com/,
Bates College,https://gobatesbobcats.com/,Logan,UT,College / University,tennis; basketball; volleyball; badminton; squash; futsal,Indoor and outdoor,4,"to the Walt Slovenski Track, a 200-meter, six-lane track that includes a throwing circle, four tennis courts, as well as Tarbell Pool, the golf team's ""sim"" room and recently renovated sports medici",,,,,,,,,,,,gobatesbobcats.com,Indoor and Outdoor,Both indoor and outdoor court language found on site. UT location evidence: address. No decision maker found on public pages. Paid access signals present (membership/rental/program).,https://gobatesbobcats.com/ | https://gobatesbobcats.com/staff-directory | https://gobatesbobcats.com/sports/2020/6/4/faculty-liaisons-program.aspx | https://gobatesbobcats.com/sports/2020/8/18/rec-program-overview.aspx | https://gobatesbobcats.com/news/2021/12/13/general-bates-athletics-unveils-new-mobile-app.aspx | https://gobatesbobcats.com/facilities | https://gobatesbobcats.com/podcasts/bates-bobcast-episode-415-rising-to-the-challenge-in-2026/428,Playwright,https://gobatesbobcats.com,https://gobatesbobcats.com/,
Bee Ready Event and Party Rentals,https://beereadyrentals.com/,Salt Lake City,UT,School,basketball,Indoor and outdoor,,,,,,,contact@beereadyrentals.com,,,,,,,beereadyrentals.com,Indoor and Outdoor,Both indoor and outdoor court language found on site. UT location evidence: address. No decision maker found on public pages. No court count stated by a reliable source; left blank. Paid access signals present (membership/rental/program).,https://beereadyrentals.com/ | https://beereadyrentals.com/event-rental-catalog/ | https://beereadyrentals.com/contact-us/ | https://beereadyrentals.com/party-rental-bundles/ | https://beereadyrentals.com/high-peak-tent-rentals/ | https://beereadyrentals.com/pop-up-tent-rentals/ | https://beereadyrentals.com/chair-rentals/,Playwright,https://beereadyrentals.com,https://beereadyrentals.com/,
Best Family Vacation Destination,https://www.utahvalley.com/,Provo,UT,Country Club,pickleball; tennis; basketball; volleyball; badminton; padel,Indoor and outdoor,27,"Privacy Policy Sitemap Terms & Conditions © 2026 Utah Valley CVB. All Rights Reserved All 27 Pickleball Courts in Provo & Utah County Padel Den | Orem, UT - Explore Utah Valley Padel Den | Orem, UT -",Lee,Adamson,Executive Director,lee@utahvalley.com,,,,,,,,utahvalley.com,Indoor and Outdoor,Both indoor and outdoor court language found on site. UT location evidence: address. Paid access signals present (membership/rental/program).,https://www.utahvalley.com/ | https://www.utahvalley.com/contact/ | https://www.utahvalley.com/meetings/our-team/,Playwright,https://utahvalley.com,https://www.utahvalley.com/,
Best Pickleball Facilities,https://bestpickleballfacilities.com/,South Jordan,UT,Pickleball Club,pickleball,Indoor and outdoor,18,"courts have made a huge difference in the body, less pain on my joints and in my feet!!! 18 courts!!!!! no waiting The staff is super f… Stephen G. Defined Pickleball Leave a Review Pickle",,,,,,,,,,,,bestpickleballfacilities.com,Indoor and Outdoor,Both indoor and outdoor court language found on site. UT location evidence: address. No decision maker found on public pages. Paid access signals present (membership/rental/program).,https://bestpickleballfacilities.com/ | https://bestpickleballfacilities.com/pricing-plan/ | https://bestpickleballfacilities.com/facilities/ | https://bestpickleballfacilities.com/pickleball-facilities-by-state/ | https://bestpickleballfacilities.com/facilities/category/coming-soon/ | https://bestpickleballfacilities.com/traveling-to-pickleball-facilities/ | https://bestpickleballfacilities.com/about/,Playwright,https://bestpickleballfacilities.com,https://bestpickleballfacilities.com/,
Big Sky Conference,https://bigskyconf.com/,Farmington,UT,College / University,tennis; basketball; volleyball,Indoor and outdoor,,,,,,,,,,,,,,bigskyconf.com,Indoor and Outdoor,Both indoor and outdoor court language found on site. UT location evidence: address. No decision maker found on public pages. No court count stated by a reliable source; left blank. Paid access signals present (membership/rental/program).,https://bigskyconf.com/ | https://bigskyconf.com/staff-directory,Playwright,https://bigskyconf.com,https://bigskyconf.com/,
Boys & Girls Clubs of Greater Salt Lake,https://www.gslclubs.org//#googtrans(en|en),Murray,UT,School,basketball,Indoor and outdoor,,,Maren,Miller,Club Director,miller@gslclubs.org,info@gslclubs.org,,,,,,,gslclubs.org,Indoor and Outdoor,Both indoor and outdoor court language found on site. UT location evidence: address. No court count stated by a reliable source; left blank. Paid access signals present (membership/rental/program).,https://www.gslclubs.org//#googtrans(en|en) | https://www.gslclubs.org/contact-us#googtrans(en|en) | https://www.gslclubs.org/our-programs;jsessionid=tbY4cmNlfwVKnnQJreFyKqShY8ny4uNXrAf0QUMJ#googtrans(en|en) | https://www.gslclubs.org/good-character;jsessionid=tbY4cmNlfwVKnnQJreFyKqShY8ny4uNXrAf0QUMJ#googtrans(en|en) | https://www.gslclubs.org/sports;jsessionid=tbY4cmNlfwVKnnQJreFyKqShY8ny4uNXrAf0QUMJ#googtrans(en|en) | https://www.gslclubs.org/about-us;jsessionid=tbY4cmNlfwVKnnQJreFyKqShY8ny4uNXrAf0QUMJ#googtrans(en|en) | https://www.gslclubs.org/key-staff;jsessionid=tbY4cmNlfwVKnnQJreFyKqShY8ny4uNXrAf0QUMJ#googtrans(en|en),Playwright,https://gslclubs.org,https://www.gslclubs.org//#googtrans(en|en),
BYU Athletics - Official Athletics Website - BYU Cougars,https://byucougars.com/,Provo,UT,Private Club,tennis; basketball; volleyball,Indoor and outdoor,,,Dave,George,General Manager,,,dave@byucougars.com,dave.george@byucougars.com,davegeorge@byucougars.com,dgeorge@byucougars.com,d.george@byucougars.com,daveg@byucougars.com,byucougars.com,Indoor and Outdoor,Both indoor and outdoor court language found on site. UT location evidence: address. No court count stated by a reliable source; left blank. Paid access signals present (membership/rental/program). Guessed emails are UNVERIFIED pattern permutations - not published addresses.,https://byucougars.com/ | https://byucougars.com/about | https://byucougars.com/staff-directory | https://byucougars.com/byu-and-nil | https://byucougars.com/athletic-facilities,Playwright,https://byucougars.com,https://byucougars.com/,
Cache Valley Tennis Association,https://www.cachevalleytennis.org/,Logan,UT,Racquet / Tennis Club,tennis,Indoor and outdoor,,,,,,,,,,,,,,cachevalleytennis.org,Indoor and Outdoor,Both indoor and outdoor court language found on site. UT location evidence: address. No decision maker found on public pages. No court count stated by a reliable source; left blank.,https://www.cachevalleytennis.org/ | https://www.cachevalleytennis.org/courts,Playwright,https://cachevalleytennis.org,https://www.cachevalleytennis.org/,
Campus Recreation Services,https://campusrec.utah.edu/,Slc,UT,College / University,pickleball; basketball; volleyball; badminton; racquetball; futsal,Indoor and outdoor,1,"of the Lassonde Studios, the Lassonde Sports Courts feature 4 sand volleyball courts and 1 basketball court, all open for free play according to the guidelines below. Basketball and volleyball nets",,,,,,,,,,,,campusrec.utah.edu,Indoor and Outdoor,Both indoor and outdoor court language found on site. UT location evidence: address. No decision maker found on public pages. Paid access signals present (membership/rental/program).,https://campusrec.utah.edu/ | https://campusrec.utah.edu/about/facilities/index.php | https://campusrec.utah.edu/contact-us/facility-rental/index.php | https://campusrec.utah.edu/about/hours/index.php | https://campusrec.utah.edu/about/policies/index.php | https://campusrec.utah.edu/membership-services/index.php,Playwright,https://campusrec.utah.edu,https://campusrec.utah.edu/,
Colorado Mesa University Athletics,https://cmumavericks.com/,,UT,College / University,tennis; basketball; volleyball,Indoor and outdoor,,,Ticket,Sales,Athletic Director,,,ticket@cmumavericks.com,ticket.sales@cmumavericks.com,ticketsales@cmumavericks.com,tsales@cmumavericks.com,t.sales@cmumavericks.com,tickets@cmumavericks.com,cmumavericks.com,Indoor and Outdoor,Both indoor and outdoor court language found on site. UT location evidence: mention. No court count stated by a reliable source; left blank. Paid access signals present (membership/rental/program). Guessed emails are UNVERIFIED pattern permutations - not published addresses.,https://cmumavericks.com/ | https://cmumavericks.com/sports/2010/3/16/Facilities.aspx | https://cmumavericks.com/staff-directory | https://cmumavericks.com/news/2026/8/3/mens-golf-wagstaff-repeats-as-cobalt-golf-all-america-scholar.aspx,Playwright,https://cmumavericks.com,https://cmumavericks.com/,
Cottonwood Country Club,https://cottonwoodcc.org/,Holladay,UT,Country Club,pickleball; tennis,Indoor and outdoor,7,ls of play. Our tennis amenities include: Full-time teaching professionals 11 hard courts 7 courts lit for evening play 6 courts bubbled for winter play COTTONWOOD COUNTRY CLUB 1780 E Lake,TJ,Bogle,General Manager,tj@cottonwoodcc.org,,,,,,,,cottonwoodcc.org,Indoor and Outdoor,Both indoor and outdoor court language found on site. UT location evidence: address. Paid access signals present (membership/rental/program).,https://cottonwoodcc.org/ | https://cottonwoodcc.org/membership | https://cottonwoodcc.org/staff-directory | https://cottonwoodcc.org/membership-inquires | https://cottonwoodcc.org/junior-programs | https://cottonwoodcc.org/court-information | https://cottonwoodcc.org/dining-facilities,Playwright,https://cottonwoodcc.org,https://cottonwoodcc.org/,
Courts Unlimited,https://courtsunlimitedut.com/,Riverton,UT,Pickleball Club,pickleball; tennis; basketball; volleyball,Indoor and outdoor,4,ood landscaper. Vicki L. 6 years ago They converted our heavily cracked tennis court into four Pickleball courts. They did a great job and we are pleased with the results. C C. 6 years ago Great value a,,,,,info@courtsunlimitedut.com,,,,,,,courtsunlimitedut.com,Indoor and Outdoor,Both indoor and outdoor court language found on site. UT location evidence: address. No decision maker found on public pages. Paid access signals present (membership/rental/program).,https://courtsunlimitedut.com/ | https://courtsunlimitedut.com/about-us/ | https://courtsunlimitedut.com/courts/ | https://courtsunlimitedut.com/courts/multi-sport/ | https://courtsunlimitedut.com/courts/commercial-tennis-courts/ | https://courtsunlimitedut.com/courts/commercial-pickleball-courts/ | https://courtsunlimitedut.com/courts/commercial-basketball-courts/,Playwright,https://courtsunlimitedut.com,https://courtsunlimitedut.com/,
CourtVibe,https://www.getcourtvibe.com/,Salt Lake City,UT,Pickleball Club,pickleball; tennis,Indoor and outdoor,,,,,,,,,,,,,,getcourtvibe.com,Indoor and Outdoor,Both indoor and outdoor court language found on site. UT location evidence: address. No decision maker found on public pages. No court count stated by a reliable source; left blank. Paid access signals present (membership/rental/program).,https://www.getcourtvibe.com/ | https://www.getcourtvibe.com/about | https://www.getcourtvibe.com/contact,Playwright,https://getcourtvibe.com,https://www.getcourtvibe.com/,
Daisy Dink,https://daisydink.com/,Salt Lake City,UT,Indoor Sports Complex,pickleball; tennis; basketball,Indoor and outdoor,12,"→ ★ 4.6 Outdoor 11th Avenue Park Salt Lake City, UT · 1 ct · Public Details → ★ 5 Outdoor 12 Pickleball Courts Columbus, OH · 1 ct · Public Details → ★ 4.6 Indoor 125 LIVE Rochester, MN · 1 ct · Semi-",,,,,support@daisydink.com,,,,,,,daisydink.com,Indoor and Outdoor,Both indoor and outdoor court language found on site. UT location evidence: address. No decision maker found on public pages. Paid access signals present (membership/rental/program).,https://daisydink.com/ | https://daisydink.com/courts | https://daisydink.com/about-us | https://daisydink.com/contactus | https://daisydink.com/beta-testers | https://daisydink.com/contact,Playwright,https://daisydink.com,https://daisydink.com/,
Discover Davis,https://discoverdavis.com/,Farmington,UT,Unknown,basketball; volleyball; racquetball; padel,Indoor and outdoor,,,,,,,,,,,,,,discoverdavis.com,Indoor and Outdoor,Both indoor and outdoor court language found on site. UT location evidence: address. No decision maker found on public pages. No court count stated by a reliable source; left blank.,https://discoverdavis.com/,Playwright,https://discoverdavis.com,https://discoverdavis.com/,
Elevation Volleyball,https://www.elevationvolleyball.com/,,UT,College / University,volleyball,Indoor and outdoor,6,"volleyball facility located in Mason, Ohio, just north of Cincinnati. The complex houses 6 indoor courts with Sport Court flooring, a retail volleyball store, concession area, viewing windows, l",,,,,info@elevationvolleyball.com,,,,,,,elevationvolleyball.com,Indoor and Outdoor,Both indoor and outdoor court language found on site. UT location evidence: mention. No decision maker found on public pages. Paid access signals present (membership/rental/program).,https://www.elevationvolleyball.com/ | https://www.elevationvolleyball.com/page/show/1381498-elevation-staff | https://www.elevationvolleyball.com/page/show/2575265-contact | https://www.elevationvolleyball.com/page/show/2575246-sports-express-volleyball-center,Playwright,https://elevationvolleyball.com,https://www.elevationvolleyball.com/,
FFKR Architects,https://www.ffkr.com/,Salt Lake City,UT,School,pickleball; basketball; volleyball,Indoor and outdoor,4,.673.7362 WORK TEAM IDEAS CAREERS CONTACT US PORTAL © 2018 FFKR Architects Hurricane City Four Court Recreation Facility - FFKR Architects Sevier Valley Center - FFKR Architects A 38000 SF f,,,,,,,,,,,,ffkr.com,Indoor and Outdoor,Both indoor and outdoor court language found on site. UT location evidence: address. No decision maker found on public pages. Paid access signals present (membership/rental/program).,https://www.ffkr.com/ | https://www.ffkr.com/work/marriott-dual-brand-courtyard-and-residence-inn-sandy-city-monterey-california/ | https://www.ffkr.com/contact-us/,Playwright,https://ffkr.com,https://www.ffkr.com/,
Find Padel Courts Near Me,https://www.padelmapusa.com/,,UT,Private Club,pickleball; tennis; badminton; squash; padel,Indoor and outdoor,142,"Find Courts About Padel Blog Learn List Your Court Home / Courts All Padel Courts Browse 142 padel courts across the United States P1 Padel Las Vegas Las Vegas, Nevada 5.0 (165) PadelScout Score:",,,,,info@padelmapusa.com,,,,,,,padelmapusa.com,Indoor and Outdoor,Both indoor and outdoor court language found on site. UT location evidence: mention. No decision maker found on public pages. Paid access signals present (membership/rental/program).,https://www.padelmapusa.com/ | https://www.padelmapusa.com/courts | https://www.padelmapusa.com/about-padel-sport | https://www.padelmapusa.com/list-your-court | https://www.padelmapusa.com/courts/pulse-padel-hub-north-miami | https://www.padelmapusa.com/city/miami-fl | https://www.padelmapusa.com/courts/cube-padel-houston,Playwright,https://padelmapusa.com,https://www.padelmapusa.com/,
Food City,https://www.foodcity.com/,,UT,Unknown,squash,Indoor and outdoor,,,,,,,,,,,,,,foodcity.com,Indoor and Outdoor,Both indoor and outdoor court language found on site. UT location evidence: mention. No decision maker found on public pages. No court count stated by a reliable source; left blank. Paid access signals present (membership/rental/program).,https://www.foodcity.com/ | https://www.foodcity.com/savings-rewards/valucard | https://www.foodcity.com/content/aboutus | https://www.foodcity.com/contactus,Playwright,https://foodcity.com,https://www.foodcity.com/,
Futuro Futsal Academy,https://www.futurofutsalacademy.com/,Lehi,UT,School,futsal,Indoor and outdoor,,,,,,futurofutsalacademy@gmail.com,,,,,,,,futurofutsalacademy.com,Indoor and Outdoor,Both indoor and outdoor court language found on site. UT location evidence: address. No decision maker found on public pages. No court count stated by a reliable source; left blank. Paid access signals present (membership/rental/program).,https://www.futurofutsalacademy.com/ | https://www.futurofutsalacademy.com/memberships | https://www.futurofutsalacademy.com/referral-program,Playwright,https://futurofutsalacademy.com,https://www.futurofutsalacademy.com/,
Gateway to the Extraordinary,https://www.golfentrada.com/,George,UT,Country Club,pickleball; tennis; basketball; volleyball,Indoor and outdoor,,,,,,entradasnowcanyonut@gmail.com,,,,,,,,golfentrada.com,Indoor and Outdoor,Both indoor and outdoor court language found on site. UT location evidence: address. No decision maker found on public pages. No court count stated by a reliable source; left blank. Paid access signals present (membership/rental/program).,https://www.golfentrada.com/ | https://www.golfentrada.com/about | https://www.golfentrada.com/membership,Playwright,https://golfentrada.com,https://www.golfentrada.com/,
Get Healthy Utah!,https://gethealthyutah.org/,Plus,UT,School,pickleball; tennis; basketball; volleyball; futsal,Indoor and outdoor,,,Shift,SLC,Founder,,info@gethealthyutah.org,shift@gethealthyutah.org,shift.slc@gethealthyutah.org,shiftslc@gethealthyutah.org,sslc@gethealthyutah.org,s.slc@gethealthyutah.org,shifts@gethealthyutah.org,gethealthyutah.org,Indoor and Outdoor,Both indoor and outdoor court language found on site. UT location evidence: address. No court count stated by a reliable source; left blank. Paid access signals present (membership/rental/program). Guessed emails are UNVERIFIED pattern permutations - not published addresses.,https://gethealthyutah.org/ | https://gethealthyutah.org/contact | https://gethealthyutah.org/about/mission-and-history | https://gethealthyutah.org/about/board-of-directors-and-staff | https://gethealthyutah.org/about/advisory-council | https://gethealthyutah.org/about/partners | https://gethealthyutah.org/news/blog/active-living-events,Playwright,https://gethealthyutah.org,https://gethealthyutah.org/,
GL Pro Soccer,https://glprosoccer.com/,Salt Lake City,UT,School,futsal,Indoor and outdoor,,,,,,,info@glsoccerpro.com,,,,,,,glsoccerpro.com,Indoor and Outdoor,Both indoor and outdoor court language found on site. UT location evidence: address. No decision maker found on public pages. No court count stated by a reliable source; left blank. Paid access signals present (membership/rental/program).,https://glprosoccer.com/ | https://glprosoccer.com/contact | https://glprosoccer.com/coaches-2,Playwright,https://glprosoccer.com,https://glprosoccer.com/,
Go Camping America,https://gocampingamerica.com/,Moab,UT,Unknown,pickleball; tennis; basketball; volleyball,Indoor and outdoor,,,,,,,,,,,,,,gocampingamerica.com,Indoor and Outdoor,Both indoor and outdoor court language found on site. UT location evidence: address. No decision maker found on public pages. No court count stated by a reliable source; left blank. Paid access signals present (membership/rental/program).,https://gocampingamerica.com/ | https://gocampingamerica.com/lodging | https://gocampingamerica.com/glamping | https://ohi.org/gocampingamerica/,Playwright,https://gocampingamerica.com,https://gocampingamerica.com/,
Great Basin Pickleball,https://greatbasinpickleball.llc/,West Jordan,UT,Pickleball Club,pickleball; tennis; basketball; volleyball,Indoor and outdoor,,,,,,,,,,,,,,greatbasinpickleball.llc,Indoor and Outdoor,Both indoor and outdoor court language found on site. UT location evidence: address. No decision maker found on public pages. No court count stated by a reliable source; left blank. Paid access signals present (membership/rental/program).,https://greatbasinpickleball.llc/,Playwright,https://greatbasinpickleball.llc,https://greatbasinpickleball.llc/,
Greater Zion,https://greaterzion.com/,George,UT,Unknown,pickleball; basketball; volleyball,Indoor and outdoor,,,,,,,info@greaterzion.com,,,,,,,greaterzion.com,Indoor and Outdoor,Both indoor and outdoor court language found on site. UT location evidence: address. No decision maker found on public pages. No court count stated by a reliable source; left blank. Paid access signals present (membership/rental/program).,https://greaterzion.com/ | https://greaterzion.com/about-greater-zion/ | https://greaterzion.com/accommodations/ | https://greaterzion.com/contact-us/,Playwright,https://greaterzion.com,https://greaterzion.com/,
HAQ Pickle Pickleball,https://haqpickle.com/,,UT,Pickleball Club,pickleball; basketball,Indoor and outdoor,17,1 ★★★★★ Rated 4.4 out of 5 (10908) Website View Court Find courts in your state Alabama | 17 courts Alaska | 4 courts Arizona | 255 courts California | 1108 courts Colorado | 131 courts Con,,,,,,,,,,,,haqpickle.com,Indoor and Outdoor,Both indoor and outdoor court language found on site. UT location evidence: mention. No decision maker found on public pages. Paid access signals present (membership/rental/program).,https://haqpickle.com/ | https://haqpickle.com/contact-us/ | https://haqpickle.com/courts/,Playwright,https://haqpickle.com,https://haqpickle.com/,
Hastings College Athletics,https://hastingsbroncos.com/landing/index,,UT,College / University,tennis; basketball; volleyball,Indoor and outdoor,,,,,,,,,,,,,,hastingsbroncos.com,Indoor and Outdoor,Both indoor and outdoor court language found on site. UT location evidence: mention. No decision maker found on public pages. No court count stated by a reliable source; left blank. Paid access signals present (membership/rental/program).,https://hastingsbroncos.com/landing/index | https://hastingsbroncos.com/inside_athletics/Athletic_Facilities | https://hastingsbroncos.com/inside_athletics/Champions_of_Character | https://hastingsbroncos.com/inside_athletics/Homecoming_Golf_Tournament | https://hastingsbroncos.com/inside_athletics/Sports_Management_Internship_Program | https://hastingsbroncos.com/information/directory/index,Playwright,https://hastingsbroncos.com,https://hastingsbroncos.com/landing/index,
heraldextra.com,https://www.standard.net/,Ogden,UT,School,pickleball; volleyball,Indoor and outdoor,9,"024 ... ... court rates (full and partial building rentals also are available), providing nine courts of varying sizes and operating 24/7. “You can go ... Apr 3, 2025 ... On Tuesday, the Ogde",Craig,Conover,Manager,cconover@heraldextra.com,,,,,,,,heraldextra.com,Indoor and Outdoor,Both indoor and outdoor court language found on site. UT location evidence: address. Paid access signals present (membership/rental/program).,https://www.standard.net/ | https://www.standard.net/police-fire/courts/ | https://www.standard.net/contact-us | https://www.standard.net/top-headlines/2026/aug/06/trump-administration-moves-forward-with-head-start-overhaul-proposing-to-eliminate-regulations,Playwright,https://standard.net,https://www.standard.net/,
High Country Volleyball,https://highcountryvolleyball.sportngin.com/,Kearns,UT,College / University,volleyball,Indoor and outdoor,,,,,,,admin@highcountryvolleyball.org,,,,,,,highcountryvolleyball.org,Indoor and Outdoor,Both indoor and outdoor court language found on site. UT location evidence: address. No decision maker found on public pages. No court count stated by a reliable source; left blank. Paid access signals present (membership/rental/program).,https://highcountryvolleyball.sportngin.com/ | https://highcountryvolleyball.sportngin.com/summerprograms | https://highcountryvolleyball.sportngin.com/developmentprograms | https://highcountryvolleyball.sportngin.com/trainingprograms | https://highcountryvolleyball.sportngin.com/about-us | https://highcountryvolleyball.sportngin.com/contact-us,Playwright,https://highcountryvolleyball.sportngin.com,https://highcountryvolleyball.sportngin.com/,
Hipcamp,https://www.hipcamp.com/en-US,Moab,UT,Unknown,pickleball; basketball; volleyball,Indoor and outdoor,2,"RV Camping Near Ferron, UT, US: 20 Best RV Parks 2026 | Hipcamp Shoot hoops at one of our two basketball courts, or enjoy a round of horseshoes in the outdoor game area. ... Santaquin cabin rentals. To",Rand,Wentworth,President,,hello@hipcamp.com,rand@hipcamp.com,rand.wentworth@hipcamp.com,randwentworth@hipcamp.com,rwentworth@hipcamp.com,r.wentworth@hipcamp.com,randw@hipcamp.com,hipcamp.com,Indoor and Outdoor,Both indoor and outdoor court language found on site. UT location evidence: address. Paid access signals present (membership/rental/program). Guessed emails are UNVERIFIED pattern permutations - not published addresses.,https://www.hipcamp.com/en-US | https://www.hipcamp.com/en-US/cabin-rentals-near-me | https://www.hipcamp.com/en-US/p/united-states/california/national-forest/lake-tahoe-basin/all | https://www.hipcamp.com/en-US/p/united-states/utah/bureau-of-land-management/moab-field-office/all | https://www.hipcamp.com/en-US/d/united-states/arizona/flagstaff/camping/all | https://www.hipcamp.com/en-US/about,Playwright,https://hipcamp.com,https://www.hipcamp.com/en-US,
Home of the Badgers,https://snow.edu/,Ephraim,UT,College / University,basketball; volleyball; racquetball,Indoor and outdoor,,,Karen,Johnson,Athletic Director,,,karen@snow.edu,karen.johnson@snow.edu,karenjohnson@snow.edu,kjohnson@snow.edu,k.johnson@snow.edu,karenj@snow.edu,snow.edu,Indoor and Outdoor,Both indoor and outdoor court language found on site. UT location evidence: address. No court count stated by a reliable source; left blank. Paid access signals present (membership/rental/program). Guessed emails are UNVERIFIED pattern permutations - not published addresses.,https://snow.edu/ | https://snow.edu/faculty-staff/index.html | https://snow.edu/general/historic-timeline.html | https://snow.edu/athletics/ | https://snow.edu/offices/index.html | https://snow.edu/academics/programs/index.html | https://snow.edu/faculty-staff/,Playwright,https://snow.edu,https://snow.edu/,
Human Performance Center,https://hpc.utahtech.edu/,George,UT,College / University,pickleball; basketball; volleyball; futsal,Indoor and outdoor,4,"RE INFORMATION Rooftop Outdoor Courts The rooftop features two outdoor basketball courts, four pickleball courts, and an outdoor track. The outdoor track is available for you to enjoy during your run or",,,,,,,,,,,,hpc.utahtech.edu,Indoor and Outdoor,Both indoor and outdoor court language found on site. UT location evidence: address. No decision maker found on public pages. Paid access signals present (membership/rental/program).,https://hpc.utahtech.edu/ | https://hpc.utahtech.edu/indoor-basketball-courts/ | https://hpc.utahtech.edu/mac-court/ | https://hpc.utahtech.edu/our-team/,Playwright,https://hpc.utahtech.edu,https://hpc.utahtech.edu/,
IJ & Jeanné Wagner Jewish Community Center,https://www.slcjcc.org/,Salt Lake City,UT,YMCA / JCC,basketball,Indoor and outdoor,,,,,,,info@slcjcc.org,,,,,,,slcjcc.org,Indoor and Outdoor,Both indoor and outdoor court language found on site. UT location evidence: address. No decision maker found on public pages. No court count stated by a reliable source; left blank. Paid access signals present (membership/rental/program).,https://www.slcjcc.org/ | https://www.slcjcc.org/pages/fitness | https://www.slcjcc.org/pages/rentals | https://www.slcjcc.org/pages/aquatics | https://www.slcjcc.org/pages/events | https://www.slcjcc.org/pages/ecc | https://www.slcjcc.org/pages/about-us,Playwright,https://slcjcc.org,https://www.slcjcc.org/,
Jewish Community of Louisville,https://jewishlouisville.org/,,UT,YMCA / JCC,pickleball; basketball,Indoor and outdoor,,,,,,,info@jewishlouisville.org,,,,,,,jewishlouisville.org,Indoor and Outdoor,Both indoor and outdoor court language found on site. UT location evidence: mention. No decision maker found on public pages. No court count stated by a reliable source; left blank. Paid access signals present (membership/rental/program).,https://jewishlouisville.org/ | https://jewishlouisville.org/contact-us/ | https://jewishlouisville.org/join/,Playwright,https://jewishlouisville.org,https://jewishlouisville.org/,
Kellsey Pickleball,https://kellseypickleballclub.com/,Heber City,UT,Pickleball Club,pickleball,Indoor and outdoor,1,gues Tournaments Clinics & Events BENEFITS Reserve courts up to 5 days in advance Reserve 1 court per day Pickleball Court Reservation Cost – $28 /hour Cancellation Policy- 48 hours Event,,,,,info@kellseypickleball.com,,,,,,,kellseypickleball.com,Indoor and Outdoor,Both indoor and outdoor court language found on site. UT location evidence: address. No decision maker found on public pages. Paid access signals present (membership/rental/program).,https://kellseypickleballclub.com/ | https://kellseypickleballclub.com/about | https://kellseypickleballclub.com/memberships,Playwright,https://kellseypickleballclub.com,https://kellseypickleballclub.com/,
Lava Heights Academy,https://lavaheightsacademy.com/,Toquerville,UT,School,basketball; volleyball,Indoor and outdoor,,,Jarrett,Shoemaker,Program Director,,,jarrett@lavaheightsacademy.com,jarrett.shoemaker@lavaheightsacademy.com,jarrettshoemaker@lavaheightsacademy.com,jshoemaker@lavaheightsacademy.com,j.shoemaker@lavaheightsacademy.com,jarretts@lavaheightsacademy.com,lavaheightsacademy.com,Indoor and Outdoor,Both indoor and outdoor court language found on site. UT location evidence: address. No court count stated by a reliable source; left blank. Paid access signals present (membership/rental/program). Guessed emails are UNVERIFIED pattern permutations - not published addresses.,https://lavaheightsacademy.com/ | https://lavaheightsacademy.com/about-lava-heights-academy/ | https://lavaheightsacademy.com/about-lava-heights-academy/lava-heights-academy-team/ | https://lavaheightsacademy.com/about-lava-heights-academy/lava-heights-campus/ | https://lavaheightsacademy.com/about-lava-heights-academy/lava-heights-campus/testimonials/ | https://lavaheightsacademy.com/residential-treatment-center-program-ut/ | https://lavaheightsacademy.com/residential-treatment-center-program-ut/art-therapy-program/,Playwright,https://lavaheightsacademy.com,https://lavaheightsacademy.com/,
Layton Construction 2025,https://www.laytonconstruction.com/,Salt Lake City,UT,Unknown,basketball; volleyball,Indoor and outdoor,,,,,,,,,,,,,,laytonconstruction.com,Indoor and Outdoor,Both indoor and outdoor court language found on site. UT location evidence: address. No decision maker found on public pages. No court count stated by a reliable source; left blank. Paid access signals present (membership/rental/program).,https://www.laytonconstruction.com/ | https://www.laytonconstruction.com/about-us/ | https://www.laytonconstruction.com/in-house-services/construction-management/ | https://www.laytonconstruction.com/in-house-services/project-management/ | https://www.laytonconstruction.com/internships/ | https://www.laytonconstruction.com/contact/,Playwright,https://laytonconstruction.com,https://www.laytonconstruction.com/,
Liberty Park Tennis Center,https://libertypark.libertytennis.com/,Salt Lake City,UT,Racquet / Tennis Club,tennis,Indoor and outdoor,4,"ers, full-service pro shop, sixteen outdoor lighted courts, and an indoor bubble covering four courts. Programs Clinic Adult Saturday AM 1.5-2.0 Liberty Park Tennis Center M T W T F S S View",,,,,,,,,,,,libertypark.libertytennis.com,Indoor and Outdoor,Both indoor and outdoor court language found on site. UT location evidence: address. No decision maker found on public pages. Paid access signals present (membership/rental/program).,https://libertypark.libertytennis.com/ | https://libertypark.libertytennis.com/programs?category=&search=&view=grid,Playwright,https://libertypark.libertytennis.com,https://libertypark.libertytennis.com/,
"Lifetime Products, Inc.",https://www.lifetime.com/,Riverdale,UT,Unknown,basketball,Indoor and outdoor,,,,,,,,,,,,,,lifetime.com,Indoor and Outdoor,Both indoor and outdoor court language found on site. UT location evidence: address. No decision maker found on public pages. No court count stated by a reliable source; left blank.,https://www.lifetime.com/ | https://www.lifetime.com/company/about,Playwright,https://lifetime.com,https://www.lifetime.com/,
Link Inclusive Training,https://linkinclusive.com/,Pleasant View,UT,Unknown,basketball,Indoor and outdoor,,,,,,linkathletics@gmail.com,,,,,,,,linkinclusive.com,Indoor and Outdoor,Both indoor and outdoor court language found on site. UT location evidence: address. No decision maker found on public pages. No court count stated by a reliable source; left blank. Paid access signals present (membership/rental/program).,https://linkinclusive.com/,Playwright,https://linkinclusive.com,https://linkinclusive.com/,
Local Pickleball Courts,https://www.localpickleballcourts.com/,,UT,Pickleball Club,pickleball,Indoor and outdoor,2,"ork, Utah. 16 courts with Hard surface. Featuring free public, hard courts. Vernal offers 2 pickleball courts ranging from public parks to private facilities. You'll find both indoor and outdoor opti",,,,,,,,,,,,localpickleballcourts.com,Indoor and Outdoor,Both indoor and outdoor court language found on site. UT location evidence: mention. No decision maker found on public pages. Paid access signals present (membership/rental/program).,https://www.localpickleballcourts.com/ | https://www.localpickleballcourts.com/states | https://www.localpickleballcourts.com/find-courts | https://www.localpickleballcourts.com/about | https://www.localpickleballcourts.com/florida/naples/east-naples-community-park | https://www.localpickleballcourts.com/arizona/casa-grande/palm-creek-golf-rv,Playwright,https://localpickleballcourts.com,https://www.localpickleballcourts.com/,
Luxury Villa Rentals and Vacation Homes,https://www.thetopvillas.com/en_us,Park City,UT,Unknown,pickleball; tennis; basketball,Indoor and outdoor,,,,,,,info@thetopvillas.com,,,,,,,thetopvillas.com,Indoor and Outdoor,Both indoor and outdoor court language found on site. UT location evidence: address. No decision maker found on public pages. No court count stated by a reliable source; left blank. Paid access signals present (membership/rental/program).,https://www.thetopvillas.com/en_us | https://www.thetopvillas.com/collections/villas-with-basketball-courts | https://www.thetopvillas.com/collections/vacation-rentals-with-hot-tub | https://www.thetopvillas.com/collections/vacation-rentals-with-home-theaters | https://www.thetopvillas.com/concierge/rental-equipment | https://www.thetopvillas.com/concierge/golf-cart-rental | https://www.flexibleautos.com/whitelabel/?deeplink=5D148CBE,Playwright,https://thetopvillas.com,https://www.thetopvillas.com/en_us,
Moose Management Vacation Rentals | Park City Vacation Rentals - Accommodations,https://www.vacationrentalsparkcity.com/,Park City,UT,Racquet / Tennis Club,pickleball; tennis; basketball,Indoor and outdoor,,,,,,,hello@moosemanagement.com,,,,,,,moosemanagement.com,Indoor and Outdoor,Both indoor and outdoor court language found on site. UT location evidence: address. No decision maker found on public pages. No court count stated by a reliable source; left blank. Paid access signals present (membership/rental/program).,https://www.vacationrentalsparkcity.com/ | https://www.vacationrentalsparkcity.com/vacation-rental-homes | https://www.vacationrentalsparkcity.com/vacation-rental-homes/dog-friendly-homes | https://www.vacationrentalsparkcity.com/vacation-rental-homes/monthly-vacation-stays | https://www.vacationrentalsparkcity.com/property-management | https://www.vacationrentalsparkcity.com/about-us,Playwright,https://vacationrentalsparkcity.com,https://www.vacationrentalsparkcity.com/,
Mountain Peak Volleyball,https://mtnpeakvolleyball.com/,Logan,UT,School,volleyball,Indoor and outdoor,,,,,,,info@mtnpeakvolleyball.com,,,,,,,mtnpeakvolleyball.com,Indoor and Outdoor,Both indoor and outdoor court language found on site. UT location evidence: address. No decision maker found on public pages. No court count stated by a reliable source; left blank. Paid access signals present (membership/rental/program).,https://mtnpeakvolleyball.com/ | https://mtnpeakvolleyball.com/club/facility | https://mtnpeakvolleyball.com/club/leadership | https://mtnpeakvolleyball.com/club/coachingstaff | https://mtnpeakvolleyball.com/club/gymrentals | https://mtnpeakvolleyball.com/club/privatelessons | https://mtnpeakvolleyball.com/club/worktoplayprogram,Playwright,https://mtnpeakvolleyball.com,https://mtnpeakvolleyball.com/,
Mountain Valley Trout Farm,https://mountainvalleytroutandtennis.com/,Smithfield,UT,Unknown,tennis,Indoor and outdoor,,,,,,,,,,,,,,mountainvalleytroutandtennis.com,Indoor and Outdoor,Both indoor and outdoor court language found on site. UT location evidence: address. No decision maker found on public pages. No court count stated by a reliable source; left blank.,https://mountainvalleytroutandtennis.com/,Playwright,https://mountainvalleytroutandtennis.com,https://mountainvalleytroutandtennis.com/,
Move To Provo Utah,https://movetoprovoutah.com/,Provo,UT,Unknown,tennis; basketball; racquetball,Indoor and outdoor,,,,,,livinginprovoutah@gmail.com,,,,,,,,movetoprovoutah.com,Indoor and Outdoor,Both indoor and outdoor court language found on site. UT location evidence: address. No decision maker found on public pages. No court count stated by a reliable source; left blank. Paid access signals present (membership/rental/program).,https://movetoprovoutah.com/ | https://movetoprovoutah.com/about-katerina-gasset-author-of-living-in-provo/ | https://movetoprovoutah.com/contact/,Playwright,https://movetoprovoutah.com,https://movetoprovoutah.com/,
Moving Utah,https://www.movingutah.com/,Cedar City,UT,Unknown,pickleball; volleyball,Indoor and outdoor,,,,,,scott@movingutah.com,,,,,,,,movingutah.com,Indoor and Outdoor,Both indoor and outdoor court language found on site. UT location evidence: address. No decision maker found on public pages. No court count stated by a reliable source; left blank. Paid access signals present (membership/rental/program).,https://www.movingutah.com/ | https://www.movingutah.com/guides/utah-housing-programs/ | https://www.movingutah.com/about/ | https://www.movingutah.com/contact/ | https://www.movingutah.com/guides/first-time-buyers/,Playwright,https://movingutah.com,https://www.movingutah.com/,
mysite,https://www.libertyhillstennis.com/,Slc,UT,School,tennis,Indoor and outdoor,,,,,,,,,,,,,,libertyhillstennis.com,Indoor and Outdoor,Both indoor and outdoor court language found on site. UT location evidence: address. No decision maker found on public pages. No court count stated by a reliable source; left blank. Paid access signals present (membership/rental/program).,https://www.libertyhillstennis.com/ | https://www.libertyhillstennis.com/reserve | https://www.libertyhillstennis.com/contactus | https://www.libertyhillstennis.com/staff,Playwright,https://libertyhillstennis.com,https://www.libertyhillstennis.com/,
NowPlayingUtah.com,https://nowplayingutah.com/,Salt Lake City,UT,Private Club,basketball,Indoor and outdoor,,,,,,,,,,,,,,nowplayingutah.com,Indoor and Outdoor,Both indoor and outdoor court language found on site. UT location evidence: address. No decision maker found on public pages. No court count stated by a reliable source; left blank. Paid access signals present (membership/rental/program).,https://nowplayingutah.com/ | https://nowplayingutah.com/artist/ | https://nowplayingutah.com/overview/ | https://nowplayingutah.com/organization/kilby-court/ | https://nowplayingutah.com/venue/kilby-court/,Playwright,https://nowplayingutah.com,https://nowplayingutah.com/,
Okland Construction,https://www.okland.com/,Salt Lake City,UT,Unknown,basketball; squash; racquetball,Indoor and outdoor,,,Val,Fagre,Owner,,,val@okland.com,val.fagre@okland.com,valfagre@okland.com,vfagre@okland.com,v.fagre@okland.com,valf@okland.com,okland.com,Indoor and Outdoor,Both indoor and outdoor court language found on site. UT location evidence: address. No court count stated by a reliable source; left blank. Paid access signals present (membership/rental/program). Guessed emails are UNVERIFIED pattern permutations - not published addresses.,https://www.okland.com/ | https://www.okland.com/about | https://www.okland.com/contact,Playwright,https://okland.com,https://www.okland.com/,
Outdoorsy,https://www.outdoorsy.com/,Salt Lake City,UT,Unknown,volleyball,Indoor and outdoor,,,,,,,,,,,,,,outdoorsy.com,Indoor and Outdoor,Both indoor and outdoor court language found on site. UT location evidence: address. No decision maker found on public pages. No court count stated by a reliable source; left blank. Paid access signals present (membership/rental/program).,https://www.outdoorsy.com/ | https://www.outdoorsy.com/rv-info/one-way-rv-rental | https://www.outdoorsy.com/rv-rental/mundelein_il/2022_mercedes-benz_sprinter_233759-listing | https://www.outdoorsy.com/rv-rental/warrenville_il/2022_thor_chateau_325017-listing | https://www.outdoorsy.com/rv-rental/schiller-park_il_united-states/2020_forest-river_r-pod-171_290129-listing | https://www.outdoorsy.com/rv-rental/rockton_il/2022_keystone-rv_hideout_467548-listing,Playwright,https://outdoorsy.com,https://www.outdoorsy.com/,
Padel Browser,https://www.padelbrowser.com/,,UT,Private Club,pickleball; tennis; padel,Indoor and outdoor,9,"inment venues. Courts & Facilities The Pad features 7 professional padel courts alongside 9 pickleball courts, all housed in a climate-controlled indoor environment. With 30-foot ceilings providing e",,,,,info@40fortypadel.com,,,,,,,40fortypadel.com,Indoor and Outdoor,Both indoor and outdoor court language found on site. UT location evidence: mention. No decision maker found on public pages. Paid access signals present (membership/rental/program).,https://www.padelbrowser.com/ | https://www.padelbrowser.com/clubs/find-courts | https://www.padelbrowser.com/clubs/directory | https://www.padelbrowser.com/padel-courts/padel-haus-dumbo | https://www.padelbrowser.com/padel-courts/the-pad-tucson | https://www.padelbrowser.com/padel-courts/racket-social-club-englewood | https://www.padelbrowser.com/padel-courts/state/florida,Playwright,https://padelbrowser.com,https://www.padelbrowser.com/,
Padel Courts Finder,https://www.padelcourtsfinder.com/,,UT,Pickleball Club,pickleball; tennis; padel,Indoor and outdoor,26,"s Angeles As an Amazon Associate, Padel Courts Finder earns from qualifying purchases. © 2026 Padel Courts Finder. All rights reserved. Privacy Policy Terms of Service Sitemap Padel Courts Finder",,,,manager@wynwoodpadelclub.com,hello@padelcourtsfinder.com,,,,,,,wynwoodpadelclub.com,Indoor and Outdoor,Both indoor and outdoor court language found on site. UT location evidence: mention. No decision maker found on public pages. Paid access signals present (membership/rental/program).,https://www.padelcourtsfinder.com/ | https://www.padelcourtsfinder.com/about | https://www.padelcourtsfinder.com/list-your-court | https://www.padelcourtsfinder.com/florida | https://www.padelcourtsfinder.com/texas | https://www.padelcourtsfinder.com/california,Playwright,https://padelcourtsfinder.com,https://www.padelcourtsfinder.com/,
PadelCourtsNearMe,https://www.padelcourtsnearme.us/,Woods Cross,UT,Country Club,pickleball; tennis; squash; padel,Indoor and outdoor,66,"om Texas to New York, discover where padel is growing fastest. Florida 66 courts Discover 66 padel courts across Florida, including hotspots like Miami, Orlando, Sunrise. Top cities: Miami, Orlan",,,,padelcourtsnearme.us@gmail.com,hello@padelcourtsnearme.us,,,,,,,padelcourtsnearme.us,Indoor and Outdoor,Both indoor and outdoor court language found on site. UT location evidence: address. No decision maker found on public pages. Paid access signals present (membership/rental/program).,https://www.padelcourtsnearme.us/ | https://www.padelcourtsnearme.us/courts/10by20-ft-lauderdale-fort-lauderdale-florida | https://www.padelcourtsnearme.us/courts/6-love-sports-miami-beach-florida | https://www.padelcourtsnearme.us/courts/access-padel-hillsborough-new-jersey | https://www.padelcourtsnearme.us/courts/alma-padel-glenview-illinois | https://www.padelcourtsnearme.us/courts/and-padel-oakland-new-jersey,Playwright,https://padelcourtsnearme.us,https://www.padelcourtsnearme.us/,
Pickleball City,https://pickleball-city.com/,Orem,UT,Pickleball Club,pickleball; tennis; volleyball; squash; padel,Indoor and outdoor,18,"nd some of the metro’s best social space. The flagship Northeast Minneapolis facility has 18 indoor courts, table tennis, games, a pro shop, lounge areas, and food and drink options. Le Dome by Lu",,,,,,,,,,,,pickleball-city.com,Indoor and Outdoor,Both indoor and outdoor court language found on site. UT location evidence: address. No decision maker found on public pages. Paid access signals present (membership/rental/program).,https://pickleball-city.com/ | https://pickleball-city.com/contact-us/ | https://pickleball-city.com/pickleball-courts-and-clubs/ | https://pickleball-city.com/top-indoor-pickleball-clubs-in-the-twin-cities-near-me/ | https://pickleball-city.com/best-outdoor-pickleball-courts-in-minnesota/ | https://pickleball-city.com/minnesota-map-of-courts/,Playwright,https://pickleball-city.com,https://pickleball-city.com/,
Pickleball in Logan Utah,https://loganpickleball.com/,Logan,UT,Pickleball Club,pickleball; tennis,Indoor and outdoor,9,"bley, UT Hyde Park (2 courts) Hyde Park, UT  INDOOR PICKLEBALL OPTIONS The Picklr offers 9 indoor courts with outdoor surfaces; low hourly rates: Thepicklr.com 435-774-0481 Logan City uses conve",,,,,info@loganpickleball.com,,,,,,,loganpickleball.com,Indoor and Outdoor,Both indoor and outdoor court language found on site. UT location evidence: address. No decision maker found on public pages. Paid access signals present (membership/rental/program).,https://loganpickleball.com/,Playwright,https://loganpickleball.com,https://loganpickleball.com/,
Pinnacle Sports Group -,https://pinnaclesportsgroup.com/,Salt Lake City,UT,Health Club,pickleball; tennis; basketball; volleyball; badminton; futsal,Indoor and outdoor,,,Adam,Drost,Founder,,,adam@pinnaclesportsgroup.com,adam.drost@pinnaclesportsgroup.com,adamdrost@pinnaclesportsgroup.com,adrost@pinnaclesportsgroup.com,a.drost@pinnaclesportsgroup.com,adamd@pinnaclesportsgroup.com,pinnaclesportsgroup.com,Indoor and Outdoor,Both indoor and outdoor court language found on site. UT location evidence: address. No court count stated by a reliable source; left blank. Paid access signals present (membership/rental/program). Guessed emails are UNVERIFIED pattern permutations - not published addresses.,https://pinnaclesportsgroup.com/ | https://pinnaclesportsgroup.com/for-your-home/outdoor/ | https://pinnaclesportsgroup.com/for-your-facility/ | https://pinnaclesportsgroup.com/for-your-facility/outdoor/ | https://pinnaclesportsgroup.com/for-your-facility/indoor/ | https://pinnaclesportsgroup.com/pickleball-court-builders/ | https://pinnaclesportsgroup.com/basketball-court-builders/,Playwright,https://pinnaclesportsgroup.com,https://pinnaclesportsgroup.com/,
Playeasy,https://www.playeasy.com/,,UT,School,pickleball; tennis; basketball; volleyball; badminton; padel; futsal,Indoor and outdoor,8,"teams in mind. The flexible court layout can be configured to hold four NCAA basketball, 8 basketball courts or 16 volleyball courts, within the 63,995 square feet of open space. There are 2,288 sea",John,Doe,Manager,,,john@playeasy.com,john.doe@playeasy.com,johndoe@playeasy.com,jdoe@playeasy.com,j.doe@playeasy.com,johnd@playeasy.com,playeasy.com,Indoor and Outdoor,Both indoor and outdoor court language found on site. UT location evidence: mention. Paid access signals present (membership/rental/program). Guessed emails are UNVERIFIED pattern permutations - not published addresses.,https://www.playeasy.com/ | https://www.playeasy.com/facilities/b288ab3f-db1e-4086-974a-e3ee3acb0ec3 | https://www.playeasy.com/facilities/e3b5330d-74d0-424a-b6bb-43d6221d1b36 | https://www.playeasy.com/facilities/marketplace | https://www.playeasy.com/facilities/d5db31df-d573-4069-9e0c-8b26eb8cca64 | https://www.playeasy.com/facilities/317187ce-29c9-452d-88d3-b64ac16c6696 | https://www.playeasy.com/facilities/7ab7289c-95df-4641-8beb-3da4d3dab7a6,Playwright,https://playeasy.com,https://www.playeasy.com/,
Premier Club Soccer,https://www.premierclubsoccer.com/,Lindon,UT,Private Club,basketball; futsal,Indoor and outdoor,,,Admin,Login,Owner,,,admin@premierclubsoccer.com,admin.login@premierclubsoccer.com,adminlogin@premierclubsoccer.com,alogin@premierclubsoccer.com,a.login@premierclubsoccer.com,adminl@premierclubsoccer.com,premierclubsoccer.com,Indoor and Outdoor,Both indoor and outdoor court language found on site. UT location evidence: address. No court count stated by a reliable source; left blank. Paid access signals present (membership/rental/program). Guessed emails are UNVERIFIED pattern permutations - not published addresses.,https://www.premierclubsoccer.com/ | https://www.premierclubsoccer.com/about-premier-club-soccer-league/ | https://www.premierclubsoccer.com/contact-us/ | https://www.premierclubsoccer.com/register-your-team/,Playwright,https://premierclubsoccer.com,https://www.premierclubsoccer.com/,
Premier Pickleball Club,https://www.playatpremier.com/,Herriman,UT,Pickleball Club,pickleball,Indoor and outdoor,20,"y, kings court & round robins 4 guest passes/month (open play, round robins, kings court) 20 court reservation hours/month (peak or off-peak) 20% off reservations after hours exhausted Hol",,,,,info@playatpremier.com,,,,,,,playatpremier.com,Indoor and Outdoor,Both indoor and outdoor court language found on site. UT location evidence: address. No decision maker found on public pages. Paid access signals present (membership/rental/program).,https://www.playatpremier.com/,Playwright,https://playatpremier.com,https://www.playatpremier.com/,
Ralle,https://ralle.app/,,UT,Unknown,tennis,Indoor and outdoor,,,,,,partnerships@ralle.app,support@ralle.app,,,,,,,ralle.app,Indoor and Outdoor,Both indoor and outdoor court language found on site. UT location evidence: mention. No decision maker found on public pages. No court count stated by a reliable source; left blank. Paid access signals present (membership/rental/program).,https://ralle.app/ | https://ralle.app/courts | https://ralle.app/about | https://ralle.app/contact,Playwright,https://ralle.app,https://ralle.app/,
Red Ledges Club,https://redledges.clubhouseonline-e3.net/Amenities.aspx,,UT,School,tennis,Indoor and outdoor,,,,,,,,,,,,,,redledges.clubhouseonline-e3.net,Indoor and Outdoor,Both indoor and outdoor court language found on site. UT location evidence: phone. No decision maker found on public pages. No court count stated by a reliable source; left blank. Paid access signals present (membership/rental/program).,https://redledges.clubhouseonline-e3.net/Amenities.aspx | https://redledges.clubhouseonline-e3.net/login.aspx?ReturnUrl=%2fEventManagement%2fEventCalendar.aspx,Playwright,https://redledges.clubhouseonline-e3.net,https://redledges.clubhouseonline-e3.net/Amenities.aspx,
Redstone Peaks,https://redstonepeaks.com/,Parowan,UT,Unknown,pickleball; tennis,Indoor and outdoor,,,,,,,,,,,,,,redstonepeaks.com,Indoor and Outdoor,Both indoor and outdoor court language found on site. UT location evidence: address. No decision maker found on public pages. No court count stated by a reliable source; left blank. Paid access signals present (membership/rental/program).,https://redstonepeaks.com/ | https://redstonepeaks.com/about | https://redstonepeaks.com/contact,Playwright,https://redstonepeaks.com,https://redstonepeaks.com/,
Salina Pickleball,https://salinapickleball.com/,Salina,UT,Pickleball Club,pickleball,Indoor and outdoor,,,,,,,,,,,,,,salinapickleball.com,Indoor and Outdoor,Both indoor and outdoor court language found on site. UT location evidence: address. No decision maker found on public pages. No court count stated by a reliable source; left blank. Paid access signals present (membership/rental/program).,https://salinapickleball.com/,Playwright,https://salinapickleball.com,https://salinapickleball.com/,
Salt Lake Academy,https://www.saltlakeacademy.org/,Herriman,UT,College / University,basketball; volleyball,Indoor and outdoor,,,,,,,,,,,,,,saltlakeacademy.org,Indoor and Outdoor,Both indoor and outdoor court language found on site. UT location evidence: address. No decision maker found on public pages. No court count stated by a reliable source; left blank. Paid access signals present (membership/rental/program).,https://www.saltlakeacademy.org/ | https://www.saltlakeacademy.org/world-class-training-facility | https://www.saltlakeacademy.org/administration | https://www.saltlakeacademy.org/athletics | https://www.saltlakeacademy.org/graduation-requirements | https://www.saltlakeacademy.org/athletics-program | https://www.saltlakeacademy.org/contact-us,Playwright,https://saltlakeacademy.org,https://www.saltlakeacademy.org/,
"Salt Lake City Hotels, Restaurants, Nightlife & Events",https://www.saltlakecity.com/,,UT,Unknown,tennis; basketball; volleyball; squash,Indoor and outdoor,,,,,,,,,,,,,,saltlakecity.com,Indoor and Outdoor,Both indoor and outdoor court language found on site. UT location evidence: mention. No decision maker found on public pages. No court count stated by a reliable source; left blank. Paid access signals present (membership/rental/program).,https://www.saltlakecity.com/ | https://www.saltlakecity.com/places | https://www.saltlakecity.com/contact.html,Playwright,https://saltlakecity.com,https://www.saltlakecity.com/,
Salt Lake Community College Athletics,https://slccbruins.com/,Salt Lake City,UT,College / University,basketball; volleyball,Indoor and outdoor,,,Karl,Maeser,President,,,karl@slccbruins.com,karl.maeser@slccbruins.com,karlmaeser@slccbruins.com,kmaeser@slccbruins.com,k.maeser@slccbruins.com,karlm@slccbruins.com,slccbruins.com,Indoor and Outdoor,Both indoor and outdoor court language found on site. UT location evidence: address. No court count stated by a reliable source; left blank. Paid access signals present (membership/rental/program). Guessed emails are UNVERIFIED pattern permutations - not published addresses.,https://slccbruins.com/ | https://slccbruins.com/staff-directory | https://slccbruins.com/sports/2010/3/4/GEN_0304101907.aspx,Playwright,https://slccbruins.com,https://slccbruins.com/,
Santa Clara Pickleball: Where to Play & Get Started,https://santaclarapickleball.com/,Santa Clara,UT,Pickleball Club,pickleball,Indoor and outdoor,,,,,,,,,,,,,,santaclarapickleball.com,Indoor and Outdoor,Both indoor and outdoor court language found on site. UT location evidence: address. No decision maker found on public pages. No court count stated by a reliable source; left blank. Paid access signals present (membership/rental/program).,https://santaclarapickleball.com/,Playwright,https://santaclarapickleball.com,https://santaclarapickleball.com/,
Saratoga Springs Pickleball,https://saratogaspringspickleball.com/,Saratoga Springs,UT,Pickleball Club,pickleball,Indoor and outdoor,,,,,,,,,,,,,,saratogaspringspickleball.com,Indoor and Outdoor,Both indoor and outdoor court language found on site. UT location evidence: address. No decision maker found on public pages. No court count stated by a reliable source; left blank. Paid access signals present (membership/rental/program).,https://saratogaspringspickleball.com/,Playwright,https://saratogaspringspickleball.com,https://saratogaspringspickleball.com/,
"Search all Vacation Rentals, Airbnb, B&B & Hotels",https://www.cozycozy.com/us,Trinity River,UT,Unknown,pickleball; tennis; basketball,Indoor and outdoor,,,,,,,,,,,,,,cozycozy.com,Indoor and Outdoor,Both indoor and outdoor court language found on site. UT location evidence: address. No decision maker found on public pages. No court count stated by a reliable source; left blank. Paid access signals present (membership/rental/program).,https://www.cozycozy.com/us | https://www.cozycozy.com/us/vacation-rentals | https://www.cozycozy.com/us/villa-rentals | https://www.cozycozy.com/us/short-term-rentals | https://www.cozycozy.com/us/outer-banks-vacation-rentals | https://www.cozycozy.com/us/destin-vacation-rentals | https://www.cozycozy.com/us/gulf-shores-vacation-rentals,Playwright,https://cozycozy.com,https://www.cozycozy.com/us,
Second Summit Cider Co.,https://secondsummitcider.com/,Millcreek,UT,College / University,pickleball,Indoor and outdoor,9,"reek, UT 84107 385.371.7646 info@secondsummitcider.com Hours Monday - Thursday Pickleball courts: 9 am - 10 pm (By online reservation, walk-ins welcome if courts are open) Taproom Hours: 10",,,,,info@secondsummitcider.com,,,,,,,secondsummitcider.com,Indoor and Outdoor,Both indoor and outdoor court language found on site. UT location evidence: address. No decision maker found on public pages.,https://secondsummitcider.com/ | https://secondsummitcider.com/about,Playwright,https://secondsummitcider.com,https://secondsummitcider.com/,
Shalom Austin,https://shalomaustin.org/,,UT,YMCA / JCC,pickleball; tennis,Indoor and outdoor,6,"cre Campus Explore our facility! Our fantastic space includes a two-story fitness center, six tennis courts, a family aquatic center featuring a lap pool and a children’s activity pool, an outdoor",,,,,info@shalomaustin.org,,,,,,,shalomaustin.org,Indoor and Outdoor,Both indoor and outdoor court language found on site. UT location evidence: mention. No decision maker found on public pages. Paid access signals present (membership/rental/program).,https://shalomaustin.org/ | https://shalomaustin.org/about/ | https://shalomaustin.org/leadership/ | https://shalomaustin.org/rentals/ | https://shalomaustin.org/contact/ | https://shalomaustin.org/casemanagement/ | https://shalomaustin.org/membership/,Playwright,https://shalomaustin.org,https://shalomaustin.org/,
Site Title,https://paradisevillage107.com/,Santa Clara,UT,Pickleball Club,pickleball; tennis; basketball; volleyball,Indoor and outdoor,,,Updating,Price...,Owner,,,updating@paradisevillage107.com,updating.price@paradisevillage107.com,updatingprice@paradisevillage107.com,uprice@paradisevillage107.com,u.price@paradisevillage107.com,updatingp@paradisevillage107.com,paradisevillage107.com,Indoor and Outdoor,Both indoor and outdoor court language found on site. UT location evidence: address. No court count stated by a reliable source; left blank. Paid access signals present (membership/rental/program). Guessed emails are UNVERIFIED pattern permutations - not published addresses.,https://paradisevillage107.com/,Playwright,https://paradisevillage107.com,https://paradisevillage107.com/,
SLC Padel Club,https://slcpadelclub.com/,Woods Cross,UT,School,padel,Indoor and outdoor,,,,,,,info@slcpadelclub.com,,,,,,,slcpadelclub.com,Indoor and Outdoor,Both indoor and outdoor court language found on site. UT location evidence: address. No decision maker found on public pages. No court count stated by a reliable source; left blank. Paid access signals present (membership/rental/program).,https://slcpadelclub.com/ | https://slcpadelclub.com/about-us,Playwright,https://slcpadelclub.com,https://slcpadelclub.com/,
Smithfield Recreation Center,https://smithfieldrecreation.com/,Smithfield,UT,School,pickleball; basketball; volleyball; racquetball,Indoor and outdoor,3,ht room 2 – 55″ HDTV’s in weight room 4 Full-size basketball courts Surround sound stereo 3 racquetball courts Dance Studio 2 running/walking tracks Indoor volleyball and batting cages 2 – 55″ HDTV in,,,,,,,,,,,,smithfieldrecreation.com,Indoor and Outdoor,Both indoor and outdoor court language found on site. UT location evidence: address. No decision maker found on public pages. Paid access signals present (membership/rental/program).,https://smithfieldrecreation.com/ | https://smithfieldrecreation.com/facilities/ | https://smithfieldrecreation.com/memberships/ | https://smithfieldrecreation.com/parks-facilities/ | https://smithfieldrecreation.com/pickleballcourts/ | https://smithfieldrecreation.com/contact-us/,Playwright,https://smithfieldrecreation.com,https://smithfieldrecreation.com/,
SnapSports of Utah Blog,https://snapsportsut.com/,Salt Lake City,UT,School,tennis; basketball; volleyball; badminton; futsal; handball,Indoor and outdoor,,,,,,,,,,,,,,snapsportsut.com,Indoor and Outdoor,Both indoor and outdoor court language found on site. UT location evidence: address. No decision maker found on public pages. No court count stated by a reliable source; left blank.,https://snapsportsut.com/ | https://snapsportsut.com/about-snapsports-of-utah/ | https://snapsportsut.com/contact-snapsports-of-utah/ | https://snapsportsut.com/residential-court-and-gym-gallery/ | https://snapsportsut.com/commercial-gymnasium-court-gallery/,Playwright,https://snapsportsut.com,https://snapsportsut.com/,
Sport Court of Southern Utah,https://sportcourtofsouthernutah.com/,,UT,Unknown,pickleball; tennis; basketball; volleyball; badminton,Indoor and outdoor,,,,,,,,,,,,,,sportcourtofsouthernutah.com,Indoor and Outdoor,Both indoor and outdoor court language found on site. UT location evidence: phone. No decision maker found on public pages. No court count stated by a reliable source; left blank.,https://sportcourtofsouthernutah.com/ | https://sportcourtofsouthernutah.com/residential/basketball/ | https://sportcourtofsouthernutah.com/residential/pickleball/ | https://sportcourtofsouthernutah.com/residential/volleyball/ | https://sportcourtofsouthernutah.com/residential/tennis/ | https://sportcourtofsouthernutah.com/commercial/,Playwright,https://sportcourtofsouthernutah.com,https://sportcourtofsouthernutah.com/,
Sport Court West,https://sportcourtwest.com/,Salt Lake City,UT,Unknown,pickleball; tennis; basketball; volleyball; badminton; futsal,Indoor and outdoor,,,,,,,info@sportcourtwest.com,,,,,,,sportcourtwest.com,Indoor and Outdoor,Both indoor and outdoor court language found on site. UT location evidence: address. No decision maker found on public pages. No court count stated by a reliable source; left blank.,https://sportcourtwest.com/ | https://sportcourtwest.com/residential/basketball/ | https://sportcourtwest.com/residential/pickleball/ | https://sportcourtwest.com/residential/volleyball/ | https://sportcourtwest.com/residential/tennis/ | https://sportcourtwest.com/commercial/,Playwright,https://sportcourtwest.com,https://sportcourtwest.com/,
Sports Academy & Racquet Club,https://www.sportsacademy.com/,Farmington,UT,Racquet / Tennis Club,tennis; basketball; squash; racquetball,Indoor and outdoor,,,,,,,,,,,,,,sportsacademy.com,Indoor and Outdoor,Both indoor and outdoor court language found on site. UT location evidence: address. No decision maker found on public pages. No court count stated by a reliable source; left blank. Paid access signals present (membership/rental/program).,https://www.sportsacademy.com/ | https://www.sportsacademy.com/memberships | https://www.sportsacademy.com/courts | https://www.sportsacademy.com/meet-the-trainers | https://www.sportsacademy.com/meet-the-instructors | https://www.sportsacademy.com/meet-the-pilates-instructors | https://www.sportsacademy.com/reformer-pilates,Playwright,https://sportsacademy.com,https://www.sportsacademy.com/,
Sports Facility Construction Company,https://allsportsinc.com/,,UT,Fieldhouse,tennis; basketball; volleyball,Indoor and outdoor,,,Norm,Gill,President,,,norm@allsportsinc.com,norm.gill@allsportsinc.com,normgill@allsportsinc.com,ngill@allsportsinc.com,n.gill@allsportsinc.com,normg@allsportsinc.com,allsportsinc.com,Indoor and Outdoor,Both indoor and outdoor court language found on site. UT location evidence: mention. No court count stated by a reliable source; left blank. Paid access signals present (membership/rental/program). Guessed emails are UNVERIFIED pattern permutations - not published addresses.,https://allsportsinc.com/ | https://allsportsinc.com/sports-construction-company | https://allsportsinc.com/sports-construction-company/sports-facility-construction-contractor | https://allsportsinc.com/indoor-sports-facility-construction | https://allsportsinc.com/turf-flooring-for-gyms | http://allsportsinc.com/sports-complex-construction | https://allsportsinc.com/indoor-artificial-turf-installation/multi-sport-indoor-facility,Playwright,https://allsportsinc.com,https://allsportsinc.com/,
Sports Mall,https://sportsmallgroup.com/,Murray,UT,Racquet / Tennis Club,pickleball; tennis; basketball; squash; racquetball; handball,Indoor and outdoor,18,"erfect blend of fitness, fun, and community. ABOUT THE FACILITY Spacious 10-acre facility 18 tennis courts & 15 pickleball courts Year-round swimming pool Group fitness classes & Personal Training",,,,,,,,,,,,sportsmallgroup.com,Indoor and Outdoor,Both indoor and outdoor court language found on site. UT location evidence: address. No decision maker found on public pages. Paid access signals present (membership/rental/program).,https://sportsmallgroup.com/ | https://sportsmallgroup.com/about/ | https://sportsmallgroup.com/facility-hours/ | https://sportsmallgroup.com/leadership/ | https://sportsmallgroup.com/membership/ | https://sportsmallgroup.com/book-court/,Playwright,https://sportsmallgroup.com,https://sportsmallgroup.com/,
SportsWest Construction,https://www.sportswestco.com/,Murray,UT,Pickleball Club,pickleball; tennis; basketball; volleyball; padel,Indoor and outdoor,,,,,,,info@sportswestco.com,,,,,,,sportswestco.com,Indoor and Outdoor,Both indoor and outdoor court language found on site. UT location evidence: address. No decision maker found on public pages. No court count stated by a reliable source; left blank.,https://www.sportswestco.com/ | https://www.sportswestco.com/about/ | https://www.sportswestco.com/residential-courts/ | https://www.sportswestco.com/commercial-courts/ | https://www.sportswestco.com/design-a-court/ | https://www.sportswestco.com/contact/ | https://www.sportswestco.com/videos/,Playwright,https://sportswestco.com,https://www.sportswestco.com/,
StGeorgeUTRealEstate.com,https://www.stgeorgeutrealestate.com/,Hurricane,UT,Country Club,pickleball,Indoor and outdoor,,,,,,,,,,,,,,stgeorgeutrealestate.com,Indoor and Outdoor,Both indoor and outdoor court language found on site. UT location evidence: address. No decision maker found on public pages. No court count stated by a reliable source; left blank. Paid access signals present (membership/rental/program).,https://www.stgeorgeutrealestate.com/ | https://www.stgeorgeutrealestate.com/member/contact/ | https://www.stgeorgeutrealestate.com/buying/ | https://www.stgeorgeutrealestate.com/selling/ | https://www.stgeorgeutrealestate.com/st-george-nightly-or-vacation-rentals/,Playwright,https://stgeorgeutrealestate.com,https://www.stgeorgeutrealestate.com/,
Student Wellness (SWELL),https://studentwellness.byu.edu/,Provo,UT,College / University,tennis; racquetball,Indoor and outdoor,22,. Learn more Outdoors Unlimited Pools Extramural Sports Pools Closed for Repairs 8/14 - 8/22 Tennis Courts Closed for Resurfacing Indoor Courts: 8/3-8/6 Outdoor Courts: 8/9-8/31 (Courts 1-10) We a,,,,studentwellness@byu.edu,,,,,,,,byu.edu,Indoor and Outdoor,Both indoor and outdoor court language found on site. UT location evidence: address. No decision maker found on public pages. Paid access signals present (membership/rental/program).,https://studentwellness.byu.edu/ | https://studentwellness.byu.edu/wondering-about-wellness-ask-us | https://studentwellness.byu.edu/maps | https://studentwellness.byu.edu/facility-hours | https://studentwellness.byu.edu/memberships | https://studentwellness.byu.edu/facility-waivers | https://studentwellness.byu.edu/facilities,Playwright,https://studentwellness.byu.edu,https://studentwellness.byu.edu/,
Sunpro Tennis & Pickleball Club,https://sunproclub.com/,Springville,UT,Pickleball Club,pickleball; tennis,Indoor and outdoor,11,ontinues to inspire all those fortunate enough to be under his tutelage. FEATURES: Tennis 11 Tennis Courts. 6 courts inside and 5 lighted courts outside. Upper level Mezzanine for excellent viewin,,,,,,,,,,,,sunproclub.com,Indoor and Outdoor,Both indoor and outdoor court language found on site. UT location evidence: address. No decision maker found on public pages. Paid access signals present (membership/rental/program).,https://sunproclub.com/ | https://sunproclub.com/about-sunpro-tennis-pickleball-club/ | https://sunproclub.com/junior-tennis-programs/ | https://sunproclub.com/membership-2/ | https://sunproclub.com/court-reservations/ | https://sunproclub.com/contact/,Playwright,https://sunproclub.com,https://sunproclub.com/,
SUU,https://www.suu.edu/,Cedar City,UT,College / University,pickleball; tennis; basketball; volleyball; badminton,Indoor and outdoor,,,Tradition,Keeper,President,,info@suu.edu,tradition@suu.edu,tradition.keeper@suu.edu,traditionkeeper@suu.edu,tkeeper@suu.edu,t.keeper@suu.edu,traditionk@suu.edu,suu.edu,Indoor and Outdoor,Both indoor and outdoor court language found on site. UT location evidence: address. No court count stated by a reliable source; left blank. Paid access signals present (membership/rental/program). Guessed emails are UNVERIFIED pattern permutations - not published addresses.,https://www.suu.edu/ | https://www.suu.edu/about/ | https://www.suu.edu/facstaff/ | https://www.suu.edu/programs/,Playwright,https://suu.edu,https://www.suu.edu/,
Tava Resort,https://www.tavaresort.com/,Hurricane,UT,Pickleball Club,pickleball; tennis; basketball; racquetball,Indoor and outdoor,4,"stunning Pine Valley Mountain views. Community amenities: 2 year-round pools, lazy river, four pickleball courts, tennis court, indoor racquetball/pickleball court, fitness/wellness center, and clubhous",,,,margiesellsutah@gmail.com,contact@tavaresort.com,,,,,,,tavaresort.com,Indoor and Outdoor,Both indoor and outdoor court language found on site. UT location evidence: address. No decision maker found on public pages. Paid access signals present (membership/rental/program).,https://www.tavaresort.com/ | https://www.tavaresort.com/short-term-rentals | https://www.tavaresort.com/contact,Playwright,https://tavaresort.com,https://www.tavaresort.com/,
The Dyrt,https://thedyrt.com/,George,UT,Unknown,basketball; volleyball,Indoor and outdoor,,,,,,u003einfo@thedyrt.com,support@thedyrt.com,,,,,,,thedyrt.com,Indoor and Outdoor,Both indoor and outdoor court language found on site. UT location evidence: address. No decision maker found on public pages. No court count stated by a reliable source; left blank. Paid access signals present (membership/rental/program).,https://thedyrt.com/ | https://thedyrt.com/about/us | https://thedyrt.com/camping/arizona/near/flagstaff | https://thedyrt.com/about/rules | https://thedyrt.com/about/privacy | https://thedyrt.com/about/tacos,Playwright,https://thedyrt.com,https://thedyrt.com/,
The Green on Campus Drive | Student Housing Across the Street from UVU,https://thegreenoncampusdrive.com/,Orem,UT,Unknown,pickleball; basketball; volleyball,Indoor and outdoor,2,"music room with a piano, a free soda machine, and outdoor pergolas with festoon lighting, 2 pickleball courts, smartphone controlled access, comprehensive camera surveillance, and an amazon hub parce",,,,,,,,,,,,thegreenoncampusdrive.com,Indoor and Outdoor,Both indoor and outdoor court language found on site. UT location evidence: address. No decision maker found on public pages. Paid access signals present (membership/rental/program).,https://thegreenoncampusdrive.com/ | https://thegreenoncampusdrive.com/contact/,Playwright,https://thegreenoncampusdrive.com,https://thegreenoncampusdrive.com/,
The Heritage Hotel of Quincy Quincy,https://www.heritagehotelquincy.com/,,UT,Unknown,basketball; volleyball,Indoor and outdoor,,,,,,,frontdesk@heritagehotelquincy.com,,,,,,,heritagehotelquincy.com,Indoor and Outdoor,Both indoor and outdoor court language found on site. UT location evidence: mention. No decision maker found on public pages. No court count stated by a reliable source; left blank. Paid access signals present (membership/rental/program).,https://www.heritagehotelquincy.com/ | https://www.heritagehotelquincy.com/Contact-The-Heritage-Hotel-of-Quincy-Quincy-Illinois.php | https://www.heritagehotelquincy.com/travel-directory.php,Playwright,https://heritagehotelquincy.com,https://www.heritagehotelquincy.com/,
The Kitchen,https://www.thekitchenpb.com/,,UT,School,pickleball,Indoor and outdoor,,,,,,,,,,,,,,thekitchenpb.com,Indoor and Outdoor,Both indoor and outdoor court language found on site. UT location evidence: mention. No decision maker found on public pages. No court count stated by a reliable source; left blank. Paid access signals present (membership/rental/program).,https://www.thekitchenpb.com/ | https://www.thekitchenpb.com/about | https://www.thekitchenpb.com/reserve | https://www.thekitchenpb.com/callie-jo-smith-membership,Playwright,https://thekitchenpb.com,https://www.thekitchenpb.com/,
The Peac Updated,https://www.thepeac.com/,Pleasant Grove,UT,School,tennis,Indoor and outdoor,,,,,,,,,,,,,,thepeac.com,Indoor and Outdoor,Both indoor and outdoor court language found on site. UT location evidence: address. No decision maker found on public pages. No court count stated by a reliable source; left blank. Paid access signals present (membership/rental/program).,https://www.thepeac.com/ | https://www.thepeac.com/our-facility | https://www.thepeac.com/contact | https://www.thepeac.com/staff | https://www.thepeac.com/athletics | https://www.thepeac.com/athlete-development-program | https://www.thepeac.com/indoor-field-rentals,Playwright,https://thepeac.com,https://www.thepeac.com/,
The Pickleball Academy,https://pballacademy.com/,W Marriott-Slaterville,UT,Pickleball Club,pickleball,Indoor and outdoor,2,"MORE THE PICKLEBALL ACADEMY 668 N 2075 W Marriott-Slaterville, UT. 801-609-6060 ABOUT US 2 Indoor Courts Year Round Temperature Controlled Fully Dedicated Pickleball Courts. 2 Outdoor Courts Com",,,,,,,,,,,,pballacademy.com,Indoor and Outdoor,Both indoor and outdoor court language found on site. UT location evidence: address. No decision maker found on public pages. Paid access signals present (membership/rental/program).,https://pballacademy.com/,Playwright,https://pballacademy.com,https://pballacademy.com/,
The Picklr Bluffdale,https://picklrbluffdale.com/,Herriman,UT,School,pickleball,Indoor and outdoor,10,LIMITED PLAY. ✓ Court reservations ✓ Open play + leagues ✓ 4 P-Series clinic passes ✓ All 10 courts in Bluffdale START THE 15-DAY TRIAL No commitment. Adults 18+. 15892 S Rockwell Park Cove,,,,bluffdale.ut@thepicklrfranchise.com,,,,,,,,thepicklrfranchise.com,Indoor and Outdoor,Both indoor and outdoor court language found on site. UT location evidence: address. No decision maker found on public pages. Paid access signals present (membership/rental/program).,https://picklrbluffdale.com/ | https://picklrbluffdale.com/membership | https://picklrbluffdale.com/contact | https://picklrbluffdale.com/events/mon-breakfast-ball | https://picklrbluffdale.com/events/mon-jr-skills | https://picklrbluffdale.com/events/mon-skills-drills-beg | https://picklrbluffdale.com/events/tue-senior-open,Playwright,https://picklrbluffdale.com,https://picklrbluffdale.com/,
The Salt Project,https://saltproject.co/,Moab,UT,Unknown,basketball; racquetball,Indoor and outdoor,,,,,,,hello@saltproject.co,,,,,,,saltproject.co,Indoor and Outdoor,Both indoor and outdoor court language found on site. UT location evidence: address. No decision maker found on public pages. No court count stated by a reliable source; left blank.,https://saltproject.co/ | https://saltproject.co/hello | https://saltproject.co/contact | https://saltproject.co/about,Playwright,https://saltproject.co,https://saltproject.co/,
Travel + Leisure,https://www.travelandleisure.com/,,UT,Unknown,tennis; volleyball,Indoor and outdoor,,,,,,,,,,,,,,travelandleisure.com,Indoor and Outdoor,Both indoor and outdoor court language found on site. UT location evidence: mention. No decision maker found on public pages. No court count stated by a reliable source; left blank. Paid access signals present (membership/rental/program).,https://www.travelandleisure.com/ | https://www.travelandleisure.com/about-us-5324386 | https://www.travelandleisure.com/hotels-resorts/vacation-rentals | https://www.travelandleisure.com/cape-town-hidden-gems-travel-guide-8698963,Playwright,https://travelandleisure.com,https://www.travelandleisure.com/,
University of Texas Athletics,https://texaslonghorns.com/,,UT,College / University,tennis; basketball; volleyball,Indoor and outdoor,,,Chris,Ogden,General Manager,,,chris@texaslonghorns.com,chris.ogden@texaslonghorns.com,chrisogden@texaslonghorns.com,cogden@texaslonghorns.com,c.ogden@texaslonghorns.com,chriso@texaslonghorns.com,texaslonghorns.com,Indoor and Outdoor,Both indoor and outdoor court language found on site. UT location evidence: address. No court count stated by a reliable source; left blank. Paid access signals present (membership/rental/program). Guessed emails are UNVERIFIED pattern permutations - not published addresses.,https://texaslonghorns.com/ | https://texaslonghorns.com/sports/2017/6/29/social-media-directory | https://texaslonghorns.com/facilities | https://texaslonghorns.com/staff-directory | https://texaslonghorns.com/sports/2024/8/28/neighborhood-longhorns-program | https://texaslonghorns.com/sports/2017/6/12/texas-athletics-about-us | https://texaslonghorns.com/sports/2022/5/16/texas-athletics-learfield-directors-cup,Playwright,https://texaslonghorns.com,https://texaslonghorns.com/,
University of Texas Golf Club,https://www.utgolfclub.com/,,UT,College / University,pickleball; tennis,Indoor and outdoor,2,"u'll enjoy a premier tennis experience on our six indoor courts, four outdoor courts, and two pickleball courts, providing year-round play no matter the weather. From taking a lesson with one of our pr",STEVE,TERMEER,General Manager,tayler.termeer@utgolfclub.com,info@utgolfclub.com,,,,,,,utgolfclub.com,Indoor and Outdoor,Both indoor and outdoor court language found on site. UT location evidence: address. Paid access signals present (membership/rental/program).,https://www.utgolfclub.com/ | https://www.utgolfclub.com/membership/login | https://www.utgolfclub.com/membership | https://www.utgolfclub.com/membership/membership-opportunities | https://www.utgolfclub.com/membership/forms/membership-info-request-form | https://www.utgolfclub.com/golf/personnel | https://www.utgolfclub.com/tennis/personnel,Playwright,https://utgolfclub.com,https://www.utgolfclub.com/,
University of Utah Athletics,https://utahutes.com/,Salt Lake City,UT,College / University,tennis; basketball; volleyball,Indoor and outdoor,8,"General Info: Home of the ... Originally built in 1989, the $19 million facility features eight indoor tennis courts, coaches' offices and locker rooms. A new outdoor facility, located ... Home of the Unive",Joe,D'Orazio,General Manager,,,joe@utahutes.com,joe.dorazio@utahutes.com,joedorazio@utahutes.com,jdorazio@utahutes.com,j.dorazio@utahutes.com,joed@utahutes.com,utahutes.com,Indoor and Outdoor,Both indoor and outdoor court language found on site. UT location evidence: address. Paid access signals present (membership/rental/program). Guessed emails are UNVERIFIED pattern permutations - not published addresses.,https://utahutes.com/ | https://utahutes.com/news/2024/8/22/general-official-mobile-app-of-utah-athletics-utah-360 | https://utahutes.com/staff-directory | https://utahutes.com/facilities | https://utahutes.com/sports/2016/6/10/trads-ute-trads-success-html | https://utahutes.com/sports/2021/2/15/utah-athletics-hall-of-fame | https://utahutes.com/sports/2026/6/29/utah-athletics-2025-26-year-in-review,Playwright,https://utahutes.com,https://utahutes.com/,
USA Volleyball,https://usavolleyball.org/,Salt Lake City,UT,Private Club,volleyball,Indoor and outdoor,,,Scott,Wilhelm,CEO,,office@azregionvolleyball.org,scott@azregionvolleyball.org,scott.wilhelm@azregionvolleyball.org,scottwilhelm@azregionvolleyball.org,swilhelm@azregionvolleyball.org,s.wilhelm@azregionvolleyball.org,scottw@azregionvolleyball.org,azregionvolleyball.org,Indoor and Outdoor,Both indoor and outdoor court language found on site. UT location evidence: address. No court count stated by a reliable source; left blank. Paid access signals present (membership/rental/program). Guessed emails are UNVERIFIED pattern permutations - not published addresses.,https://usavolleyball.org/ | https://usavolleyball.org/contact/ | https://usavolleyball.org/play/national-team-development-program/ | https://usavolleyball.org/membership/ | https://usavolleyball.org/play/about-sitting-volleyball/ | https://usavolleyball.org/play/national-team-development-program/beach-ntdp/ | https://usavolleyball.org/play/national-team-development-program/indoor-ntdp/,Playwright,https://usavolleyball.org,https://usavolleyball.org/,
Utah Architectural Design Firm,https://www.nwlarchitects.com/,Salt Lake City,UT,School,pickleball; tennis; basketball; volleyball,Indoor and outdoor,4,"sketball court with two cross courts, a full-size volleyball court with two cross courts, four pickleball courts, and an ... The aquatic center features an indoor water park, lap pool, hot tub, and outd",LEED,AP,Director of Operations,,,leed@nwlarchitects.com,leed.ap@nwlarchitects.com,leedap@nwlarchitects.com,lap@nwlarchitects.com,l.ap@nwlarchitects.com,leeda@nwlarchitects.com,nwlarchitects.com,Indoor and Outdoor,Both indoor and outdoor court language found on site. UT location evidence: address. Paid access signals present (membership/rental/program). Guessed emails are UNVERIFIED pattern permutations - not published addresses.,https://www.nwlarchitects.com/ | https://www.nwlarchitects.com/about | https://www.nwlarchitects.com/people | https://www.nwlarchitects.com/projects/orrin-g-hatch-u-s-courthouse,Playwright,https://nwlarchitects.com,https://www.nwlarchitects.com/,
Utah Court Surfacing,https://utahcourtsurfacing.com/,Layton,UT,Pickleball Club,pickleball; tennis; basketball; volleyball; badminton; futsal,Indoor and outdoor,1,"ameplay. Court Designer Pickleball Court Surfacing for Everyone Whether you’re installing one pickleball court in your backyard or enough pickleball courts in your community to support a tournament, o",,,,jason@utahcourtsurfacing.com,,,,,,,,utahcourtsurfacing.com,Indoor and Outdoor,Both indoor and outdoor court language found on site. UT location evidence: address. No decision maker found on public pages.,https://utahcourtsurfacing.com/ | https://utahcourtsurfacing.com/sports-court-estimate-layton-ut/ | https://utahcourtsurfacing.com/court-surfaces-utah-court/ | https://utahcourtsurfacing.com/court-surfaces-utah-court/pickleball-court-surfacing/ | https://utahcourtsurfacing.com/court-surfaces-utah-court/basketball-court-surfacing/ | https://utahcourtsurfacing.com/court-surfaces-utah-court/tennis-court-surfacing/ | https://utahcourtsurfacing.com/court-surfaces-utah-court/multi-use-court-surfacing/,Playwright,https://utahcourtsurfacing.com,https://utahcourtsurfacing.com/,
Utah State University Athletics,https://utahstateaggies.com/,Logan,UT,College / University,tennis; basketball; volleyball,Indoor and outdoor,4,quet Club is the home for Utah State's men's and women's tennis programs. ... Club offers four indoor tennis courts and six outdoor courts ... Facility Rentals · Human Resources · Mission Statement · EADA,,,,,,,,,,,,utahstateaggies.com,Indoor and Outdoor,Both indoor and outdoor court language found on site. UT location evidence: address. No decision maker found on public pages. Paid access signals present (membership/rental/program).,https://utahstateaggies.com/ | https://utahstateaggies.com/index.aspx,Playwright,https://utahstateaggies.com,https://utahstateaggies.com/,
Vacasa,https://www.vacasa.com/,Park City,UT,School,pickleball; tennis; basketball,Indoor and outdoor,,,,,,,info@vacasa.com,,,,,,,vacasa.com,Indoor and Outdoor,Both indoor and outdoor court language found on site. UT location evidence: address. No decision maker found on public pages. No court count stated by a reliable source; left blank. Paid access signals present (membership/rental/program).,https://www.vacasa.com/ | https://www.vacasa.com/property-management | https://www.vacasa.com/explore/pet-friendly-vacation-rentals | https://www.vacasa.com/explore/lake-house-rentals | https://www.vacasa.com/usa/Alabama/Gulf-Shores,Playwright,https://vacasa.com,https://www.vacasa.com/,
Victory Ranch,https://victoryranchutah.com/,Kamas,UT,Indoor Sports Complex,pickleball; tennis; basketball; badminton,Indoor and outdoor,2,"es Up a New Kind of Winter Fun at Victory Ranch Sep 5, 2019 ... Just outside The Barn are two tennis courts and pickleball courts, as well as a paddle tennis pavilion that consists of two heated co",Michael,Bratcher,General Manager,mbratcher@victoryranchutah.com,info@victoryranchutah.com,,,,,,,victoryranchutah.com,Indoor and Outdoor,Both indoor and outdoor court language found on site. UT location evidence: address. Paid access signals present (membership/rental/program).,https://victoryranchutah.com/ | https://victoryranchutah.com/contact/ | https://victoryranchutah.com/amenity/double-barrel-shooting-facility/ | https://victoryranchutah.com/about/ | https://victoryranchutah.com/about/philanthropy/ | https://victoryranchutah.com/about/developers/ | https://victoryranchutah.com/property/7053-e-rising-star-court/,Playwright,https://victoryranchutah.com,https://victoryranchutah.com/,
Wasatch Hills Tennis Center,https://wasatchhills.libertytennis.com/,Salt Lake City,UT,Racquet / Tennis Club,tennis,Indoor and outdoor,4,"m in the local tennis community. Offering ten beautiful outdoor courts, a bubble covering four courts, and three-tier concrete seating capable of fitting hundreds of tennis enthusiasts. Progr",,,,,,,,,,,,wasatchhills.libertytennis.com,Indoor and Outdoor,Both indoor and outdoor court language found on site. UT location evidence: address. No decision maker found on public pages. Paid access signals present (membership/rental/program).,https://wasatchhills.libertytennis.com/ | https://wasatchhills.libertytennis.com/programs?category=&search=&view=grid,Playwright,https://wasatchhills.libertytennis.com,https://wasatchhills.libertytennis.com/,
West Haven Pickleball,https://westhavenpickleball.com/,West Haven,UT,Pickleball Club,pickleball,Indoor and outdoor,,,,,,,,,,,,,,westhavenpickleball.com,Indoor and Outdoor,Both indoor and outdoor court language found on site. UT location evidence: address. No decision maker found on public pages. No court count stated by a reliable source; left blank. Paid access signals present (membership/rental/program).,https://westhavenpickleball.com/,Playwright,https://westhavenpickleball.com,https://westhavenpickleball.com/,
Westminster University Athletics,https://westminstergriffins.com/,Salt Lake City,UT,College / University,tennis; basketball; volleyball,Indoor and outdoor,,,,,,,,,,,,,,westminstergriffins.com,Indoor and Outdoor,Both indoor and outdoor court language found on site. UT location evidence: address. No decision maker found on public pages. No court count stated by a reliable source; left blank. Paid access signals present (membership/rental/program).,https://westminstergriffins.com/ | https://westminstergriffins.com/sports/2009/5/21/GEN_0521094145 | https://westminstergriffins.com/sports/2018/4/26/athletics-mission-statement.aspx | https://westminstergriffins.com/facilities | https://westminstergriffins.com/sports/2024/2/13/facility-rentals.aspx | https://westminstergriffins.com/staff-directory | https://westminstergriffins.com/sports/2012/5/7/athletics_camps.aspx,Playwright,https://westminstergriffins.com,https://westminstergriffins.com/,
WherePickleball,https://wherepickleball.com/,Lehi,UT,Pickleball Club,pickleball; tennis; basketball; volleyball; badminton; racquetball,Indoor and outdoor,121,"Lynn Haven, AL 1 location • 1 court 1 public Playing Pickleball in Alabama Alabama offers 121 pickleball courts across 55 cities, making it one of the top destinations for pickleball enthusiasts. Wheth",,,,,,,,,,,,wherepickleball.com,Indoor and Outdoor,Both indoor and outdoor court language found on site. UT location evidence: address. No decision maker found on public pages. Paid access signals present (membership/rental/program).,https://wherepickleball.com/ | https://wherepickleball.com/courts | https://wherepickleball.com/submit-court | https://wherepickleball.com/blog/build-pickleball-court-home-diy-guide | https://wherepickleball.com/blog/pickleball-court-surfaces-guide | https://wherepickleball.com/courts/alabama,Playwright,https://wherepickleball.com,https://wherepickleball.com/,
Your Utah Escape,https://www.utahsbestvacationrentals.com/,Salt Lake City,UT,Unknown,pickleball,Indoor and outdoor,,,Privacy,Policy,Owner,,,privacy@utahsbestvacationrentals.com,privacy.policy@utahsbestvacationrentals.com,privacypolicy@utahsbestvacationrentals.com,ppolicy@utahsbestvacationrentals.com,p.policy@utahsbestvacationrentals.com,privacyp@utahsbestvacationrentals.com,utahsbestvacationrentals.com,Indoor and Outdoor,Both indoor and outdoor court language found on site. UT location evidence: address. No court count stated by a reliable source; left blank. Paid access signals present (membership/rental/program). Guessed emails are UNVERIFIED pattern permutations - not published addresses.,https://www.utahsbestvacationrentals.com/ | https://www.utahsbestvacationrentals.com/utah-vacation-rentals | https://www.utahsbestvacationrentals.com/salt-lake-city-house-rentals | https://www.utahsbestvacationrentals.com/salt-lake-city-rentals-with-private-pools | https://www.utahsbestvacationrentals.com/salt-lake-city-rentals-with-private-hot-tubs | https://www.utahsbestvacationrentals.com/downtown-salt-lake-city-rentals | https://www.utahsbestvacationrentals.com/st-george-house-rentals,Playwright,https://utahsbestvacationrentals.com,https://www.utahsbestvacationrentals.com/,
Zermatt Resort,https://zermattresort.com/,Midway,UT,Unknown,tennis; volleyball,Indoor and outdoor,,,,,,,frontdesk@zermattresort.com,,,,,,,zermattresort.com,Indoor and Outdoor,Both indoor and outdoor court language found on site. UT location evidence: address. No decision maker found on public pages. No court count stated by a reliable source; left blank. Paid access signals present (membership/rental/program).,https://zermattresort.com/ | https://zermattresort.com/about/contact | https://zermattresort.com/about | https://zermattresort.com/about/community,Playwright,https://zermattresort.com,https://zermattresort.com/,
4Peaks Athletic Center,https://4peaksutah.com/,West Jordan,UT,School,basketball,Unclear,,,,,,,,,,,,,,4peaksutah.com,Needs Review,"Court sports and paid access found, but indoor/outdoor not stated. UT location evidence: address. No decision maker found on public pages. No court count stated by a reliable source; left blank. Paid access signals present (membership/rental/program).",https://4peaksutah.com/ | https://4peaksutah.com/facility/ | https://4peaksutah.com/who-we-are/ | https://4peaksutah.com/rentals-group-events/ | https://4peaksutah.com/contact-us/,Playwright,https://4peaksutah.com,https://4peaksutah.com/,
Advantage Tennis - Advantage Tennis Website,https://www.advantagetennisutah.com/,Lehi,UT,Racquet / Tennis Club,pickleball; tennis,Unclear,,,,,,,,,,,,,,advantagetennisutah.com,Needs Review,"Court sports and paid access found, but indoor/outdoor not stated. UT location evidence: address. No decision maker found on public pages. No court count stated by a reliable source; left blank. Paid access signals present (membership/rental/program).",https://www.advantagetennisutah.com/ | https://www.advantagetennisutah.com/adult-programs-ivory-ridge/ | https://www.advantagetennisutah.com/junior-programs-ivoryridge-tennis/ | https://www.advantagetennisutah.com/adult-programs-sunpro-tennis/ | https://www.advantagetennisutah.com/adult-programs-sunpro-pickleball/ | https://www.advantagetennisutah.com/junior-programs-sunpro-tennis/ | https://www.advantagetennisutah.com/junior-programs-camps-sunpro/,Playwright,https://advantagetennisutah.com,https://www.advantagetennisutah.com/,
AmyoSport,https://amyosport.com/,Texas,UT,School,basketball,Unclear,,,,,,,,,,,,,,amyosport.com,Needs Review,"Court sports and paid access found, but indoor/outdoor not stated. UT location evidence: address. No decision maker found on public pages. No court count stated by a reliable source; left blank. Paid access signals present (membership/rental/program).",https://amyosport.com/ | https://amyosport.com/tryouts | https://amyosport.com/teams-looking-for-players | https://amyosport.com/parks/directory | https://amyosport.com/leagues | https://amyosport.com/clubs | https://amyosport.com/colleges,Playwright,https://amyosport.com,https://amyosport.com/,
"Apartments in Logan, Utah",https://www.devonshireisyourhome.com/,North Logan,UT,College / University,tennis; basketball,Unclear,,,,,,,,,,,,,,devonshireisyourhome.com,Needs Review,"Court sports and paid access found, but indoor/outdoor not stated. UT location evidence: address. No decision maker found on public pages. No court count stated by a reliable source; left blank. Paid access signals present (membership/rental/program).",https://www.devonshireisyourhome.com/,Playwright,https://devonshireisyourhome.com,https://www.devonshireisyourhome.com/,
Athletic Republic - West Jordan,https://westjordan.athleticrepublic.com/,West Jordan,UT,Health Club,tennis; basketball; volleyball,Unclear,,,,,,westjordan@athleticrepublicteam.com,,,,,,,,athleticrepublicteam.com,Needs Review,"Court sports and paid access found, but indoor/outdoor not stated. UT location evidence: address. No decision maker found on public pages. No court count stated by a reliable source; left blank. Paid access signals present (membership/rental/program).",https://westjordan.athleticrepublic.com/ | https://westjordan.athleticrepublic.com/acl-bridge-program/ | https://westjordan.athleticrepublic.com/about-us/ | https://westjordan.athleticrepublic.com/contact/ | https://westjordan.athleticrepublic.com/sports-performance-training-west-jordan-ut/ | https://westjordan.athleticrepublic.com/fitness-training-west-jordan-ut/,Playwright,https://westjordan.athleticrepublic.com,https://westjordan.athleticrepublic.com/,
Ballout,https://www.balloututah.com/,,UT,College / University,basketball,Unclear,,,,,,balloututah@gmail.com,,,,,,,,balloututah.com,Needs Review,"Court sports and paid access found, but indoor/outdoor not stated. UT location evidence: mention. No decision maker found on public pages. No court count stated by a reliable source; left blank. Paid access signals present (membership/rental/program).",https://www.balloututah.com/,Playwright,https://balloututah.com,https://www.balloututah.com/,
Basketball League,https://www.netsonfire.org/,George,UT,Private Club,basketball; volleyball,Unclear,,,,,,kaseywinters@netsonfire.org,,,,,,,,netsonfire.org,Needs Review,"Court sports and paid access found, but indoor/outdoor not stated. UT location evidence: address. No decision maker found on public pages. No court count stated by a reliable source; left blank. Paid access signals present (membership/rental/program).",https://www.netsonfire.org/ | https://www.netsonfire.org/about | https://www.netsonfire.org/facilities | https://www.netsonfire.org/staff | https://www.netsonfire.org/contact-us,Playwright,https://netsonfire.org,https://www.netsonfire.org/,
Basketball-Reference.com,https://www.basketball-reference.com/,Portland,UT,College / University,basketball,Unclear,,,,,,,,,,,,,,basketball-reference.com,Needs Review,"Court sports and paid access found, but indoor/outdoor not stated. UT location evidence: address. No decision maker found on public pages. No court count stated by a reliable source; left blank. Paid access signals present (membership/rental/program).",https://www.basketball-reference.com/ | https://www.basketball-reference.com/players/ | https://www.basketball-reference.com/about/ | https://www.basketball-reference.com/about/glossary.html | https://www.basketball-reference.com/about/contact.html | https://www.basketball-reference.com/about/nba-basketball-faqs.html | https://www.basketball-reference.com/linker/,Playwright,https://basketball-reference.com,https://www.basketball-reference.com/,
Bloomington Country Club,https://www.bloomingtoncountryclub.com/,George,UT,Country Club,tennis,Unclear,,,,,,scott@bloomingtoncountryclub.com,info@bloomingtoncountryclub.com,,,,,,,bloomingtoncountryclub.com,Needs Review,"Court sports and paid access found, but indoor/outdoor not stated. UT location evidence: address. No decision maker found on public pages. No court count stated by a reliable source; left blank. Paid access signals present (membership/rental/program).",https://www.bloomingtoncountryclub.com/ | https://www.bloomingtoncountryclub.com/membership | https://www.bloomingtoncountryclub.com/connect,Playwright,https://bloomingtoncountryclub.com,https://www.bloomingtoncountryclub.com/,
Blue Mountain RV and Trading,https://www.bluemountainrvpark.com/,Blanding,UT,Pickleball Club,pickleball,Unclear,,,,,,bluemountainrvpark1@gmail.com,,,,,,,,bluemountainrvpark.com,Needs Review,"Court sports found, but indoor/outdoor not stated. UT location evidence: address. No decision maker found on public pages. No court count stated by a reliable source; left blank.",https://www.bluemountainrvpark.com/ | https://www.bluemountainrvpark.com/about/gallery.html | https://www.bluemountainrvpark.com/about/park-map.html | https://www.bluemountainrvpark.com/contact.html | https://www.bluemountainrvpark.com/about/index.html,Playwright,https://bluemountainrvpark.com,https://www.bluemountainrvpark.com/,
Breakthrough Strengt,https://www.breakthroughsc.com/,Orem,UT,School,basketball,Unclear,,,,,,ben@breakthroughsc.com,,,,,,,,breakthroughsc.com,Needs Review,"Court sports and paid access found, but indoor/outdoor not stated. UT location evidence: address. No decision maker found on public pages. No court count stated by a reliable source; left blank. Paid access signals present (membership/rental/program).",https://www.breakthroughsc.com/ | https://www.breakthroughsc.com/about,Playwright,https://breakthroughsc.com,https://www.breakthroughsc.com/,
BullRok Excavation,https://www.bullrok.com/,Mona,UT,Unknown,pickleball,Unclear,,,,,,brian@bullrok.com,,,,,,,,bullrok.com,Needs Review,"Court sports found, but indoor/outdoor not stated. UT location evidence: address. No decision maker found on public pages. No court count stated by a reliable source; left blank.",https://www.bullrok.com/ | https://www.bullrok.com/about | https://www.bullrok.com/contact,Playwright,https://bullrok.com,https://www.bullrok.com/,
Cache County School District,https://www.ccsdut.org/,North Logan,UT,School,tennis; basketball; volleyball,Unclear,,,Derek,Beer,Executive Director,,,derek@ccsdut.org,derek.beer@ccsdut.org,derekbeer@ccsdut.org,dbeer@ccsdut.org,d.beer@ccsdut.org,derekb@ccsdut.org,ccsdut.org,Needs Review,"Court sports and paid access found, but indoor/outdoor not stated. UT location evidence: address. No court count stated by a reliable source; left blank. Paid access signals present (membership/rental/program). Guessed emails are UNVERIFIED pattern permutations - not published addresses.",https://www.ccsdut.org/ | https://www.ccsdut.org/about-us | https://www.ccsdut.org/about-us/cache-education-foundation | https://www.ccsdut.org/about-us/calendars | https://www.ccsdut.org/about-us/locations | https://www.ccsdut.org/about-us/directory | https://www.ccsdut.org/about-us/district-administration,Playwright,https://ccsdut.org,https://www.ccsdut.org/,
Central Valley Medical Center,https://www.centralvalleymedicalcenter.com/,Nephi,UT,School,tennis,Unclear,,,,,,,,,,,,,,centralvalleymedicalcenter.com,Needs Review,"Court sports and paid access found, but indoor/outdoor not stated. UT location evidence: address. No decision maker found on public pages. No court count stated by a reliable source; left blank. Paid access signals present (membership/rental/program).",https://www.centralvalleymedicalcenter.com/ | https://www.centralvalleymedicalcenter.com/contact-us/ | https://www.centralvalleymedicalcenter.com/specialties-services/pain-management/ | https://www.centralvalleymedicalcenter.com/patients-visitors/about-your-stay/ | https://www.centralvalleymedicalcenter.com/patients-visitors/about-your-stay/your-healthcare-team/ | https://www.centralvalleymedicalcenter.com/about-cvmc/ | https://www.centralvalleymedicalcenter.com/about-cvmc/our-mission/,Playwright,https://centralvalleymedicalcenter.com,https://www.centralvalleymedicalcenter.com/,
Clifton Meadows Swim Club,https://cliftonmeadows.membersplash.com/,,UT,Private Club,tennis,Unclear,,,,,,,info@cliftonmeadows.com,,,,,,,cliftonmeadows.com,Needs Review,"Court sports and paid access found, but indoor/outdoor not stated. UT location evidence: mention. No decision maker found on public pages. No court count stated by a reliable source; left blank. Paid access signals present (membership/rental/program).",https://cliftonmeadows.membersplash.com/ | https://cliftonmeadows.membersplash.com/membership/make-an-account-change/ | https://cliftonmeadows.membersplash.com/membership/join-our-club/,Playwright,https://cliftonmeadows.membersplash.com,https://cliftonmeadows.membersplash.com/,
"Clinton City, UT",https://clintoncity.net/,Clinton,UT,Unknown,pickleball; basketball; volleyball,Unclear,6,Fields: $200 per field/day (+ setup and paint fees); Pickleball Courts: $350/day (maximum six courts); Open Grass Area: $30 per hour per area ... Clinton Recreation is a united team of dedic,,,,,,,,,,,,clintoncity.net,Needs Review,"Court sports and paid access found, but indoor/outdoor not stated. UT location evidence: address. No decision maker found on public pages. Paid access signals present (membership/rental/program).",https://clintoncity.net/ | https://www.clintoncity.net/2530/Recycling | https://clintoncity.net/2213/Parks-Recreation,Playwright,https://clintoncity.net,https://clintoncity.net/,
Club 801,https://club801vbc.com/,Lehi,UT,Private Club,volleyball,Unclear,,,,,,,info@club801vbc.com,,,,,,,club801vbc.com,Needs Review,"Court sports and paid access found, but indoor/outdoor not stated. UT location evidence: address. No decision maker found on public pages. No court count stated by a reliable source; left blank. Paid access signals present (membership/rental/program).",https://club801vbc.com/ | https://club801vbc.com/club/facility | https://club801vbc.com/club/tryouts-girls | https://club801vbc.com/club/contact,Playwright,https://club801vbc.com,https://club801vbc.com/,
Club Idaho Vball,https://www.clubidaho.com/,,UT,College / University,volleyball,Unclear,,,,,,clubidahovb@gmail.com,,,,,,,,clubidaho.com,Needs Review,"Court sports and paid access found, but indoor/outdoor not stated. UT location evidence: mention. No decision maker found on public pages. No court count stated by a reliable source; left blank. Paid access signals present (membership/rental/program).",https://www.clubidaho.com/ | https://www.clubidaho.com/about | https://www.clubidaho.com/about/staff | https://www.clubidaho.com/about/alumni | https://www.clubidaho.com/about/locations | https://www.clubidaho.com/about/become-a-coach | https://www.clubidaho.com/programs,Playwright,https://clubidaho.com,https://www.clubidaho.com/,
Club Union Volleyball,https://clubunionvolleyball.com/,,UT,Private Club,volleyball,Unclear,,,,,,clubunionvolleyball@yahoo.com,,,,,,,,clubunionvolleyball.com,Needs Review,"Court sports and paid access found, but indoor/outdoor not stated. UT location evidence: phone. No decision maker found on public pages. No court count stated by a reliable source; left blank. Paid access signals present (membership/rental/program).",https://clubunionvolleyball.com/ | https://clubunionvolleyball.com/aau-membership/ | https://clubunionvolleyball.com/contact/,Playwright,https://clubunionvolleyball.com,https://clubunionvolleyball.com/,
Club Utah Basketball Academy,https://www.clubutah.org/,,UT,School,basketball,Unclear,,,,,,,,,,,,,,clubutah.org,Needs Review,"Court sports and paid access found, but indoor/outdoor not stated. UT location evidence: address. No decision maker found on public pages. No court count stated by a reliable source; left blank. Paid access signals present (membership/rental/program).",https://www.clubutah.org/ | https://www.clubutah.org/about,Playwright,https://clubutah.org,https://www.clubutah.org/,
Conquer Padel Club,https://conquerpadel.com/,Lehi,UT,Private Club,pickleball; tennis; padel,Unclear,1,"hoenix, AZ, Enrique and his wife wanted to play Padel. To their surprise, they found only one court, and it was on private property. That's when his wife asked, 'What if we build a Padel cl",Enrique,Gracia,Founder,,info@conquerpadel.com,enrique@conquerpadel.com,enrique.gracia@conquerpadel.com,enriquegracia@conquerpadel.com,egracia@conquerpadel.com,e.gracia@conquerpadel.com,enriqueg@conquerpadel.com,conquerpadel.com,Needs Review,"Court sports and paid access found, but indoor/outdoor not stated. UT location evidence: address. Paid access signals present (membership/rental/program). Guessed emails are UNVERIFIED pattern permutations - not published addresses.",https://conquerpadel.com/ | https://conquerpadel.com/about | https://conquerpadel.com/contact,Playwright,https://conquerpadel.com,https://conquerpadel.com/,
Country Club List,https://www.countryclublist.com/,,UT,Country Club,tennis,Unclear,11,"ved. Top Country Clubs in Utah May 11, 2025 ... The club features an 18-hole golf course, 11 tennis courts, 3 ... Located in Ferron, Utah, Millsite Golf Course offers a distinctive ...",,,,,,,,,,,,countryclublist.com,Needs Review,"Court sports and paid access found, but indoor/outdoor not stated. UT location evidence: mention. No decision maker found on public pages. Paid access signals present (membership/rental/program).",https://www.countryclublist.com/ | https://www.countryclublist.com/about | https://www.countryclublist.com/contact,Playwright,https://countryclublist.com,https://www.countryclublist.com/,
Croft-Beck Floors,https://croftbeckfloors.com/,Salt Lake City,UT,Unknown,basketball; volleyball,Unclear,,,,,,,,,,,,,,croftbeckfloors.com,Needs Review,"Court sports found, but indoor/outdoor not stated. UT location evidence: address. No decision maker found on public pages. No court count stated by a reliable source; left blank.",https://croftbeckfloors.com/ | https://croftbeckfloors.com/contact-us/,Playwright,https://croftbeckfloors.com,https://croftbeckfloors.com/,
Defensive Love,https://defensivelove.com/,Provo,UT,College / University,basketball,Unclear,,,,,,,,,,,,,,defensivelove.com,Needs Review,"Court sports and paid access found, but indoor/outdoor not stated. UT location evidence: address. No decision maker found on public pages. No court count stated by a reliable source; left blank. Paid access signals present (membership/rental/program).",https://defensivelove.com/ | https://defensivelove.com/pages/contact | https://defensivelove.com/pages/about-us,Playwright,https://defensivelove.com,https://defensivelove.com/,
Denver Tennis Community,https://tennisdenver.com/,,UT,Racquet / Tennis Club,tennis,Unclear,8,"DENVER Denver - Berkeley Park 4500 W 46th Ave., Denver CO 80212 2,065 Matches Played Here 8 Courts Lighted Wall Denver - City Park 2450 23rd Ave, Denver CO 80205 3,731 Matches Played Here",,,,tennisdenver1@gmail.com,,,,,,,,tennisdenver.com,Needs Review,"Court sports and paid access found, but indoor/outdoor not stated. UT location evidence: mention. No decision maker found on public pages. Paid access signals present (membership/rental/program).",https://tennisdenver.com/ | https://tennisdenver.com/thanks/partner_flow | https://tennisdenver.com/Denver-Tennis-Courts | https://tennisdenver.com/partner-program | https://tennisdenver.com/thanks/partner_flow.htm | https://tennisdenver.com/Denver-Tennis-Lessons | https://tennisdenver.com/info/contact-email,Playwright,https://tennisdenver.com,https://tennisdenver.com/,
Duchesne County School District,https://www.dcsd.org/,Roosevelt,UT,College / University,tennis,Unclear,,,,,,dmiles@dcsd.org,,,,,,,,dcsd.org,Needs Review,"Court sports and paid access found, but indoor/outdoor not stated. UT location evidence: address. No decision maker found on public pages. No court count stated by a reliable source; left blank. Paid access signals present (membership/rental/program).",https://www.dcsd.org/ | https://www.dcsd.org/page/grama | https://www.dcsd.org/page/beverley-taylor-sorenson-art-program | https://www.dcsd.org/page/tricounty-anti-tobacco-programs,Playwright,https://dcsd.org,https://www.dcsd.org/,
E.K. Bailey Construction,https://ekbailey.com/,Ogden,UT,Unknown,pickleball,Unclear,,,,,,,,,,,,,,ekbailey.com,Needs Review,"Court sports found, but indoor/outdoor not stated. UT location evidence: address. No decision maker found on public pages. No court count stated by a reliable source; left blank.",https://ekbailey.com/ | https://ekbailey.com/construction-management/ | https://ekbailey.com/about/ | https://ekbailey.com/commerical-construction-ogden-ut/,Playwright,https://ekbailey.com,https://ekbailey.com/,
Eagle Mountain Rec Sports,https://eaglemountainrecsports.com/,Eagle Mountain,UT,Unknown,basketball; volleyball,Unclear,,,,,,em.utahrecsports@gmail.com,admin@eaglemountainrecsports.com,,,,,,,eaglemountainrecsports.com,Needs Review,"Court sports and paid access found, but indoor/outdoor not stated. UT location evidence: address. No decision maker found on public pages. No court count stated by a reliable source; left blank. Paid access signals present (membership/rental/program).",https://eaglemountainrecsports.com/ | https://eaglemountainrecsports.com/contact-us/,Playwright,https://eaglemountainrecsports.com,https://eaglemountainrecsports.com/,
Elevate Athletics,https://elevatevbc.com/,Lindon,UT,School,volleyball,Unclear,,,,,,elevatevbc@gmail.com,,,,,,,,elevatevbc.com,Needs Review,"Court sports and paid access found, but indoor/outdoor not stated. UT location evidence: address. No decision maker found on public pages. No court count stated by a reliable source; left blank. Paid access signals present (membership/rental/program).",https://elevatevbc.com/ | https://elevatevbc.com/staff/ | https://elevatevbc.com/summerprograms/ | https://elevatevbc.com/contact/,Playwright,https://elevatevbc.com,https://elevatevbc.com/,
ELEVATE CREATIVE,https://infinitescale.com/,Salt Lake City,UT,Unknown,basketball,Unclear,,,AMY,LUKAS,Co-Founder,,hello@infinitescale.com,amy@infinitescale.com,amy.lukas@infinitescale.com,amylukas@infinitescale.com,alukas@infinitescale.com,a.lukas@infinitescale.com,amyl@infinitescale.com,infinitescale.com,Needs Review,"Court sports and paid access found, but indoor/outdoor not stated. UT location evidence: address. No court count stated by a reliable source; left blank. Paid access signals present (membership/rental/program). Guessed emails are UNVERIFIED pattern permutations - not published addresses.",https://infinitescale.com/ | https://infinitescale.com/about/ | https://infinitescale.com/contact/ | https://infinitescale.com/work/courts-at-mayo-clinic/,Playwright,https://infinitescale.com,https://infinitescale.com/,
Elevate Sports Center,https://elevategymnasticsut.com/,Eagle Mountain,UT,Indoor Sports Complex,basketball,Unclear,,,,,,,info@elevategymnasticsut.com,,,,,,,elevategymnasticsut.com,Needs Review,"Court sports and paid access found, but indoor/outdoor not stated. UT location evidence: address. No decision maker found on public pages. No court count stated by a reliable source; left blank. Paid access signals present (membership/rental/program).",https://elevategymnasticsut.com/ | https://elevategymnasticsut.com/programs/ | https://elevategymnasticsut.com/referral-program-rewards/ | https://elevategymnasticsut.com/about/ | https://elevategymnasticsut.com/contact/,Playwright,https://elevategymnasticsut.com,https://elevategymnasticsut.com/,
Elite 360 Basketball Club,https://elite360basketball.com/,West Jordan,UT,School,basketball,Unclear,,,,,,,info@elite360basketball.com,,,,,,,elite360basketball.com,Needs Review,"Court sports and paid access found, but indoor/outdoor not stated. UT location evidence: address. No decision maker found on public pages. No court count stated by a reliable source; left blank. Paid access signals present (membership/rental/program).",https://elite360basketball.com/ | https://elite360basketball.com/about-us/ | https://elite360basketball.com/coaching-staff/ | https://elite360basketball.com/contact/,Playwright,https://elite360basketball.com,https://elite360basketball.com/,
Elite Skills,https://www.eliteskillsbball.com/,West Jordan,UT,School,basketball,Unclear,,,Duane,Koski,Owner,,info@eliteskillsbball.com,duane@eliteskillsbball.com,duane.koski@eliteskillsbball.com,duanekoski@eliteskillsbball.com,dkoski@eliteskillsbball.com,d.koski@eliteskillsbball.com,duanek@eliteskillsbball.com,eliteskillsbball.com,Needs Review,"Court sports and paid access found, but indoor/outdoor not stated. UT location evidence: address. No court count stated by a reliable source; left blank. Paid access signals present (membership/rental/program). Guessed emails are UNVERIFIED pattern permutations - not published addresses.",https://www.eliteskillsbball.com/ | https://www.eliteskillsbball.com/index.php/the-technology/training-facility/ | https://www.eliteskillsbball.com/index.php/who-we-are/ | https://www.eliteskillsbball.com/index.php/contact-us/,Playwright,https://eliteskillsbball.com,https://www.eliteskillsbball.com/,
Eric Brown Basketball Academy,https://www.ebhoopsacademy.com/,LOCATION Cache Valley,UT,College / University,basketball,Unclear,,,,,,ebhoopsacademy@gmail.com,,,,,,,,ebhoopsacademy.com,Needs Review,"Court sports and paid access found, but indoor/outdoor not stated. UT location evidence: address. No decision maker found on public pages. No court count stated by a reliable source; left blank. Paid access signals present (membership/rental/program).",https://www.ebhoopsacademy.com/ | https://www.ebhoopsacademy.com/contact/ | https://www.ebhoopsacademy.com/about/,Playwright,https://ebhoopsacademy.com,https://www.ebhoopsacademy.com/,
Events by Santa Clara University Athletics,https://scubroncos.scu.edu/,,UT,College / University,basketball; volleyball,Unclear,,,,,,broncotickets@scu.edu,,,,,,,,scu.edu,Needs Review,"Court sports found, but indoor/outdoor not stated. UT location evidence: mention. No decision maker found on public pages. No court count stated by a reliable source; left blank.",https://scubroncos.scu.edu/,Playwright,https://scubroncos.scu.edu,https://scubroncos.scu.edu/,
Evergreene Management Group,https://www.emg-apts.com/,Murray,UT,College / University,pickleball; basketball,Unclear,15,"eld, UT | Nova by Lotus Townhomes Lotus Anthem | Apartments for Rent in Clearfield, UT, 84015 Basketball Court; Pickleball Court; Courtyard; 24 Hour Maintenance Availability. Playground; Bark Park; Pr",,,,,,,,,,,,emg-apts.com,Needs Review,"Court sports and paid access found, but indoor/outdoor not stated. UT location evidence: address. No decision maker found on public pages. Paid access signals present (membership/rental/program).",https://www.emg-apts.com/ | https://www.emg-apts.com/about-us/index.html | https://www.emg-apts.com/contact-us/index.html,Playwright,https://emg-apts.com,https://www.emg-apts.com/,
Fantomz Basketball Club,https://www.fantomzbasketball.com/,Mapleton,UT,Private Club,basketball,Unclear,,,,,,fantomzball@gmail.com,,,,,,,,fantomzbasketball.com,Needs Review,"Court sports and paid access found, but indoor/outdoor not stated. UT location evidence: address. No decision maker found on public pages. No court count stated by a reliable source; left blank. Paid access signals present (membership/rental/program).",https://www.fantomzbasketball.com/ | https://www.fantomzbasketball.com/contact,Playwright,https://fantomzbasketball.com,https://www.fantomzbasketball.com/,
Fly High Ogden,https://ogden.flyhighfun.com/,Ogden,UT,School,basketball,Unclear,,,,,,,,,,,,,,ogden.flyhighfun.com,Needs Review,"Court sports and paid access found, but indoor/outdoor not stated. UT location evidence: address. No decision maker found on public pages. No court count stated by a reliable source; left blank. Paid access signals present (membership/rental/program).",https://ogden.flyhighfun.com/ | https://ogden.flyhighfun.com/rates-monthly-memberships/ | https://ogden.flyhighfun.com/attractions/basketball-court-dunk-ball/ | https://ogden.flyhighfun.com/attractions/sports-court-dodgeball/ | https://ogden.flyhighfun.com/attractions/main-court-open-trampoline-area/ | https://ogden.flyhighfun.com/safety-guidelines/kids-court/ | https://ogden.flyhighfun.com/safety-guidelines/main-court/,Playwright,https://ogden.flyhighfun.com,https://ogden.flyhighfun.com/,
Fly High Woods Cross,https://woodscross.flyhighfun.com/,Woods Cross,UT,School,basketball,Unclear,,,,,,flyhighwoodscross@gmail.com,,,,,,,,woodscross.flyhighfun.com,Needs Review,"Court sports and paid access found, but indoor/outdoor not stated. UT location evidence: address. No decision maker found on public pages. No court count stated by a reliable source; left blank. Paid access signals present (membership/rental/program).",https://woodscross.flyhighfun.com/ | https://woodscross.flyhighfun.com/rates-monthly-memberships/ | https://woodscross.flyhighfun.com/contact/,Playwright,https://woodscross.flyhighfun.com,https://woodscross.flyhighfun.com/,
Free Rental Listings and Property Management Software,https://www.rentler.com/,,UT,Unknown,basketball,Unclear,,,,,,,hello@rentler.com,,,,,,,rentler.com,Needs Review,"Court sports and paid access found, but indoor/outdoor not stated. UT location evidence: mention. No decision maker found on public pages. No court count stated by a reliable source; left blank. Paid access signals present (membership/rental/program).",https://www.rentler.com/ | https://www.rentler.com/landlord/rental-applications | https://www.rentler.com/landlord/rental-forms | https://www.rentler.com/landlord/price-your-rental | https://www.rentler.com/tenant/rental-applications | https://www.rentler.com/about | https://www.rentler.com/contact,Playwright,https://rentler.com,https://www.rentler.com/,
Gymshare,https://www.gymshare.co/,Spanish Fork,UT,Health Club,pickleball,Unclear,,,,,,,,,,,,,,gymshare.co,Needs Review,"Court sports and paid access found, but indoor/outdoor not stated. UT location evidence: address. No decision maker found on public pages. No court count stated by a reliable source; left blank. Paid access signals present (membership/rental/program).",https://www.gymshare.co/,Playwright,https://gymshare.co,https://www.gymshare.co/,
Halford Hoops,https://halfordhoops.com/,Pleasant Grove,UT,College / University,basketball,Unclear,,,,,,,info@halfordhoops.com,,,,,,,halfordhoops.com,Needs Review,"Court sports and paid access found, but indoor/outdoor not stated. UT location evidence: address. No decision maker found on public pages. No court count stated by a reliable source; left blank. Paid access signals present (membership/rental/program).",https://halfordhoops.com/,Playwright,https://halfordhoops.com,https://halfordhoops.com/,
HelloLesson,https://hellolesson.com/,,UT,Unknown,tennis,Unclear,,,,,,care@hellolesson.com,,,,,,,,hellolesson.com,Needs Review,"Court sports and paid access found, but indoor/outdoor not stated. UT location evidence: mention. No decision maker found on public pages. No court count stated by a reliable source; left blank. Paid access signals present (membership/rental/program).",https://hellolesson.com/ | https://hellolesson.com/who-we-are,Playwright,https://hellolesson.com,https://hellolesson.com/,
Hexcel,https://www.hexcel.com/,West Valley City,UT,College / University,tennis,Unclear,,,Hexcel,Chairman,President,,,hexcel@hexcel.com,hexcel.chairman@hexcel.com,hexcelchairman@hexcel.com,hchairman@hexcel.com,h.chairman@hexcel.com,hexcelc@hexcel.com,hexcel.com,Needs Review,"Court sports and paid access found, but indoor/outdoor not stated. UT location evidence: address. No court count stated by a reliable source; left blank. Paid access signals present (membership/rental/program). Guessed emails are UNVERIFIED pattern permutations - not published addresses.",https://www.hexcel.com/ | https://www.hexcel.com/careers/ | https://www.hexcel.com/about-us/ | https://www.hexcel.com/contact-us/ | https://www.hexcel.com/products/,Playwright,https://hexcel.com,https://www.hexcel.com/,
Highland High,https://highland.slcschools.org/,Salt Lake City,UT,School,tennis; basketball; volleyball,Unclear,,,,,,,,,,,,,,highland.slcschools.org,Needs Review,"Court sports and paid access found, but indoor/outdoor not stated. UT location evidence: address. No decision maker found on public pages. No court count stated by a reliable source; left blank. Paid access signals present (membership/rental/program).",https://highland.slcschools.org/ | https://highland.slcschools.org/about-our-school | https://highland.slcschools.org/faculty-directory | https://highland.slcschools.org/programs-options | https://highland.slcschools.org/athletics-home | https://highland.slcschools.org/264049_2 | https://highland.slcschools.org/clubs-activities,Playwright,https://highland.slcschools.org,https://highland.slcschools.org/,
Highland Rambler,https://highlandrambler.org/,Salt Lake City,UT,School,tennis,Unclear,,,,,,,,,,,,,,highlandrambler.org,Needs Review,"Court sports and paid access found, but indoor/outdoor not stated. UT location evidence: address. No decision maker found on public pages. No court count stated by a reliable source; left blank. Paid access signals present (membership/rental/program).",https://highlandrambler.org/ | https://highlandrambler.org/about/ | https://highlandrambler.org/staff/ | https://highlandrambler.org/7599/news/district-cancels-the-guide-dog-program/ | https://highlandrambler.org/staff_name/karen-chavez/ | https://highlandrambler.org/staff_name/camille-fisher/ | https://highlandrambler.org/staff_name/hillary-kimball/,Playwright,https://highlandrambler.org,https://highlandrambler.org/,
Hive Volleyball,https://www.utahhivevolleyball.com/,Farmington,UT,College / University,volleyball,Unclear,,,CHRIS,GORNY,Director of Operations,chris@utahhivevolleyball.com,info@utahhivevolleyball.com,,,,,,,utahhivevolleyball.com,Needs Review,"Court sports and paid access found, but indoor/outdoor not stated. UT location evidence: address. No court count stated by a reliable source; left blank. Paid access signals present (membership/rental/program).",https://www.utahhivevolleyball.com/ | https://www.utahhivevolleyball.com/page/show/9512712-summer-programs | https://www.utahhivevolleyball.com/staff,Playwright,https://utahhivevolleyball.com,https://www.utahhivevolleyball.com/,
Huntington Swim & Tennis Club,https://huntingtonpool.membersplash.com/,,UT,Racquet / Tennis Club,tennis,Unclear,,,,,,,,,,,,,,huntingtonpool.membersplash.com,Needs Review,"Court sports and paid access found, but indoor/outdoor not stated. UT location evidence: mention. No decision maker found on public pages. No court count stated by a reliable source; left blank. Paid access signals present (membership/rental/program).",https://huntingtonpool.membersplash.com/ | https://huntingtonpool.membersplash.com/membership/join/,Playwright,https://huntingtonpool.membersplash.com,https://huntingtonpool.membersplash.com/,
i9 Sports,https://www.i9sports.com/,,UT,Unknown,tennis; basketball; volleyball,Unclear,,,,,,,,,,,,,,i9sports.com,Needs Review,"Court sports and paid access found, but indoor/outdoor not stated. UT location evidence: mention. No decision maker found on public pages. No court count stated by a reliable source; left blank. Paid access signals present (membership/rental/program).",https://www.i9sports.com/ | https://www.i9sports.com/find-a-program | https://www.i9sports.com/browse-all-programs | https://www.i9sports.com/about | https://www.i9sports.com/parental-pledge | https://www.i9sports.com/about/gains-for-girls | https://www.i9sports.com/contact/media-inquiries,Playwright,https://i9sports.com,https://www.i9sports.com/,
ICE Basketball | Online Training,https://www.ice-basketball.com/,Taylorsville,UT,College / University,basketball,Unclear,,,,,,icebballtraining@gmail.com,,,,,,,,ice-basketball.com,Needs Review,"Court sports and paid access found, but indoor/outdoor not stated. UT location evidence: address. No decision maker found on public pages. No court count stated by a reliable source; left blank. Paid access signals present (membership/rental/program).",https://www.ice-basketball.com/ | https://www.ice-basketball.com/about | https://www.ice-basketball.com/contact,Playwright,https://ice-basketball.com,https://www.ice-basketball.com/,
Intermountain Health,https://intermountainhealthcare.org/,Salt Lake City,UT,Unknown,basketball,Unclear,,,,,,,,,,,,,,intermountainhealthcare.org,Needs Review,"Court sports and paid access found, but indoor/outdoor not stated. UT location evidence: address. No decision maker found on public pages. No court count stated by a reliable source; left blank. Paid access signals present (membership/rental/program).",https://intermountainhealthcare.org/ | https://intermountainhealthcare.org/about | https://intermountainhealthcare.org/about/power-of-we | https://intermountainhealthcare.org/for-professionals/medical-staff-fees | https://intermountainhealthcare.org/about/contact | https://intermountainhealthcare.org/about/community-health/chna-reports,Playwright,https://intermountainhealthcare.org,https://intermountainhealthcare.org/,
Intermountain Pickleball Club,https://impickleballclub.com/,Lindon,UT,Pickleball Club,pickleball; basketball,Unclear,,,,,,,admin@impickleballclub.com,,,,,,,impickleballclub.com,Needs Review,"Court sports and paid access found, but indoor/outdoor not stated. UT location evidence: address. No decision maker found on public pages. No court count stated by a reliable source; left blank. Paid access signals present (membership/rental/program).",https://impickleballclub.com/ | https://impickleballclub.com/membership/ | https://impickleballclub.com/court-rules/ | https://impickleballclub.com/contact-us/,Playwright,https://impickleballclub.com,https://impickleballclub.com/,
Invictus Basketball Club,https://www.invictusbasketballclub.com/,Lehi,UT,College / University,basketball,Unclear,,,,,,hi@invictusbasketballclub.com,,,,,,,,invictusbasketballclub.com,Needs Review,"Court sports and paid access found, but indoor/outdoor not stated. UT location evidence: address. No decision maker found on public pages. No court count stated by a reliable source; left blank. Paid access signals present (membership/rental/program).",https://www.invictusbasketballclub.com/ | https://www.invictusbasketballclub.com/register/programs | https://www.invictusbasketballclub.com/aboutus | https://www.invictusbasketballclub.com/register,Playwright,https://invictusbasketballclub.com,https://www.invictusbasketballclub.com/,
Jazz Youth,https://www.jazzyouth.com/,,UT,School,basketball,Unclear,,,,,,,,,,,,,,jazzyouth.com,Needs Review,"Court sports and paid access found, but indoor/outdoor not stated. UT location evidence: address. No decision maker found on public pages. No court count stated by a reliable source; left blank. Paid access signals present (membership/rental/program).",https://www.jazzyouth.com/ | https://www.jazzyouth.com/development/skillcourt,Playwright,https://jazzyouth.com,https://www.jazzyouth.com/,
Jordan School District Facility Rentals,https://jordan.schoolspace.us/home,,UT,School,tennis,Unclear,8,"S, West Jordan. HOURLY RATE. $0 - $30. CAPACITY. --. West Field. This space includes all 8 tennis courts. Custodial hourly charges will apply if the Building Bathroom Access option is chosen. Ot",,,,,,,,,,,,jordan.schoolspace.us,Needs Review,"Court sports and paid access found, but indoor/outdoor not stated. UT location evidence: mention. No decision maker found on public pages. Paid access signals present (membership/rental/program).",https://jordan.schoolspace.us/home | https://jordan.schoolspace.us/page/guidelines,Playwright,https://jordan.schoolspace.us,https://jordan.schoolspace.us/home,
Karl Malone Training Center,https://www.karlmalonetrainingcenter.com/,Lehi,UT,School,basketball; volleyball; futsal,Unclear,6,"r 24,000 sq. ft. sports facility in Utah County, featuring 3 full-size basketball courts, 6 volleyball courts, and versatile space for training, events, competitions, and more. This is where athletes",,,,karlmalonetrainingcenter@gmail.com,,,,,,,,karlmalonetrainingcenter.com,Needs Review,"Court sports and paid access found, but indoor/outdoor not stated. UT location evidence: address. No decision maker found on public pages. Paid access signals present (membership/rental/program).",https://www.karlmalonetrainingcenter.com/ | https://www.karlmalonetrainingcenter.com/contact | https://www.karlmalonetrainingcenter.com/facility-rentals | https://www.karlmalonetrainingcenter.com/sports-programs | https://www.karlmalonetrainingcenter.com/facility-guidelines,Playwright,https://karlmalonetrainingcenter.com,https://www.karlmalonetrainingcenter.com/,
Kongo Sports,https://kongosports.com/,Farmington,UT,School,basketball; volleyball,Unclear,,,,,,apexathleticsut@gmail.com,,,,,,,,kongosports.com,Needs Review,"Court sports and paid access found, but indoor/outdoor not stated. UT location evidence: address. No decision maker found on public pages. No court count stated by a reliable source; left blank. Paid access signals present (membership/rental/program).",https://kongosports.com/ | https://kongosports.com/Facility | https://kongosports.com/Contact,Playwright,https://kongosports.com,https://kongosports.com/,
Kongovolleyball,https://www.kongovolleyball.com/,Farmington,UT,School,volleyball,Unclear,,,,,,apxvbacademy@gmail.com,info@kongovolleyball.com,,,,,,,kongovolleyball.com,Needs Review,"Court sports and paid access found, but indoor/outdoor not stated. UT location evidence: address. No decision maker found on public pages. No court count stated by a reliable source; left blank. Paid access signals present (membership/rental/program).",https://www.kongovolleyball.com/ | https://www.kongovolleyball.com/club-programs | https://www.kongovolleyball.com/boys-program-1 | https://www.kongovolleyball.com/about-us,Playwright,https://kongovolleyball.com,https://www.kongovolleyball.com/,
Laciehansenrealestate.com,https://www.laciehansenrealestate.com/,,UT,Unknown,tennis,Unclear,,,,,,lacied.hansen@gmail.com,,,,,,,,laciehansenrealestate.com,Needs Review,"Court sports and paid access found, but indoor/outdoor not stated. UT location evidence: mention. No decision maker found on public pages. No court count stated by a reliable source; left blank. Paid access signals present (membership/rental/program).",https://www.laciehansenrealestate.com/ | https://www.laciehansenrealestate.com/lacied-hansen/ | https://www.laciehansenrealestate.com/member/contact/ | https://www.laciehansenrealestate.com/about/,Playwright,https://laciehansenrealestate.com,https://www.laciehansenrealestate.com/,
Lehi Free Press,https://lehifreepress.com/,Lehi,UT,School,volleyball,Unclear,,,Arla,Cook,Manager,,,arla@lehifreepress.com,arla.cook@lehifreepress.com,arlacook@lehifreepress.com,acook@lehifreepress.com,a.cook@lehifreepress.com,arlac@lehifreepress.com,lehifreepress.com,Needs Review,"Court sports and paid access found, but indoor/outdoor not stated. UT location evidence: address. No court count stated by a reliable source; left blank. Paid access signals present (membership/rental/program). Guessed emails are UNVERIFIED pattern permutations - not published addresses.",https://lehifreepress.com/ | https://lehifreepress.com/about/ | https://lehifreepress.com/contact-us/ | https://lehifreepress.com/2026/08/05/a-recent-utah-court-decision-may-let-homeownership-transfer-before-required-payments-are-made/ | https://lehifreepress.com/2026/08/08/mayor-binns-gives-team-utah-a-hometown-sendoff-before-espn-regional-tournament/,Playwright,https://lehifreepress.com,https://lehifreepress.com/,
Login,https://campusconnect.utah.edu/home_login,Salt Lake City,UT,College / University,badminton,Unclear,,,,,,studentorgs@utah.edu,,,,,,,,utah.edu,Needs Review,"Court sports and paid access found, but indoor/outdoor not stated. UT location evidence: address. No decision maker found on public pages. No court count stated by a reliable source; left blank. Paid access signals present (membership/rental/program).",https://campusconnect.utah.edu/home_login | https://campusconnect.utah.edu/webapp/auth/login?redirect=%2FStudentLeadership%2F&msg=LOGIN_REQUIRED,Playwright,https://campusconnect.utah.edu,https://campusconnect.utah.edu/home_login,
M14Hoops - Salt Lake City,https://slcsouth.m14hoops.com/,Salt Lake City,UT,School,basketball,Unclear,4,"under Nick Daniels. Facilities: Opened our first Aurora facility in 2018 (39,200 sq. ft., 4 courts). Expanded less than a year later to 53,000 sq. ft. with 6 courts. Growth: M14 Chicagolan",,,,infoslcsouth@m14hoops.com,,,,,,,,m14hoops.com,Needs Review,"Court sports and paid access found, but indoor/outdoor not stated. UT location evidence: address. No decision maker found on public pages. Paid access signals present (membership/rental/program).",https://slcsouth.m14hoops.com/ | https://slcsouth.m14hoops.com/about/ | https://slcsouth.m14hoops.com/about/a-message-from-founder/ | https://slcsouth.m14hoops.com/about/m14-staff/ | https://slcsouth.m14hoops.com/about/documentary/ | https://slcsouth.m14hoops.com/about/m14-made-docuseries/,Playwright,https://slcsouth.m14hoops.com,https://slcsouth.m14hoops.com/,
Method Studio,https://method-studio.com/,Salt Lake City,UT,College / University,basketball; racquetball,Unclear,,,,,,,hello@method-studio.com,,,,,,,method-studio.com,Needs Review,"Court sports found, but indoor/outdoor not stated. UT location evidence: address. No decision maker found on public pages. No court count stated by a reliable source; left blank.",https://method-studio.com/ | https://method-studio.com/contact,Playwright,https://method-studio.com,https://method-studio.com/,
Mona Recreation,https://monarecreation.teamsnapsites.com/,,UT,Unknown,basketball; futsal,Unclear,,,,,,,,,,,,,,monarecreation.teamsnapsites.com,Needs Review,"Court sports and paid access found, but indoor/outdoor not stated. UT location evidence: phone. No decision maker found on public pages. No court count stated by a reliable source; left blank. Paid access signals present (membership/rental/program).",https://monarecreation.teamsnapsites.com/ | https://monarecreation.teamsnapsites.com/registrations/,Playwright,https://monarecreation.teamsnapsites.com,https://monarecreation.teamsnapsites.com/,
Mountain City Hoops,https://www.mountaincityhoops.com/,,UT,College / University,basketball,Unclear,,,,,,mountaincityhoops@gmail.com,,,,,,,,mountaincityhoops.com,Needs Review,"Court sports and paid access found, but indoor/outdoor not stated. UT location evidence: phone. No decision maker found on public pages. No court count stated by a reliable source; left blank. Paid access signals present (membership/rental/program).",https://www.mountaincityhoops.com/ | https://www.mountaincityhoops.com/aboutus | https://www.mountaincityhoops.com/contact,Playwright,https://mountaincityhoops.com,https://www.mountaincityhoops.com/,
Natural & Organic Grocery Store,https://www.naturalgrocers.com/,,UT,Unknown,squash,Unclear,,,,,,,,,,,,,,naturalgrocers.com,Needs Review,"Court sports and paid access found, but indoor/outdoor not stated. UT location evidence: mention. No decision maker found on public pages. No court count stated by a reliable source; left blank. Paid access signals present (membership/rental/program).",https://www.naturalgrocers.com/ | https://www.naturalgrocers.com/store-directory | https://www.naturalgrocers.com/npower | https://www.naturalgrocers.com/about-natural-grocers | https://www.naturalgrocers.com/guest-presenter-program | https://www.naturalgrocers.com/coq10,Playwright,https://naturalgrocers.com,https://www.naturalgrocers.com/,
Next Level Basketball,https://www.nextlevel435.com/,,UT,College / University,basketball,Unclear,,,,,,nextlevelbasketball435@gmail.com,,,,,,,,nextlevel435.com,Needs Review,"Court sports and paid access found, but indoor/outdoor not stated. UT location evidence: address. No decision maker found on public pages. No court count stated by a reliable source; left blank. Paid access signals present (membership/rental/program).",https://www.nextlevel435.com/ | https://www.nextlevel435.com/about-us | https://www.nextlevel435.com/aau,Playwright,https://nextlevel435.com,https://www.nextlevel435.com/,
North Canyon Swim and Tennis Club,https://ncswim.club/,Bountiful,UT,Racquet / Tennis Club,tennis,Unclear,,,,,,ncanyonswim@gmail.com,,,,,,,,ncswim.club,Needs Review,"Court sports and paid access found, but indoor/outdoor not stated. UT location evidence: address. No decision maker found on public pages. No court count stated by a reliable source; left blank. Paid access signals present (membership/rental/program).",https://ncswim.club/,Playwright,https://ncswim.club,https://ncswim.club/,
North Summit School District,https://www.nsummit.org/,Coalville,UT,School,basketball; volleyball,Unclear,,,,,,,,,,,,,,nsummit.org,Needs Review,"Court sports and paid access found, but indoor/outdoor not stated. UT location evidence: address. No decision maker found on public pages. No court count stated by a reliable source; left blank. Paid access signals present (membership/rental/program).",https://www.nsummit.org/ | https://www.nsummit.org/o/nshs/page/high-school-athletics,Playwright,https://nsummit.org,https://www.nsummit.org/,
Ogden Golf & Country Club,https://ogdencountryclub.com/,Ogden,UT,Country Club,tennis,Unclear,,,Frank,Redd,President,,,frank@ogdencountryclub.com,frank.redd@ogdencountryclub.com,frankredd@ogdencountryclub.com,fredd@ogdencountryclub.com,f.redd@ogdencountryclub.com,frankr@ogdencountryclub.com,ogdencountryclub.com,Needs Review,"Court sports and paid access found, but indoor/outdoor not stated. UT location evidence: address. No court count stated by a reliable source; left blank. Paid access signals present (membership/rental/program). Guessed emails are UNVERIFIED pattern permutations - not published addresses.",https://ogdencountryclub.com/ | https://www.ogdencountryclub.com/membership/ | https://www.ogdencountryclub.com/governance_management/ | https://www.ogdencountryclub.com/contact/,Playwright,https://ogdencountryclub.com,https://ogdencountryclub.com/,
OMNI Volleyball,https://omnivolleyball.com/,,UT,College / University,volleyball,Unclear,,,,,,,info@omnivolleyball.com,,,,,,,omnivolleyball.com,Needs Review,"Court sports and paid access found, but indoor/outdoor not stated. UT location evidence: mention. No decision maker found on public pages. No court count stated by a reliable source; left blank. Paid access signals present (membership/rental/program).",https://omnivolleyball.com/ | https://omnivolleyball.com/contact-us/ | https://omnivolleyball.com/our-facility/ | https://omnivolleyball.com/programs/ | https://omnivolleyball.com/omni-facility-hotel-accomadations/ | https://omnivolleyball.com/staff/bill-hanrahan/,Playwright,https://omnivolleyball.com,https://omnivolleyball.com/,
ourwcf.org,https://ourwcf.org/,Heber City,UT,Private Club,basketball,Unclear,,,,,,,info@ourwcf.org,,,,,,,ourwcf.org,Needs Review,"Court sports and paid access found, but indoor/outdoor not stated. UT location evidence: address. No decision maker found on public pages. No court count stated by a reliable source; left blank. Paid access signals present (membership/rental/program).",https://ourwcf.org/ | https://ourwcf.org/meet-the-team/ | https://ourwcf.org/contact-us/,Playwright,https://ourwcf.org,https://ourwcf.org/,
Payson High School,https://www.phs.nebo.edu/,Payson,UT,School,tennis; basketball,Unclear,,,BRIAN,ARGYLE,Athletic Director,brian.argyle@nebo.edu,,,,,,,,nebo.edu,Needs Review,"Court sports and paid access found, but indoor/outdoor not stated. UT location evidence: address. No court count stated by a reliable source; left blank. Paid access signals present (membership/rental/program).",https://www.phs.nebo.edu/ | https://www.phs.nebo.edu/o/phs/page/about-us | https://www.phs.nebo.edu/o/phs/staff | https://www.phs.nebo.edu/o/phs/page/parent-student-information,Playwright,https://phs.nebo.edu,https://www.phs.nebo.edu/,
PBS Utah,https://www.pbsutah.org/,Salt Lake City,UT,Private Club,squash,Unclear,,,,,,,,,,,,,,pbsutah.org,Needs Review,"Court sports and paid access found, but indoor/outdoor not stated. UT location evidence: address. No decision maker found on public pages. No court count stated by a reliable source; left blank. Paid access signals present (membership/rental/program).",https://www.pbsutah.org/ | https://www.pbsutah.org/watch/discover/ | https://www.pbsutah.org/pbs-utah-productions/series/contact-with-liz-adeola/ | https://www.pbsutah.org/about/newsletters/ | https://www.pbsutah.org/about/contact-us/ | https://www.pbsutah.org/about/closed-captioning/ | https://www.pbsutah.org/about/pressroom/,Playwright,https://pbsutah.org,https://www.pbsutah.org/,
Peak Soccer Club,https://www.peaksoccerclubrec.com/,,UT,Private Club,futsal,Unclear,,,,,,utahsurf.recsoccer@gmail.com,,,,,,,,peaksoccerclubrec.com,Needs Review,"Court sports and paid access found, but indoor/outdoor not stated. UT location evidence: mention. No decision maker found on public pages. No court count stated by a reliable source; left blank. Paid access signals present (membership/rental/program).",https://www.peaksoccerclubrec.com/ | https://www.peaksoccerclubrec.com/aboutus,Playwright,https://peaksoccerclubrec.com,https://www.peaksoccerclubrec.com/,
Personalized Basketball Coaching Programs,https://www.completeshooter.com/,Morgan,UT,Unknown,basketball,Unclear,,,,,,kirk@completeshooter.com,,,,,,,,completeshooter.com,Needs Review,"Court sports and paid access found, but indoor/outdoor not stated. UT location evidence: address. No decision maker found on public pages. No court count stated by a reliable source; left blank. Paid access signals present (membership/rental/program).",https://www.completeshooter.com/ | https://www.completeshooter.com/home/about | https://www.completeshooter.com/franchise/team | https://www.completeshooter.com/franchise/inquiry,Playwright,https://completeshooter.com,https://www.completeshooter.com/,
PGC Basketball,https://pgcbasketball.com/,,UT,College / University,basketball,Unclear,,,Donnie,Walsh,President,,,donnie@pgcbasketball.com,donnie.walsh@pgcbasketball.com,donniewalsh@pgcbasketball.com,dwalsh@pgcbasketball.com,d.walsh@pgcbasketball.com,donniew@pgcbasketball.com,pgcbasketball.com,Needs Review,"Court sports and paid access found, but indoor/outdoor not stated. UT location evidence: mention. No court count stated by a reliable source; left blank. Paid access signals present (membership/rental/program). Guessed emails are UNVERIFIED pattern permutations - not published addresses.",https://pgcbasketball.com/ | https://pgcbasketball.com/partner-program/ | https://pgcbasketball.com/about-us/our-mission/ | https://pgcbasketball.com/about-us/our-team/ | https://pgcbasketball.com/contact-us/ | https://pgcbasketball.com/about-us/success-stories-and-feedback/ | https://pgcbasketball.com/about-us/camp-experiences/,Playwright,https://pgcbasketball.com,https://pgcbasketball.com/,
Platinum Volleyball,https://utahplatinum.com/,Kaysville,UT,School,volleyball,Unclear,,,,,,,info@utahplatinum.com,,,,,,,utahplatinum.com,Needs Review,"Court sports and paid access found, but indoor/outdoor not stated. UT location evidence: address. No decision maker found on public pages. No court count stated by a reliable source; left blank. Paid access signals present (membership/rental/program).",https://utahplatinum.com/ | https://utahplatinum.com/contact,Playwright,https://utahplatinum.com,https://utahplatinum.com/,
Pleasant View City,https://pleasantviewcity.hosted.civiclive.com/,Pleasant View,UT,Unknown,basketball,Unclear,,,,,,,,,,,,,,pleasantviewcity.hosted.civiclive.com,Needs Review,"Court sports and paid access found, but indoor/outdoor not stated. UT location evidence: address. No decision maker found on public pages. No court count stated by a reliable source; left blank. Paid access signals present (membership/rental/program).",https://pleasantviewcity.hosted.civiclive.com/ | https://pleasantviewcity.hosted.civiclive.com/cms/One.aspx | https://pleasantviewcity.hosted.civiclive.com/our_city/about_our_city | https://pleasantviewcity.hosted.civiclive.com/our_city/about_our_city/history | https://pleasantviewcity.hosted.civiclive.com/our_city/about_our_city/maps | https://pleasantviewcity.hosted.civiclive.com/our_city/about_our_city/budget | https://pleasantviewcity.hosted.civiclive.com/services/police/contact_the_police_department,Playwright,https://pleasantviewcity.hosted.civiclive.com,https://pleasantviewcity.hosted.civiclive.com/,
Prep Dig,https://prepdig.com/,,UT,College / University,volleyball,Unclear,,,,,,,,,,,,,,prepdig.com,Needs Review,"Court sports and paid access found, but indoor/outdoor not stated. UT location evidence: mention. No decision maker found on public pages. No court count stated by a reliable source; left blank. Paid access signals present (membership/rental/program).",https://prepdig.com/ | https://prepdig.com/events/ | https://prepdig.com/plus/ | https://prepdig.com/features/coach-contacts/,Playwright,https://prepdig.com,https://prepdig.com/,
Rampage Soccer Club,https://www.rampagesoccerclub.com/,Roy,UT,School,futsal,Unclear,,,,,,,admin@rampagesoccerclub.com,,,,,,,rampagesoccerclub.com,Needs Review,"Court sports and paid access found, but indoor/outdoor not stated. UT location evidence: address. No decision maker found on public pages. No court count stated by a reliable source; left blank. Paid access signals present (membership/rental/program).",https://www.rampagesoccerclub.com/ | https://www.rampagesoccerclub.com/about | https://www.rampagesoccerclub.com/services | https://www.rampagesoccerclub.com/contact,Playwright,https://rampagesoccerclub.com,https://www.rampagesoccerclub.com/,
Reach Higher Athletics,https://reachhigherathletics.com/,George,UT,Private Club,basketball,Unclear,,,,,,,info@reachhigherathletics.com,,,,,,,reachhigherathletics.com,Needs Review,"Court sports and paid access found, but indoor/outdoor not stated. UT location evidence: address. No decision maker found on public pages. No court count stated by a reliable source; left blank. Paid access signals present (membership/rental/program).",https://reachhigherathletics.com/ | https://reachhigherathletics.com/contact/,Playwright,https://reachhigherathletics.com,https://reachhigherathletics.com/,
Riverside Country Club,https://riversidecountryclub.org/,Springville,UT,Country Club,tennis,Unclear,,,,,,20info@riversidecountryclub.org,info@riversidecountryclub.org,,,,,,,riversidecountryclub.org,Needs Review,"Court sports and paid access found, but indoor/outdoor not stated. UT location evidence: address. No decision maker found on public pages. No court count stated by a reliable source; left blank. Paid access signals present (membership/rental/program).",https://riversidecountryclub.org/ | https://riversidecountryclub.org/about/ | https://riversidecountryclub.org/memberships/ | https://riversidecountryclub.org/contact/ | https://riversidecountryclub.org/amenities/,Playwright,https://riversidecountryclub.org,https://riversidecountryclub.org/,
Rowland Hall,https://www.rowlandhall.org/,Salt Lake City,UT,College / University,basketball; volleyball,Unclear,,,,,,,contact@rowlandhall.org,,,,,,,rowlandhall.org,Needs Review,"Court sports and paid access found, but indoor/outdoor not stated. UT location evidence: address. No decision maker found on public pages. No court count stated by a reliable source; left blank. Paid access signals present (membership/rental/program).",https://www.rowlandhall.org/ | https://www.rowlandhall.org/about | https://www.rowlandhall.org/about/vision-strategic-direction | https://www.rowlandhall.org/about/fast-facts | https://www.rowlandhall.org/about/our-campuses | https://www.rowlandhall.org/about/faculty-staff | https://www.rowlandhall.org/about/job-openings,Playwright,https://rowlandhall.org,https://www.rowlandhall.org/,
Salina Sun,https://salinasun.online/,Salina,UT,School,basketball; volleyball,Unclear,,,,,,,,,,,,,,salinasun.online,Needs Review,"Court sports and paid access found, but indoor/outdoor not stated. UT location evidence: address. No decision maker found on public pages. No court count stated by a reliable source; left blank. Paid access signals present (membership/rental/program).",https://salinasun.online/ | https://salinasun.online/membership-account/membership-checkout/ | https://salinasun.online/contact-us/ | https://salinasun.online/aurora-2nd-ward-leadership/ | https://salinasun.online/wolves-ready-for-fall-under-experienced-leadership/,Playwright,https://salinasun.online,https://salinasun.online/,
Salt Lake Basketball Club | SLBC,https://www.saltlakebasketballclub.com/,,UT,School,basketball,Unclear,,,,,,,info@saltlakebasketballclub.com,,,,,,,saltlakebasketballclub.com,Needs Review,"Court sports and paid access found, but indoor/outdoor not stated. UT location evidence: zip. No decision maker found on public pages. No court count stated by a reliable source; left blank. Paid access signals present (membership/rental/program).",https://www.saltlakebasketballclub.com/ | https://www.saltlakebasketballclub.com/programs/player-development-sessions | https://www.saltlakebasketballclub.com/programs/teams,Playwright,https://saltlakebasketballclub.com,https://www.saltlakebasketballclub.com/,
Salt Lake City Tennis Community,https://slctennisleague.com/,Salt Lake City,UT,Racquet / Tennis Club,tennis,Unclear,5,"CITY Bountiful - 5 Points Park 1500 S Main St., Bountiful UT 84010 35 Matches Played Here 5 Courts Lighted Wall Bountiful - Bountiful Blvd. 400 E 3682 S, Bountiful UT 84010 0 Matches Playe",,,,tennisleaguenetwork@gmail.com,,,,,,,,slctennisleague.com,Needs Review,"Court sports and paid access found, but indoor/outdoor not stated. UT location evidence: address. No decision maker found on public pages. Paid access signals present (membership/rental/program).",https://slctennisleague.com/ | https://slctennisleague.com/thanks/partner_flow | https://slctennisleague.com/Salt_Lake_City-Tennis-Courts | https://slctennisleague.com/partner-program | https://slctennisleague.com/thanks/partner_flow.htm | https://slctennisleague.com/Salt%20Lake%20City-Tennis-Lessons | https://slctennisleague.com/info/contact-email,Playwright,https://slctennisleague.com,https://slctennisleague.com/,
Salt Lake Community College,https://www.slcc.edu/,Salt Lake City,UT,College / University,pickleball; tennis,Unclear,,,,,,,,,,,,,,slcc.edu,Needs Review,"Court sports and paid access found, but indoor/outdoor not stated. UT location evidence: address. No decision maker found on public pages. No court count stated by a reliable source; left blank. Paid access signals present (membership/rental/program).",https://www.slcc.edu/ | https://www.slcc.edu/contact/index.aspx | https://www.slcc.edu/about/index.aspx | https://www.slcc.edu/president/cabinet-team.aspx | https://www.slcc.edu/emergency-management/emergency-procedures.aspx | https://www.slcc.edu/about/eeo-statement.aspx,Playwright,https://slcc.edu,https://www.slcc.edu/,
San Juan School District,https://www.sjsd.org/,Blanding,UT,School,volleyball,Unclear,,,,,,,,,,,,,,sjsd.org,Needs Review,"Court sports and paid access found, but indoor/outdoor not stated. UT location evidence: address. No decision maker found on public pages. No court count stated by a reliable source; left blank. Paid access signals present (membership/rental/program).",https://www.sjsd.org/ | https://www.sjsd.org/page/nativeamericaneducaton,Playwright,https://sjsd.org,https://www.sjsd.org/,
Santa Clara University,https://santaclarabroncos.com/,,UT,College / University,tennis; volleyball,Unclear,,,,,,,,,,,,,,santaclarabroncos.com,Needs Review,"Court sports and paid access found, but indoor/outdoor not stated. UT location evidence: mention. No decision maker found on public pages. No court count stated by a reliable source; left blank. Paid access signals present (membership/rental/program).",https://santaclarabroncos.com/ | https://santaclarabroncos.com/news/2026/1/7/general-santa-clara-athletics-hall-of-famer-terry-weekes-76-passes-away.aspx,Playwright,https://santaclarabroncos.com,https://santaclarabroncos.com/,
Skyridge High School,https://shs.alpineschools.org/,Lehi,UT,School,tennis; basketball; volleyball,Unclear,,,,,,,,,,,,,,shs.alpineschools.org,Needs Review,"Court sports and paid access found, but indoor/outdoor not stated. UT location evidence: address. No decision maker found on public pages. No court count stated by a reliable source; left blank. Paid access signals present (membership/rental/program).",https://shs.alpineschools.org/ | https://shs.alpineschools.org/o/skyridge/page/athletics | https://shs.alpineschools.org/o/skyridge/staff,Playwright,https://shs.alpineschools.org,https://shs.alpineschools.org/,
SLCTT,https://slcttcc.com/,Millcreek,UT,Racquet / Tennis Club,tennis,Unclear,,,,,,slcttcc@gmail.com,,,,,,,,slcttcc.com,Needs Review,"Court sports and paid access found, but indoor/outdoor not stated. UT location evidence: address. No decision maker found on public pages. No court count stated by a reliable source; left blank. Paid access signals present (membership/rental/program).",https://slcttcc.com/ | https://slcttcc.com/membership | https://slcttcc.com/contact,Playwright,https://slcttcc.com,https://slcttcc.com/,
"Soccer Fields Beaver Utah in Arkansas, United States",https://soccer-fields-beaver-utah.sportsgrounds.us.com/,Beaver,UT,Unknown,tennis; basketball; volleyball; badminton; squash,Unclear,,,,,,,,,,,,,,soccer-fields-beaver-utah.sportsgrounds.us.com,Needs Review,"Court sports and paid access found, but indoor/outdoor not stated. UT location evidence: address. No decision maker found on public pages. No court count stated by a reliable source; left blank. Paid access signals present (membership/rental/program).",https://soccer-fields-beaver-utah.sportsgrounds.us.com/,Playwright,https://soccer-fields-beaver-utah.sportsgrounds.us.com,https://soccer-fields-beaver-utah.sportsgrounds.us.com/,
South County Volleyball Club,https://southcountyvolleyballclub.com/,Mapleton,UT,Private Club,volleyball,Unclear,,,,,,southcountyvb@gmail.com,,,,,,,,southcountyvolleyballclub.com,Needs Review,"Court sports found, but indoor/outdoor not stated. UT location evidence: address. No decision maker found on public pages. No court count stated by a reliable source; left blank.",https://southcountyvolleyballclub.com/ | https://southcountyvolleyballclub.com/club/about | https://southcountyvolleyballclub.com/club/staff | https://southcountyvolleyballclub.com/club/58943 | https://southcountyvolleyballclub.com/club/programinfoandpricing | https://southcountyvolleyballclub.com/club/contactus,Playwright,https://southcountyvolleyballclub.com,https://southcountyvolleyballclub.com/,
South Sanpete School District,https://ssanpete.org/,Manti,UT,School,basketball,Unclear,,,,,,,info@ssanpete.org,,,,,,,ssanpete.org,Needs Review,"Court sports and paid access found, but indoor/outdoor not stated. UT location evidence: address. No decision maker found on public pages. No court count stated by a reliable source; left blank. Paid access signals present (membership/rental/program).",https://ssanpete.org/ | https://ssanpete.org/district-information/district-office.html | https://ssanpete.org/district-information/business-administration.html | https://ssanpete.org/employment/about-south-sanpete.html | https://ssanpete.org/policies/c-school-administration.html | https://ssanpete.org/policies/d-fiscal-managements.html | https://ssanpete.org/policies/f-facilities-development.html,Playwright,https://ssanpete.org,https://ssanpete.org/,
Southern Utah University Athletics,https://suutbirds.com/,Cedar City,UT,College / University,tennis; basketball; volleyball,Unclear,,,,,,,,,,,,,,suutbirds.com,Needs Review,"Court sports and paid access found, but indoor/outdoor not stated. UT location evidence: address. No decision maker found on public pages. No court count stated by a reliable source; left blank. Paid access signals present (membership/rental/program).",https://suutbirds.com/ | https://suutbirds.com/staff-directory | https://suutbirds.com/documents/2026/7/31/SUU_Athletics_Style_Guide.pdf | https://suutbirds.com/facilities | https://suutbirds.com/sports/2026/1/29/thunderbird-athletic-alumni-club.aspx | https://suutbirds.com/honors/southern-utah-athletics-hall-of-fame,Playwright,https://suutbirds.com,https://suutbirds.com/,
Sports Fields USA,http://www.sportsfieldsusa.com/,Layton,UT,School,futsal,Unclear,,,,,,fields@sportsfieldsusa.com,,,,,,,,sportsfieldsusa.com,Needs Review,"Court sports found, but indoor/outdoor not stated. UT location evidence: address. No decision maker found on public pages. No court count stated by a reliable source; left blank.",http://www.sportsfieldsusa.com/ | http://www.sportsfieldsusa.com/pages/about | http://www.sportsfieldsusa.com/pages/contactus,Playwright,https://sportsfieldsusa.com,http://www.sportsfieldsusa.com/,
Sports Market Research & Analytics Company,https://sportsmarketanalytics.com/home.aspx?rs=nf,,UT,College / University,pickleball; tennis; basketball; volleyball; badminton,Unclear,,,Neil,Schwartz,President,,,neil@sportsmarketanalytics.com,neil.schwartz@sportsmarketanalytics.com,neilschwartz@sportsmarketanalytics.com,nschwartz@sportsmarketanalytics.com,n.schwartz@sportsmarketanalytics.com,neils@sportsmarketanalytics.com,sportsmarketanalytics.com,Needs Review,"Court sports and paid access found, but indoor/outdoor not stated. UT location evidence: mention. No court count stated by a reliable source; left blank. Paid access signals present (membership/rental/program). Guessed emails are UNVERIFIED pattern permutations - not published addresses.",https://sportsmarketanalytics.com/home.aspx?rs=nf | https://sportsmarketanalytics.com/About/Contact-Us.aspx | https://sportsmarketanalytics.com/Resource-Center/Directories/College-Athletics.aspx | https://sportsmarketanalytics.com/Resource-Center/Directories/Sports-Marketing-Programs.aspx | https://sportsmarketanalytics.com/About.aspx | https://sportsmarketanalytics.com/Newsstand/Featured-Content/SMA-Blog/October-2025/How-Sports-Medicine-and-Nursing-Administration-Dri.aspx,Playwright,https://sportsmarketanalytics.com,https://sportsmarketanalytics.com/home.aspx?rs=nf,
Sportsites,https://westhaven.sportsites.com/Player,Pleasant Grove,UT,College / University,pickleball; tennis; basketball; volleyball,Unclear,,,,,,,support@sportsites.com,,,,,,,sportsites.com,Needs Review,"Court sports and paid access found, but indoor/outdoor not stated. UT location evidence: address. No decision maker found on public pages. No court count stated by a reliable source; left blank. Paid access signals present (membership/rental/program).",https://westhaven.sportsites.com/Player | https://westhaven.sportsites.com/Home/Contact,Playwright,https://westhaven.sportsites.com,https://westhaven.sportsites.com/Player,
Squashworks Racquet and Fitness,http://www.squashworks.org/squashworks/,,UT,Racquet / Tennis Club,basketball; volleyball; squash,Unclear,,,,,,,,,,,,,,squashworks.org,Needs Review,"Court sports and paid access found, but indoor/outdoor not stated. UT location evidence: zip. No decision maker found on public pages. No court count stated by a reliable source; left blank. Paid access signals present (membership/rental/program).",http://www.squashworks.org/squashworks/ | http://www.squashworks.org/squashworks/about.htm,Playwright,https://squashworks.org,http://www.squashworks.org/squashworks/,
Statewide and Online Education,https://statewide.usu.edu/,Price,UT,College / University,basketball; volleyball,Unclear,,,Regional,Campuses,President,statewidecampuses@usu.edu,,,,,,,,usu.edu,Needs Review,"Court sports and paid access found, but indoor/outdoor not stated. UT location evidence: address. No court count stated by a reliable source; left blank. Paid access signals present (membership/rental/program).",https://statewide.usu.edu/ | https://statewide.usu.edu/directory/ | https://statewide.usu.edu/about/ | https://statewide.usu.edu/directory/contact | https://statewide.usu.edu/directory/faculty,Playwright,https://statewide.usu.edu,https://statewide.usu.edu/,
Sugar House Park,https://www.sugarhousepark.org/,Salt Lake City,UT,Unknown,basketball; volleyball,Unclear,,,,,,,,,,,,,,sugarhousepark.org,Needs Review,"Court sports and paid access found, but indoor/outdoor not stated. UT location evidence: address. No decision maker found on public pages. No court count stated by a reliable source; left blank. Paid access signals present (membership/rental/program).",https://www.sugarhousepark.org/ | https://www.sugarhousepark.org/facilities | https://www.sugarhousepark.org/authority | https://www.sugarhousepark.org/contact,Playwright,https://sugarhousepark.org,https://www.sugarhousepark.org/,
Summit Creek Utah,https://summitcreekutah.com/,Woodland Hills,UT,Unknown,pickleball; tennis,Unclear,,,,,,,,,,,,,,summitcreekutah.com,Needs Review,"Court sports and paid access found, but indoor/outdoor not stated. UT location evidence: address. No decision maker found on public pages. No court count stated by a reliable source; left blank. Paid access signals present (membership/rental/program).",https://summitcreekutah.com/ | https://summitcreekutah.com/aboutslots-big-wins/,Playwright,https://summitcreekutah.com,https://summitcreekutah.com/,
SunRiver Communities,https://www.sunriver.com/,Toquerville,UT,Private Club,pickleball; tennis,Unclear,,,,,,,info@sunriver.com,,,,,,,sunriver.com,Needs Review,"Court sports and paid access found, but indoor/outdoor not stated. UT location evidence: address. No decision maker found on public pages. No court count stated by a reliable source; left blank. Paid access signals present (membership/rental/program).",https://www.sunriver.com/ | https://www.sunriver.com/about | https://www.sunriver.com/contact,Playwright,https://sunriver.com,https://www.sunriver.com/,
SUSA,https://www.southernutahsportsacademy.com/,Cedar City,UT,School,basketball; volleyball,Unclear,,,,,,,,,,,,,,southernutahsportsacademy.com,Needs Review,"Court sports and paid access found, but indoor/outdoor not stated. UT location evidence: address. No decision maker found on public pages. No court count stated by a reliable source; left blank. Paid access signals present (membership/rental/program).",https://www.southernutahsportsacademy.com/ | https://www.southernutahsportsacademy.com/facility | https://www.southernutahsportsacademy.com/aboutus | https://www.southernutahsportsacademy.com/contact | https://www.southernutahsportsacademy.com/basketball | https://www.southernutahsportsacademy.com/rental-event-rules,Playwright,https://southernutahsportsacademy.com,https://www.southernutahsportsacademy.com/,
"Syracuse, UT",https://syracuserecreation.com/,Syracuse,UT,Unknown,pickleball; tennis; basketball,Unclear,,,,,,,info@syracuseut.gov,,,,,,,syracuseut.gov,Needs Review,"Court sports and paid access found, but indoor/outdoor not stated. UT location evidence: address. No decision maker found on public pages. No court count stated by a reliable source; left blank. Paid access signals present (membership/rental/program).",https://syracuserecreation.com/ | https://syracuserecreation.com/221/Parks-Recreation | https://syracuserecreation.com/m/directory,Playwright,https://syracuserecreation.com,https://syracuserecreation.com/,
TC,https://www.tc-theclub.com/,,UT,Private Club,volleyball,Unclear,,,,,,,,,,,,,,tc-theclub.com,Needs Review,"Court sports found, but indoor/outdoor not stated. UT location evidence: mention. No decision maker found on public pages. No court count stated by a reliable source; left blank.",https://www.tc-theclub.com/ | https://www.tc-theclub.com/owners | https://www.tc-theclub.com/blank-4,Playwright,https://tc-theclub.com,https://www.tc-theclub.com/,
TeamBwil,https://teambwil.com/,Murray,UT,College / University,basketball,Unclear,3,"sound fundamental basketball players. BWIL Blog All About BWIL Basketball Courts We have 3 courts where we host practices, basketball games & tournaments year round. Come check out the BW",,,,wweeiihhuuaanngg@gmail.com,,,,,,,,teambwil.com,Needs Review,"Court sports and paid access found, but indoor/outdoor not stated. UT location evidence: address. No decision maker found on public pages. Paid access signals present (membership/rental/program).",https://teambwil.com/,Playwright,https://teambwil.com,https://teambwil.com/,
The Barn ETC,https://thebarnetc.com/,Mapleton,UT,School,basketball; volleyball,Unclear,,,,,,shelby@thebarnetc.com,info@thebarnetc.com,,,,,,,thebarnetc.com,Needs Review,"Court sports and paid access found, but indoor/outdoor not stated. UT location evidence: address. No decision maker found on public pages. No court count stated by a reliable source; left blank. Paid access signals present (membership/rental/program).",https://thebarnetc.com/ | https://thebarnetc.com/pages/memberships | https://thebarnetc.com/pages/contact,Playwright,https://thebarnetc.com,https://thebarnetc.com/,
The University of Texas at Tyler,https://www.uttyler.edu/,,UT,College / University,tennis; basketball; volleyball; racquetball,Unclear,,,Rodney,Mabry,President,,,rodney@uttyler.edu,rodney.mabry@uttyler.edu,rodneymabry@uttyler.edu,rmabry@uttyler.edu,r.mabry@uttyler.edu,rodneym@uttyler.edu,uttyler.edu,Needs Review,"Court sports and paid access found, but indoor/outdoor not stated. UT location evidence: address. No court count stated by a reliable source; left blank. Paid access signals present (membership/rental/program). Guessed emails are UNVERIFIED pattern permutations - not published addresses.",https://www.uttyler.edu/ | https://www.uttyler.edu/programs/program-finder.php | https://www.uttyler.edu/research/office/sponsored-programs/ | https://www.uttyler.edu/about/ | https://www.uttyler.edu/about/president/ | https://www.uttyler.edu/about/news/ | https://calendar.uttyler.edu/,Playwright,https://uttyler.edu,https://www.uttyler.edu/,
The Winner School,https://thewinnerschool.com/,Salt Lake City,UT,School,basketball,Unclear,,,,,,winner@thewinnerschool.com,,,,,,,,thewinnerschool.com,Needs Review,"Court sports and paid access found, but indoor/outdoor not stated. UT location evidence: address. No decision maker found on public pages. No court count stated by a reliable source; left blank. Paid access signals present (membership/rental/program).",https://thewinnerschool.com/ | https://thewinnerschool.com/summer-programs/ | https://thewinnerschool.com/contact-us/,Playwright,https://thewinnerschool.com,https://thewinnerschool.com/,
thehoopfactoryus.com,https://thehoopfactoryus.com/,Ogden,UT,College / University,basketball,Unclear,,,,,,,team@thehoopfactoryus.com,,,,,,,thehoopfactoryus.com,Needs Review,"Court sports and paid access found, but indoor/outdoor not stated. UT location evidence: address. No decision maker found on public pages. No court count stated by a reliable source; left blank. Paid access signals present (membership/rental/program).",https://thehoopfactoryus.com/ | https://thehoopfactoryus.com/about/ | https://thehoopfactoryus.com/contact/ | https://thehoopfactoryus.com/training/,Playwright,https://thehoopfactoryus.com,https://thehoopfactoryus.com/,
Tip Top Athlete,https://www.tiptopathlete.com/,West Haven,UT,Unknown,basketball; volleyball,Unclear,,,NATE,TUATAGALOA,Founder,,info@tiptopathlete.com,nate@tiptopathlete.com,nate.tuatagaloa@tiptopathlete.com,natetuatagaloa@tiptopathlete.com,ntuatagaloa@tiptopathlete.com,n.tuatagaloa@tiptopathlete.com,natet@tiptopathlete.com,tiptopathlete.com,Needs Review,"Court sports and paid access found, but indoor/outdoor not stated. UT location evidence: address. No court count stated by a reliable source; left blank. Paid access signals present (membership/rental/program). Guessed emails are UNVERIFIED pattern permutations - not published addresses.",https://www.tiptopathlete.com/ | https://www.tiptopathlete.com/about-us | https://www.tiptopathlete.com/meet-the-team | https://www.tiptopathlete.com/contact-us,Playwright,https://tiptopathlete.com,https://www.tiptopathlete.com/,
TK Tennis Training,https://tktennistraining.com/,Salem,UT,Racquet / Tennis Club,tennis,Unclear,,,,,,,,,,,,,,tktennistraining.com,Needs Review,"Court sports and paid access found, but indoor/outdoor not stated. UT location evidence: address. No decision maker found on public pages. No court count stated by a reliable source; left blank. Paid access signals present (membership/rental/program).",https://tktennistraining.com/ | https://tktennistraining.com/about | https://tktennistraining.com/contact,Playwright,https://tktennistraining.com,https://tktennistraining.com/,
"Townhomes for Rent in Saratoga Springs, Utah",https://www.calypsotownhomes.com/,Saratoga Springs,UT,Unknown,pickleball; volleyball,Unclear,,,,,,,,,,,,,,calypsotownhomes.com,Needs Review,"Court sports and paid access found, but indoor/outdoor not stated. UT location evidence: address. No decision maker found on public pages. No court count stated by a reliable source; left blank. Paid access signals present (membership/rental/program).",https://www.calypsotownhomes.com/,Playwright,https://calypsotownhomes.com,https://www.calypsotownhomes.com/,
United Futsal Center,https://unitedfutsalcenter.com/,,UT,Unknown,futsal,Unclear,,,,,,unitedfutsalcenter@gmail.com,,,,,,,,unitedfutsalcenter.com,Needs Review,"Court sports and paid access found, but indoor/outdoor not stated. UT location evidence: phone. No decision maker found on public pages. No court count stated by a reliable source; left blank. Paid access signals present (membership/rental/program).",https://unitedfutsalcenter.com/,Playwright,https://unitedfutsalcenter.com,https://unitedfutsalcenter.com/,
Usta Utah (New),https://www.utahtennis.com/,Salt Lake City,UT,College / University,pickleball; tennis,Unclear,,,Laurie,Lambert,Executive Director,llambert@utahtennis.com,info@utahtennis.com,,,,,,,utahtennis.com,Needs Review,"Court sports and paid access found, but indoor/outdoor not stated. UT location evidence: address. No court count stated by a reliable source; left blank. Paid access signals present (membership/rental/program).",https://www.utahtennis.com/ | https://www.utahtennis.com/about-us | https://www.utahtennis.com/communitytennis,Playwright,https://utahtennis.com,https://www.utahtennis.com/,
UT Rockets Men's Basketball Camps,https://www.utrocketscamps.com/,,UT,College / University,basketball,Unclear,,,,,,,,,,,,,,utrocketscamps.com,Needs Review,"Court sports and paid access found, but indoor/outdoor not stated. UT location evidence: address. No decision maker found on public pages. No court count stated by a reliable source; left blank. Paid access signals present (membership/rental/program).",https://www.utrocketscamps.com/ | https://www.utrocketscamps.com/coaching-staff.cfm | https://www.utrocketscamps.com/facilitiesdirections.cfm | https://www.utrocketscamps.com/contact-us.cfm,Playwright,https://utrocketscamps.com,https://www.utrocketscamps.com/,
UT San Antonio,https://www.utsa.edu/,,UT,College / University,basketball,Unclear,,,,,,,,,,,,,,utsa.edu,Needs Review,"Court sports and paid access found, but indoor/outdoor not stated. UT location evidence: address. No decision maker found on public pages. No court count stated by a reliable source; left blank. Paid access signals present (membership/rental/program).",https://www.utsa.edu/ | https://www.utsa.edu/about/ | https://www.utsa.edu/about/facts-accolades/ | https://www.utsa.edu/about/rankings/ | https://www.utsa.edu/about/campuses/ | https://www.utsa.edu/about/history-development/ | https://www.utsa.edu/about/traditions/,Playwright,https://utsa.edu,https://www.utsa.edu/,
Utah Badminton Association,https://utahbadmintonassociation.com/,Sandy,UT,Unknown,badminton,Unclear,,,,,,,,,,,,,,utahbadmintonassociation.com,Needs Review,"Court sports and paid access found, but indoor/outdoor not stated. UT location evidence: address. No decision maker found on public pages. No court count stated by a reliable source; left blank. Paid access signals present (membership/rental/program).",https://utahbadmintonassociation.com/ | https://utahbadmintonassociation.com/draper.html,Playwright,https://utahbadmintonassociation.com,https://utahbadmintonassociation.com/,
Utah FC,https://utahfccedarcity.com/,Cedar City,UT,Unknown,futsal,Unclear,,,,,,,,,,,,,,utahfccedarcity.com,Needs Review,"Court sports and paid access found, but indoor/outdoor not stated. UT location evidence: address. No decision maker found on public pages. No court count stated by a reliable source; left blank. Paid access signals present (membership/rental/program).",https://utahfccedarcity.com/ | https://utahfccedarcity.com/contact-us,Playwright,https://utahfccedarcity.com,https://utahfccedarcity.com/,
UTAH MOJO,https://www.utahmojo.com/,American Fork,UT,College / University,basketball; volleyball,Unclear,,,,,,,info@utahmojo.com,,,,,,,utahmojo.com,Needs Review,"Court sports and paid access found, but indoor/outdoor not stated. UT location evidence: address. No decision maker found on public pages. No court count stated by a reliable source; left blank. Paid access signals present (membership/rental/program).",https://www.utahmojo.com/ | https://www.utahmojo.com/aau-membership | https://www.utahmojo.com/about-the-club | https://www.utahmojo.com/contact-us | https://www.utahmojo.com/tryouts | https://www.utahmojo.com/coaches,Playwright,https://utahmojo.com,https://www.utahmojo.com/,
Utah Rec Sports,https://utahrecsports.com/,Springville,UT,Unknown,basketball; volleyball,Unclear,,,,,,,,,,,,,,utahrecsports.com,Needs Review,"Court sports and paid access found, but indoor/outdoor not stated. UT location evidence: address. No decision maker found on public pages. No court count stated by a reliable source; left blank. Paid access signals present (membership/rental/program).",https://utahrecsports.com/ | https://utahrecsports.com/contacts/,Playwright,https://utahrecsports.com,https://utahrecsports.com/,
Utah Summer Games,https://utahsummergames.org/,Cedar City,UT,College / University,pickleball; tennis; basketball; volleyball; racquetball,Unclear,,,,,,,,,,,,,,utahsummergames.org,Needs Review,"Court sports and paid access found, but indoor/outdoor not stated. UT location evidence: address. No decision maker found on public pages. No court count stated by a reliable source; left blank. Paid access signals present (membership/rental/program).",https://utahsummergames.org/ | https://utahsummergames.org/sports/2023/12/20/about-the-utah-summer-games.aspx | https://utahsummergames.org/staff-directory | https://utahsummergames.org/sports/2023/12/8/contact-us.aspx,Playwright,https://utahsummergames.org,https://utahsummergames.org/,
Utah Youth Tennis,https://www.usyouthtennis.org/,,UT,Racquet / Tennis Club,tennis,Unclear,,,,,,,,,,,,,,usyouthtennis.org,Needs Review,"Court sports and paid access found, but indoor/outdoor not stated. UT location evidence: phone. No decision maker found on public pages. No court count stated by a reliable source; left blank. Paid access signals present (membership/rental/program).",https://www.usyouthtennis.org/ | https://www.usyouthtennis.org/utah-programs | https://www.usyouthtennis.org/idaho-programs | https://www.usyouthtennis.org/arizona-programs | https://www.usyouthtennis.org/about-1 | https://www.usyouthtennis.org/programs | https://www.usyouthtennis.org/contact-us,Playwright,https://usyouthtennis.org,https://www.usyouthtennis.org/,
UtahBasketball.net Podcast and Publishing,https://www.utahbasketball.net/,,UT,Unknown,basketball,Unclear,,,,,,,,,,,,,,utahbasketball.net,Needs Review,"Court sports and paid access found, but indoor/outdoor not stated. UT location evidence: mention. No decision maker found on public pages. No court count stated by a reliable source; left blank. Paid access signals present (membership/rental/program).",https://www.utahbasketball.net/ | https://www.utahbasketball.net/about,Playwright,https://utahbasketball.net,https://www.utahbasketball.net/,
Utahicevbc,https://www.utahicevbc.com/,,UT,College / University,volleyball,Unclear,,,,,,utahicevbc@gmail.com,,,,,,,,utahicevbc.com,Needs Review,"Court sports and paid access found, but indoor/outdoor not stated. UT location evidence: mention. No decision maker found on public pages. No court count stated by a reliable source; left blank. Paid access signals present (membership/rental/program).",https://www.utahicevbc.com/ | https://www.utahicevbc.com/programs | https://www.utahicevbc.com/spring-youth-league | https://www.utahicevbc.com/contact,Playwright,https://utahicevbc.com,https://www.utahicevbc.com/,
UtahRacquetball,https://utahracquetball.org/,,UT,Unknown,racquetball,Unclear,7,"bs Tournaments · Sports Mall. 5445 S 900 E Murray , Utah 84117 Phone #: 801-261-3426 # of Courts: 7 · Alta Canyon Recreation Center. 9565 S. · American Fork ... Clubs Tournaments · Sports M",,,,,,,,,,,,utahracquetball.org,Needs Review,"Court sports found, but indoor/outdoor not stated. UT location evidence: mention. No decision maker found on public pages.",https://utahracquetball.org/,Playwright,https://utahracquetball.org,https://utahracquetball.org/,
Vortex Volleyball Club,https://vortexvolleyballutah.org/,Syracuse,UT,School,volleyball,Unclear,4,BALL CLUB F5 FACILITY VORTEX - F5 FACILITY HOME OF VORTEX VOLLEYBALL CLUB FACILITY Space: 4 Court Volleyball gym with NEW exclusive Vortex Volleyball athlete weight room for off-court tra,,,,vortexvolleyballutah@gmail.com,,,,,,,,vortexvolleyballutah.org,Needs Review,"Court sports and paid access found, but indoor/outdoor not stated. UT location evidence: address. No decision maker found on public pages. Paid access signals present (membership/rental/program).",https://vortexvolleyballutah.org/ | https://vortexvolleyballutah.org/training/ | https://vortexvolleyballutah.org/about-vortex/ | https://vortexvolleyballutah.org/about-vortex/contact-us/ | https://vortexvolleyballutah.org/about-vortex/staff/ | https://vortexvolleyballutah.org/facility/ | https://vortexvolleyballutah.org/facility/tournaments-site-info/,Playwright,https://vortexvolleyballutah.org,https://vortexvolleyballutah.org/,
Walker Funeral Home,https://walkermemorials.com/,Spanish Fork,UT,Unknown,squash,Unclear,,,,,,,,,,,,,,walkermemorials.com,Needs Review,"Court sports and paid access found, but indoor/outdoor not stated. UT location evidence: address. No decision maker found on public pages. No court count stated by a reliable source; left blank. Paid access signals present (membership/rental/program).",https://walkermemorials.com/ | https://walkermemorials.com/about-us/ | https://walkermemorials.com/our-team/ | https://walkermemorials.com/contact-us/,Playwright,https://walkermemorials.com,https://walkermemorials.com/,
Water Canyon High,https://wchs.washk12.org/,Hildale,UT,School,volleyball,Unclear,,,Alicia,Musser,President,,,alicia@wchs.washk12.org,alicia.musser@wchs.washk12.org,aliciamusser@wchs.washk12.org,amusser@wchs.washk12.org,a.musser@wchs.washk12.org,aliciam@wchs.washk12.org,wchs.washk12.org,Needs Review,"Court sports and paid access found, but indoor/outdoor not stated. UT location evidence: address. No court count stated by a reliable source; left blank. Paid access signals present (membership/rental/program). Guessed emails are UNVERIFIED pattern permutations - not published addresses.",https://wchs.washk12.org/ | https://wchs.washk12.org/faculty-directory/ | https://wchs.washk12.org/staff-resources/ | https://wchs.washk12.org/about-us/,Playwright,https://wchs.washk12.org,https://wchs.washk12.org/,
Weber Elite V-Ball,https://www.webervolleyball.com/,,UT,Health Club,volleyball,Unclear,,,,,,,,,,,,,,webervolleyball.com,Needs Review,"Court sports and paid access found, but indoor/outdoor not stated. UT location evidence: phone. No decision maker found on public pages. No court count stated by a reliable source; left blank. Paid access signals present (membership/rental/program).",https://www.webervolleyball.com/ | https://www.webervolleyball.com/contact-us | https://www.webervolleyball.com/about,Playwright,https://webervolleyball.com,https://www.webervolleyball.com/,
Welcome to Best Sports Summer Camps .com,https://bestsportssummercamps.com/,,UT,Unknown,tennis; basketball; volleyball,Unclear,,,,,,,,,,,,,,bestsportssummercamps.com,Needs Review,"Court sports and paid access found, but indoor/outdoor not stated. UT location evidence: mention. No decision maker found on public pages. No court count stated by a reliable source; left blank. Paid access signals present (membership/rental/program).",https://bestsportssummercamps.com/ | https://bestsportssummercamps.com/best-sports-summer-camps-directory.html,Playwright,https://bestsportssummercamps.com,https://bestsportssummercamps.com/,
Women,https://www.womenssportsfoundation.org/,Salt Lake City,UT,Unknown,tennis; basketball,Unclear,,,,,,,info@womenssportsfoundation.org,,,,,,,womenssportsfoundation.org,Needs Review,"Court sports and paid access found, but indoor/outdoor not stated. UT location evidence: address. No decision maker found on public pages. No court count stated by a reliable source; left blank. Paid access signals present (membership/rental/program).",https://www.womenssportsfoundation.org/ | https://www.womenssportsfoundation.org/contact/ | https://www.womenssportsfoundation.org/who-we-are/ | https://www.womenssportsfoundation.org/who-we-are/our-team/our-founder/ | https://www.womenssportsfoundation.org/who-we-are/athletes/ | https://www.womenssportsfoundation.org/who-we-are/financials/ | https://www.womenssportsfoundation.org/wsf_program_categories/girl-serving-programs/,Playwright,https://womenssportsfoundation.org,https://www.womenssportsfoundation.org/,
Youth Athletic Training,https://www.thepeakgym.com/,Highland,UT,School,basketball,Unclear,,,,,,chad.gunnar@gmail.com,,,,,,,,thepeakgym.com,Needs Review,"Court sports and paid access found, but indoor/outdoor not stated. UT location evidence: address. No decision maker found on public pages. No court count stated by a reliable source; left blank. Paid access signals present (membership/rental/program).",https://www.thepeakgym.com/ | https://www.thepeakgym.com/group-programs | https://www.thepeakgym.com/programs/movement-training-k-3 | https://www.thepeakgym.com/programs/rookie-3rd-5th | https://www.thepeakgym.com/programs/all-star-6th-8th | https://www.thepeakgym.com/programs/elite-9th-12th | https://www.thepeakgym.com/team-training,Playwright,https://thepeakgym.com,https://www.thepeakgym.com/,
