Facility ID,Facility Name,Website,City,State,Facility Type,Sports Offered,Indoor Court Status,Qualification Status,Indoor Evidence,Number of Courts,Court Count Notes,Decision Maker First Name,Decision Maker Last Name,Decision Maker Full Name,Decision Maker Title,Company Domain,Published Direct Email,Shared Facility Email,Guessed Email 1,Guessed Email 2,Guessed Email 3,Guessed Email 4,Guessed Email 5,Guessed Email 6,Emails Found,Research Notes,Source URLs
WA-REVIEW-0001,03 Int,https://www.03intlbadminton.net/,,WA,Private Club,badminton,Unclear,Needs Review,Court sport confirmed on the facility site; no explicit indoor or outdoor statement found on the crawled pages. Needs a human check of the website or a call before outreach.,,,,,,,03intlbadminton.net,,,,,,,,,1,"Court sports and paid access found, but indoor/outdoor not stated. WA location evidence: phone. No decision maker found on public pages. No court count stated by a reliable source; left blank. Paid access signals present (membership/rental/program). Third-party email removed (not on facility domain).",https://www.03intlbadminton.net/ | https://www.03intlbadminton.net/membership | https://www.03intlbadminton.net/scheduling | https://www.03intlbadminton.net/location
WA-REVIEW-0002,253Elite.com,https://www.253elite.com/,Tacoma,WA,School,volleyball,Unclear,Needs Review,Court sport confirmed on the facility site; no explicit indoor or outdoor statement found on the crawled pages. Needs a human check of the website or a call before outreach.,,,,,,,253elite.com,253elitevbc@gmail.com,,,,,,,,1,"Court sports and paid access found, but indoor/outdoor not stated. WA location evidence: address. No decision maker found on public pages. No court count stated by a reliable source; left blank. Paid access signals present (membership/rental/program).",https://www.253elite.com/ | https://www.253elite.com/aboutus
WA-REVIEW-0003,90TEN Training Academy,https://www.90ten.net/,Centralia,WA,School,basketball,Unclear,Needs Review,Court sport confirmed on the facility site; no explicit indoor or outdoor statement found on the crawled pages. Needs a human check of the website or a call before outreach.,,,Robin,Johnson,Robin Johnson,Owner,90ten.net,,,robin@90ten.net,robin.johnson@90ten.net,robinjohnson@90ten.net,rjohnson@90ten.net,r.johnson@90ten.net,robinj@90ten.net,1,"Court sports and paid access found, but indoor/outdoor not stated. WA location evidence: address. No court count stated by a reliable source; left blank. Paid access signals present (membership/rental/program). Guessed emails are UNVERIFIED pattern permutations - not published addresses.",https://www.90ten.net/ | https://www.90ten.net/programs/ | https://www.90ten.net/programs/leagues/ | https://www.90ten.net/about/ | https://www.90ten.net/our-team/ | https://www.90ten.net/about/support/ | https://www.90ten.net/contact-us/
WA-REVIEW-0004,Academy Sports Center,https://www.academyvb.com/,Lynnwood,WA,School,volleyball,Unclear,Needs Review,Court sport confirmed on the facility site; no explicit indoor or outdoor statement found on the crawled pages. Needs a human check of the website or a call before outreach.,4,"autiful and comfortable facility for both participants and their fans. AMENITIES INCLUDE: 4 Courts used for tournaments Heated hardwood floors Unobstructed, high ceilings Plenty of bench a",,,,,academyvb.com,,,,,,,,,0,"Court sports and paid access found, but indoor/outdoor not stated. WA location evidence: address. No decision maker found on public pages. Paid access signals present (membership/rental/program).",https://www.academyvb.com/ | https://www.academyvb.com/page/show/2884679-why-choose-academy- | https://www.academyvb.com/academyprograms | https://www.academyvb.com/facilityinformation
WA-REVIEW-0005,Advantage Basketball Camps,https://m.advantagebasketball.com/,Lynnwood,WA,College / University,basketball,Unclear,Needs Review,Court sport confirmed on the facility site; no explicit indoor or outdoor statement found on the crawled pages. Needs a human check of the website or a call before outreach.,,,,,,,advantagebasketball.com,,info@advantagebasketball.com,,,,,,,2,"Court sports found, but indoor/outdoor not stated. WA location evidence: address. No decision maker found on public pages. No court count stated by a reliable source; left blank.",https://m.advantagebasketball.com/ | https://m.advantagebasketball.com/about.htm | https://m.advantagebasketball.com/contact.htm
WA-REVIEW-0006,Alpine Fitness Gym,https://alpinefitnessgym.com/,North Bend,WA,College / University,volleyball,Unclear,Needs Review,Court sport confirmed on the facility site; no explicit indoor or outdoor statement found on the crawled pages. Needs a human check of the website or a call before outreach.,,,,,,,alpinefitnessgym.com,derwin@alpinefitnessgym.com,,,,,,,,1,"Court sports and paid access found, but indoor/outdoor not stated. WA location evidence: address. No decision maker found on public pages. No court count stated by a reliable source; left blank. Paid access signals present (membership/rental/program).",https://alpinefitnessgym.com/ | https://alpinefitnessgym.com/about-us.html
WA-REVIEW-0007,"American Arenas®: Tickets for Sports, Concerts, Theater...",https://americanarenas.com/,,WA,Unknown,tennis; basketball; volleyball,Unclear,Needs Review,Court sport confirmed on the facility site; no explicit indoor or outdoor statement found on the crawled pages. Needs a human check of the website or a call before outreach.,,,Alexander,Delrey,Alexander Delrey,Founder,americanarenas.com,,,alexander@americanarenas.com,alexander.delrey@americanarenas.com,alexanderdelrey@americanarenas.com,adelrey@americanarenas.com,a.delrey@americanarenas.com,alexanderd@americanarenas.com,1,"Court sports and paid access found, but indoor/outdoor not stated. WA location evidence: address. No court count stated by a reliable source; left blank. Paid access signals present (membership/rental/program). Guessed emails are UNVERIFIED pattern permutations - not published addresses.",https://americanarenas.com/ | https://americanarenas.com/venue/court-central-at-iga-stadium/ | https://americanarenas.com/about/ | https://americanarenas.com/contact-us/
WA-REVIEW-0008,Angel of the Winds -,https://angelofthewinds.com/,Arlington,WA,College / University,basketball; volleyball,Unclear,Needs Review,Court sport confirmed on the facility site; no explicit indoor or outdoor statement found on the crawled pages. Needs a human check of the website or a call before outreach.,,,,,,,angelofthewinds.com,,,,,,,,,0,"Court sports and paid access found, but indoor/outdoor not stated. WA location evidence: address. No decision maker found on public pages. No court count stated by a reliable source; left blank. Paid access signals present (membership/rental/program).",https://angelofthewinds.com/ | https://angelofthewinds.com/entertain/uw-husky-athletics-partnership/ | https://angelofthewinds.com/more/contact-us/
WA-REVIEW-0009,Apex NW Volleyball Club,https://www.apexnwvolleyballclub.org/,Ferndale,WA,School,volleyball,Unclear,Needs Review,Court sport confirmed on the facility site; no explicit indoor or outdoor statement found on the crawled pages. Needs a human check of the website or a call before outreach.,,,,,,,apexnwvolleyballclub.org,,,,,,,,,0,"Court sports and paid access found, but indoor/outdoor not stated. WA location evidence: address. No decision maker found on public pages. No court count stated by a reliable source; left blank. Paid access signals present (membership/rental/program).",https://www.apexnwvolleyballclub.org/ | https://www.apexnwvolleyballclub.org/aboutus
WA-REVIEW-0010,Arbor Heights Swim & Tennis Club,https://www.ahstc.com/,Seattle,WA,Racquet / Tennis Club,tennis,Unclear,Needs Review,Court sport confirmed on the facility site; no explicit indoor or outdoor statement found on the crawled pages. Needs a human check of the website or a call before outreach.,,,,,,,ahstc.com,,programs@ahstc.com,,,,,,,9,"Court sports and paid access found, but indoor/outdoor not stated. WA location evidence: address. No decision maker found on public pages. No court count stated by a reliable source; left blank. Paid access signals present (membership/rental/program).",https://www.ahstc.com/ | https://www.ahstc.com/contact/ | https://www.ahstc.com/membership/manage-account/ | https://www.ahstc.com/about/ | https://www.ahstc.com/about/bylaws/ | https://www.ahstc.com/about/contacts-board-of-directors/ | https://www.ahstc.com/about/general-membership-meeting-minutes/
WA-REVIEW-0011,"Badminton Club in Bellevue, Washington",https://www.northwestbadminton.com/,Bellevue,WA,Private Club,badminton,Unclear,Needs Review,Court sport confirmed on the facility site; no explicit indoor or outdoor statement found on the crawled pages. Needs a human check of the website or a call before outreach.,,,,,,,northwestbadminton.com,,info@northwestbadminton.com,,,,,,,1,"Court sports and paid access found, but indoor/outdoor not stated. WA location evidence: address. No decision maker found on public pages. No court count stated by a reliable source; left blank. Paid access signals present (membership/rental/program).",https://www.northwestbadminton.com/ | https://www.northwestbadminton.com/admission | https://www.northwestbadminton.com/courtreservation | https://www.northwestbadminton.com/about | https://www.northwestbadminton.com/contact | https://www.northwestbadminton.com/gallery.html | https://www.northwestbadminton.com/proshop.html
WA-REVIEW-0012,Badminton Corner,https://badmintoncorner.com/,Bellevue,WA,School,pickleball; badminton,Unclear,Needs Review,Court sport confirmed on the facility site; no explicit indoor or outdoor statement found on the crawled pages. Needs a human check of the website or a call before outreach.,13,"ers, we aren't just a shop that sells badminton products, we have our own courts. We have 13 courts in Bellevue and 8 courts in Kirkland, Washington. Owners and Staff are active players at",,,,,badmintoncorner.com,,info@badmintoncorner.com,,,,,,,1,"Court sports and paid access found, but indoor/outdoor not stated. WA location evidence: address. No decision maker found on public pages. Paid access signals present (membership/rental/program).",https://badmintoncorner.com/ | https://badmintoncorner.com/collections/court-tested-picks-by-our-coaches | https://badmintoncorner.com/pages/about-us | https://badmintoncorner.com/pages/contact-us
WA-REVIEW-0013,Bainbridge Roots Basketball,https://biroots.org/,,WA,School,basketball,Unclear,Needs Review,Court sport confirmed on the facility site; no explicit indoor or outdoor statement found on the crawled pages. Needs a human check of the website or a call before outreach.,,,,,,,biroots.org,connect@biroots.org,,,,,,,,1,"Court sports and paid access found, but indoor/outdoor not stated. WA location evidence: mention. No decision maker found on public pages. No court count stated by a reliable source; left blank. Paid access signals present (membership/rental/program).",https://biroots.org/ | https://biroots.org/programs/ | https://biroots.org/about/
WA-REVIEW-0014,Basketball Club of Woodinville,https://woodinvillebasketball.com/,Walla Walla,WA,School,tennis; basketball; volleyball,Unclear,Needs Review,Court sport confirmed on the facility site; no explicit indoor or outdoor statement found on the crawled pages. Needs a human check of the website or a call before outreach.,,,,,,,woodinvillebasketball.com,,,,,,,,,2,"Court sports and paid access found, but indoor/outdoor not stated. WA location evidence: address. No decision maker found on public pages. No court count stated by a reliable source; left blank. Paid access signals present (membership/rental/program).",https://woodinvillebasketball.com/ | https://woodinvillebasketball.com/select-program-about-us/ | https://woodinvillebasketball.com/hs-program/ | https://woodinvillebasketball.com/coaching-staff/ | https://woodinvillebasketball.com/hs-program/schedules/varsity-schedule/ | https://woodinvillebasketball.com/hs-program/whs-alumni/ | https://woodinvillebasketball.com/about/
WA-REVIEW-0015,Battle Ground Community Education,https://bgce.battlegroundps.org/,Battle Ground,WA,School,pickleball; basketball; volleyball,Unclear,Needs Review,Court sport confirmed on the facility site; no explicit indoor or outdoor statement found on the crawled pages. Needs a human check of the website or a call before outreach.,,,,,,,battlegroundps.org,commed@battlegroundps.org,,,,,,,,1,"Court sports and paid access found, but indoor/outdoor not stated. WA location evidence: address. No decision maker found on public pages. No court count stated by a reliable source; left blank. Paid access signals present (membership/rental/program).",https://bgce.battlegroundps.org/ | https://bgce.battlegroundps.org/o/bgce/forms/8973 | https://bgce.battlegroundps.org/o/bgce/page/about | https://bgce.battlegroundps.org/o/bgce/page/gym-facilitators-and-referees
WA-REVIEW-0016,Bellingham Table Tennis Club,https://bellinghamtabletennisclub.com/,,WA,Racquet / Tennis Club,tennis,Unclear,Needs Review,Court sport confirmed on the facility site; no explicit indoor or outdoor statement found on the crawled pages. Needs a human check of the website or a call before outreach.,,,,,,,bellinghamtabletennisclub.com,,,,,,,,,0,"Court sports and paid access found, but indoor/outdoor not stated. WA location evidence: phone. No decision maker found on public pages. No court count stated by a reliable source; left blank. Paid access signals present (membership/rental/program).",https://bellinghamtabletennisclub.com/
WA-REVIEW-0017,Big Bend CC,https://bbccvikings.com/landing/index,Moses Lake,WA,College / University,basketball; volleyball,Unclear,Needs Review,Court sport confirmed on the facility site; no explicit indoor or outdoor statement found on the crawled pages. Needs a human check of the website or a call before outreach.,,,Eeo,Vice,Eeo Vice,President,bbccvikings.com,,,eeo@bbccvikings.com,eeo.vice@bbccvikings.com,eeovice@bbccvikings.com,evice@bbccvikings.com,e.vice@bbccvikings.com,eeov@bbccvikings.com,0,"Court sports and paid access found, but indoor/outdoor not stated. WA location evidence: address. No court count stated by a reliable source; left blank. Paid access signals present (membership/rental/program). Guessed emails are UNVERIFIED pattern permutations - not published addresses.",https://bbccvikings.com/landing/index | https://www.bbccvikings.com/inside-athletics/viking-vibes/vision | https://www.bbccvikings.com/inside-athletics/viking-vibes/branding | https://www.bbccvikings.com/inside-athletics/viking-vibes/medical | https://www.bbccvikings.com/inside-athletics/viking-vibes/diversity | https://www.bbccvikings.com/inside-athletics/directory
WA-REVIEW-0018,Blue Royals Volleyball Academy,https://www.blueroyalsvolleyball.com/,,WA,School,volleyball,Unclear,Needs Review,Court sport confirmed on the facility site; no explicit indoor or outdoor statement found on the crawled pages. Needs a human check of the website or a call before outreach.,,,,,,,blueroyalsvolleyball.com,blueroyalsvolleyball@gmail.com,,,,,,,,1,"Court sports and paid access found, but indoor/outdoor not stated. WA location evidence: phone. No decision maker found on public pages. No court count stated by a reliable source; left blank. Paid access signals present (membership/rental/program).",https://www.blueroyalsvolleyball.com/ | https://www.blueroyalsvolleyball.com/home/contact-us | https://www.blueroyalsvolleyball.com/about-us/boys-july-team-tryouts | https://www.blueroyalsvolleyball.com/about-us/boys-oct-team-tryouts | https://www.blueroyalsvolleyball.com/about-us/u14-girls-team-tryouts | https://www.blueroyalsvolleyball.com/about-us/u13-girls-team-tryouts | https://www.blueroyalsvolleyball.com/about-us/u12-girls-team-tryouts
WA-REVIEW-0019,BNB Camps,https://bnbcamps.com/,Soap Lake,WA,Unknown,basketball,Unclear,Needs Review,Court sport confirmed on the facility site; no explicit indoor or outdoor statement found on the crawled pages. Needs a human check of the website or a call before outreach.,,,,,,,bnbcamps.com,bnbcamps@gmail.com,,,,,,,,1,"Court sports found, but indoor/outdoor not stated. WA location evidence: address. No decision maker found on public pages. No court count stated by a reliable source; left blank.",https://bnbcamps.com/ | https://bnbcamps.com/contact
WA-REVIEW-0020,Bonney Lake High School Sports Camps,https://www.blpanthercamps.com/,Sumner,WA,School,basketball,Unclear,Needs Review,Court sport confirmed on the facility site; no explicit indoor or outdoor statement found on the crawled pages. Needs a human check of the website or a call before outreach.,,,,,,,blpanthercamps.com,,,,,,,,,0,"Court sports and paid access found, but indoor/outdoor not stated. WA location evidence: address. No decision maker found on public pages. No court count stated by a reliable source; left blank. Paid access signals present (membership/rental/program).",https://www.blpanthercamps.com/ | https://www.blpanthercamps.com/contact-us.cfm
WA-REVIEW-0021,Bothell Select Basketball,https://bothellselect.com/,Bothell,WA,School,basketball,Unclear,Needs Review,Court sport confirmed on the facility site; no explicit indoor or outdoor statement found on the crawled pages. Needs a human check of the website or a call before outreach.,,,,,,,bothellselect.com,bothellselect@proton.me,,,,,,,,1,"Court sports and paid access found, but indoor/outdoor not stated. WA location evidence: address. No decision maker found on public pages. No court count stated by a reliable source; left blank. Paid access signals present (membership/rental/program).",https://bothellselect.com/ | https://bothellselect.com/contact-us | https://bothellselect.com/about-us | https://bothellselect.com/our-team
WA-REVIEW-0022,Bothell Volleyball Club,https://www.bothellvbc.org/,,WA,School,basketball; volleyball,Unclear,Needs Review,Court sport confirmed on the facility site; no explicit indoor or outdoor statement found on the crawled pages. Needs a human check of the website or a call before outreach.,2,"be on their own court (14 max), playing with U12 (volley lite) volleyball. There will be 2 courts for 7th & 8th graders (28 max). July 27-29: Summer Camp II – Click Here to Register 3 spo",,,,,bothellvbc.org,,,,,,,,,0,"Court sports and paid access found, but indoor/outdoor not stated. WA location evidence: mention. No decision maker found on public pages. Paid access signals present (membership/rental/program).",https://www.bothellvbc.org/ | https://www.bothellvbc.org/about-directors/ | https://www.bothellvbc.org/contact/
WA-REVIEW-0023,Camas Center for Community Wellness,https://camascenter.org/,Usk,WA,Unknown,pickleball; basketball,Unclear,Needs Review,Court sport confirmed on the facility site; no explicit indoor or outdoor statement found on the crawled pages. Needs a human check of the website or a call before outreach.,,,,,,,camascenter.org,,,,,,,,,0,"Court sports and paid access found, but indoor/outdoor not stated. WA location evidence: address. No decision maker found on public pages. No court count stated by a reliable source; left blank. Paid access signals present (membership/rental/program).",https://camascenter.org/ | https://camascenter.org/membership | https://camascenter.org/room-rentals | https://camascenter.org/our-team
WA-REVIEW-0024,Capital Volleyball Club,https://www.capitalvolleyball.com/,,WA,Private Club,volleyball,Unclear,Needs Review,Court sport confirmed on the facility site; no explicit indoor or outdoor statement found on the crawled pages. Needs a human check of the website or a call before outreach.,,,,,,,capitalvolleyball.com,,,,,,,,,2,"Court sports and paid access found, but indoor/outdoor not stated. WA location evidence: zip. No decision maker found on public pages. No court count stated by a reliable source; left blank. Paid access signals present (membership/rental/program).",https://www.capitalvolleyball.com/ | https://www.capitalvolleyball.com/about | https://www.capitalvolleyball.com/contact
WA-REVIEW-0025,Central Kitsap Youth Athletics Basketball,https://www.ckyouthathletics.org/,Silverdale,WA,Unknown,basketball,Unclear,Needs Review,Court sport confirmed on the facility site; no explicit indoor or outdoor statement found on the crawled pages. Needs a human check of the website or a call before outreach.,,,,,,,ckyouthathletics.org,registrar@ckyouthathletics.org,,,,,,,,1,"Court sports and paid access found, but indoor/outdoor not stated. WA location evidence: address. No decision maker found on public pages. No court count stated by a reliable source; left blank. Paid access signals present (membership/rental/program).",https://www.ckyouthathletics.org/ | https://www.ckyouthathletics.org/Default.aspx
WA-REVIEW-0026,Chris Hyppa Basketball,https://www.chrishyppabasketball.com/,Tacoma,WA,College / University,basketball,Unclear,Needs Review,Court sport confirmed on the facility site; no explicit indoor or outdoor statement found on the crawled pages. Needs a human check of the website or a call before outreach.,,,,,,,chrishyppabasketball.com,,,,,,,,,0,"Court sports and paid access found, but indoor/outdoor not stated. WA location evidence: address. No decision maker found on public pages. No court count stated by a reliable source; left blank. Paid access signals present (membership/rental/program).",https://www.chrishyppabasketball.com/ | https://www.chrishyppabasketball.com/about? | https://www.chrishyppabasketball.com/contact? | https://www.chrishyppabasketball.com/chb-private-facility
WA-REVIEW-0027,Clark College,https://www.clark.edu/,Vancouver,WA,College / University,basketball; volleyball,Unclear,Needs Review,Court sport confirmed on the facility site; no explicit indoor or outdoor statement found on the crawled pages. Needs a human check of the website or a call before outreach.,,,,,,,clark.edu,,,,,,,,,22,"Court sports and paid access found, but indoor/outdoor not stated. WA location evidence: address. No decision maker found on public pages. No court count stated by a reliable source; left blank. Paid access signals present (membership/rental/program).",https://www.clark.edu/ | https://www.clark.edu/about/calendars/events.php | https://www.clark.edu/directories/remote-contacts.php | https://www.clark.edu/about/visitors-guide/getting-to-clark/ | https://www.clark.edu/about/calendars/ | https://www.clark.edu/academics/ | https://www.clark.edu/about/
WA-REVIEW-0028,Columbia Basin Elite Volleyball,https://cbelite.sportngin.com/,Moses Lake,WA,Private Club,volleyball,Unclear,Needs Review,Court sport confirmed on the facility site; no explicit indoor or outdoor statement found on the crawled pages. Needs a human check of the website or a call before outreach.,,,,,,,cbelite.sportngin.com,cbelitevolleyball@outlook.com,,,,,,,,1,"Court sports found, but indoor/outdoor not stated. WA location evidence: address. No decision maker found on public pages. No court count stated by a reliable source; left blank.",https://cbelite.sportngin.com/ | https://cbelite.sportngin.com/aboutus
WA-REVIEW-0029,Colville School District,https://www.colsd.org/,Colville,WA,School,tennis; basketball; volleyball,Unclear,Needs Review,Court sport confirmed on the facility site; no explicit indoor or outdoor statement found on the crawled pages. Needs a human check of the website or a call before outreach.,,,Chris,Burch,Chris Burch,Athletic Director,colsd.org,,info@colsd.org,chris@colsd.org,chris.burch@colsd.org,chrisburch@colsd.org,cburch@colsd.org,c.burch@colsd.org,chrisb@colsd.org,6,"Court sports and paid access found, but indoor/outdoor not stated. WA location evidence: address. No court count stated by a reliable source; left blank. Paid access signals present (membership/rental/program). Guessed emails are UNVERIFIED pattern permutations - not published addresses.",https://www.colsd.org/ | https://www.colsd.org/o/chs/page/athletics | https://www.colsd.org/o/cjhs/page/athletics | https://www.colsd.org/page/english-language-development-eld-program | https://www.colsd.org/page/highly-capable-program | https://www.colsd.org/page/homeless-program-mckinney-vento | https://www.colsd.org/page/learning-assistance-program-lap
WA-REVIEW-0030,Conboy Basketball,https://www.conboybasketball.com/,Vancouver,WA,College / University,basketball,Unclear,Needs Review,Court sport confirmed on the facility site; no explicit indoor or outdoor statement found on the crawled pages. Needs a human check of the website or a call before outreach.,,,,,,,conboybasketball.com,conboy.info@gmail.com,,,,,,,,1,"Court sports and paid access found, but indoor/outdoor not stated. WA location evidence: address. No decision maker found on public pages. No court count stated by a reliable source; left blank. Paid access signals present (membership/rental/program).",https://www.conboybasketball.com/ | https://www.conboybasketball.com/minihoops/ | https://www.conboybasketball.com/about/ | https://www.conboybasketball.com/about/success-stories/ | https://www.conboybasketball.com/facility/ | https://www.conboybasketball.com/contact-us/
WA-REVIEW-0031,Cristina Zalavarria,https://cristinazhomes.com/,,WA,Unknown,volleyball; racquetball,Unclear,Needs Review,Court sport confirmed on the facility site; no explicit indoor or outdoor statement found on the crawled pages. Needs a human check of the website or a call before outreach.,,,,,,,cristinazhomes.com,cristinazalavarria@gmail.com,,,,,,,,1,"Court sports and paid access found, but indoor/outdoor not stated. WA location evidence: phone. No decision maker found on public pages. No court count stated by a reliable source; left blank. Paid access signals present (membership/rental/program).",https://cristinazhomes.com/ | https://cristinazhomes.com/contact-me
WA-REVIEW-0032,CRÛ Performance,https://www.cruperformance.com/,,WA,College / University,volleyball,Unclear,Needs Review,Court sport confirmed on the facility site; no explicit indoor or outdoor statement found on the crawled pages. Needs a human check of the website or a call before outreach.,,,,,,,cruperformance.com,,,,,,,,,0,"Court sports and paid access found, but indoor/outdoor not stated. WA location evidence: mention. No decision maker found on public pages. No court count stated by a reliable source; left blank. Paid access signals present (membership/rental/program).",https://www.cruperformance.com/ | https://www.cruperformance.com/aboutus
WA-REVIEW-0033,"Crunks Sports Complex in Arkansas, United States",https://crunks-sports-complex.sportsgrounds.us.com/,Cheney,WA,Indoor Sports Complex,tennis; basketball; volleyball; badminton; squash,Unclear,Needs Review,Court sport confirmed on the facility site; no explicit indoor or outdoor statement found on the crawled pages. Needs a human check of the website or a call before outreach.,,,,,,,crunks-sports-complex.sportsgrounds.us.com,,,,,,,,,0,"Court sports and paid access found, but indoor/outdoor not stated. WA location evidence: address. No decision maker found on public pages. No court count stated by a reliable source; left blank. Paid access signals present (membership/rental/program).",https://crunks-sports-complex.sportsgrounds.us.com/
WA-REVIEW-0034,CTB Basketball,https://www.ctbbasketball.com/,,WA,Private Club,basketball,Unclear,Needs Review,Court sport confirmed on the facility site; no explicit indoor or outdoor statement found on the crawled pages. Needs a human check of the website or a call before outreach.,,,Teddy,Gainer,Teddy Gainer,Executive Director,ctbbasketball.com,,info@ctbbasketball.com,teddy@ctbbasketball.com,teddy.gainer@ctbbasketball.com,teddygainer@ctbbasketball.com,tgainer@ctbbasketball.com,t.gainer@ctbbasketball.com,teddyg@ctbbasketball.com,1,"Court sports and paid access found, but indoor/outdoor not stated. WA location evidence: phone. No court count stated by a reliable source; left blank. Paid access signals present (membership/rental/program). Guessed emails are UNVERIFIED pattern permutations - not published addresses.",https://www.ctbbasketball.com/ | https://www.ctbbasketball.com/about
WA-REVIEW-0035,D-BLOCK HOOPS,https://www.dblockhoops.com/,,WA,School,basketball,Unclear,Needs Review,Court sport confirmed on the facility site; no explicit indoor or outdoor statement found on the crawled pages. Needs a human check of the website or a call before outreach.,,,,,,,dblockhoops.com,dblockhoops@yahoo.com,,,,,,,,1,"Court sports and paid access found, but indoor/outdoor not stated. WA location evidence: phone. No decision maker found on public pages. No court count stated by a reliable source; left blank. Paid access signals present (membership/rental/program).",https://www.dblockhoops.com/ | https://www.dblockhoops.com/about-us | https://www.dblockhoops.com/contact-us
WA-REVIEW-0036,drainetrain.com,https://drainetrain.com/,Spokane,WA,College / University,basketball,Unclear,Needs Review,Court sport confirmed on the facility site; no explicit indoor or outdoor statement found on the crawled pages. Needs a human check of the website or a call before outreach.,,,,,,,drainetrain.com,john@drainetrain.com,,,,,,,,1,"Court sports and paid access found, but indoor/outdoor not stated. WA location evidence: address. No decision maker found on public pages. No court count stated by a reliable source; left blank. Paid access signals present (membership/rental/program).",https://drainetrain.com/
WA-REVIEW-0037,Drake University,https://www.drake.edu/,Spokane,WA,College / University,tennis; basketball,Unclear,Needs Review,Court sport confirmed on the facility site; no explicit indoor or outdoor statement found on the crawled pages. Needs a human check of the website or a call before outreach.,3,the men's and women's tennis teams. Recreational times are limited and must be reserved. Three tennis courts at ...,Brian,Hardin,Brian Hardin,Athletic Director,drake.edu,,,brian@drake.edu,brian.hardin@drake.edu,brianhardin@drake.edu,bhardin@drake.edu,b.hardin@drake.edu,brianh@drake.edu,0,"Court sports and paid access found, but indoor/outdoor not stated. WA location evidence: address. Paid access signals present (membership/rental/program). Guessed emails are UNVERIFIED pattern permutations - not published addresses.",https://www.drake.edu/ | https://www.drake.edu/facstaff | https://www.drake.edu/contact | https://www.drake.edu/about/leadership-mission/history-traditions | https://www.drake.edu/about | https://www.drake.edu/about/leadership-mission | https://www.drake.edu/about/accreditation
WA-REVIEW-0038,Drive Basketball,https://www.drivebasketball.org/,,WA,Unknown,basketball,Unclear,Needs Review,Court sport confirmed on the facility site; no explicit indoor or outdoor statement found on the crawled pages. Needs a human check of the website or a call before outreach.,,,,,,,drivebasketball.org,cadeorness@gmail.com,,,,,,,,1,"Court sports and paid access found, but indoor/outdoor not stated. WA location evidence: phone. No decision maker found on public pages. No court count stated by a reliable source; left blank. Paid access signals present (membership/rental/program).",https://www.drivebasketball.org/
WA-REVIEW-0039,EA Hoops | EA Hoops,https://www.eahoops.com/,Spokane,WA,College / University,basketball,Unclear,Needs Review,Court sport confirmed on the facility site; no explicit indoor or outdoor statement found on the crawled pages. Needs a human check of the website or a call before outreach.,,,,,,,eahoops.com,,,,,,,,,2,"Court sports and paid access found, but indoor/outdoor not stated. WA location evidence: address. No decision maker found on public pages. No court count stated by a reliable source; left blank. Paid access signals present (membership/rental/program).",https://www.eahoops.com/ | https://www.eahoops.com/about | https://www.eahoops.com/contact | https://www.eahoops.com/training
WA-REVIEW-0040,eagleclawfc,https://www.eagleclawfc.org/,Tukwila,WA,College / University,futsal,Unclear,Needs Review,Court sport confirmed on the facility site; no explicit indoor or outdoor statement found on the crawled pages. Needs a human check of the website or a call before outreach.,,,,,,,eagleclawfc.com,matthew@eagleclawfc.com,info@eagleclawfc.com,,,,,,,2,"Court sports and paid access found, but indoor/outdoor not stated. WA location evidence: address. No decision maker found on public pages. No court count stated by a reliable source; left blank. Paid access signals present (membership/rental/program).",https://www.eagleclawfc.org/ | https://www.eagleclawfc.org/who-we-are | https://www.eagleclawfc.org/player-inquiry | https://www.eagleclawfc.org/staff | https://www.eagleclawfc.org/transfer | https://www.eagleclawfc.org/fap
WA-REVIEW-0041,"Eastmont High School (East Wenatchee, WA) Athletics",https://www.eastmontathletics.com/,East Wenatchee,WA,College / University,tennis; basketball; volleyball,Unclear,Needs Review,Court sport confirmed on the facility site; no explicit indoor or outdoor statement found on the crawled pages. Needs a human check of the website or a call before outreach.,,,Russ,Cmaa,Russ Cmaa,Athletic Director,eastmontathletics.com,,,russ@eastmontathletics.com,russ.cmaa@eastmontathletics.com,russcmaa@eastmontathletics.com,rcmaa@eastmontathletics.com,r.cmaa@eastmontathletics.com,russc@eastmontathletics.com,16,"Court sports found, but indoor/outdoor not stated. WA location evidence: address. No court count stated by a reliable source; left blank. Guessed emails are UNVERIFIED pattern permutations - not published addresses.",https://www.eastmontathletics.com/ | https://www.eastmontathletics.com/facilities | https://www.eastmontathletics.com/directory | https://www.eastmontathletics.com/eastmont-athletic-department-staff-
WA-REVIEW-0042,"EBC Training Centers | EBC IS A FULL-SERVICE BASKETBALL FACILITY LOCATED IN KIRKLAND, WA. PROVIDING A NURTURING ENVIRONM",https://www.ebconefamily.com/,Kirkland,WA,School,basketball,Unclear,Needs Review,Court sport confirmed on the facility site; no explicit indoor or outdoor statement found on the crawled pages. Needs a human check of the website or a call before outreach.,,,,,,,ebconefamily.com,training@ebconefamily.com,info@ebconefamily.com,,,,,,,2,"Court sports and paid access found, but indoor/outdoor not stated. WA location evidence: address. No decision maker found on public pages. No court count stated by a reliable source; left blank. Paid access signals present (membership/rental/program).",https://www.ebconefamily.com/ | https://www.ebconefamily.com/ebc-family/about-us | https://www.ebconefamily.com/ebc-family/coaching-staff | https://www.ebconefamily.com/our-programs/membership-pricing | https://www.ebconefamily.com/our-programs/private-training | https://www.ebconefamily.com/our-programs/development-league | https://www.ebconefamily.com/our-programs/camps
WA-REVIEW-0043,Eclipse Volleyball,https://eclipsevbc.com/,Snohomish,WA,Private Club,volleyball,Unclear,Needs Review,Court sport confirmed on the facility site; no explicit indoor or outdoor statement found on the crawled pages. Needs a human check of the website or a call before outreach.,,,,,,,eclipsevbc.com,,info@eclipsevbc.com,,,,,,,1,"Court sports and paid access found, but indoor/outdoor not stated. WA location evidence: address. No decision maker found on public pages. No court count stated by a reliable source; left blank. Paid access signals present (membership/rental/program).",https://eclipsevbc.com/ | https://eclipsevbc.com/contact.html
WA-REVIEW-0044,Elite Sports Academy,https://www.elitesportsnw.com/,,WA,College / University,basketball,Unclear,Needs Review,Court sport confirmed on the facility site; no explicit indoor or outdoor statement found on the crawled pages. Needs a human check of the website or a call before outreach.,,,Tayon,Ary-Turner,Tayon Ary-Turner,Founder,elitesportsnw.com,,info@elitesportsnw.com,tayon@elitesportsnw.com,tayon.aryturner@elitesportsnw.com,tayonaryturner@elitesportsnw.com,taryturner@elitesportsnw.com,t.aryturner@elitesportsnw.com,tayona@elitesportsnw.com,2,"Court sports and paid access found, but indoor/outdoor not stated. WA location evidence: phone. No court count stated by a reliable source; left blank. Paid access signals present (membership/rental/program). Guessed emails are UNVERIFIED pattern permutations - not published addresses.",https://www.elitesportsnw.com/ | https://www.elitesportsnw.com/aboutus | https://www.elitesportsnw.com/page/show/9344835-contact-us
WA-REVIEW-0045,Elite Training Academy,https://www.elitetrainingacademywa.com/,Monroe,WA,School,basketball,Unclear,Needs Review,Court sport confirmed on the facility site; no explicit indoor or outdoor statement found on the crawled pages. Needs a human check of the website or a call before outreach.,,,,,,,elitetrainingacademywa.com,,,,,,,,,0,"Court sports and paid access found, but indoor/outdoor not stated. WA location evidence: address. No decision maker found on public pages. No court count stated by a reliable source; left blank. Paid access signals present (membership/rental/program).",https://www.elitetrainingacademywa.com/ | https://www.elitetrainingacademywa.com/programs/7v7footballprogram | https://www.elitetrainingacademywa.com/programs/batting-cages-for-teams | https://www.elitetrainingacademywa.com/programs/sportsperformance | https://www.elitetrainingacademywa.com/programs/adult-fitness-workouts | https://www.elitetrainingacademywa.com/programs/youth-sports-camps | https://www.elitetrainingacademywa.com/programs/private-party-rentals
WA-REVIEW-0046,Emergency Food Network,https://www.efoodnet.org/,Lakewood,WA,Private Club,squash,Unclear,Needs Review,Court sport confirmed on the facility site; no explicit indoor or outdoor statement found on the crawled pages. Needs a human check of the website or a call before outreach.,,,Michelle,Douglas,Michelle Douglas,CEO,efoodnet.org,,info@efoodnet.org,michelle@efoodnet.org,michelle.douglas@efoodnet.org,michelledouglas@efoodnet.org,mdouglas@efoodnet.org,m.douglas@efoodnet.org,michelled@efoodnet.org,7,"Court sports and paid access found, but indoor/outdoor not stated. WA location evidence: address. No court count stated by a reliable source; left blank. Paid access signals present (membership/rental/program). Guessed emails are UNVERIFIED pattern permutations - not published addresses.",https://www.efoodnet.org/ | https://www.efoodnet.org/home/about-us/ | https://www.efoodnet.org/home/our-programs/ | https://www.efoodnet.org/home/staff/ | https://www.efoodnet.org/home/about-us/careers/ | https://www.efoodnet.org/home/about-us/contact-us/
WA-REVIEW-0047,Empire Cup Events,https://www.empirecupevents.com/,Liberty Lake,WA,Sportsplex,futsal,Unclear,Needs Review,Court sport confirmed on the facility site; no explicit indoor or outdoor statement found on the crawled pages. Needs a human check of the website or a call before outreach.,,,,,,,empirecupevents.com,,,,,,,,,0,"Court sports found, but indoor/outdoor not stated. WA location evidence: address. No decision maker found on public pages. No court count stated by a reliable source; left blank.",https://www.empirecupevents.com/ | https://www.empirecupevents.com/resources
WA-REVIEW-0048,Everett Public Schools,https://www.everettsd.org/,Everett,WA,College / University,basketball,Unclear,Needs Review,Court sport confirmed on the facility site; no explicit indoor or outdoor statement found on the crawled pages. Needs a human check of the website or a call before outreach.,,,,,,,everettsd.org,,,,,,,,,14,"Court sports and paid access found, but indoor/outdoor not stated. WA location evidence: address. No decision maker found on public pages. No court count stated by a reliable source; left blank. Paid access signals present (membership/rental/program).",https://www.everettsd.org/ | https://www.everettsd.org/epsstaff/overview | https://www.everettsd.org/about-us | https://www.everettsd.org/about-us/departments | https://www.everettsd.org/about-us/district-boundary-maps | https://www.everettsd.org/about-us/legal-notices-public-records | https://www.everettsd.org/about-us/legal-notices-public-records/requesting-public-records
WA-REVIEW-0049,Excel NW Volleyball,https://www.excelnwvolleyball.com/,Camas,WA,Private Club,volleyball,Unclear,Needs Review,Court sport confirmed on the facility site; no explicit indoor or outdoor statement found on the crawled pages. Needs a human check of the website or a call before outreach.,,,,,,,excelnwvolleyball.com,,,,,,,,,0,"Court sports and paid access found, but indoor/outdoor not stated. WA location evidence: address. No decision maker found on public pages. No court count stated by a reliable source; left blank. Paid access signals present (membership/rental/program).",https://www.excelnwvolleyball.com/ | https://www.excelnwvolleyball.com/coaching-staff | https://www.excelnwvolleyball.com/contact-page
WA-REVIEW-0050,Fairhaven Association,https://members.enjoyfairhaven.com/,Bellingham,WA,Unknown,tennis,Unclear,Needs Review,Court sport confirmed on the facility site; no explicit indoor or outdoor statement found on the crawled pages. Needs a human check of the website or a call before outreach.,,,,,,,enjoyfairhaven.com,executivedirector@enjoyfairhaven.com,contact@enjoyfairhaven.com,,,,,,,2,"Court sports and paid access found, but indoor/outdoor not stated. WA location evidence: address. No decision maker found on public pages. No court count stated by a reliable source; left blank. Paid access signals present (membership/rental/program).",https://members.enjoyfairhaven.com/ | https://members.enjoyfairhaven.com/active-member-directory | https://members.enjoyfairhaven.com/contact
WA-REVIEW-0051,Fife Milton Youth Basketball,https://fmbasketball.org/home,Milton,WA,School,basketball,Unclear,Needs Review,Court sport confirmed on the facility site; no explicit indoor or outdoor statement found on the crawled pages. Needs a human check of the website or a call before outreach.,,,,,,,fmbasketball.org,,,,,,,,,4,"Court sports and paid access found, but indoor/outdoor not stated. WA location evidence: address. No decision maker found on public pages. No court count stated by a reliable source; left blank. Paid access signals present (membership/rental/program).",https://fmbasketball.org/home | https://fmbasketball.org/current-programs | https://fmbasketball.org/facility-search | https://fmbasketball.org/content/2/About-Us | https://fmbasketball.org/contact | https://fmbasketball.org/TimeOut.htm?aspxerrorpath=/Org/CurrentPrograms.aspx
WA-REVIEW-0052,"Find nearby businesses, restaurants and hotels in United States",https://us.a-better-place.com/,Seattle,WA,Unknown,tennis,Unclear,Needs Review,Court sport confirmed on the facility site; no explicit indoor or outdoor statement found on the crawled pages. Needs a human check of the website or a call before outreach.,,,,,,,us.a-better-place.com,,,,,,,,,0,"Court sports and paid access found, but indoor/outdoor not stated. WA location evidence: address. No decision maker found on public pages. No court count stated by a reliable source; left blank. Paid access signals present (membership/rental/program).",https://us.a-better-place.com/ | https://us.a-better-place.com/contact.php | https://us.a-better-place.com/list.html?utm_content=lowa-courthouse | https://us.a-better-place.com/list.html?utm_content=wyoming-car-rental
WA-REVIEW-0053,Flintoft's Funeral Home,https://www.flintofts.com/,Issaquah,WA,Unknown,tennis,Unclear,Needs Review,Court sport confirmed on the facility site; no explicit indoor or outdoor statement found on the crawled pages. Needs a human check of the website or a call before outreach.,,,,,,,flintofts.com,,,,,,,,,2,"Court sports and paid access found, but indoor/outdoor not stated. WA location evidence: address. No decision maker found on public pages. No court count stated by a reliable source; left blank. Paid access signals present (membership/rental/program).",https://www.flintofts.com/ | https://www.flintofts.com/about/our-staff | https://www.flintofts.com/about/meet-the-family | https://www.flintofts.com/contact-us/contact-us
WA-REVIEW-0054,Game Time,https://thegametimeway.com/,Tacoma,WA,College / University,pickleball; basketball; volleyball; futsal,Unclear,Needs Review,Court sport confirmed on the facility site; no explicit indoor or outdoor statement found on the crawled pages. Needs a human check of the website or a call before outreach.,,,,,,,thegametimeway.com,,info@thegametimeway.com,,,,,,,1,"Court sports and paid access found, but indoor/outdoor not stated. WA location evidence: address. No decision maker found on public pages. No court count stated by a reliable source; left blank. Paid access signals present (membership/rental/program).",https://thegametimeway.com/ | https://thegametimeway.com/about/ | https://thegametimeway.com/contact/ | https://thegametimeway.com/all-events/
WA-REVIEW-0055,Gensler,https://www.gensler.com/,New York,WA,School,basketball,Unclear,Needs Review,Court sport confirmed on the facility site; no explicit indoor or outdoor statement found on the crawled pages. Needs a human check of the website or a call before outreach.,,,Art,Gensler,Art Gensler,Founder,gensler.com,,,art@gensler.com,art.gensler@gensler.com,artgensler@gensler.com,agensler@gensler.com,a.gensler@gensler.com,artg@gensler.com,4,"Court sports and paid access found, but indoor/outdoor not stated. WA location evidence: address. No court count stated by a reliable source; left blank. Paid access signals present (membership/rental/program). Guessed emails are UNVERIFIED pattern permutations - not published addresses.",https://www.gensler.com/ | https://www.gensler.com/expertise/critical-facilities | https://www.gensler.com/legacy-of-leadership | https://www.gensler.com/about | https://www.gensler.com/about/community | https://www.gensler.com/contact | https://www.gensler.com/careers
WA-REVIEW-0056,Gig Harbor High School,https://ghh.psd401.net/,Gig Harbor,WA,School,tennis; basketball; volleyball,Unclear,Needs Review,Court sport confirmed on the facility site; no explicit indoor or outdoor statement found on the crawled pages. Needs a human check of the website or a call before outreach.,,,Erick,Counts,Erick Counts,Athletic Director,psd401.net,,info@psd401.net,erick@psd401.net,erick.counts@psd401.net,erickcounts@psd401.net,ecounts@psd401.net,e.counts@psd401.net,erickc@psd401.net,31,"Court sports and paid access found, but indoor/outdoor not stated. WA location evidence: address. No court count stated by a reliable source; left blank. Paid access signals present (membership/rental/program). Guessed emails are UNVERIFIED pattern permutations - not published addresses.",https://ghh.psd401.net/ | https://ghh.psd401.net/75828_2 | https://www.psd401.net/75692_2 | https://ghh.psd401.net/81176_2 | https://ghh.psd401.net/55525_3 | https://www.psd401.net/51292_3
WA-REVIEW-0057,Green River College,https://greenriver.edu/,Auburn,WA,College / University,tennis; basketball; volleyball; badminton,Unclear,Needs Review,Court sport confirmed on the facility site; no explicit indoor or outdoor statement found on the crawled pages. Needs a human check of the website or a call before outreach.,,,,,,,greenriver.edu,,,,,,,,,5,"Court sports and paid access found, but indoor/outdoor not stated. WA location evidence: address. No decision maker found on public pages. No court count stated by a reliable source; left blank. Paid access signals present (membership/rental/program).",https://greenriver.edu/ | https://greenriver.edu/students/academics/areas-of-interest/index.html | https://greenriver.edu/students/academics/high-school-programs.html | https://greenriver.edu/students/get-involved/athletics/index.html | https://greenriver.edu/students/get-involved/recreation-and-athletics-center/index.html | https://greenriver.edu/students/get-involved/leadership/index.html | https://greenriver.edu/campus/index.html
WA-REVIEW-0058,Hazen Booster Club,https://www.hazenboosters.org/,,WA,School,tennis; basketball; volleyball,Unclear,Needs Review,Court sport confirmed on the facility site; no explicit indoor or outdoor statement found on the crawled pages. Needs a human check of the website or a call before outreach.,,,,,,,hazenboosters.org,,,,,,,,,7,"Court sports and paid access found, but indoor/outdoor not stated. WA location evidence: phone. No decision maker found on public pages. No court count stated by a reliable source; left blank. Paid access signals present (membership/rental/program).",https://www.hazenboosters.org/ | https://www.hazenboosters.org/aboutus
WA-REVIEW-0059,Home Court,https://homecourtnw.org/,Woodinville,WA,School,basketball,Unclear,Needs Review,Court sport confirmed on the facility site; no explicit indoor or outdoor statement found on the crawled pages. Needs a human check of the website or a call before outreach.,,,,,,,homecourtnw.org,coach.pat@homecourtnw.org,info@homecourtnw.org,,,,,,,2,"Court sports and paid access found, but indoor/outdoor not stated. WA location evidence: address. No decision maker found on public pages. No court count stated by a reliable source; left blank. Paid access signals present (membership/rental/program).",https://homecourtnw.org/ | https://homecourtnw.org/programs/ | https://homecourtnw.org/programs/summer-camp-schedule/ | https://homecourtnw.org/about/ | https://homecourtnw.org/contact/ | https://homecourtnw.org/author/awschro/
WA-REVIEW-0060,HomeTeamsONLINE,https://www.seattle-mountaineers.org/teams/?u=SEATTLEMOUNTAINEERS&s=basketball,Bellevue,WA,Private Club,basketball,Unclear,Needs Review,Court sport confirmed on the facility site; no explicit indoor or outdoor statement found on the crawled pages. Needs a human check of the website or a call before outreach.,,,,,,,seattle-mountaineers.org,simsdonald@hotmail.com,,,,,,,,1,"Court sports and paid access found, but indoor/outdoor not stated. WA location evidence: address. No decision maker found on public pages. No court count stated by a reliable source; left blank. Paid access signals present (membership/rental/program).",https://www.seattle-mountaineers.org/teams/?u=SEATTLEMOUNTAINEERS&s=basketball
WA-REVIEW-0061,Hoop for the Valley,https://hoopforthevalley.org/,Burlington,WA,College / University,basketball,Unclear,Needs Review,Court sport confirmed on the facility site; no explicit indoor or outdoor statement found on the crawled pages. Needs a human check of the website or a call before outreach.,,,Tyler,Amaya,Tyler Amaya,Founder,hoopforthevalley.org,,hello@hoopforthevalley.org,tyler@hoopforthevalley.org,tyler.amaya@hoopforthevalley.org,tyleramaya@hoopforthevalley.org,tamaya@hoopforthevalley.org,t.amaya@hoopforthevalley.org,tylera@hoopforthevalley.org,1,"Court sports and paid access found, but indoor/outdoor not stated. WA location evidence: address. No court count stated by a reliable source; left blank. Paid access signals present (membership/rental/program). Guessed emails are UNVERIFIED pattern permutations - not published addresses.",https://hoopforthevalley.org/
WA-REVIEW-0062,Hoop House of Yakima,https://thehoophouseofyakima.com/,,WA,College / University,basketball,Unclear,Needs Review,Court sport confirmed on the facility site; no explicit indoor or outdoor statement found on the crawled pages. Needs a human check of the website or a call before outreach.,,,,,,,thehoophouseofyakima.com,thehoophouseofyakima@gmail.com,,,,,,,,1,"Court sports and paid access found, but indoor/outdoor not stated. WA location evidence: phone. No decision maker found on public pages. No court count stated by a reliable source; left blank. Paid access signals present (membership/rental/program).",https://thehoophouseofyakima.com/ | https://thehoophouseofyakima.com/about.html | https://thehoophouseofyakima.com/contact.html
WA-REVIEW-0063,Hoop Land,https://hooplandwa.com/,Seattle,WA,School,basketball,Unclear,Needs Review,Court sport confirmed on the facility site; no explicit indoor or outdoor statement found on the crawled pages. Needs a human check of the website or a call before outreach.,,,,,,,hooplandwa.com,,info@hooplandwa.com,,,,,,,1,"Court sports and paid access found, but indoor/outdoor not stated. WA location evidence: address. No decision maker found on public pages. No court count stated by a reliable source; left blank. Paid access signals present (membership/rental/program).",https://hooplandwa.com/
WA-REVIEW-0064,Hoop Land Academy,https://hooplandacademy.com/,Seattle,WA,School,basketball,Unclear,Needs Review,Court sport confirmed on the facility site; no explicit indoor or outdoor statement found on the crawled pages. Needs a human check of the website or a call before outreach.,,,,,,,hooplandacademy.com,hoopland.wa@gmail.com,,,,,,,,1,"Court sports and paid access found, but indoor/outdoor not stated. WA location evidence: address. No decision maker found on public pages. No court count stated by a reliable source; left blank. Paid access signals present (membership/rental/program).",https://hooplandacademy.com/ | https://hooplandacademy.com/about-hoop-land-academy/ | https://hooplandacademy.com/player-development/
WA-REVIEW-0065,Ignite Volleyball Academy,https://www.ignitevolleyballacademy.com/,,WA,School,volleyball,Unclear,Needs Review,Court sport confirmed on the facility site; no explicit indoor or outdoor statement found on the crawled pages. Needs a human check of the website or a call before outreach.,,,,,,,ignitevolleyballacademy.com,,admin@ignitevolleyballacademy.com,,,,,,,1,"Court sports and paid access found, but indoor/outdoor not stated. WA location evidence: phone. No decision maker found on public pages. No court count stated by a reliable source; left blank. Paid access signals present (membership/rental/program).",https://www.ignitevolleyballacademy.com/
WA-REVIEW-0066,Infinite Training,https://www.theinfinitetraining.com/,Bellingham,WA,College / University,basketball; volleyball,Unclear,Needs Review,Court sport confirmed on the facility site; no explicit indoor or outdoor statement found on the crawled pages. Needs a human check of the website or a call before outreach.,,,,,,,theinfinitetraining.com,infinitetraining101@gmail.com,,,,,,,,1,"Court sports and paid access found, but indoor/outdoor not stated. WA location evidence: address. No decision maker found on public pages. No court count stated by a reliable source; left blank. Paid access signals present (membership/rental/program).",https://www.theinfinitetraining.com/ | https://www.theinfinitetraining.com/contact | https://www.theinfinitetraining.com/about-it-athlete-development
WA-REVIEW-0067,Innis Arden Tennis Club,https://www.innisardentennis.com/,Seattle,WA,Racquet / Tennis Club,pickleball; tennis,Unclear,Needs Review,Court sport confirmed on the facility site; no explicit indoor or outdoor statement found on the crawled pages. Needs a human check of the website or a call before outreach.,,,,,,,innisardentennis.com,innisardentennisclub@gmail.com,,,,,,,,1,"Court sports and paid access found, but indoor/outdoor not stated. WA location evidence: address. No decision maker found on public pages. No court count stated by a reliable source; left blank. Paid access signals present (membership/rental/program).",https://www.innisardentennis.com/ | https://www.innisardentennis.com/contact
WA-REVIEW-0068,International Basketball Club,https://unknownbasketball.com/,Richland,WA,College / University,basketball,Unclear,Needs Review,Court sport confirmed on the facility site; no explicit indoor or outdoor statement found on the crawled pages. Needs a human check of the website or a call before outreach.,,,Tony,Jr,Tony Jr,Program Director,unknownbasketball.com,tonyeacklesjr@gmail.com,,,,,,,,1,"Court sports and paid access found, but indoor/outdoor not stated. WA location evidence: address. No court count stated by a reliable source; left blank. Paid access signals present (membership/rental/program).",https://unknownbasketball.com/ | https://unknownbasketball.com/about-uba | https://unknownbasketball.com/staff-1 | https://unknownbasketball.com/about-our-club-teams-1 | https://unknownbasketball.com/contact-us
WA-REVIEW-0069,Itz Sports Perform 3,https://www.itzsportsperformance.com/,Spokane Valley,WA,Health Club,pickleball; basketball,Unclear,Needs Review,Court sport confirmed on the facility site; no explicit indoor or outdoor statement found on the crawled pages. Needs a human check of the website or a call before outreach.,4,"d, control, and coordination. In addition to our basketball training areas, we also offer four pickleball courts, complete with in-ground poles and painted lines, giving players of all ages a profession",,,,,itzsportsperformance.com,,info@itzsportsperformance.com,,,,,,,1,"Court sports and paid access found, but indoor/outdoor not stated. WA location evidence: address. No decision maker found on public pages. Paid access signals present (membership/rental/program).",https://www.itzsportsperformance.com/ | https://www.itzsportsperformance.com/about | https://www.itzsportsperformance.com/our-facility | https://www.itzsportsperformance.com/meet-the-team | https://www.itzsportsperformance.com/memberships | https://www.itzsportsperformance.com/contact
WA-REVIEW-0070,Jason Lee Swim & Tennis Club,https://www.jasonleepool.com/,Richland,WA,Racquet / Tennis Club,tennis,Unclear,Needs Review,Court sport confirmed on the facility site; no explicit indoor or outdoor statement found on the crawled pages. Needs a human check of the website or a call before outreach.,,,,,,,jasonleepool.com,jasonleeswimandtennisclub@gmail.com,,,,,,,,1,"Court sports and paid access found, but indoor/outdoor not stated. WA location evidence: address. No decision maker found on public pages. No court count stated by a reliable source; left blank. Paid access signals present (membership/rental/program).",https://www.jasonleepool.com/ | https://www.jasonleepool.com/membership | https://www.jasonleepool.com/contact | https://www.jasonleepool.com/about
WA-REVIEW-0071,Jefferson County Soccer Club > Home,https://www.jcsoccerclub.org/,Port Townsend,WA,Private Club,futsal,Unclear,Needs Review,Court sport confirmed on the facility site; no explicit indoor or outdoor statement found on the crawled pages. Needs a human check of the website or a call before outreach.,,,,,,,jcsoccerclub.org,president@jcsoccerclub.org,,,,,,,,1,"Court sports and paid access found, but indoor/outdoor not stated. WA location evidence: address. No decision maker found on public pages. No court count stated by a reliable source; left blank. Paid access signals present (membership/rental/program).",https://www.jcsoccerclub.org/ | https://www.jcsoccerclub.org/Default.aspx
WA-REVIEW-0072,Jololo Hoops,https://www.jololohoops.com/,Ridgefield,WA,Unknown,basketball,Unclear,Needs Review,Court sport confirmed on the facility site; no explicit indoor or outdoor statement found on the crawled pages. Needs a human check of the website or a call before outreach.,,,,,,,jololohoops.com,jololohoops@gmail.com,,,,,,,,1,"Court sports and paid access found, but indoor/outdoor not stated. WA location evidence: address. No decision maker found on public pages. No court count stated by a reliable source; left blank. Paid access signals present (membership/rental/program).",https://www.jololohoops.com/ | https://www.jololohoops.com/aboutjololo | https://www.jololohoops.com/contact
WA-REVIEW-0073,KitsapRACC.com,https://www.kitsapracc.com/,,WA,Health Club,basketball,Unclear,Needs Review,Court sport confirmed on the facility site; no explicit indoor or outdoor statement found on the crawled pages. Needs a human check of the website or a call before outreach.,,,,,,,kitsapracc.com,member@kitsapracc.com,,,,,,,,1,"Court sports and paid access found, but indoor/outdoor not stated. WA location evidence: zip. No decision maker found on public pages. No court count stated by a reliable source; left blank. Paid access signals present (membership/rental/program).",https://www.kitsapracc.com/ | https://www.kitsapracc.com/memberships | https://www.kitsapracc.com/rickstar
WA-REVIEW-0074,Klahaya Swim & Tennis Club,https://www.klahaya.net/,Edmonds,WA,Racquet / Tennis Club,tennis,Unclear,Needs Review,Court sport confirmed on the facility site; no explicit indoor or outdoor statement found on the crawled pages. Needs a human check of the website or a call before outreach.,,,Nick,Echelbarger,Nick Echelbarger,President,klahaya.net,,membership@klahaya.net,nick@klahaya.net,nick.echelbarger@klahaya.net,nickechelbarger@klahaya.net,nechelbarger@klahaya.net,n.echelbarger@klahaya.net,nicke@klahaya.net,8,"Court sports and paid access found, but indoor/outdoor not stated. WA location evidence: address. No court count stated by a reliable source; left blank. Paid access signals present (membership/rental/program). Guessed emails are UNVERIFIED pattern permutations - not published addresses.",https://www.klahaya.net/ | https://www.klahaya.net/contact/ | https://www.klahaya.net/members/manage-account/ | https://www.klahaya.net/about/ | https://www.klahaya.net/about/board-of-directors/ | https://www.klahaya.net/about/staff/ | https://www.klahaya.net/about/rules-regulations/
WA-REVIEW-0075,LA Fitness,https://lafitness.com/Pages/Default.aspx,,WA,Health Club,basketball; volleyball; squash; racquetball,Unclear,Needs Review,Court sport confirmed on the facility site; no explicit indoor or outdoor statement found on the crawled pages. Needs a human check of the website or a call before outreach.,,,,,,,fitnessintl.com,contactus@fitnessintl.com,,,,,,,,1,"Court sports and paid access found, but indoor/outdoor not stated. WA location evidence: mention. No decision maker found on public pages. No court count stated by a reliable source; left blank. Paid access signals present (membership/rental/program).",https://lafitness.com/Pages/Default.aspx | https://lafitness.com/Pages/MembershipSignUpSearch.aspx | https://lafitness.com/Pages/ContactUs.aspx | https://lafitness.com/Pages/CorporateSignup.aspx | https://lafitness.com/Pages/equipment.aspx | https://lafitness.com/pages/login.aspx | https://lafitness.com/Pages/MembershipQuestions.aspx
WA-REVIEW-0076,Lake Stevens Basketball Club,https://www.lakestevensbasketball.com/,Lake Stevens,WA,School,basketball,Unclear,Needs Review,Court sport confirmed on the facility site; no explicit indoor or outdoor statement found on the crawled pages. Needs a human check of the website or a call before outreach.,,,,,,,lakestevensbasketball.com,,,,,,,,,0,"Court sports and paid access found, but indoor/outdoor not stated. WA location evidence: address. No decision maker found on public pages. No court count stated by a reliable source; left blank. Paid access signals present (membership/rental/program).",https://www.lakestevensbasketball.com/
WA-REVIEW-0077,Lake Washington School District,https://www.lwsd.org/,Redmond,WA,College / University,tennis,Unclear,Needs Review,Court sport confirmed on the facility site; no explicit indoor or outdoor statement found on the crawled pages. Needs a human check of the website or a call before outreach.,,,,,,,lwsd.org,,,,,,,,,10,"Court sports and paid access found, but indoor/outdoor not stated. WA location evidence: address. No decision maker found on public pages. No court count stated by a reliable source; left blank. Paid access signals present (membership/rental/program).",https://www.lwsd.org/ | https://www.lwsd.org/help/contact-us | https://www.lwsd.org/programs/athletics | https://www.lwsd.org/services/accelerated-programs | https://www.lwsd.org/programs/before-after-school-care | https://www.lwsd.org/programs/choice-schools | https://www.lwsd.org/help/report-a-facilities-issue
WA-REVIEW-0078,Legends Basketball Facility,https://www.acperformancetraining.com/,Vancouver,WA,College / University,basketball,Unclear,Needs Review,Court sport confirmed on the facility site; no explicit indoor or outdoor statement found on the crawled pages. Needs a human check of the website or a call before outreach.,,,,,,,acperformancetraining.com,,,,,,,,,5,"Court sports and paid access found, but indoor/outdoor not stated. WA location evidence: address. No decision maker found on public pages. No court count stated by a reliable source; left blank. Paid access signals present (membership/rental/program).",https://www.acperformancetraining.com/ | https://www.acperformancetraining.com/legends-memberships | https://www.acperformancetraining.com/facilityinformation | https://www.acperformancetraining.com/work | https://www.acperformancetraining.com/moreau
WA-REVIEW-0079,Liberty Lake Athletic Club,https://www.libertylakeathleticclub.com/,Liberty Lake,WA,Athletic Center,basketball,Unclear,Needs Review,Court sport confirmed on the facility site; no explicit indoor or outdoor statement found on the crawled pages. Needs a human check of the website or a call before outreach.,,,,,,,libertylakeathleticclub.com,llacstaff@gmail.com,,,,,,,,1,"Court sports and paid access found, but indoor/outdoor not stated. WA location evidence: address. No decision maker found on public pages. No court count stated by a reliable source; left blank. Paid access signals present (membership/rental/program).",https://www.libertylakeathleticclub.com/ | https://www.libertylakeathleticclub.com/basketball-court/ | https://www.libertylakeathleticclub.com/contact-us/ | https://www.libertylakeathleticclub.com/kids/
WA-REVIEW-0080,Library,https://puyalluplibrary.org/2436/Library,Puyallup,WA,Unknown,pickleball,Unclear,Needs Review,Court sport confirmed on the facility site; no explicit indoor or outdoor statement found on the crawled pages. Needs a human check of the website or a call before outreach.,,,,,,,puyalluplibrary.org,,,,,,,,,0,"Court sports found, but indoor/outdoor not stated. WA location evidence: address. No decision maker found on public pages. No court count stated by a reliable source; left blank.",https://puyalluplibrary.org/2436/Library | https://puyalluplibrary.org/1751/Library-News-and-Events
WA-REVIEW-0081,Library,https://longviewlibrary.org/743/Library,Longview,WA,Private Club,basketball,Unclear,Needs Review,Court sport confirmed on the facility site; no explicit indoor or outdoor statement found on the crawled pages. Needs a human check of the website or a call before outreach.,,,,,,,longviewlibrary.org,,,,,,,,,0,"Court sports and paid access found, but indoor/outdoor not stated. WA location evidence: address. No decision maker found on public pages. No court count stated by a reliable source; left blank. Paid access signals present (membership/rental/program).",https://longviewlibrary.org/743/Library | https://longviewlibrary.org/744/About-Us | https://longviewlibrary.org/810/Programs-Events | https://longviewlibrary.org/802/Programs | https://longviewlibrary.org/804/Book-Clubs | https://longviewlibrary.org/m/directory
WA-REVIEW-0082,LOCALHOOPS Training Academy,https://www.localhoops.org/,Bellevue,WA,School,basketball,Unclear,Needs Review,Court sport confirmed on the facility site; no explicit indoor or outdoor statement found on the crawled pages. Needs a human check of the website or a call before outreach.,,,,,,,localhoops.org,,,,,,,,,2,"Court sports and paid access found, but indoor/outdoor not stated. WA location evidence: address. No decision maker found on public pages. No court count stated by a reliable source; left blank. Paid access signals present (membership/rental/program).",https://www.localhoops.org/ | https://www.localhoops.org/about | https://www.localhoops.org/about/faq
WA-REVIEW-0083,Lynnwood Swim and Tennis Club,https://lynnwoodswimclub.com/,Richland,WA,Racquet / Tennis Club,tennis,Unclear,Needs Review,Court sport confirmed on the facility site; no explicit indoor or outdoor statement found on the crawled pages. Needs a human check of the website or a call before outreach.,,,,,,,lynnwoodswimclub.com,lynnwoodswimtennisclub@gmail.com,,,,,,,,1,"Court sports and paid access found, but indoor/outdoor not stated. WA location evidence: address. No decision maker found on public pages. No court count stated by a reliable source; left blank. Paid access signals present (membership/rental/program).",https://lynnwoodswimclub.com/
WA-REVIEW-0084,Maple Valley,https://www.mvicasa.org/,Maple Valley,WA,Unknown,badminton,Unclear,Needs Review,Court sport confirmed on the facility site; no explicit indoor or outdoor statement found on the crawled pages. Needs a human check of the website or a call before outreach.,,,,,,,mvicasa.org,,,,,,,,,2,"Court sports and paid access found, but indoor/outdoor not stated. WA location evidence: address. No decision maker found on public pages. No court count stated by a reliable source; left blank. Paid access signals present (membership/rental/program).",https://www.mvicasa.org/ | https://www.mvicasa.org/youth-leadership-mastermind/ | https://www.mvicasa.org/contact/
WA-REVIEW-0085,McCormick Pickleball & Tennis Club,https://www.mccormick-pickleball-tennis.org/,Port Orchard,WA,Pickleball Club,pickleball; tennis,Unclear,Needs Review,Court sport confirmed on the facility site; no explicit indoor or outdoor statement found on the crawled pages. Needs a human check of the website or a call before outreach.,4,"es in a row) will rotate out. Partners will switch to a new partner after each game. If 3-4 courts are in use, courts may be designated by the players by level of play. (novice, intermedia",,,,,mccormick-pickleball-tennis.org,,,,,,,,,2,"Court sports and paid access found, but indoor/outdoor not stated. WA location evidence: address. No decision maker found on public pages. Paid access signals present (membership/rental/program).",https://www.mccormick-pickleball-tennis.org/ | https://www.mccormick-pickleball-tennis.org/about-mcpt | https://www.mccormick-pickleball-tennis.org/contact-us
WA-REVIEW-0086,Mercer Island Basketball,https://www.mercerislandbasketball.org/,Mercer Island,WA,School,basketball,Unclear,Needs Review,Court sport confirmed on the facility site; no explicit indoor or outdoor statement found on the crawled pages. Needs a human check of the website or a call before outreach.,,,,,,,mercerislandbasketball.org,,,,,,,,,3,"Court sports and paid access found, but indoor/outdoor not stated. WA location evidence: address. No decision maker found on public pages. No court count stated by a reliable source; left blank. Paid access signals present (membership/rental/program).",https://www.mercerislandbasketball.org/ | https://www.mercerislandbasketball.org/page/show/4502297-contact-us | https://www.mercerislandbasketball.org/about
WA-REVIEW-0087,Mercer Island Beach Club,https://www.mibeachclub.com/,Mercer Island,WA,Private Club,pickleball; tennis,Unclear,Needs Review,Court sport confirmed on the facility site; no explicit indoor or outdoor statement found on the crawled pages. Needs a human check of the website or a call before outreach.,,,,,,,mibeachclub.com,,,,,,,,,0,"Court sports and paid access found, but indoor/outdoor not stated. WA location evidence: address. No decision maker found on public pages. No court count stated by a reliable source; left blank. Paid access signals present (membership/rental/program).",https://www.mibeachclub.com/ | https://www.mibeachclub.com/membership | https://www.mibeachclub.com/Programs
WA-REVIEW-0088,Meridian Valley Country Club,https://meridianvalleycc.com/,Sekent,WA,Country Club,pickleball,Unclear,Needs Review,Court sport confirmed on the facility site; no explicit indoor or outdoor statement found on the crawled pages. Needs a human check of the website or a call before outreach.,,,,,,,meridianvalleycc.com,,,,,,,,,12,"Court sports and paid access found, but indoor/outdoor not stated. WA location evidence: address. No decision maker found on public pages. No court count stated by a reliable source; left blank. Paid access signals present (membership/rental/program).",https://meridianvalleycc.com/ | https://meridianvalleycc.com/web/pages/membership-options | https://meridianvalleycc.com/web/pages/contact-us | https://meridianvalleycc.com/web/pages/practice-training-facilities | https://meridianvalleycc.com/web/pages/golf-shop-staff | https://meridianvalleycc.com/web/pages/private-golf-program
WA-REVIEW-0089,Mill Creek Warriors Basketball Club,https://millcreekwarriorsbasketball.org/,Mill Creek,WA,Private Club,basketball,Unclear,Needs Review,Court sport confirmed on the facility site; no explicit indoor or outdoor statement found on the crawled pages. Needs a human check of the website or a call before outreach.,,,,,,,millcreekwarriorsbasketball.org,,,,,,,,,2,"Court sports and paid access found, but indoor/outdoor not stated. WA location evidence: address. No decision maker found on public pages. No court count stated by a reliable source; left blank. Paid access signals present (membership/rental/program).",https://millcreekwarriorsbasketball.org/
WA-REVIEW-0090,Moses Lake Basketball Academy,https://mlbasketballacademy.org/,Moses Lake,WA,School,basketball,Unclear,Needs Review,Court sport confirmed on the facility site; no explicit indoor or outdoor statement found on the crawled pages. Needs a human check of the website or a call before outreach.,,,,,,,mlbasketballacademy.org,,info@mlbasketballacademy.org,,,,,,,1,"Court sports and paid access found, but indoor/outdoor not stated. WA location evidence: address. No decision maker found on public pages. No court count stated by a reliable source; left blank. Paid access signals present (membership/rental/program).",https://mlbasketballacademy.org/ | https://mlbasketballacademy.org/about.html | https://mlbasketballacademy.org/contact.html
WA-REVIEW-0091,"Moses Lake High School (Moses Lake, WA) Athletics",https://www.gomlmavericks.com/,Moses Lake,WA,College / University,tennis; basketball; volleyball,Unclear,Needs Review,Court sport confirmed on the facility site; no explicit indoor or outdoor statement found on the crawled pages. Needs a human check of the website or a call before outreach.,,,Loren,Sandhop,Loren Sandhop,Athletic Director,gomlmavericks.com,,,loren@gomlmavericks.com,loren.sandhop@gomlmavericks.com,lorensandhop@gomlmavericks.com,lsandhop@gomlmavericks.com,l.sandhop@gomlmavericks.com,lorens@gomlmavericks.com,5,"Court sports found, but indoor/outdoor not stated. WA location evidence: address. No court count stated by a reliable source; left blank. Guessed emails are UNVERIFIED pattern permutations - not published addresses.",https://www.gomlmavericks.com/ | https://www.gomlmavericks.com/facilities | https://www.gomlmavericks.com/directory
WA-REVIEW-0092,Mr. G's Tennis Camp,https://www.mrgstenniscamp.com/,Maple Valley,WA,Racquet / Tennis Club,pickleball; tennis,Unclear,Needs Review,Court sport confirmed on the facility site; no explicit indoor or outdoor statement found on the crawled pages. Needs a human check of the website or a call before outreach.,,,,,,,mrgstenniscamp.com,,info@mrgstenniscamp.com,,,,,,,1,"Court sports and paid access found, but indoor/outdoor not stated. WA location evidence: address. No decision maker found on public pages. No court count stated by a reliable source; left blank. Paid access signals present (membership/rental/program).",https://www.mrgstenniscamp.com/
WA-REVIEW-0093,Mysite,https://www.overtimetraining.com/,Walla Walla,WA,College / University,basketball,Unclear,Needs Review,Court sport confirmed on the facility site; no explicit indoor or outdoor statement found on the crawled pages. Needs a human check of the website or a call before outreach.,,,,,,,overtimetraining.com,,,,,,,,,2,"Court sports and paid access found, but indoor/outdoor not stated. WA location evidence: address. No decision maker found on public pages. No court count stated by a reliable source; left blank. Paid access signals present (membership/rental/program).",https://www.overtimetraining.com/
WA-REVIEW-0094,NARROWS ELITE,https://www.narrowselite.com/,Gig Harbor,WA,Unknown,basketball,Unclear,Needs Review,Court sport confirmed on the facility site; no explicit indoor or outdoor statement found on the crawled pages. Needs a human check of the website or a call before outreach.,,,,,,,narrowselite.com,,info@narrowselite.com,,,,,,,1,"Court sports and paid access found, but indoor/outdoor not stated. WA location evidence: address. No decision maker found on public pages. No court count stated by a reliable source; left blank. Paid access signals present (membership/rental/program).",https://www.narrowselite.com/ | https://www.narrowselite.com/facility | https://www.narrowselite.com/contact
WA-REVIEW-0095,Newport High School,https://newporthigh.bsd405.org/,Bellevue,WA,School,tennis; volleyball; badminton,Unclear,Needs Review,Court sport confirmed on the facility site; no explicit indoor or outdoor statement found on the crawled pages. Needs a human check of the website or a call before outreach.,,,Newport,Hs,Newport Hs,Manager,bsd405.org,nhsattendance@bsd405.org,,,,,,,,39,"Court sports and paid access found, but indoor/outdoor not stated. WA location evidence: address. No court count stated by a reliable source; left blank. Paid access signals present (membership/rental/program).",https://newporthigh.bsd405.org/ | https://newporthigh.bsd405.org/student-life/athletics | https://newporthigh.bsd405.org/staff | https://newporthigh.bsd405.org/staff/report-a-safety-concern | https://newporthigh.bsd405.org/our-school/staff | https://newporthigh.bsd405.org/our-school/contact-us | https://newporthigh.bsd405.org/academics/language-programs
WA-REVIEW-0096,Newport Hills Swim & Tennis Club,https://newporthillsswimtennisclub.com/,Bellevue,WA,Racquet / Tennis Club,tennis,Unclear,Needs Review,Court sport confirmed on the facility site; no explicit indoor or outdoor statement found on the crawled pages. Needs a human check of the website or a call before outreach.,,,,,,,newporthillsswimtennisclub.com,,,,,,,,,0,"Court sports and paid access found, but indoor/outdoor not stated. WA location evidence: address. No decision maker found on public pages. No court count stated by a reliable source; left blank. Paid access signals present (membership/rental/program).",https://newporthillsswimtennisclub.com/ | https://newporthillsswimtennisclub.com/programs?category=&search=&view=grid
WA-REVIEW-0097,Newport Select Boys Basketball,https://www.newportselectbasketball.com/,Bellevue,WA,School,basketball,Unclear,Needs Review,Court sport confirmed on the facility site; no explicit indoor or outdoor statement found on the crawled pages. Needs a human check of the website or a call before outreach.,,,,,,,newportselectbasketball.com,board@newportselectbasketball.com,,,,,,,,1,"Court sports and paid access found, but indoor/outdoor not stated. WA location evidence: address. No decision maker found on public pages. No court count stated by a reliable source; left blank. Paid access signals present (membership/rental/program).",https://www.newportselectbasketball.com/ | https://www.newportselectbasketball.com/about-us | https://www.newportselectbasketball.com/contact-us
WA-REVIEW-0098,Next Wave Hoops,https://nextwavehoops.org/,Bellevue,WA,Health Club,basketball,Unclear,Needs Review,Court sport confirmed on the facility site; no explicit indoor or outdoor statement found on the crawled pages. Needs a human check of the website or a call before outreach.,,,,,,,nextwavehoops.org,nextwavehoops206@gmail.com,,,,,,,,1,"Court sports and paid access found, but indoor/outdoor not stated. WA location evidence: address. No decision maker found on public pages. No court count stated by a reliable source; left blank. Paid access signals present (membership/rental/program).",https://nextwavehoops.org/ | https://nextwavehoops.org/programs.html | https://nextwavehoops.org/team.html | https://nextwavehoops.org/about.html
WA-REVIEW-0099,NonStop Local Tri-Cities/Yakima,https://www.nbcrightnow.com/,Kennewick,WA,Unknown,basketball,Unclear,Needs Review,Court sport confirmed on the facility site; no explicit indoor or outdoor statement found on the crawled pages. Needs a human check of the website or a call before outreach.,,,,,,,nbcrightnow.com,,,,,,,,,4,"Court sports and paid access found, but indoor/outdoor not stated. WA location evidence: address. No decision maker found on public pages. No court count stated by a reliable source; left blank. Paid access signals present (membership/rental/program).",https://www.nbcrightnow.com/ | https://www.nbcrightnow.com/programming/ | https://www.nbcrightnow.com/site/contact.html | https://www.nbcrightnow.com/newstips/
WA-REVIEW-0100,North Seattle College,https://northseattle.edu/,Seattle,WA,College / University,basketball; volleyball,Unclear,Needs Review,Court sport confirmed on the facility site; no explicit indoor or outdoor statement found on the crawled pages. Needs a human check of the website or a call before outreach.,,,,,,,northseattle.edu,,,,,,,,,3,"Court sports and paid access found, but indoor/outdoor not stated. WA location evidence: address. No decision maker found on public pages. No court count stated by a reliable source; left blank. Paid access signals present (membership/rental/program).",https://northseattle.edu/ | https://northseattle.edu/about/foundations | https://northseattle.edu/about/visit-us | https://northseattle.edu/about | https://northseattle.edu/about/contact-us | https://northseattle.edu/events-and-rentals
WA-REVIEW-0101,North Sound Premier,https://www.northsoundpremier.com/,Lake Stevens,WA,Unknown,basketball,Unclear,Needs Review,Court sport confirmed on the facility site; no explicit indoor or outdoor statement found on the crawled pages. Needs a human check of the website or a call before outreach.,,,,,,,northsoundpremier.com,,,,,,,,,0,"Court sports and paid access found, but indoor/outdoor not stated. WA location evidence: address. No decision maker found on public pages. No court count stated by a reliable source; left blank. Paid access signals present (membership/rental/program).",https://www.northsoundpremier.com/ | https://www.northsoundpremier.com/aau-basketball-program | https://www.northsoundpremier.com/aau-basketball-program-about-us | https://www.northsoundpremier.com/pumanxtpro-aau-program
WA-REVIEW-0102,North Thurston Public Schools,https://www.ntps.org/,Lacey,WA,School,basketball,Unclear,Needs Review,Court sport confirmed on the facility site; no explicit indoor or outdoor statement found on the crawled pages. Needs a human check of the website or a call before outreach.,,,,,,,ntps.org,,,,,,,,,7,"Court sports and paid access found, but indoor/outdoor not stated. WA location evidence: address. No decision maker found on public pages. No court count stated by a reliable source; left blank. Paid access signals present (membership/rental/program).",https://www.ntps.org/ | https://www.ntps.org/about/at-at-glance | https://www.ntps.org/about/at-at-glance/district-notices | https://www.ntps.org/about/budget | https://www.ntps.org/about/building-our-future | https://www.ntps.org/about/building-our-future/post-page | https://www.ntps.org/about/calendar
WA-REVIEW-0103,Northwest Badminton Club,https://northwestbadmintonclub.com/,Snoqualmie,WA,Private Club,badminton,Unclear,Needs Review,Court sport confirmed on the facility site; no explicit indoor or outdoor statement found on the crawled pages. Needs a human check of the website or a call before outreach.,10,e Team TOURNAMENT-READY TRAINING Private Lessons 1-ON-1 CERTIFIED COACHING Court Bookings 10 COURTS · ONLINE RESERVE Junior Programs AGES 7–17 · YEAR-ROUND Annual Tournaments REGIONAL & OPE,,,,,northwestbadmintonclub.com,,info@northwestbadmintonclub.com,,,,,,,1,"Court sports and paid access found, but indoor/outdoor not stated. WA location evidence: address. No decision maker found on public pages. Paid access signals present (membership/rental/program).",https://northwestbadmintonclub.com/ | https://northwestbadmintonclub.com/membership-plans.html | https://northwestbadmintonclub.com/membership-benefits.html | https://northwestbadmintonclub.com/court-reservations.html | https://northwestbadmintonclub.com/contact.html
WA-REVIEW-0104,null,https://latahbistro.com/,Spokane,WA,Private Club,squash,Unclear,Needs Review,Court sport confirmed on the facility site; no explicit indoor or outdoor statement found on the crawled pages. Needs a human check of the website or a call before outreach.,,,,,,,latahbistro.com,susan@latahbistro.com,,,,,,,,1,"Court sports and paid access found, but indoor/outdoor not stated. WA location evidence: address. No decision maker found on public pages. No court count stated by a reliable source; left blank. Paid access signals present (membership/rental/program).",https://latahbistro.com/ | https://latahbistro.com/spokane-south-hill-spokane-latah-bistro-cater
WA-REVIEW-0105,NWAS Volleyball Club,https://nwasvbc.com/,Vancouver,WA,College / University,volleyball,Unclear,Needs Review,Court sport confirmed on the facility site; no explicit indoor or outdoor statement found on the crawled pages. Needs a human check of the website or a call before outreach.,,,,,,,nwasvbc.com,,info@nwasvbc.com,,,,,,,1,"Court sports and paid access found, but indoor/outdoor not stated. WA location evidence: address. No decision maker found on public pages. No court count stated by a reliable source; left blank. Paid access signals present (membership/rental/program).",https://nwasvbc.com/ | https://nwasvbc.com/about | https://nwasvbc.com/packages
WA-REVIEW-0106,NXT Basketball,https://northkitsapnxt.com/,Poulsbo,WA,School,basketball,Unclear,Needs Review,Court sport confirmed on the facility site; no explicit indoor or outdoor statement found on the crawled pages. Needs a human check of the website or a call before outreach.,,,,,,,northkitsapnxt.com,,info@northkitsapnxt.com,,,,,,,1,"Court sports and paid access found, but indoor/outdoor not stated. WA location evidence: address. No decision maker found on public pages. No court count stated by a reliable source; left blank. Paid access signals present (membership/rental/program).",https://northkitsapnxt.com/ | https://northkitsapnxt.com/contact
WA-REVIEW-0107,Oly Reign Volleyball Club,https://www.orvbc.com/,Olympia,WA,Private Club,volleyball,Unclear,Needs Review,Court sport confirmed on the facility site; no explicit indoor or outdoor statement found on the crawled pages. Needs a human check of the website or a call before outreach.,,,,,,,orvbc.com,,,,,,,,,0,"Court sports and paid access found, but indoor/outdoor not stated. WA location evidence: address. No decision maker found on public pages. No court count stated by a reliable source; left blank. Paid access signals present (membership/rental/program).",https://www.orvbc.com/ | https://www.orvbc.com/who-we-are | https://www.orvbc.com/girls-program | https://www.orvbc.com/boys-volleyball-program | https://www.orvbc.com/contact | https://www.orvbc.com/home
WA-REVIEW-0108,oly-squash,https://valleysquash.weebly.com/,Tumwater,WA,Racquet / Tennis Club,squash,Unclear,Needs Review,Court sport confirmed on the facility site; no explicit indoor or outdoor statement found on the crawled pages. Needs a human check of the website or a call before outreach.,1,Membership. Court bookings can be made 4 days in advance (including the current day) Only one court booking is allowed within the 4 day period as the primary booker. Directions 4833 Tumwate,,,,,valleysquash.weebly.com,,,,,,,,,31,"Court sports and paid access found, but indoor/outdoor not stated. WA location evidence: address. No decision maker found on public pages. Paid access signals present (membership/rental/program).",https://valleysquash.weebly.com/ | https://valleysquash.weebly.com/contacts.html
WA-REVIEW-0109,OlyBasketballAcademy,https://www.olybasketballacademy.com/,,WA,College / University,basketball; volleyball,Unclear,Needs Review,Court sport confirmed on the facility site; no explicit indoor or outdoor statement found on the crawled pages. Needs a human check of the website or a call before outreach.,,,,,,,olybasketballacademy.com,olybasketballacademy@gmail.com,,,,,,,,1,"Court sports and paid access found, but indoor/outdoor not stated. WA location evidence: phone. No decision maker found on public pages. No court count stated by a reliable source; left blank. Paid access signals present (membership/rental/program).",https://www.olybasketballacademy.com/ | https://www.olybasketballacademy.com/about-1 | https://www.olybasketballacademy.com/coaching-staff-1
WA-REVIEW-0110,Olympic Athletic Club,https://www.olympicathleticclub.com/,Seattle,WA,Athletic Center,basketball,Unclear,Needs Review,Court sport confirmed on the facility site; no explicit indoor or outdoor statement found on the crawled pages. Needs a human check of the website or a call before outreach.,,,,,,,olympicathleticclub.com,requests@olympicathleticclub.com,membership@olympicathleticclub.com,,,,,,,2,"Court sports and paid access found, but indoor/outdoor not stated. WA location evidence: address. No decision maker found on public pages. No court count stated by a reliable source; left blank. Paid access signals present (membership/rental/program).",https://www.olympicathleticclub.com/ | https://www.olympicathleticclub.com/contact-us/ | https://www.olympicathleticclub.com/about-oac/ | https://www.olympicathleticclub.com/refer/ | https://www.olympicathleticclub.com/memberships/
WA-REVIEW-0111,Overlake Golf & Country Club,https://overlake.club/,Medina,WA,Country Club,pickleball; tennis,Unclear,Needs Review,Court sport confirmed on the facility site; no explicit indoor or outdoor statement found on the crawled pages. Needs a human check of the website or a call before outreach.,,,,,,,overlake.club,,,,,,,,,0,"Court sports and paid access found, but indoor/outdoor not stated. WA location evidence: address. No decision maker found on public pages. No court count stated by a reliable source; left blank. Paid access signals present (membership/rental/program).",https://overlake.club/ | https://overlake.club/web/pages/membership
WA-REVIEW-0112,PCS,https://www.pullmanchristianschool.org/,Pullman,WA,School,basketball; volleyball,Unclear,Needs Review,Court sport confirmed on the facility site; no explicit indoor or outdoor statement found on the crawled pages. Needs a human check of the website or a call before outreach.,,,,,,,pullmanchristianschool.org,pcsoffice@pullmanchristianschool.org,info@pullmanchristianschool.org,,,,,,,2,"Court sports and paid access found, but indoor/outdoor not stated. WA location evidence: address. No decision maker found on public pages. No court count stated by a reliable source; left blank. Paid access signals present (membership/rental/program).",https://www.pullmanchristianschool.org/ | https://www.pullmanchristianschool.org/information/faculty-and-staff | https://www.pullmanchristianschool.org/student-life/athletics | https://www.pullmanchristianschool.org/contact-us
WA-REVIEW-0113,PNW Premier Volleyball,https://www.pnwpremiervbc.com/,,WA,Private Club,volleyball,Unclear,Needs Review,Court sport confirmed on the facility site; no explicit indoor or outdoor statement found on the crawled pages. Needs a human check of the website or a call before outreach.,,,,,,,pnwpremiervbc.com,,play@pnwpremiervbc.com,,,,,,,7,"Court sports and paid access found, but indoor/outdoor not stated. WA location evidence: phone. No decision maker found on public pages. No court count stated by a reliable source; left blank. Paid access signals present (membership/rental/program).",https://www.pnwpremiervbc.com/ | https://www.pnwpremiervbc.com/aboutus | https://www.pnwpremiervbc.com/coaching-staff | https://www.pnwpremiervbc.com/boards
WA-REVIEW-0114,Poulsbo Athletic Club,https://poulsboathletic.com/,Poulsbo,WA,Athletic Center,racquetball,Unclear,Needs Review,Court sport confirmed on the facility site; no explicit indoor or outdoor statement found on the crawled pages. Needs a human check of the website or a call before outreach.,,,,,,,poulsboathletic.com,,,,,,,,,0,"Court sports and paid access found, but indoor/outdoor not stated. WA location evidence: address. No decision maker found on public pages. No court count stated by a reliable source; left blank. Paid access signals present (membership/rental/program).",https://poulsboathletic.com/ | https://poulsboathletic.com/facilities | https://poulsboathletic.com/contact
WA-REVIEW-0115,Profound Basketball,https://www.profoundbasketballacademy.net/,Snohomish,WA,School,basketball,Unclear,Needs Review,Court sport confirmed on the facility site; no explicit indoor or outdoor statement found on the crawled pages. Needs a human check of the website or a call before outreach.,,,,,,,profoundbasketballacademy.net,,,,,,,,,0,"Court sports and paid access found, but indoor/outdoor not stated. WA location evidence: address. No decision maker found on public pages. No court count stated by a reliable source; left blank. Paid access signals present (membership/rental/program).",https://www.profoundbasketballacademy.net/ | https://www.profoundbasketballacademy.net/about-us | https://www.profoundbasketballacademy.net/meet-the-staff | https://www.profoundbasketballacademy.net/contact-us | https://www.profoundbasketballacademy.net/about-1-1 | https://www.profoundbasketballacademy.net/sumer-season-2 | https://www.profoundbasketballacademy.net/facilities
WA-REVIEW-0116,Puget Sound Basketball League,https://app.pugetsoundbasketball.com/,Seattle,WA,College / University,basketball,Unclear,Needs Review,Court sport confirmed on the facility site; no explicit indoor or outdoor statement found on the crawled pages. Needs a human check of the website or a call before outreach.,,,,,,,pugetsoundbasketball.com,,info@pugetsoundbasketball.com,,,,,,,1,"Court sports and paid access found, but indoor/outdoor not stated. WA location evidence: address. No decision maker found on public pages. No court count stated by a reliable source; left blank. Paid access signals present (membership/rental/program).",https://app.pugetsoundbasketball.com/
WA-REVIEW-0117,Puget Sound Volleyball Academy,https://psvba.sportngin.com/,,WA,College / University,volleyball,Unclear,Needs Review,Court sport confirmed on the facility site; no explicit indoor or outdoor statement found on the crawled pages. Needs a human check of the website or a call before outreach.,,,,,,,psvba.sportngin.com,psvba@comcast.net,,,,,,,,1,"Court sports and paid access found, but indoor/outdoor not stated. WA location evidence: mention. No decision maker found on public pages. No court count stated by a reliable source; left blank. Paid access signals present (membership/rental/program).",https://psvba.sportngin.com/ | https://psvba.sportngin.com/aboutus
WA-REVIEW-0118,R2 Sports,https://r2sports.com/,Wenatchee,WA,Unknown,pickleball; tennis; basketball; racquetball; handball,Unclear,Needs Review,Court sport confirmed on the facility site; no explicit indoor or outdoor statement found on the crawled pages. Needs a human check of the website or a call before outreach.,,,,,,,r2sports.com,,,,,,,,,0,"Court sports and paid access found, but indoor/outdoor not stated. WA location evidence: address. No decision maker found on public pages. No court count stated by a reliable source; left blank. Paid access signals present (membership/rental/program).",https://r2sports.com/ | https://www.r2sports.com/site/r2eventManagement.asp | https://www.r2sports.com/site/r2memberManagement.asp | https://www.r2sports.com/event-management-software.asp | https://www.r2sports.com/contact-R2sports.asp | https://www.r2sports.com/site/r2aboutUs.asp | https://www.r2sports.com/membership/login.asp
WA-REVIEW-0119,Rain City Athletics,https://www.raincityathletics.training/,Serving Snohomish County,WA,School,basketball,Unclear,Needs Review,Court sport confirmed on the facility site; no explicit indoor or outdoor statement found on the crawled pages. Needs a human check of the website or a call before outreach.,,,,,,,raincityathletics.training,aaron@raincityathletics.training,,,,,,,,1,"Court sports and paid access found, but indoor/outdoor not stated. WA location evidence: address. No decision maker found on public pages. No court count stated by a reliable source; left blank. Paid access signals present (membership/rental/program).",https://www.raincityathletics.training/
WA-REVIEW-0120,Rainier Volleyball Club,https://www.rainiervolleyballclub.com/,Graham,WA,School,volleyball,Unclear,Needs Review,Court sport confirmed on the facility site; no explicit indoor or outdoor statement found on the crawled pages. Needs a human check of the website or a call before outreach.,,,,,,,rainiervolleyballclub.com,rainiervolleyballclub@gmail.com,,,,,,,,1,"Court sports and paid access found, but indoor/outdoor not stated. WA location evidence: address. No decision maker found on public pages. No court count stated by a reliable source; left blank. Paid access signals present (membership/rental/program).",https://www.rainiervolleyballclub.com/ | https://www.rainiervolleyballclub.com/about
WA-REVIEW-0121,realitysports,https://www.realitysports.org/,Puyallup,WA,School,tennis; volleyball,Unclear,Needs Review,Court sport confirmed on the facility site; no explicit indoor or outdoor statement found on the crawled pages. Needs a human check of the website or a call before outreach.,,,Garrett,Olson,Garrett Olson,President,realitysports.org,,office@realitysports.org,garrett@realitysports.org,garrett.olson@realitysports.org,garrettolson@realitysports.org,golson@realitysports.org,g.olson@realitysports.org,garretto@realitysports.org,1,"Court sports and paid access found, but indoor/outdoor not stated. WA location evidence: address. No court count stated by a reliable source; left blank. Paid access signals present (membership/rental/program). Guessed emails are UNVERIFIED pattern permutations - not published addresses.",https://www.realitysports.org/ | https://www.realitysports.org/who-we-are | https://www.realitysports.org/our-team
WA-REVIEW-0122,Recreational Soccer,https://www.pacificsc.com/,Brush Prairie,WA,Private Club,futsal,Unclear,Needs Review,Court sport confirmed on the facility site; no explicit indoor or outdoor statement found on the crawled pages. Needs a human check of the website or a call before outreach.,,,Nick,Hagen,Nick Hagen,President,pacificsc.com,nick.pscboard@gmail.com,,,,,,,,9,"Court sports and paid access found, but indoor/outdoor not stated. WA location evidence: address. No court count stated by a reliable source; left blank. Paid access signals present (membership/rental/program).",https://www.pacificsc.com/ | https://www.pacificsc.com/classes | https://www.pacificsc.com/competive-soccer-program | https://www.pacificsc.com/our-team
WA-REVIEW-0123,RECS,https://wearerecs.com/,Camas,WA,Private Club,pickleball,Unclear,Needs Review,Court sport confirmed on the facility site; no explicit indoor or outdoor statement found on the crawled pages. Needs a human check of the website or a call before outreach.,,,Kevin,Richards,Kevin Richards,Owner,wearerecs.com,,hello@wearerecs.com,kevin@wearerecs.com,kevin.richards@wearerecs.com,kevinrichards@wearerecs.com,krichards@wearerecs.com,k.richards@wearerecs.com,kevinr@wearerecs.com,2,"Court sports and paid access found, but indoor/outdoor not stated. WA location evidence: address. No court count stated by a reliable source; left blank. Paid access signals present (membership/rental/program). Guessed emails are UNVERIFIED pattern permutations - not published addresses.",https://wearerecs.com/ | https://wearerecs.com/memberships/ | https://wearerecs.com/about/ | https://wearerecs.com/kids-programming-at-recs/ | https://wearerecs.com/locations/
WA-REVIEW-0124,redeemed,https://www.redeemedcity.com/,Yakima,WA,Unknown,basketball,Unclear,Needs Review,Court sport confirmed on the facility site; no explicit indoor or outdoor statement found on the crawled pages. Needs a human check of the website or a call before outreach.,,,,,,,redeemedcity.com,redeemedcity@gmail.com,,,,,,,,1,"Court sports and paid access found, but indoor/outdoor not stated. WA location evidence: address. No decision maker found on public pages. No court count stated by a reliable source; left blank. Paid access signals present (membership/rental/program).",https://www.redeemedcity.com/ | https://www.redeemedcity.com/about-us
WA-REVIEW-0125,"Richland High School (Richland, WA) Athletics",https://www.bomberathletics.com/,Richland,WA,School,tennis; basketball; volleyball,Unclear,Needs Review,Court sport confirmed on the facility site; no explicit indoor or outdoor statement found on the crawled pages. Needs a human check of the website or a call before outreach.,,,Adrian,Ochoa,Adrian Ochoa,Athletic Director,bomberathletics.com,,,adrian@bomberathletics.com,adrian.ochoa@bomberathletics.com,adrianochoa@bomberathletics.com,aochoa@bomberathletics.com,a.ochoa@bomberathletics.com,adriano@bomberathletics.com,33,"Court sports found, but indoor/outdoor not stated. WA location evidence: address. No court count stated by a reliable source; left blank. Guessed emails are UNVERIFIED pattern permutations - not published addresses.",https://www.bomberathletics.com/ | https://www.bomberathletics.com/directory | https://www.bomberathletics.com/facilities
WA-REVIEW-0126,RIS3 Athletic Center,https://www.ris3academy.org/,,WA,School,basketball; volleyball,Unclear,Needs Review,Court sport confirmed on the facility site; no explicit indoor or outdoor statement found on the crawled pages. Needs a human check of the website or a call before outreach.,,,Dom,Hunter,Dom Hunter,CEO,ris3academy.org,,info@ris3academy.org,dom@ris3academy.org,dom.hunter@ris3academy.org,domhunter@ris3academy.org,dhunter@ris3academy.org,d.hunter@ris3academy.org,domh@ris3academy.org,1,"Court sports and paid access found, but indoor/outdoor not stated. WA location evidence: mention. No court count stated by a reliable source; left blank. Paid access signals present (membership/rental/program). Guessed emails are UNVERIFIED pattern permutations - not published addresses.",https://www.ris3academy.org/ | https://www.ris3academy.org/about | https://www.ris3academy.org/training-programs | https://www.ris3academy.org/gym-rentals
WA-REVIEW-0127,Rose Valley Friends,https://www.rosevalleyfriends.com/,,WA,School,basketball; volleyball,Unclear,Needs Review,Court sport confirmed on the facility site; no explicit indoor or outdoor statement found on the crawled pages. Needs a human check of the website or a call before outreach.,,,,,,,rosevalleyfriends.com,,office@rosevalleyfriends.com,,,,,,,5,"Court sports and paid access found, but indoor/outdoor not stated. WA location evidence: zip. No decision maker found on public pages. No court count stated by a reliable source; left blank. Paid access signals present (membership/rental/program).",https://www.rosevalleyfriends.com/ | https://www.rosevalleyfriends.com/about-us | https://www.rosevalleyfriends.com/about-6
WA-REVIEW-0128,Seattle Squash,https://www.seattlesquash.com/,Seattle,WA,Racquet / Tennis Club,squash,Unclear,Needs Review,Court sport confirmed on the facility site; no explicit indoor or outdoor statement found on the crawled pages. Needs a human check of the website or a call before outreach.,,,,,,,seattlesquash.com,,info@seattlesquash.com,,,,,,,3,"Court sports and paid access found, but indoor/outdoor not stated. WA location evidence: address. No decision maker found on public pages. No court count stated by a reliable source; left blank. Paid access signals present (membership/rental/program).",https://www.seattlesquash.com/ | https://www.seattlesquash.com/about/ | https://www.seattlesquash.com/contact-us/
WA-REVIEW-0129,Seattle Squash Racquets Association,https://seattlesquash.sportyhq.com/,,WA,Racquet / Tennis Club,squash,Unclear,Needs Review,Court sport confirmed on the facility site; no explicit indoor or outdoor statement found on the crawled pages. Needs a human check of the website or a call before outreach.,,,Board,Meetings,Board Meetings,President,seattlesquash.sportyhq.com,,,board@seattlesquash.sportyhq.com,board.meetings@seattlesquash.sportyhq.com,boardmeetings@seattlesquash.sportyhq.com,bmeetings@seattlesquash.sportyhq.com,b.meetings@seattlesquash.sportyhq.com,boardm@seattlesquash.sportyhq.com,0,"Court sports and paid access found, but indoor/outdoor not stated. WA location evidence: mention. No court count stated by a reliable source; left blank. Paid access signals present (membership/rental/program). Guessed emails are UNVERIFIED pattern permutations - not published addresses.",https://seattlesquash.sportyhq.com/
WA-REVIEW-0130,Seattle University,https://www.seattleu.edu/,Seattle,WA,College / University,tennis; basketball; squash; racquetball; handball,Unclear,Needs Review,Court sport confirmed on the facility site; no explicit indoor or outdoor statement found on the crawled pages. Needs a human check of the website or a call before outreach.,1,"tle U - Seattle University Recreation Facilities | Life at Seattle U - Seattle University One court per person per day; Members may only reserve courts for the following purposes: squash, r",,,,,seattleu.edu,,,community@seattleu.edu,community.award@seattleu.edu,communityaward@seattleu.edu,caward@seattleu.edu,c.award@seattleu.edu,communitya@seattleu.edu,0,"Court sports and paid access found, but indoor/outdoor not stated. WA location evidence: address. Paid access signals present (membership/rental/program). Guessed emails are UNVERIFIED pattern permutations - not published addresses.",https://www.seattleu.edu/ | https://www.seattleu.edu/faculty-staff/ | https://www.seattleu.edu/academics/all-programs/ | https://www.seattleu.edu/who-we-are/ | https://www.seattleu.edu/who-we-are/the-seattle-u-impact/ | https://www.seattleu.edu/who-we-are/mission-vision-values/ | https://www.seattleu.edu/who-we-are/jesuit-education/
WA-REVIEW-0131,Shockwave Volleyball Club,https://shockwavevolleyball.sportngin.com/,,WA,Private Club,volleyball,Unclear,Needs Review,Court sport confirmed on the facility site; no explicit indoor or outdoor statement found on the crawled pages. Needs a human check of the website or a call before outreach.,,,Gary,Louie,Gary Louie,Club Director,shockwavevolleyball.sportngin.com,,,gary@shockwavevolleyball.sportngin.com,gary.louie@shockwavevolleyball.sportngin.com,garylouie@shockwavevolleyball.sportngin.com,glouie@shockwavevolleyball.sportngin.com,g.louie@shockwavevolleyball.sportngin.com,garyl@shockwavevolleyball.sportngin.com,1,"Court sports and paid access found, but indoor/outdoor not stated. WA location evidence: phone. No court count stated by a reliable source; left blank. Paid access signals present (membership/rental/program). Guessed emails are UNVERIFIED pattern permutations - not published addresses.",https://shockwavevolleyball.sportngin.com/ | https://shockwavevolleyball.sportngin.com/staff
WA-REVIEW-0132,Shoreline Sports Foundation,https://www.shorelinesportsfoundation.org/,Shoreline,WA,Unknown,basketball,Unclear,Needs Review,Court sport confirmed on the facility site; no explicit indoor or outdoor statement found on the crawled pages. Needs a human check of the website or a call before outreach.,,,,,,,shorelinesportsfoundation.org,,info@shorelinesportsfoundation.org,,,,,,,3,"Court sports and paid access found, but indoor/outdoor not stated. WA location evidence: address. No decision maker found on public pages. No court count stated by a reliable source; left blank. Paid access signals present (membership/rental/program).",https://www.shorelinesportsfoundation.org/ | https://www.shorelinesportsfoundation.org/page/show/3520518-ssf-leadership-home-page
WA-REVIEW-0133,shuttlefreak.com,https://shuttlefreak.com/,Spokane,WA,Private Club,badminton,Unclear,Needs Review,Court sport confirmed on the facility site; no explicit indoor or outdoor statement found on the crawled pages. Needs a human check of the website or a call before outreach.,,,,,,,shuttlefreak.com,,,,,,,,,2,"Court sports and paid access found, but indoor/outdoor not stated. WA location evidence: address. No decision maker found on public pages. No court count stated by a reliable source; left blank. Paid access signals present (membership/rental/program).",https://shuttlefreak.com/ | https://shuttlefreak.com/about/ | https://shuttlefreak.com/contact/
WA-REVIEW-0134,Skagit County Government Home Page,https://www.skagitcounty.net/Departments/Home,Mount Vernon,WA,School,basketball,Unclear,Needs Review,Court sport confirmed on the facility site; no explicit indoor or outdoor statement found on the crawled pages. Needs a human check of the website or a call before outreach.,,,Gabrielle,Clay,Gabrielle Clay,Manager,skagitcounty.net,,,gabrielle@skagitcounty.net,gabrielle.clay@skagitcounty.net,gabrielleclay@skagitcounty.net,gclay@skagitcounty.net,g.clay@skagitcounty.net,gabriellec@skagitcounty.net,10,"Court sports and paid access found, but indoor/outdoor not stated. WA location evidence: address. No court count stated by a reliable source; left blank. Paid access signals present (membership/rental/program). Guessed emails are UNVERIFIED pattern permutations - not published addresses.",https://www.skagitcounty.net/Departments/Home | https://www.skagitcounty.net/Departments/Home/directory.htm | https://www.skagitcounty.net/Departments/DistrictCourt/main.htm | https://www.skagitcounty.net/Departments/DistrictCourtProbation/main.htm | https://www.skagitcounty.net/Departments/EmergencyManagement/main.htm | https://www.skagitcounty.net/Departments/FacilitiesManagement/main.htm | https://www.skagitcounty.net/Departments/OfficeofJuvenileCourt/main.htm
WA-REVIEW-0135,Sno-King Youth Club,https://www.skyc.net/,Edmonds,WA,Private Club,basketball,Unclear,Needs Review,Court sport confirmed on the facility site; no explicit indoor or outdoor statement found on the crawled pages. Needs a human check of the website or a call before outreach.,,,Ryan,Budnick,Ryan Budnick,Executive Director,skyc.net,ryan@skyc.net,,,,,,,,5,"Court sports and paid access found, but indoor/outdoor not stated. WA location evidence: address. No court count stated by a reliable source; left blank. Paid access signals present (membership/rental/program).",https://www.skyc.net/ | https://www.skyc.net/about | https://www.skyc.net/staff | https://www.skyc.net/training-program-a | https://www.skyc.net/training-program-b
WA-REVIEW-0136,South Campus,https://www.southcampusathleticclub.com/,Moses Lake,WA,Athletic Center,racquetball,Unclear,Needs Review,Court sport confirmed on the facility site; no explicit indoor or outdoor statement found on the crawled pages. Needs a human check of the website or a call before outreach.,,,,,,,southcampusathleticclub.com,,,,,,,,,0,"Court sports and paid access found, but indoor/outdoor not stated. WA location evidence: address. No decision maker found on public pages. No court count stated by a reliable source; left blank. Paid access signals present (membership/rental/program).",https://www.southcampusathleticclub.com/ | https://www.southcampusathleticclub.com/facility | https://www.southcampusathleticclub.com/contact
WA-REVIEW-0137,SoWhatAthletics,https://www.sowhatathletics.com/,Yakima,WA,Unknown,basketball,Unclear,Needs Review,Court sport confirmed on the facility site; no explicit indoor or outdoor statement found on the crawled pages. Needs a human check of the website or a call before outreach.,,,,,,,sowhatathletics.com,sowhatathletics@gmail.com,,,,,,,,1,"Court sports found, but indoor/outdoor not stated. WA location evidence: address. No decision maker found on public pages. No court count stated by a reliable source; left blank.",https://www.sowhatathletics.com/ | https://www.sowhatathletics.com/contact
WA-REVIEW-0138,SPOKANE BADMINTON,https://spokanebadminton.weebly.com/,Spokane,WA,Private Club,badminton,Unclear,Needs Review,Court sport confirmed on the facility site; no explicit indoor or outdoor statement found on the crawled pages. Needs a human check of the website or a call before outreach.,,,,,,,spokanebadminton.weebly.com,,,,,,,,,0,"Court sports and paid access found, but indoor/outdoor not stated. WA location evidence: address. No decision maker found on public pages. No court count stated by a reliable source; left blank. Paid access signals present (membership/rental/program).",https://spokanebadminton.weebly.com/
WA-REVIEW-0139,Spokane Community College,https://scc.spokane.edu/,Spokane,WA,College / University,basketball; volleyball,Unclear,Needs Review,Court sport confirmed on the facility site; no explicit indoor or outdoor statement found on the crawled pages. Needs a human check of the website or a call before outreach.,,,,,,,scc.spokane.edu,,,,,,,,,24,"Court sports and paid access found, but indoor/outdoor not stated. WA location evidence: address. No decision maker found on public pages. No court count stated by a reliable source; left blank. Paid access signals present (membership/rental/program).",https://scc.spokane.edu/ | https://scc.spokane.edu/About-Us/Public-Disclosures/report-it | https://scc.spokane.edu/About-Us/Contact-Us/Faculty-Staff-Directory | https://scc.spokane.edu/About-Us/Contact-Us/Maps | https://athletics.spokane.edu/landing/index | https://scc.spokane.edu/About-Us | https://scc.spokane.edu/About-Us/Contact-Us/Request-Info
WA-REVIEW-0140,Sports Beyond,https://sportsbeyond.net/,Silverdale,WA,School,basketball,Unclear,Needs Review,Court sport confirmed on the facility site; no explicit indoor or outdoor statement found on the crawled pages. Needs a human check of the website or a call before outreach.,,,,,,,sportsbeyond.net,sportsbeyond19@gmail.com,,,,,,,,1,"Court sports and paid access found, but indoor/outdoor not stated. WA location evidence: address. No decision maker found on public pages. No court count stated by a reliable source; left blank. Paid access signals present (membership/rental/program).",https://sportsbeyond.net/ | https://sportsbeyond.net/about-us/contact-us/ | https://sportsbeyond.net/about-us/ | https://sportsbeyond.net/about-us/donations/ | https://sportsbeyond.net/register/ | https://sportsbeyond.net/teams/
WA-REVIEW-0141,St. Peter,https://www.stpeterseattle.org/,Seattle,WA,Health Club,basketball; volleyball,Unclear,Needs Review,Court sport confirmed on the facility site; no explicit indoor or outdoor statement found on the crawled pages. Needs a human check of the website or a call before outreach.,,,,,,,stpeterseattle.org,,,,,,,,,2,"Court sports and paid access found, but indoor/outdoor not stated. WA location evidence: address. No decision maker found on public pages. No court count stated by a reliable source; left blank. Paid access signals present (membership/rental/program).",https://www.stpeterseattle.org/ | https://www.stpeterseattle.org/welcome-from-our-priest | https://www.stpeterseattle.org/contact-us | https://www.stpeterseattle.org/clergy-staff-leaders | https://www.stpeterseattle.org/space-rental
WA-REVIEW-0142,Stanwood High School,https://shs.stanwood.wednet.edu/,Stanwood,WA,School,tennis; basketball; volleyball,Unclear,Needs Review,Court sport confirmed on the facility site; no explicit indoor or outdoor statement found on the crawled pages. Needs a human check of the website or a call before outreach.,,,,,,,shs.stanwood.wednet.edu,,,,,,,,,105,"Court sports and paid access found, but indoor/outdoor not stated. WA location evidence: address. No decision maker found on public pages. No court count stated by a reliable source; left blank. Paid access signals present (membership/rental/program).",https://shs.stanwood.wednet.edu/ | https://shs.stanwood.wednet.edu/about-us | https://shs.stanwood.wednet.edu/about-us/administrative-team | https://shs.stanwood.wednet.edu/about-us/calendar | https://shs.stanwood.wednet.edu/about-us/contact-us | https://shs.stanwood.wednet.edu/about-us/school-departments | https://shs.stanwood.wednet.edu/about-us/school-departments/counseling
WA-REVIEW-0143,Summit Sports NW,https://www.summitsportsnorthwest.org/,Mount Vernon,WA,Private Club,volleyball,Unclear,Needs Review,Court sport confirmed on the facility site; no explicit indoor or outdoor statement found on the crawled pages. Needs a human check of the website or a call before outreach.,,,,,,,summitsportsnorthwest.org,,,,,,,,,2,"Court sports and paid access found, but indoor/outdoor not stated. WA location evidence: address. No decision maker found on public pages. No court count stated by a reliable source; left blank. Paid access signals present (membership/rental/program).",https://www.summitsportsnorthwest.org/ | https://www.summitsportsnorthwest.org/aboutus
WA-REVIEW-0144,SVP Skagit Valley Pickleball Club,https://app.courtreserve.com/Online/Portal/Index/12907,Mount Vernon,WA,Pickleball Club,pickleball,Unclear,Needs Review,Court sport confirmed on the facility site; no explicit indoor or outdoor statement found on the crawled pages. Needs a human check of the website or a call before outreach.,,,,,,,svpball.com,,,,,,,,,0,"Court sports and paid access found, but indoor/outdoor not stated. WA location evidence: address. No decision maker found on public pages. No court count stated by a reliable source; left blank. Paid access signals present (membership/rental/program).",https://app.courtreserve.com/Online/Portal/Index/12907
WA-REVIEW-0145,Swimply,https://swimply.au/,,WA,Private Club,pickleball; tennis; basketball,Unclear,Needs Review,Court sport confirmed on the facility site; no explicit indoor or outdoor statement found on the crawled pages. Needs a human check of the website or a call before outreach.,10,"cy Australia (English) Top 10 Country Club Tennis Courts in Federal Way, WA - Swimply Top 10 Basketball Courts in Tukwila, WA - Swimply Top 10 Tennis Clubs in Des Moines, WA - Swimply Top 10 Swim Club",,,,,swimply.au,,,,,,,,,0,"Court sports and paid access found, but indoor/outdoor not stated. WA location evidence: phone. No decision maker found on public pages. Paid access signals present (membership/rental/program).",https://swimply.au/ | https://swimply.au/tennis | https://swimply.au/pickleball | https://swimply.au/hoops
WA-REVIEW-0146,Table10is,https://table10is.com/,Bellevue,WA,Racquet / Tennis Club,tennis,Unclear,Needs Review,Court sport confirmed on the facility site; no explicit indoor or outdoor statement found on the crawled pages. Needs a human check of the website or a call before outreach.,,,,,,,table10is.com,,hello@table10is.com,,,,,,,35,"Court sports and paid access found, but indoor/outdoor not stated. WA location evidence: address. No decision maker found on public pages. No court count stated by a reliable source; left blank. Paid access signals present (membership/rental/program).",https://table10is.com/ | https://table10is.com/about | https://table10is.com/contact
WA-REVIEW-0147,Tacoma Lawn Tennis Club,https://thetltc.com/,Tacoma,WA,Racquet / Tennis Club,pickleball; tennis,Unclear,Needs Review,Court sport confirmed on the facility site; no explicit indoor or outdoor statement found on the crawled pages. Needs a human check of the website or a call before outreach.,,,,,,,thetltc.com,,office@thetltc.com,,,,,,,1,"Court sports and paid access found, but indoor/outdoor not stated. WA location evidence: address. No decision maker found on public pages. No court count stated by a reliable source; left blank. Paid access signals present (membership/rental/program).",https://thetltc.com/ | https://thetltc.com/staff/ | https://thetltc.com/fitness/
WA-REVIEW-0148,Tahoma Hoops,https://tahomahoops.com/,Maple Valley,WA,School,basketball,Unclear,Needs Review,Court sport confirmed on the facility site; no explicit indoor or outdoor statement found on the crawled pages. Needs a human check of the website or a call before outreach.,,,,,,,tahomahoops.com,,info@tahomahoops.com,,,,,,,1,"Court sports and paid access found, but indoor/outdoor not stated. WA location evidence: address. No decision maker found on public pages. No court count stated by a reliable source; left blank. Paid access signals present (membership/rental/program).",https://tahomahoops.com/ | https://tahomahoops.com/who-we-are/ | https://tahomahoops.com/contact-us/ | https://tahomahoops.com/wp-content/uploads/2023/01/Our-Program-New-768x576.jpg
WA-REVIEW-0149,Team Buchan,https://www.teambuchan.com/,Auburn,WA,Racquet / Tennis Club,tennis,Unclear,Needs Review,Court sport confirmed on the facility site; no explicit indoor or outdoor statement found on the crawled pages. Needs a human check of the website or a call before outreach.,,,,,,,teambuchan.com,andrew@teambuchan.com,,,,,,,,1,"Court sports and paid access found, but indoor/outdoor not stated. WA location evidence: address. No decision maker found on public pages. No court count stated by a reliable source; left blank. Paid access signals present (membership/rental/program).",https://www.teambuchan.com/ | https://www.teambuchan.com/pages/about-us
WA-REVIEW-0150,Tennis Mastery,https://www.tennismastery.net/,Seattle,WA,Racquet / Tennis Club,tennis,Unclear,Needs Review,Court sport confirmed on the facility site; no explicit indoor or outdoor statement found on the crawled pages. Needs a human check of the website or a call before outreach.,,,,,,,tennismastery.net,irvinmac@gmail.com,,,,,,,,1,"Court sports and paid access found, but indoor/outdoor not stated. WA location evidence: address. No decision maker found on public pages. No court count stated by a reliable source; left blank. Paid access signals present (membership/rental/program).",https://www.tennismastery.net/ | https://www.tennismastery.net/copy-of-seattle-courts-2 | https://www.tennismastery.net/schedulelesson | https://www.tennismastery.net/contact-1
WA-REVIEW-0151,The Plateau Club,https://plateauclub.com/,Sammamish,WA,Country Club,pickleball; tennis,Unclear,Needs Review,Court sport confirmed on the facility site; no explicit indoor or outdoor statement found on the crawled pages. Needs a human check of the website or a call before outreach.,2,"Recreation Center - The Plateau Club Tennis - The Plateau Club The Plateau Club maintains two tennis courts, a tennis ball machine, and pickleball, available year-round, for the enjoyment of our me",Kevin,Cohrs,Kevin Cohrs,General Manager,plateauclub.com,kevinc@plateauclub.com,info@plateauclub.com,,,,,,,8,"Court sports and paid access found, but indoor/outdoor not stated. WA location evidence: address. Paid access signals present (membership/rental/program).",https://plateauclub.com/ | https://plateauclub.com/memberships/ | https://plateauclub.com/kids-programs/ | https://plateauclub.com/course-facilities/ | https://plateauclub.com/contact/ | https://plateauclub.com/management-team/
WA-REVIEW-0152,Thorbeckes Athletic Performance,https://nwtap.com/,Chehalis,WA,Athletic Center,basketball,Unclear,Needs Review,Court sport confirmed on the facility site; no explicit indoor or outdoor statement found on the crawled pages. Needs a human check of the website or a call before outreach.,,,Matt,Noren,Matt Noren,Owner,nwtap.com,,,matt@nwtap.com,matt.noren@nwtap.com,mattnoren@nwtap.com,mnoren@nwtap.com,m.noren@nwtap.com,mattn@nwtap.com,2,"Court sports and paid access found, but indoor/outdoor not stated. WA location evidence: address. No court count stated by a reliable source; left blank. Paid access signals present (membership/rental/program). Guessed emails are UNVERIFIED pattern permutations - not published addresses.",https://nwtap.com/ | https://nwtap.com/about/ | https://nwtap.com/contact/
WA-REVIEW-0153,TournamentInsights,https://www.tournamentinsights.com/,Tukwila,WA,Unknown,basketball; volleyball; futsal,Unclear,Needs Review,Court sport confirmed on the facility site; no explicit indoor or outdoor statement found on the crawled pages. Needs a human check of the website or a call before outreach.,,,,,,,tournamentinsights.com,tournamentinsights@gmail.com,,,,,,,,1,"Court sports and paid access found, but indoor/outdoor not stated. WA location evidence: address. No decision maker found on public pages. No court count stated by a reliable source; left blank. Paid access signals present (membership/rental/program).",https://www.tournamentinsights.com/ | https://www.tournamentinsights.com/tournaments
WA-REVIEW-0154,"Training Grounds - Gym in Bellingham, WA",https://bellinghamtraininggrounds.com/,Bellingham,WA,College / University,basketball,Unclear,Needs Review,Court sport confirmed on the facility site; no explicit indoor or outdoor statement found on the crawled pages. Needs a human check of the website or a call before outreach.,,,,,,,bellinghamtraininggrounds.com,,,,,,,,,2,"Court sports and paid access found, but indoor/outdoor not stated. WA location evidence: address. No decision maker found on public pages. No court count stated by a reliable source; left blank. Paid access signals present (membership/rental/program).",https://bellinghamtraininggrounds.com/ | https://bellinghamtraininggrounds.com/Memberships | https://bellinghamtraininggrounds.com/About
WA-REVIEW-0155,Tri-City Athletic Club,https://www.tri-cityathleticclub.com/,Kennewick,WA,School,basketball; racquetball,Unclear,Needs Review,Court sport confirmed on the facility site; no explicit indoor or outdoor statement found on the crawled pages. Needs a human check of the website or a call before outreach.,,,,,,,tri-cityathleticclub.com,tricityathleticclub@gmail.com,,,,,,,,1,"Court sports and paid access found, but indoor/outdoor not stated. WA location evidence: address. No decision maker found on public pages. No court count stated by a reliable source; left blank. Paid access signals present (membership/rental/program).",https://www.tri-cityathleticclub.com/ | https://www.tri-cityathleticclub.com/about | https://www.tri-cityathleticclub.com/contact
WA-REVIEW-0156,Tryout Registration,https://bonneylakebasketballacademy.com/,,WA,School,basketball,Unclear,Needs Review,Court sport confirmed on the facility site; no explicit indoor or outdoor statement found on the crawled pages. Needs a human check of the website or a call before outreach.,,,,,,,bonneylakebasketballacademy.com,,,,,,,,,2,"Court sports and paid access found, but indoor/outdoor not stated. WA location evidence: phone. No decision maker found on public pages. No court count stated by a reliable source; left blank. Paid access signals present (membership/rental/program).",https://bonneylakebasketballacademy.com/
WA-REVIEW-0157,Twin Lakes Golf and Country Club,https://www.twinlakesgolf.net/,,WA,Country Club,tennis,Unclear,Needs Review,Court sport confirmed on the facility site; no explicit indoor or outdoor statement found on the crawled pages. Needs a human check of the website or a call before outreach.,,,,,,,twinlakesgolf.net,,info@twinlakesgolf.net,,,,,,,4,"Court sports and paid access found, but indoor/outdoor not stated. WA location evidence: address. No decision maker found on public pages. No court count stated by a reliable source; left blank. Paid access signals present (membership/rental/program).",https://www.twinlakesgolf.net/ | https://www.twinlakesgolf.net/membership/ | https://www.twinlakesgolf.net/about/ | https://www.twinlakesgolf.net/about-twin-lakes/ | https://www.twinlakesgolf.net/contact-us/
WA-REVIEW-0158,"University Place, WA",https://cityofup.com/,,WA,College / University,basketball; volleyball,Unclear,Needs Review,Court sport confirmed on the facility site; no explicit indoor or outdoor statement found on the crawled pages. Needs a human check of the website or a call before outreach.,,,,,,,cityofup.com,,,,,,,,,62,"Court sports and paid access found, but indoor/outdoor not stated. WA location evidence: address. No decision maker found on public pages. No court count stated by a reliable source; left blank. Paid access signals present (membership/rental/program).",https://cityofup.com/ | https://cityofup.com/Facilities | https://cityofup.com/m/newsflash | https://cityofup.com/199/Facility-Rentals | https://cityofup.com/m/directory
WA-REVIEW-0159,UW Tyee Club,https://www.uwtyeeclub.com/,However,WA,College / University,basketball,Unclear,Needs Review,Court sport confirmed on the facility site; no explicit indoor or outdoor statement found on the crawled pages. Needs a human check of the website or a call before outreach.,,,,,,,uwtyeeclub.com,,,,,,,,,0,"Court sports and paid access found, but indoor/outdoor not stated. WA location evidence: address. No decision maker found on public pages. No court count stated by a reliable source; left blank. Paid access signals present (membership/rental/program).",https://www.uwtyeeclub.com/ | https://www.uwtyeeclub.com/support-husky-athletics/donate/ | https://www.uwtyeeclub.com/support-husky-athletics/ways-to-give/ | https://www.uwtyeeclub.com/support-husky-athletics/go-big-for-washington/ | https://www.uwtyeeclub.com/support-husky-athletics/go-big-for-student-athletes/ | https://www.uwtyeeclub.com/support-husky-athletics/game-changer/
WA-REVIEW-0160,UYF ELITE Basketball,https://www.uyfbasketballclub.com/,,WA,School,basketball,Unclear,Needs Review,Court sport confirmed on the facility site; no explicit indoor or outdoor statement found on the crawled pages. Needs a human check of the website or a call before outreach.,,,,,,,uyfbasketballclub.com,uniqueyoufitness@gmail.com,,,,,,,,1,"Court sports found, but indoor/outdoor not stated. WA location evidence: phone. No decision maker found on public pages. No court count stated by a reliable source; left blank.",https://www.uyfbasketballclub.com/ | https://www.uyfbasketballclub.com/staff_pages/114211/about-us-staff
WA-REVIEW-0161,Valley Mall,https://www.shopatvalleymall.com/,Union Gap,WA,Private Club,volleyball,Unclear,Needs Review,Court sport confirmed on the facility site; no explicit indoor or outdoor statement found on the crawled pages. Needs a human check of the website or a call before outreach.,,,,,,,shopatvalleymall.com,,info@shopatvalleymall.com,,,,,,,1,"Court sports found, but indoor/outdoor not stated. WA location evidence: address. No decision maker found on public pages. No court count stated by a reliable source; left blank.",https://www.shopatvalleymall.com/ | https://www.shopatvalleymall.com/directory | https://www.shopatvalleymall.com/directory/services | https://www.shopatvalleymall.com/directory/dining | https://www.shopatvalleymall.com/directory/health-and-beauty | https://www.shopatvalleymall.com/directory/entertainment | https://www.shopatvalleymall.com/directory/fitness
WA-REVIEW-0162,Vancouver Youth Basketball,https://vancouveryouthbasketball.com/,Vancouver,WA,School,basketball,Unclear,Needs Review,Court sport confirmed on the facility site; no explicit indoor or outdoor statement found on the crawled pages. Needs a human check of the website or a call before outreach.,,,Brad,Lechtenberg,Brad Lechtenberg,Executive Director,vancouveryouthbasketball.com,,info@vancouveryouthbasketball.com,brad@vancouveryouthbasketball.com,brad.lechtenberg@vancouveryouthbasketball.com,bradlechtenberg@vancouveryouthbasketball.com,blechtenberg@vancouveryouthbasketball.com,b.lechtenberg@vancouveryouthbasketball.com,bradl@vancouveryouthbasketball.com,1,"Court sports and paid access found, but indoor/outdoor not stated. WA location evidence: address. No court count stated by a reliable source; left blank. Paid access signals present (membership/rental/program). Guessed emails are UNVERIFIED pattern permutations - not published addresses.",https://vancouveryouthbasketball.com/ | https://vancouveryouthbasketball.com/programs | https://vancouveryouthbasketball.com/about | https://vancouveryouthbasketball.com/contact
WA-REVIEW-0163,Vasa Park Resort,https://vasaparkresort.org/,Bellevue,WA,Unknown,volleyball,Unclear,Needs Review,Court sport confirmed on the facility site; no explicit indoor or outdoor statement found on the crawled pages. Needs a human check of the website or a call before outreach.,,,,,,,vasaparkresort.org,,office@vasaparkresort.org,,,,,,,4,"Court sports and paid access found, but indoor/outdoor not stated. WA location evidence: address. No decision maker found on public pages. No court count stated by a reliable source; left blank. Paid access signals present (membership/rental/program).",https://vasaparkresort.org/ | https://vasaparkresort.org/membership | https://vasaparkresort.org/youthprograms | https://vasaparkresort.org/shelter-open-space-rentals | https://vasaparkresort.org/contact-us
WA-REVIEW-0164,VerStrate Training | Basketball Skills Training,https://www.vbasketballtraining.com/,Spokane,WA,Health Club,basketball,Unclear,Needs Review,Court sport confirmed on the facility site; no explicit indoor or outdoor statement found on the crawled pages. Needs a human check of the website or a call before outreach.,,,,,,,vbasketballtraining.com,,,,,,,,,0,"Court sports and paid access found, but indoor/outdoor not stated. WA location evidence: address. No decision maker found on public pages. No court count stated by a reliable source; left blank. Paid access signals present (membership/rental/program).",https://www.vbasketballtraining.com/ | https://www.vbasketballtraining.com/basketball-coach-in-spokane-wa-chris-verstrate-basketball | https://www.vbasketballtraining.com/basketball-lessons-in-spokane-wa-chris-verstrate-basketball
WA-REVIEW-0165,View Ridge Swim and Tennis Club,https://vrstc.org/,Seattle,WA,Racquet / Tennis Club,pickleball; tennis,Unclear,Needs Review,Court sport confirmed on the facility site; no explicit indoor or outdoor statement found on the crawled pages. Needs a human check of the website or a call before outreach.,,,,,,,vrstc.org,,membership@vrstc.org,,,,,,,7,"Court sports and paid access found, but indoor/outdoor not stated. WA location evidence: address. No decision maker found on public pages. No court count stated by a reliable source; left blank. Paid access signals present (membership/rental/program).",https://vrstc.org/ | https://vrstc.org/membership-info-17/ | https://vrstc.org/membership-faqs-17/ | https://vrstc.org/reservations/ | https://vrstc.org/contact-us-2-18/
WA-REVIEW-0166,Walla Walla Country Club,https://wallawallacountryclub.com/,Walla Walla,WA,Country Club,pickleball; tennis,Unclear,Needs Review,Court sport confirmed on the facility site; no explicit indoor or outdoor statement found on the crawled pages. Needs a human check of the website or a call before outreach.,,,,,,,wwcountryclub.com,,info@wwcountryclub.com,,,,,,,5,"Court sports and paid access found, but indoor/outdoor not stated. WA location evidence: address. No decision maker found on public pages. No court count stated by a reliable source; left blank. Paid access signals present (membership/rental/program).",https://wallawallacountryclub.com/ | https://wallawallacountryclub.com/login.aspx?ReturnUrl=%2fAbout | https://wallawallacountryclub.com/login.aspx?ReturnUrl=%2fAbout%2fDress_Code | https://wallawallacountryclub.com/Membership | https://wallawallacountryclub.com/Membership/Membership_Inquiry | https://wallawallacountryclub.com/Golf/Staff_Lessons | https://wallawallacountryclub.com/Recreation/Court_News
WA-REVIEW-0167,Walla Walla High School,https://www.wahibluedevils.org/,,WA,School,pickleball,Unclear,Needs Review,Court sport confirmed on the facility site; no explicit indoor or outdoor statement found on the crawled pages. Needs a human check of the website or a call before outreach.,,,,,,,wahibluedevils.org,,,,,,,,,0,"Court sports and paid access found, but indoor/outdoor not stated. WA location evidence: phone. No decision maker found on public pages. No court count stated by a reliable source; left blank. Paid access signals present (membership/rental/program).",https://www.wahibluedevils.org/ | https://www.wahibluedevils.org/our-school/about-us | https://www.wahibluedevils.org/courses/course-catalog/academic-programs | https://www.wahibluedevils.org/programs | https://www.wahibluedevils.org/programs/adopt-a-blue-devil-program | https://www.wahibluedevils.org/programs/asb-clubs | https://www.wahibluedevils.org/news-events/asb/asb-activities
WA-REVIEW-0168,WBA Basketball,https://www.wbabasketball.com/,,WA,School,basketball,Unclear,Needs Review,Court sport confirmed on the facility site; no explicit indoor or outdoor statement found on the crawled pages. Needs a human check of the website or a call before outreach.,,,Joe,Bondarchuk,Joe Bondarchuk,Co-Founder,wbabasketball.com,,,joe@wbabasketball.com,joe.bondarchuk@wbabasketball.com,joebondarchuk@wbabasketball.com,jbondarchuk@wbabasketball.com,j.bondarchuk@wbabasketball.com,joeb@wbabasketball.com,1,"Court sports and paid access found, but indoor/outdoor not stated. WA location evidence: mention. No court count stated by a reliable source; left blank. Paid access signals present (membership/rental/program). Guessed emails are UNVERIFIED pattern permutations - not published addresses.",https://www.wbabasketball.com/
WA-REVIEW-0169,website,https://www.kamiakinbasketballclub.org/,Kennewick,WA,Private Club,basketball,Unclear,Needs Review,Court sport confirmed on the facility site; no explicit indoor or outdoor statement found on the crawled pages. Needs a human check of the website or a call before outreach.,,,,,,,kamiakinbasketballclub.org,coachjones@kamiakinbasketballclub.org,info@kamiakinbasketballclub.org,,,,,,,2,"Court sports and paid access found, but indoor/outdoor not stated. WA location evidence: address. No decision maker found on public pages. No court count stated by a reliable source; left blank. Paid access signals present (membership/rental/program).",https://www.kamiakinbasketballclub.org/
WA-REVIEW-0170,"Wenatchee High School (Wenatchee, WA) Athletics",https://www.wenatcheepanthers.com/,Wenatchee,WA,School,tennis; basketball; volleyball,Unclear,Needs Review,Court sport confirmed on the facility site; no explicit indoor or outdoor statement found on the crawled pages. Needs a human check of the website or a call before outreach.,,,Eric,Anderson,Eric Anderson,Athletic Director,wenatcheeschools.org,anderson.eric@wenatcheeschools.org,,,,,,,,26,"Court sports found, but indoor/outdoor not stated. WA location evidence: address. No court count stated by a reliable source; left blank.",https://www.wenatcheepanthers.com/ | https://www.wenatcheepanthers.com/facilities | https://www.wenatcheepanthers.com/directory
WA-REVIEW-0171,Whatcom Clubs ~ Boys & Girls Club,https://whatcomclubs.org/,Bellingham,WA,Private Club,volleyball,Unclear,Needs Review,Court sport confirmed on the facility site; no explicit indoor or outdoor statement found on the crawled pages. Needs a human check of the website or a call before outreach.,,,Sym,Thurlow,Sym Thurlow,Athletic Director,whatcomclubs.org,sthurlow@whatcomclubs.org,,,,,,,,21,"Court sports and paid access found, but indoor/outdoor not stated. WA location evidence: address. No court count stated by a reliable source; left blank. Paid access signals present (membership/rental/program).",https://whatcomclubs.org/ | https://whatcomclubs.org/contact/ | https://whatcomclubs.org/usda-child-nutrition-programs-non-discrimination-statement/ | https://whatcomclubs.org/about-us/ | https://whatcomclubs.org/about-us/our-impact/ | https://whatcomclubs.org/about-us/our-team/ | https://whatcomclubs.org/about-us/our-partners/
WA-REVIEW-0172,Wing Point Golf & Country Club,https://www.wingpointgolf.com/,Bainbridge Island,WA,Country Club,pickleball; tennis,Unclear,Needs Review,Court sport confirmed on the facility site; no explicit indoor or outdoor statement found on the crawled pages. Needs a human check of the website or a call before outreach.,,,Jeff,D'Amico,Jeff D'Amico,General Manager,wingpointgolf.com,jeffd@wingpointgolf.com,,,,,,,,2,"Court sports and paid access found, but indoor/outdoor not stated. WA location evidence: address. No court count stated by a reliable source; left blank. Paid access signals present (membership/rental/program).",https://www.wingpointgolf.com/ | https://www.wingpointgolf.com/public/membership/membership-offerings-482.html | https://www.wingpointgolf.com/public/membership/membership-application-702.html | https://www.wingpointgolf.com/public/membership/request-information-483.html | https://www.wingpointgolf.com/public/club-amenities/courts-473.html | https://www.wingpointgolf.com/public/contact-477.html
WA-REVIEW-0173,Women,https://www.womenssportsfoundation.org/,,WA,Unknown,tennis,Unclear,Needs Review,Court sport confirmed on the facility site; no explicit indoor or outdoor statement found on the crawled pages. Needs a human check of the website or a call before outreach.,,,,,,,womenssportsfoundation.org,,info@womenssportsfoundation.org,,,,,,,3,"Court sports and paid access found, but indoor/outdoor not stated. WA location evidence: address. No decision maker found on public pages. No court count stated by a reliable source; left blank. Paid access signals present (membership/rental/program).",https://www.womenssportsfoundation.org/ | https://www.womenssportsfoundation.org/contact/ | https://www.womenssportsfoundation.org/who-we-are/ | https://www.womenssportsfoundation.org/who-we-are/our-team/our-founder/ | https://www.womenssportsfoundation.org/who-we-are/athletes/ | https://www.womenssportsfoundation.org/who-we-are/financials/ | https://www.womenssportsfoundation.org/wsf_program_categories/girl-serving-programs/
WA-REVIEW-0174,Woodinville Wine Country,https://woodinvillewinecountry.com/,Woodinville,WA,Unknown,basketball,Unclear,Needs Review,Court sport confirmed on the facility site; no explicit indoor or outdoor statement found on the crawled pages. Needs a human check of the website or a call before outreach.,,,,,,,woodinvillewinecountry.com,wwc@woodinvillewinecountry.com,membership@woodinvillewinecountry.com,,,,,,,2,"Court sports and paid access found, but indoor/outdoor not stated. WA location evidence: address. No decision maker found on public pages. No court count stated by a reliable source; left blank. Paid access signals present (membership/rental/program).",https://woodinvillewinecountry.com/ | https://woodinvillewinecountry.com/about/ | https://woodinvillewinecountry.com/contact/ | https://woodinvillewinecountry.com/membership/
WA-REVIEW-0175,www.shoot360spokane.,https://www.shoot360spokane.com/,Spokane,WA,College / University,basketball,Unclear,Needs Review,Court sport confirmed on the facility site; no explicit indoor or outdoor statement found on the crawled pages. Needs a human check of the website or a call before outreach.,,,,,,,shoot360spokane.com,,,,,,,,,2,"Court sports and paid access found, but indoor/outdoor not stated. WA location evidence: address. No decision maker found on public pages. No court count stated by a reliable source; left blank. Paid access signals present (membership/rental/program).",https://www.shoot360spokane.com/ | https://www.shoot360spokane.com/memberships | https://www.shoot360spokane.com/about-1
WA-REVIEW-0176,Yelm School District,https://www.ycs.wednet.edu/,Yelm,WA,School,tennis; basketball,Unclear,Needs Review,Court sport confirmed on the facility site; no explicit indoor or outdoor statement found on the crawled pages. Needs a human check of the website or a call before outreach.,,,Teri,Melone,Teri Melone,Director of Operations,ycs.wednet.edu,teri_melone@ycs.wednet.edu,,,,,,,,22,"Court sports and paid access found, but indoor/outdoor not stated. WA location evidence: address. No court count stated by a reliable source; left blank. Paid access signals present (membership/rental/program).",https://www.ycs.wednet.edu/ | https://www.ycs.wednet.edu/our-district/about-our-district | https://www.ycs.wednet.edu/our-district/board-of-directors/meet-the-board-of-directors | https://www.ycs.wednet.edu/directory | https://www.ycs.wednet.edu/academics/learning-assistance-program-lap | https://www.ycs.wednet.edu/departments/facility-field-usage | https://www.ycs.wednet.edu/departments/office-of-student-learning/native-american-education-program
WA-REVIEW-0177,YMCA of Columbia-Willamette,https://ymcacw.org/,Vancouver,WA,YMCA / JCC,pickleball; basketball,Unclear,Needs Review,Court sport confirmed on the facility site; no explicit indoor or outdoor statement found on the crawled pages. Needs a human check of the website or a call before outreach.,,,,,,,ymcacw.org,springfieldcdc@ymcacw.org,,,,,,,,1,"Court sports and paid access found, but indoor/outdoor not stated. WA location evidence: address. No decision maker found on public pages. No court count stated by a reliable source; left blank. Paid access signals present (membership/rental/program).",https://ymcacw.org/ | https://www.ymcacw.org/facility-schedules?date=2026-08-10&locations=&categories=&cn=&inst=&room= | https://ymcacw.org/facility/moda-tower-development-center | https://ymcacw.org/facility/springfield-meadows-child-development-center | https://ymcacw.org/memberships/adults | https://ymcacw.org/memberships/household | https://ymcacw.org/memberships/seniors
WA-REVIEW-0178,YMCA of Grays Harbor,https://ghymca.net/,Hoquiam,WA,YMCA / JCC,basketball; volleyball,Unclear,Needs Review,Court sport confirmed on the facility site; no explicit indoor or outdoor statement found on the crawled pages. Needs a human check of the website or a call before outreach.,,,,,,,ghymca.net,,,,,,,,,0,"Court sports and paid access found, but indoor/outdoor not stated. WA location evidence: address. No decision maker found on public pages. No court count stated by a reliable source; left blank. Paid access signals present (membership/rental/program).",https://ghymca.net/ | https://ghymca.net/membership/ | https://ghymca.net/contact-us/ | https://ghymca.net/programs/ | https://ghymca.net/membership/hours-of-operation/ | https://ghymca.net/membership/rates/ | https://ghymca.net/policies/
WA-REVIEW-0179,"Zion Lutheran School, Care, Excellence, Opportunities. - Zion Lutheran School, Care, Excellence, Opportunities.",https://zionls.org/,Lake Stevens,WA,School,basketball; volleyball,Unclear,Needs Review,Court sport confirmed on the facility site; no explicit indoor or outdoor statement found on the crawled pages. Needs a human check of the website or a call before outreach.,,,Siri,Dammarell,Siri Dammarell,Athletic Director,zionls.org,,office@zionls.org,siri@zionls.org,siri.dammarell@zionls.org,siridammarell@zionls.org,sdammarell@zionls.org,s.dammarell@zionls.org,sirid@zionls.org,6,"Court sports and paid access found, but indoor/outdoor not stated. WA location evidence: address. No court count stated by a reliable source; left blank. Paid access signals present (membership/rental/program). Guessed emails are UNVERIFIED pattern permutations - not published addresses.",https://zionls.org/ | https://zionls.org/contact/ | https://zionls.org/our-team/ | https://zionls.org/athletics/
